stream_type,timestamp_ms,sensor_nanos,accel_x,accel_y,accel_z,gyro_x,gyro_y,gyro_z,mag_x,mag_y,mag_z,has_fix,latitude,longitude,altitude,accuracy,speed,bearing,sats_view,sats_used,registered,cell_type,cell_id,mcc,mnc,lac,tac,pci,arfcn,signal_dbm,signal_metric,signal_level,operator
SENSOR,1789661771097,41501296696119,0.14955142,0.23539393,9.859925,0.0010690133,0.0032070398,-6.108647E-4,-56.025,-15.000001,2.8500001,,,,,,,,,,,,,,,,,,
SENSOR,1789661771097,41501351211275,0.14955142,0.23539393,9.859925,0.0038179045,0.009162971,-0.0010690133,-56.025,-15.000001,2.8500001,,,,,,,,,,,,,,,,,,
CELLULAR,1789661771102,,,,,,,,,,,,,,true,NR,4298047490,405,869,,75,403,634080,-108,NR_SS_RSRP,3,
SENSOR,1789661771110,41501364496015,0.14955142,0.23539393,9.859925,-0.005955931,-0.010995565,1.5271618E-4,-56.025,-15.000001,2.8500001,,,,,,,,,,,,,,,,,,
GNSS,1789661771104,,true,11.0554046,76.9271183,374.70001220703125,100.0,,,51,0,,,,,,,,,,,,,
SENSOR,1789661771114,41501364496015,0.14955142,0.23539393,9.859925,-0.005955931,-0.010995565,1.5271618E-4,-54.975002,-14.700001,2.25,,,,,,,,,,,,,,,,,,
SENSOR,1789661771183,41501400877994,0.148355,0.24227329,9.861719,-0.005955931,-0.010995565,1.5271618E-4,-54.975002,-14.700001,2.25,,,,,,,,,,,,,,,,,,
SENSOR,1789661771208,41501464496015,0.148355,0.24227329,9.861719,0.0038179045,0.007788525,-0.0010690133,-54.975002,-14.700001,2.25,,,,,,,,,,,,,,,,,,
SENSOR,1789661771217,41501464496015,0.148355,0.24227329,9.861719,0.0038179045,0.007788525,-0.0010690133,-54.975002,-14.475,2.4750001,,,,,,,,,,,,,,,,,,
SENSOR,1789661771287,41501505059921,0.1468595,0.25004998,9.868001,0.0038179045,0.007788525,-0.0010690133,-54.975002,-14.475,2.4750001,,,,,,,,,,,,,,,,,,
SENSOR,1789661771306,41501564496015,0.1468595,0.25004998,9.868001,-0.0022907427,-0.0029016074,1.5271618E-4,-54.975002,-14.475,2.4750001,,,,,,,,,,,,,,,,,,
SENSOR,1789661771314,41501564496015,0.1468595,0.25004998,9.868001,-0.0022907427,-0.0029016074,1.5271618E-4,-56.025,-14.625001,5.025,,,,,,,,,,,,,,,,,,
SENSOR,1789661771393,41501609241796,0.15074782,0.23778675,9.860224,-0.0022907427,-0.0029016074,1.5271618E-4,-56.025,-14.625001,5.025,,,,,,,,,,,,,,,,,,
SENSOR,1789661771409,41501664496015,0.15074782,0.23778675,9.860224,0.0,-9.162971E-4,1.5271618E-4,-56.025,-14.625001,5.025,,,,,,,,,,,,,,,,,,
SENSOR,1789661771418,41501664496015,0.15074782,0.23778675,9.860224,0.0,-9.162971E-4,1.5271618E-4,-56.025,-14.700001,4.7250004,,,,,,,,,,,,,,,,,,
SENSOR,1789661771496,41501713423671,0.14895321,0.23599213,9.860523,0.0,-9.162971E-4,1.5271618E-4,-56.025,-14.700001,4.7250004,,,,,,,,,,,,,,,,,,
SENSOR,1789661771504,41501764496015,0.14895321,0.23599213,9.860523,9.162971E-4,0.0013744456,1.5271618E-4,-56.025,-14.700001,4.7250004,,,,,,,,,,,,,,,,,,
SENSOR,1789661771515,41501764496015,0.14895321,0.23599213,9.860523,9.162971E-4,0.0013744456,1.5271618E-4,-55.800003,-14.250001,5.1000004,,,,,,,,,,,,,,,,,,
SENSOR,1789661771601,41501817605546,0.14925231,0.24107689,9.860822,9.162971E-4,0.0013744456,1.5271618E-4,-55.800003,-14.250001,5.1000004,,,,,,,,,,,,,,,,,,
SENSOR,1789661771616,41501864496015,0.14925231,0.24107689,9.860822,1.5271618E-4,6.108647E-4,1.5271618E-4,-55.800003,-14.250001,5.1000004,,,,,,,,,,,,,,,,,,
SENSOR,1789661771617,41501864496015,0.14925231,0.24107689,9.860822,1.5271618E-4,6.108647E-4,1.5271618E-4,-56.550003,-14.85,5.1000004,,,,,,,,,,,,,,,,,,
SENSOR,1789661771704,41501921787421,0.1480559,0.2434697,9.860523,1.5271618E-4,6.108647E-4,1.5271618E-4,-56.550003,-14.85,5.1000004,,,,,,,,,,,,,,,,,,
SENSOR,1789661771704,41501964496015,0.1480559,0.2434697,9.860523,-0.0010690133,6.108647E-4,-0.0010690133,-56.550003,-14.85,5.1000004,,,,,,,,,,,,,,,,,,
SENSOR,1789661771715,41501964496015,0.1480559,0.2434697,9.860523,-0.0010690133,6.108647E-4,-0.0010690133,-55.425003,-15.075001,2.8500001,,,,,,,,,,,,,,,,,,
SENSOR,1789661771809,41502064496015,0.1480559,0.2434697,9.860523,-9.162971E-4,-4.5814854E-4,-0.0010690133,-55.425003,-15.075001,2.8500001,,,,,,,,,,,,,,,,,,
SENSOR,1789661771809,41502025969296,0.15074782,0.23419751,9.860523,-9.162971E-4,-4.5814854E-4,-0.0010690133,-55.425003,-15.075001,2.8500001,,,,,,,,,,,,,,,,,,
SENSOR,1789661771819,41502064496015,0.15074782,0.23419751,9.860523,-9.162971E-4,-4.5814854E-4,-0.0010690133,-55.800003,-14.775001,4.125,,,,,,,,,,,,,,,,,,
SENSOR,1789661771904,41502164496015,0.15074782,0.23419751,9.860523,-3.0543236E-4,-6.108647E-4,1.5271618E-4,-55.800003,-14.775001,4.125,,,,,,,,,,,,,,,,,,
SENSOR,1789661771913,41502130151171,0.14656039,0.24227329,9.862617,-3.0543236E-4,-6.108647E-4,1.5271618E-4,-55.800003,-14.775001,4.125,,,,,,,,,,,,,,,,,,
SENSOR,1789661771913,41502164496015,0.14656039,0.24227329,9.862617,-3.0543236E-4,-6.108647E-4,1.5271618E-4,-56.475002,-14.85,5.025,,,,,,,,,,,,,,,,,,
SENSOR,1789661772008,41502264496015,0.14656039,0.24227329,9.862617,1.5271618E-4,6.108647E-4,-0.0010690133,-56.475002,-14.85,5.025,,,,,,,,,,,,,,,,,,
SENSOR,1789661772017,41502234333046,0.1477568,0.23688944,9.862019,1.5271618E-4,6.108647E-4,-0.0010690133,-56.475002,-14.85,5.025,,,,,,,,,,,,,,,,,,
SENSOR,1789661772017,41502264496015,0.1477568,0.23688944,9.862019,1.5271618E-4,6.108647E-4,-0.0010690133,-55.800003,-14.925,4.425,,,,,,,,,,,,,,,,,,
SENSOR,1789661772104,41502364496015,0.1477568,0.23688944,9.862019,-7.635809E-4,-0.0012217294,-0.0010690133,-55.800003,-14.925,4.425,,,,,,,,,,,,,,,,,,
SENSOR,1789661772113,41502364496015,0.1477568,0.23688944,9.862019,-7.635809E-4,-0.0012217294,-0.0010690133,-56.4,-14.775001,5.8500004,,,,,,,,,,,,,,,,,,
SENSOR,1789661772128,41502338514921,0.1486541,0.23898315,9.862916,-7.635809E-4,-0.0012217294,-0.0010690133,-56.4,-14.775001,5.8500004,,,,,,,,,,,,,,,,,,
CELLULAR,1789661772128,,,,,,,,,,,,,,true,NR,4298047490,405,869,,75,403,634080,-108,NR_SS_RSRP,3,
GNSS,1789661772145,,true,11.0554046,76.9271183,374.70001220703125,100.0,,,55,0,,,,,,,,,,,,,
SENSOR,1789661772212,41502464496015,0.1486541,0.23898315,9.862916,0.005345066,0.012217294,0.0013744456,-56.4,-14.775001,5.8500004,,,,,,,,,,,,,,,,,,
SENSOR,1789661772217,41502464496015,0.1486541,0.23898315,9.862916,0.005345066,0.012217294,0.0013744456,-55.95,-15.000001,5.4750004,,,,,,,,,,,,,,,,,,
SENSOR,1789661772224,41502442696744,0.15014961,0.23898315,9.8632145,0.005345066,0.012217294,0.0013744456,-55.95,-15.000001,5.4750004,,,,,,,,,,,,,,,,,,
SENSOR,1789661772304,41502564496015,0.15014961,0.23898315,9.8632145,0.0013744456,0.0039706207,-1.5271618E-4,-55.95,-15.000001,5.4750004,,,,,,,,,,,,,,,,,,
SENSOR,1789661772312,41502564496015,0.15014961,0.23898315,9.8632145,0.0013744456,0.0039706207,-1.5271618E-4,-55.125004,-14.85,2.5500002,,,,,,,,,,,,,,,,,,
SENSOR,1789661772328,41502546878619,0.14626129,0.23988047,9.860822,0.0013744456,0.0039706207,-1.5271618E-4,-55.125004,-14.85,2.5500002,,,,,,,,,,,,,,,,,,
SENSOR,1789661772407,41502664496015,0.14626129,0.23988047,9.860822,1.5271618E-4,0.0018325942,-7.635809E-4,-55.125004,-14.85,2.5500002,,,,,,,,,,,,,,,,,,
SENSOR,1789661772416,41502664496015,0.14626129,0.23988047,9.860822,1.5271618E-4,0.0018325942,-7.635809E-4,-55.575,-14.400001,3.3000002,,,,,,,,,,,,,,,,,,
SENSOR,1789661772433,41502651060494,0.14656039,0.24496523,9.865309,1.5271618E-4,0.0018325942,-7.635809E-4,-55.575,-14.400001,3.3000002,,,,,,,,,,,,,,,,,,
SENSOR,1789661772503,41502764496015,0.14656039,0.24496523,9.865309,-7.635809E-4,-3.0543236E-4,1.5271618E-4,-55.575,-14.400001,3.3000002,,,,,,,,,,,,,,,,,,
SENSOR,1789661772511,41502764496015,0.14656039,0.24496523,9.865309,-7.635809E-4,-3.0543236E-4,1.5271618E-4,-55.575,-15.150001,3.7500002,,,,,,,,,,,,,,,,,,
SENSOR,1789661772537,41502755242317,0.1486541,0.24227329,9.863514,-7.635809E-4,-3.0543236E-4,1.5271618E-4,-55.575,-15.150001,3.7500002,,,,,,,,,,,,,,,,,,
SENSOR,1789661772607,41502864496015,0.1486541,0.24227329,9.863514,-0.0015271618,-0.0010690133,9.162971E-4,-55.575,-15.150001,3.7500002,,,,,,,,,,,,,,,,,,
SENSOR,1789661772615,41502864496015,0.1486541,0.24227329,9.863514,-0.0015271618,-0.0010690133,9.162971E-4,-56.025,-14.85,3.9,,,,,,,,,,,,,,,,,,
SENSOR,1789661772641,41502859424192,0.14895321,0.2431706,9.862019,-0.0015271618,-0.0010690133,9.162971E-4,-56.025,-14.85,3.9,,,,,,,,,,,,,,,,,,
SENSOR,1789661772702,41502964496015,0.14895321,0.2431706,9.862019,-9.162971E-4,-4.5814854E-4,-1.5271618E-4,-56.025,-14.85,3.9,,,,,,,,,,,,,,,,,,
SENSOR,1789661772711,41502964496015,0.14895321,0.2431706,9.862019,-9.162971E-4,-4.5814854E-4,-1.5271618E-4,-55.800003,-15.000001,3.9,,,,,,,,,,,,,,,,,,
SENSOR,1789661772746,41502963606015,0.15014961,0.22941187,9.859626,-9.162971E-4,-4.5814854E-4,-1.5271618E-4,-55.800003,-15.000001,3.9,,,,,,,,,,,,,,,,,,
SENSOR,1789661772807,41503064496015,0.15014961,0.22941187,9.859626,1.5271618E-4,0.0018325942,-0.0010690133,-55.800003,-15.000001,3.9,,,,,,,,,,,,,,,,,,
SENSOR,1789661772815,41503064496015,0.15014961,0.22941187,9.859626,1.5271618E-4,0.0018325942,-0.0010690133,-55.500004,-14.625001,4.125,,,,,,,,,,,,,,,,,,
SENSOR,1789661772849,41503067787837,0.15014961,0.23748764,9.865309,1.5271618E-4,0.0018325942,-0.0010690133,-55.500004,-14.625001,4.125,,,,,,,,,,,,,,,,,,
SENSOR,1789661772903,41503164496015,0.15014961,0.23748764,9.865309,-0.0,-6.108647E-4,-9.162971E-4,-55.500004,-14.625001,4.125,,,,,,,,,,,,,,,,,,
GNSS,1789661773000,,true,11.05524736,76.92712574,379.00927734375,9.790694,0.0,,55,0,,,,,,,,,,,,,
SENSOR,1789661772920,41503164496015,0.15014961,0.23748764,9.865309,-0.0,-6.108647E-4,-9.162971E-4,-56.100002,-14.700001,5.175,,,,,,,,,,,,,,,,,,
SENSOR,1789661772954,41503171969660,0.1471586,0.24107689,9.862916,-0.0,-6.108647E-4,-9.162971E-4,-56.100002,-14.700001,5.175,,,,,,,,,,,,,,,,,,
SENSOR,1789661773006,41503264496015,0.1471586,0.24107689,9.862916,-0.0010690133,-6.108647E-4,1.5271618E-4,-56.100002,-14.700001,5.175,,,,,,,,,,,,,,,,,,
SENSOR,1789661773015,41503264496015,0.1471586,0.24107689,9.862916,-0.0010690133,-6.108647E-4,1.5271618E-4,-55.425003,-14.775001,4.65,,,,,,,,,,,,,,,,,,
SENSOR,1789661773058,41503276151483,0.15014961,0.24077778,9.861719,-0.0010690133,-6.108647E-4,1.5271618E-4,-55.425003,-14.775001,4.65,,,,,,,,,,,,,,,,,,
SENSOR,1789661773101,41503364496015,0.15014961,0.24077778,9.861719,1.5271618E-4,6.108647E-4,1.5271618E-4,-55.425003,-14.775001,4.65,,,,,,,,,,,,,,,,,,
SENSOR,1789661773119,41503364496015,0.15014961,0.24077778,9.861719,1.5271618E-4,6.108647E-4,1.5271618E-4,-56.175003,-14.625001,5.175,,,,,,,,,,,,,,,,,,
CELLULAR,1789661773145,,,,,,,,,,,,,,true,NR,4298047490,405,869,,75,403,634080,-108,NR_SS_RSRP,3,
SENSOR,1789661773162,41503380333306,0.15044872,0.24077778,9.862617,1.5271618E-4,6.108647E-4,1.5271618E-4,-56.175003,-14.625001,5.175,,,,,,,,,,,,,,,,,,
SENSOR,1789661773206,41503464496015,0.15044872,0.24077778,9.862617,1.5271618E-4,6.108647E-4,-0.0010690133,-56.175003,-14.625001,5.175,,,,,,,,,,,,,,,,,,
SENSOR,1789661773214,41503464496015,0.15044872,0.24077778,9.862617,1.5271618E-4,6.108647E-4,-0.0010690133,-56.100002,-15.000001,4.125,,,,,,,,,,,,,,,,,,
SENSOR,1789661773266,41503484515129,0.1486541,0.24017957,9.860523,1.5271618E-4,6.108647E-4,-0.0010690133,-56.100002,-15.000001,4.125,,,,,,,,,,,,,,,,,,
SENSOR,1789661773301,41503564496015,0.1486541,0.24017957,9.860523,-0.0010690133,6.108647E-4,1.5271618E-4,-56.100002,-15.000001,4.125,,,,,,,,,,,,,,,,,,
SENSOR,1789661773319,41503564496015,0.1486541,0.24017957,9.860523,-0.0010690133,6.108647E-4,1.5271618E-4,-56.025,-14.400001,4.875,,,,,,,,,,,,,,,,,,
SENSOR,1789661773371,41503588696952,0.15134603,0.23718855,9.862617,-0.0010690133,6.108647E-4,1.5271618E-4,-56.025,-14.400001,4.875,,,,,,,,,,,,,,,,,,
SENSOR,1789661773405,41503664496015,0.15134603,0.23718855,9.862617,-4.5814854E-4,-0.0012217294,1.5271618E-4,-56.025,-14.400001,4.875,,,,,,,,,,,,,,,,,,
SENSOR,1789661773414,41503664496015,0.15134603,0.23718855,9.862617,-4.5814854E-4,-0.0012217294,1.5271618E-4,-55.95,-14.775001,5.175,,,,,,,,,,,,,,,,,,
SENSOR,1789661773475,41503692878723,0.14925231,0.24017957,9.863514,-4.5814854E-4,-0.0012217294,1.5271618E-4,-55.95,-14.775001,5.175,,,,,,,,,,,,,,,,,,
SENSOR,1789661773502,41503764496015,0.14925231,0.24017957,9.863514,1.5271618E-4,6.108647E-4,1.5271618E-4,-55.95,-14.775001,5.175,,,,,,,,,,,,,,,,,,
SENSOR,1789661773520,41503764496015,0.14925231,0.24017957,9.863514,1.5271618E-4,6.108647E-4,1.5271618E-4,-56.625004,-14.775001,5.3250003,,,,,,,,,,,,,,,,,,
SENSOR,1789661773580,41503797060546,0.15134603,0.23928227,9.863514,1.5271618E-4,6.108647E-4,1.5271618E-4,-56.625004,-14.775001,5.3250003,,,,,,,,,,,,,,,,,,
SENSOR,1789661773605,41503864496015,0.15134603,0.23928227,9.863514,1.5271618E-4,-0.0,1.5271618E-4,-56.625004,-14.775001,5.3250003,,,,,,,,,,,,,,,,,,
SENSOR,1789661773614,41503864496015,0.15134603,0.23928227,9.863514,1.5271618E-4,-0.0,1.5271618E-4,-55.95,-14.925,4.7250004,,,,,,,,,,,,,,,,,,
SENSOR,1789661773684,41503901242317,0.15014961,0.24107689,9.862916,1.5271618E-4,-0.0,1.5271618E-4,-55.95,-14.925,4.7250004,,,,,,,,,,,,,,,,,,
SENSOR,1789661773710,41503964496015,0.15014961,0.24107689,9.862916,1.5271618E-4,-6.108647E-4,1.5271618E-4,-55.95,-14.925,4.7250004,,,,,,,,,,,,,,,,,,
SENSOR,1789661773720,41503964496015,0.15014961,0.24107689,9.862916,1.5271618E-4,-6.108647E-4,1.5271618E-4,-56.325,-14.625001,5.3250003,,,,,,,,,,,,,,,,,,
SENSOR,1789661773787,41504005424140,0.15134603,0.23898315,9.860523,1.5271618E-4,-6.108647E-4,1.5271618E-4,-56.325,-14.625001,5.3250003,,,,,,,,,,,,,,,,,,
SENSOR,1789661773805,41504064496015,0.15134603,0.23898315,9.860523,-4.5814854E-4,6.108647E-4,-0.0010690133,-56.325,-14.625001,5.3250003,,,,,,,,,,,,,,,,,,
SENSOR,1789661773814,41504064496015,0.15134603,0.23898315,9.860523,-4.5814854E-4,6.108647E-4,-0.0010690133,-56.4,-14.925,5.025,,,,,,,,,,,,,,,,,,
SENSOR,1789661773892,41504109605910,0.14955142,0.23868406,9.861121,-4.5814854E-4,6.108647E-4,-0.0010690133,-56.4,-14.925,5.025,,,,,,,,,,,,,,,,,,
GNSS,1789661773899,,true,11.05524736,76.92712574,379.00927734375,9.790694,0.0,,94,14,,,,,,,,,,,,,
GNSS,1789661774000,,true,11.05527589,76.92710642,376.33856201171875,4.6275434,0.0,,94,14,,,,,,,,,,,,,
SENSOR,1789661773908,41504164496015,0.14955142,0.23868406,9.861121,1.5271618E-4,-6.108647E-4,0.0,-56.4,-14.925,5.025,,,,,,,,,,,,,,,,,,
SENSOR,1789661773917,41504164496015,0.14955142,0.23868406,9.861121,1.5271618E-4,-6.108647E-4,0.0,-54.45,-14.85,2.325,,,,,,,,,,,,,,,,,,
SENSOR,1789661773997,41504213787681,0.15044872,0.24077778,9.862916,1.5271618E-4,-6.108647E-4,0.0,-54.45,-14.85,2.325,,,,,,,,,,,,,,,,,,
SENSOR,1789661774004,41504264496015,0.15044872,0.24077778,9.862916,-4.5814854E-4,0.0,1.5271618E-4,-54.45,-14.85,2.325,,,,,,,,,,,,,,,,,,
SENSOR,1789661774014,41504264496015,0.15044872,0.24077778,9.862916,-4.5814854E-4,0.0,1.5271618E-4,-55.425003,-15.150001,4.125,,,,,,,,,,,,,,,,,,
SENSOR,1789661774100,41504317969452,0.14895321,0.23958136,9.862916,-4.5814854E-4,0.0,1.5271618E-4,-55.425003,-15.150001,4.125,,,,,,,,,,,,,,,,,,
SENSOR,1789661774108,41504364496015,0.14895321,0.23958136,9.862916,1.5271618E-4,-6.108647E-4,0.0,-55.425003,-15.150001,4.125,,,,,,,,,,,,,,,,,,
SENSOR,1789661774118,41504364496015,0.14895321,0.23958136,9.862916,1.5271618E-4,-6.108647E-4,0.0,-54.675003,-14.475,2.8500001,,,,,,,,,,,,,,,,,,
CELLULAR,1789661774158,,,,,,,,,,,,,,true,NR,4298047490,405,869,,75,403,634080,-108,NR_SS_RSRP,3,
SENSOR,1789661774205,41504422151223,0.15014961,0.23898315,9.861121,1.5271618E-4,-6.108647E-4,0.0,-54.675003,-14.475,2.8500001,,,,,,,,,,,,,,,,,,
SENSOR,1789661774206,41504464496015,0.15014961,0.23898315,9.861121,1.5271618E-4,-1.5271618E-4,-6.108647E-4,-54.675003,-14.475,2.8500001,,,,,,,,,,,,,,,,,,
SENSOR,1789661774214,41504464496015,0.15014961,0.23898315,9.861121,1.5271618E-4,-1.5271618E-4,-6.108647E-4,-56.4,-14.85,5.25,,,,,,,,,,,,,,,,,,
SENSOR,1789661774309,41504564496015,0.15014961,0.23898315,9.861121,1.5271618E-4,4.5814854E-4,1.5271618E-4,-56.4,-14.85,5.25,,,,,,,,,,,,,,,,,,
SENSOR,1789661774310,41504526332994,0.15014961,0.23988047,9.862318,1.5271618E-4,4.5814854E-4,1.5271618E-4,-56.4,-14.85,5.25,,,,,,,,,,,,,,,,,,
SENSOR,1789661774319,41504564496015,0.15014961,0.23988047,9.862318,1.5271618E-4,4.5814854E-4,1.5271618E-4,-55.875004,-14.55,4.5,,,,,,,,,,,,,,,,,,
SENSOR,1789661774405,41504664496015,0.15014961,0.23988047,9.862318,1.5271618E-4,-6.108647E-4,-3.0543236E-4,-55.875004,-14.55,4.5,,,,,,,,,,,,,,,,,,
SENSOR,1789661774413,41504630514765,0.15074782,0.23988047,9.865009,1.5271618E-4,-6.108647E-4,-3.0543236E-4,-55.875004,-14.55,4.5,,,,,,,,,,,,,,,,,,
SENSOR,1789661774415,41504664496015,0.15074782,0.23988047,9.865009,1.5271618E-4,-6.108647E-4,-3.0543236E-4,-55.350002,-14.925,3.45,,,,,,,,,,,,,,,,,,
SENSOR,1789661774509,41504764496015,0.15074782,0.23988047,9.865009,-9.162971E-4,6.108647E-4,1.5271618E-4,-55.350002,-14.925,3.45,,,,,,,,,,,,,,,,,,
SENSOR,1789661774517,41504734696535,0.15044872,0.24137598,9.862019,-9.162971E-4,6.108647E-4,1.5271618E-4,-55.350002,-14.925,3.45,,,,,,,,,,,,,,,,,,
SENSOR,1789661774518,41504764496015,0.15044872,0.24137598,9.862019,-9.162971E-4,6.108647E-4,1.5271618E-4,-55.875004,-14.55,4.425,,,,,,,,,,,,,,,,,,
SENSOR,1789661774604,41504864496015,0.15044872,0.24137598,9.862019,1.5271618E-4,-3.0543236E-4,-0.0010690133,-55.875004,-14.55,4.425,,,,,,,,,,,,,,,,,,
SENSOR,1789661774612,41504864496015,0.15044872,0.24137598,9.862019,1.5271618E-4,-3.0543236E-4,-0.0010690133,-56.100002,-14.475,4.425,,,,,,,,,,,,,,,,,,
SENSOR,1789661774621,41504838878254,0.14925231,0.23958136,9.862617,1.5271618E-4,-3.0543236E-4,-0.0010690133,-56.100002,-14.475,4.425,,,,,,,,,,,,,,,,,,
SENSOR,1789661774708,41504964496015,0.14925231,0.23958136,9.862617,1.5271618E-4,-6.108647E-4,1.5271618E-4,-56.100002,-14.475,4.425,,,,,,,,,,,,,,,,,,
SENSOR,1789661774716,41504964496015,0.14925231,0.23958136,9.862617,1.5271618E-4,-6.108647E-4,1.5271618E-4,-55.800003,-14.775001,4.3500004,,,,,,,,,,,,,,,,,,
SENSOR,1789661774725,41504943060025,0.14895321,0.2425724,9.864112,1.5271618E-4,-6.108647E-4,1.5271618E-4,-55.800003,-14.775001,4.3500004,,,,,,,,,,,,,,,,,,
SENSOR,1789661774804,41505064496015,0.14895321,0.2425724,9.864112,1.5271618E-4,-6.108647E-4,-3.0543236E-4,-55.800003,-14.775001,4.3500004,,,,,,,,,,,,,,,,,,
SENSOR,1789661774812,41505064496015,0.14895321,0.2425724,9.864112,1.5271618E-4,-6.108647E-4,-3.0543236E-4,-55.95,-14.925,5.025,,,,,,,,,,,,,,,,,,
SENSOR,1789661774829,41505047241744,0.14955142,0.23958136,9.864711,1.5271618E-4,-6.108647E-4,-3.0543236E-4,-55.95,-14.925,5.025,,,,,,,,,,,,,,,,,,
GNSS,1789661774903,,true,11.05527589,76.92710642,376.33856201171875,4.6275434,0.0,,94,24,,,,,,,,,,,,,
SENSOR,1789661774916,41505164496015,0.14955142,0.23958136,9.864711,0.0013744456,-3.0543236E-4,1.5271618E-4,-55.95,-14.925,5.025,,,,,,,,,,,,,,,,,,
GNSS,1789661775000,,true,11.05528561,76.92710974,378.70867919921875,3.9020376,0.0,,94,24,,,,,,,,,,,,,
SENSOR,1789661774918,41505164496015,0.14955142,0.23958136,9.864711,0.0013744456,-3.0543236E-4,1.5271618E-4,-55.725002,-14.775001,5.1000004,,,,,,,,,,,,,,,,,,
SENSOR,1789661774933,41505151423462,0.14925231,0.23988047,9.864112,0.0013744456,-3.0543236E-4,1.5271618E-4,-55.725002,-14.775001,5.1000004,,,,,,,,,,,,,,,,,,
SENSOR,1789661775004,41505264496015,0.14925231,0.23988047,9.864112,1.5271618E-4,-3.0543236E-4,-1.5271618E-4,-55.725002,-14.775001,5.1000004,,,,,,,,,,,,,,,,,,
SENSOR,1789661775014,41505264496015,0.14925231,0.23988047,9.864112,1.5271618E-4,-3.0543236E-4,-1.5271618E-4,-56.025,-14.700001,4.875,,,,,,,,,,,,,,,,,,
SENSOR,1789661775038,41505255605181,0.15014961,0.23599213,9.861719,1.5271618E-4,-3.0543236E-4,-1.5271618E-4,-56.025,-14.700001,4.875,,,,,,,,,,,,,,,,,,
SENSOR,1789661775107,41505364496015,0.15014961,0.23599213,9.861719,1.5271618E-4,6.108647E-4,-0.0010690133,-56.025,-14.700001,4.875,,,,,,,,,,,,,,,,,,
SENSOR,1789661775116,41505364496015,0.15014961,0.23599213,9.861719,1.5271618E-4,6.108647E-4,-0.0010690133,-56.550003,-14.925,6.0,,,,,,,,,,,,,,,,,,
SENSOR,1789661775143,41505359786900,0.14955142,0.23330021,9.861421,1.5271618E-4,6.108647E-4,-0.0010690133,-56.550003,-14.925,6.0,,,,,,,,,,,,,,,,,,
CELLULAR,1789661775180,,,,,,,,,,,,,,true,NR,4298047490,405,869,,75,403,634080,-108,NR_SS_RSRP,3,
SENSOR,1789661775203,41505464496015,0.14955142,0.23330021,9.861421,-0.0010690133,-0.0015271618,1.5271618E-4,-56.550003,-14.925,6.0,,,,,,,,,,,,,,,,,,
SENSOR,1789661775212,41505464496015,0.14955142,0.23330021,9.861421,-0.0010690133,-0.0015271618,1.5271618E-4,-55.050003,-14.700001,3.45,,,,,,,,,,,,,,,,,,
SENSOR,1789661775246,41505463968619,0.1471586,0.2515455,9.866804,-0.0010690133,-0.0015271618,1.5271618E-4,-55.050003,-14.700001,3.45,,,,,,,,,,,,,,,,,,
SENSOR,1789661775307,41505564496015,0.1471586,0.2515455,9.866804,1.5271618E-4,1.5271618E-4,1.5271618E-4,-55.050003,-14.700001,3.45,,,,,,,,,,,,,,,,,,
SENSOR,1789661775316,41505564496015,0.1471586,0.2515455,9.866804,1.5271618E-4,1.5271618E-4,1.5271618E-4,-56.025,-14.85,3.9,,,,,,,,,,,,,,,,,,
SENSOR,1789661775351,41505568150285,0.15074782,0.23718855,9.863514,1.5271618E-4,1.5271618E-4,1.5271618E-4,-56.025,-14.85,3.9,,,,,,,,,,,,,,,,,,
SENSOR,1789661775404,41505664496015,0.15074782,0.23718855,9.863514,1.5271618E-4,3.0543236E-4,-9.162971E-4,-56.025,-14.85,3.9,,,,,,,,,,,,,,,,,,
SENSOR,1789661775411,41505664496015,0.15074782,0.23718855,9.863514,1.5271618E-4,3.0543236E-4,-9.162971E-4,-55.800003,-14.775001,4.5750003,,,,,,,,,,,,,,,,,,
SENSOR,1789661775455,41505672332004,0.15014961,0.23958136,9.860523,1.5271618E-4,3.0543236E-4,-9.162971E-4,-55.800003,-14.775001,4.5750003,,,,,,,,,,,,,,,,,,
SENSOR,1789661775508,41505764496015,0.15014961,0.23958136,9.860523,1.5271618E-4,-6.108647E-4,-3.0543236E-4,-55.800003,-14.775001,4.5750003,,,,,,,,,,,,,,,,,,
SENSOR,1789661775516,41505764496015,0.15014961,0.23958136,9.860523,1.5271618E-4,-6.108647E-4,-3.0543236E-4,-56.550003,-14.775001,5.775,,,,,,,,,,,,,,,,,,
SENSOR,1789661775560,41505776513723,0.148355,0.24077778,9.862916,1.5271618E-4,-6.108647E-4,-3.0543236E-4,-56.550003,-14.775001,5.775,,,,,,,,,,,,,,,,,,
SENSOR,1789661775603,41505864496015,0.148355,0.24077778,9.862916,1.5271618E-4,-6.108647E-4,1.5271618E-4,-56.550003,-14.775001,5.775,,,,,,,,,,,,,,,,,,
SENSOR,1789661775620,41505864496015,0.148355,0.24077778,9.862916,1.5271618E-4,-6.108647E-4,1.5271618E-4,-55.425003,-14.775001,5.1000004,,,,,,,,,,,,,,,,,,
SENSOR,1789661775662,41505880695390,0.14955142,0.24077778,9.861719,1.5271618E-4,-6.108647E-4,1.5271618E-4,-55.425003,-14.775001,5.1000004,,,,,,,,,,,,,,,,,,
SENSOR,1789661775708,41505964496015,0.14955142,0.24077778,9.861719,1.5271618E-4,6.108647E-4,-0.0010690133,-55.425003,-14.775001,5.1000004,,,,,,,,,,,,,,,,,,
SENSOR,1789661775716,41505964496015,0.14955142,0.24077778,9.861719,1.5271618E-4,6.108647E-4,-0.0010690133,-56.025,-14.775001,5.025,,,,,,,,,,,,,,,,,,
SENSOR,1789661775767,41505984877056,0.15224335,0.24107689,9.863514,1.5271618E-4,6.108647E-4,-0.0010690133,-56.025,-14.775001,5.025,,,,,,,,,,,,,,,,,,
SENSOR,1789661775802,41506064496015,0.15224335,0.24107689,9.863514,0.0013744456,0.0019853103,1.5271618E-4,-56.025,-14.775001,5.025,,,,,,,,,,,,,,,,,,
SENSOR,1789661775820,41506064496015,0.15224335,0.24107689,9.863514,0.0013744456,0.0019853103,1.5271618E-4,-56.100002,-14.475,4.5,,,,,,,,,,,,,,,,,,
SENSOR,1789661775871,41506089058723,0.1471586,0.24197419,9.859326,0.0013744456,0.0019853103,1.5271618E-4,-56.100002,-14.475,4.5,,,,,,,,,,,,,,,,,,
GNSS,1789661775906,,true,11.05528561,76.92710974,378.70867919921875,3.9020376,0.0,,95,28,,,,,,,,,,,,,
SENSOR,1789661775920,41506164496015,0.1471586,0.24197419,9.859326,1.5271618E-4,6.108647E-4,1.5271618E-4,-56.100002,-14.475,4.5,,,,,,,,,,,,,,,,,,
SENSOR,1789661775920,41506164496015,0.1471586,0.24197419,9.859326,1.5271618E-4,6.108647E-4,1.5271618E-4,-56.250004,-14.925,4.65,,,,,,,,,,,,,,,,,,
GNSS,1789661776000,,true,11.05529143,76.92710657,377.3824462890625,3.8517337,0.0,,95,28,,,,,,,,,,,,,
SENSOR,1789661775976,41506193240390,0.1468595,0.2425724,9.861421,1.5271618E-4,6.108647E-4,1.5271618E-4,-56.250004,-14.925,4.65,,,,,,,,,,,,,,,,,,
SENSOR,1789661776002,41506264496015,0.1468595,0.2425724,9.861421,-9.162971E-4,-6.108647E-4,0.0,-56.250004,-14.925,4.65,,,,,,,,,,,,,,,,,,
SENSOR,1789661776020,41506264496015,0.1468595,0.2425724,9.861421,-9.162971E-4,-6.108647E-4,0.0,-56.100002,-14.55,3.6750002,,,,,,,,,,,,,,,,,,
SENSOR,1789661776080,41506297422056,0.1477568,0.24197419,9.862916,-9.162971E-4,-6.108647E-4,0.0,-56.100002,-14.55,3.6750002,,,,,,,,,,,,,,,,,,
SENSOR,1789661776107,41506364496015,0.1477568,0.24197419,9.862916,1.5271618E-4,-6.108647E-4,-4.5814854E-4,-56.100002,-14.55,3.6750002,,,,,,,,,,,,,,,,,,
SENSOR,1789661776114,41506364496015,0.1477568,0.24197419,9.862916,1.5271618E-4,-6.108647E-4,-4.5814854E-4,-55.875004,-14.85,5.925,,,,,,,,,,,,,,,,,,
SENSOR,1789661776185,41506401603723,0.1468595,0.2416751,9.863514,1.5271618E-4,-6.108647E-4,-4.5814854E-4,-55.875004,-14.85,5.925,,,,,,,,,,,,,,,,,,
CELLULAR,1789661776197,,,,,,,,,,,,,,true,NR,4298047490,405,869,,75,403,634080,-108,NR_SS_RSRP,3,
SENSOR,1789661776221,41506464496015,0.1468595,0.2416751,9.863514,1.5271618E-4,6.108647E-4,1.5271618E-4,-55.875004,-14.85,5.925,,,,,,,,,,,,,,,,,,
SENSOR,1789661776221,41506464496015,0.1468595,0.2416751,9.863514,1.5271618E-4,6.108647E-4,1.5271618E-4,-56.025,-14.700001,4.5,,,,,,,,,,,,,,,,,,
SENSOR,1789661776288,41506505785337,0.1477568,0.24077778,9.862916,1.5271618E-4,6.108647E-4,1.5271618E-4,-56.025,-14.700001,4.5,,,,,,,,,,,,,,,,,,
SENSOR,1789661776306,41506564496015,0.1477568,0.24077778,9.862916,1.5271618E-4,-6.108647E-4,-4.5814854E-4,-56.025,-14.700001,4.5,,,,,,,,,,,,,,,,,,
SENSOR,1789661776315,41506564496015,0.1477568,0.24077778,9.862916,1.5271618E-4,-6.108647E-4,-4.5814854E-4,-56.100002,-14.625001,5.25,,,,,,,,,,,,,,,,,,
SENSOR,1789661776392,41506609967004,0.14416756,0.24376881,9.863813,1.5271618E-4,-6.108647E-4,-4.5814854E-4,-56.100002,-14.625001,5.25,,,,,,,,,,,,,,,,,,
SENSOR,1789661776409,41506664496015,0.14416756,0.24376881,9.863813,1.5271618E-4,6.108647E-4,-0.0010690133,-56.100002,-14.625001,5.25,,,,,,,,,,,,,,,,,,
SENSOR,1789661776419,41506664496015,0.14416756,0.24376881,9.863813,1.5271618E-4,6.108647E-4,-0.0010690133,-55.500004,-14.925,2.7,,,,,,,,,,,,,,,,,,
SENSOR,1789661776497,41506714148619,0.1477568,0.24436702,9.861719,1.5271618E-4,6.108647E-4,-0.0010690133,-55.500004,-14.925,2.7,,,,,,,,,,,,,,,,,,
SENSOR,1789661776505,41506764496015,0.1477568,0.24436702,9.861719,1.5271618E-4,6.108647E-4,1.5271618E-4,-55.500004,-14.925,2.7,,,,,,,,,,,,,,,,,,
SENSOR,1789661776514,41506764496015,0.1477568,0.24436702,9.861719,1.5271618E-4,6.108647E-4,1.5271618E-4,-56.025,-15.3,4.5,,,,,,,,,,,,,,,,,,
SENSOR,1789661776601,41506818330285,0.1471586,0.2431706,9.861421,1.5271618E-4,6.108647E-4,1.5271618E-4,-56.025,-15.3,4.5,,,,,,,,,,,,,,,,,,
SENSOR,1789661776609,41506864496015,0.1471586,0.2431706,9.861421,1.5271618E-4,4.5814854E-4,1.5271618E-4,-56.025,-15.3,4.5,,,,,,,,,,,,,,,,,,
SENSOR,1789661776619,41506864496015,0.1471586,0.2431706,9.861421,1.5271618E-4,4.5814854E-4,1.5271618E-4,-56.100002,-14.85,5.4750004,,,,,,,,,,,,,,,,,,
SENSOR,1789661776705,41506964496015,0.1471586,0.2431706,9.861421,1.5271618E-4,6.108647E-4,1.5271618E-4,-56.100002,-14.85,5.4750004,,,,,,,,,,,,,,,,,,
SENSOR,1789661776707,41506922511900,0.1468595,0.24376881,9.861421,1.5271618E-4,6.108647E-4,1.5271618E-4,-56.100002,-14.85,5.4750004,,,,,,,,,,,,,,,,,,
SENSOR,1789661776714,41506964496015,0.1468595,0.24376881,9.861421,1.5271618E-4,6.108647E-4,1.5271618E-4,-56.325,-14.55,5.4750004,,,,,,,,,,,,,,,,,,
SENSOR,1789661776809,41507064496015,0.1468595,0.24376881,9.861421,0.0,4.5814854E-4,-0.0010690133,-56.325,-14.55,5.4750004,,,,,,,,,,,,,,,,,,
SENSOR,1789661776811,41507026693515,0.14596218,0.24197419,9.862916,0.0,4.5814854E-4,-0.0010690133,-56.325,-14.55,5.4750004,,,,,,,,,,,,,,,,,,
SENSOR,1789661776818,41507064496015,0.14596218,0.24197419,9.862916,0.0,4.5814854E-4,-0.0010690133,-55.875004,-14.700001,4.2000003,,,,,,,,,,,,,,,,,,
GNSS,1789661776900,,true,11.05529143,76.92710657,377.3824462890625,3.8517337,0.0,,95,34,,,,,,,,,,,,,
SENSOR,1789661776911,41507164496015,0.14596218,0.24197419,9.862916,-3.0543236E-4,6.108647E-4,-0.0010690133,-55.875004,-14.700001,4.2000003,,,,,,,,,,,,,,,,,,
GNSS,1789661777000,,true,11.05531798,76.92691172,359.718017578125,6.539094,0.0,,95,34,,,,,,,,,,,,,
SENSOR,1789661776914,41507130875129,0.14416756,0.24197419,9.862916,-3.0543236E-4,6.108647E-4,-0.0010690133,-55.875004,-14.700001,4.2000003,,,,,,,,,,,,,,,,,,
SENSOR,1789661776914,41507164496015,0.14416756,0.24197419,9.862916,-3.0543236E-4,6.108647E-4,-0.0010690133,-55.425003,-14.85,4.125,,,,,,,,,,,,,,,,,,
SENSOR,1789661777009,41507264496015,0.14416756,0.24197419,9.862916,-9.162971E-4,-6.108647E-4,1.5271618E-4,-55.425003,-14.85,4.125,,,,,,,,,,,,,,,,,,
SENSOR,1789661777018,41507235056744,0.1477568,0.23958136,9.862318,-9.162971E-4,-6.108647E-4,1.5271618E-4,-55.425003,-14.85,4.125,,,,,,,,,,,,,,,,,,
SENSOR,1789661777019,41507264496015,0.1477568,0.23958136,9.862318,-9.162971E-4,-6.108647E-4,1.5271618E-4,-56.475002,-15.150001,5.55,,,,,,,,,,,,,,,,,,
SENSOR,1789661777105,41507364496015,0.1477568,0.23958136,9.862318,1.5271618E-4,-1.5271618E-4,-0.0010690133,-56.475002,-15.150001,5.55,,,,,,,,,,,,,,,,,,
SENSOR,1789661777114,41507364496015,0.1477568,0.23958136,9.862318,1.5271618E-4,-1.5271618E-4,-0.0010690133,-55.800003,-14.55,3.825,,,,,,,,,,,,,,,,,,
SENSOR,1789661777121,41507339238358,0.14596218,0.24376881,9.860224,1.5271618E-4,-1.5271618E-4,-0.0010690133,-55.800003,-14.55,3.825,,,,,,,,,,,,,,,,,,
SENSOR,1789661777209,41507464496015,0.14596218,0.24376881,9.860224,1.5271618E-4,6.108647E-4,1.5271618E-4,-55.800003,-14.55,3.825,,,,,,,,,,,,,,,,,,
SENSOR,1789661777219,41507464496015,0.14596218,0.24376881,9.860224,1.5271618E-4,6.108647E-4,1.5271618E-4,-56.550003,-15.225,5.3250003,,,,,,,,,,,,,,,,,,
CELLULAR,1789661777221,,,,,,,,,,,,,,true,NR,4298047490,405,869,,75,403,634080,-108,NR_SS_RSRP,3,
SENSOR,1789661777246,41507443419921,0.1468595,0.24137598,9.863813,1.5271618E-4,6.108647E-4,1.5271618E-4,-56.550003,-15.225,5.3250003,,,,,,,,,,,,,,,,,,
SENSOR,1789661777305,41507564496015,0.1468595,0.24137598,9.863813,-0.0010690133,1.5271618E-4,1.5271618E-4,-56.550003,-15.225,5.3250003,,,,,,,,,,,,,,,,,,
SENSOR,1789661777313,41507564496015,0.1468595,0.24137598,9.863813,-0.0010690133,1.5271618E-4,1.5271618E-4,-56.025,-15.225,3.825,,,,,,,,,,,,,,,,,,
SENSOR,1789661777330,41507547601535,0.14416756,0.24227329,9.860523,-0.0010690133,1.5271618E-4,1.5271618E-4,-56.025,-15.225,3.825,,,,,,,,,,,,,,,,,,
SENSOR,1789661777408,41507664496015,0.14416756,0.24227329,9.860523,-0.0010690133,6.108647E-4,-0.0010690133,-56.025,-15.225,3.825,,,,,,,,,,,,,,,,,,
SENSOR,1789661777416,41507664496015,0.14416756,0.24227329,9.860523,-0.0010690133,6.108647E-4,-0.0010690133,-56.100002,-14.625001,5.25,,,,,,,,,,,,,,,,,,
SENSOR,1789661777435,41507651783098,0.1471586,0.24197419,9.861719,-0.0010690133,6.108647E-4,-0.0010690133,-56.100002,-14.625001,5.25,,,,,,,,,,,,,,,,,,
SENSOR,1789661777506,41507764496015,0.1471586,0.24197419,9.861719,1.5271618E-4,6.108647E-4,1.5271618E-4,-56.100002,-14.625001,5.25,,,,,,,,,,,,,,,,,,
SENSOR,1789661777512,41507764496015,0.1471586,0.24197419,9.861719,1.5271618E-4,6.108647E-4,1.5271618E-4,-56.625004,-14.85,5.625,,,,,,,,,,,,,,,,,,
SENSOR,1789661777539,41507755964660,0.14446667,0.2434697,9.863514,1.5271618E-4,6.108647E-4,1.5271618E-4,-56.625004,-14.85,5.625,,,,,,,,,,,,,,,,,,
SENSOR,1789661777608,41507864496015,0.14446667,0.2434697,9.863514,1.5271618E-4,6.108647E-4,1.5271618E-4,-56.625004,-14.85,5.625,,,,,,,,,,,,,,,,,,
SENSOR,1789661777617,41507864496015,0.14446667,0.2434697,9.863514,1.5271618E-4,6.108647E-4,1.5271618E-4,-55.65,-15.450001,3.525,,,,,,,,,,,,,,,,,,
SENSOR,1789661777643,41507860146223,0.1477568,0.2440679,9.862318,1.5271618E-4,6.108647E-4,1.5271618E-4,-55.65,-15.450001,3.525,,,,,,,,,,,,,,,,,,
SENSOR,1789661777705,41507964496015,0.1477568,0.2440679,9.862318,1.5271618E-4,6.108647E-4,-7.635809E-4,-55.65,-15.450001,3.525,,,,,,,,,,,,,,,,,,
SENSOR,1789661777712,41507964496015,0.1477568,0.2440679,9.862318,1.5271618E-4,6.108647E-4,-7.635809E-4,-56.175003,-15.150001,4.8,,,,,,,,,,,,,,,,,,
SENSOR,1789661777747,41507964327837,0.14476576,0.2434697,9.861719,1.5271618E-4,6.108647E-4,-7.635809E-4,-56.175003,-15.150001,4.8,,,,,,,,,,,,,,,,,,
SENSOR,1789661777809,41508064496015,0.14476576,0.2434697,9.861719,1.5271618E-4,-3.0543236E-4,-0.0010690133,-56.175003,-15.150001,4.8,,,,,,,,,,,,,,,,,,
SENSOR,1789661777817,41508064496015,0.14476576,0.2434697,9.861719,1.5271618E-4,-3.0543236E-4,-0.0010690133,-56.475002,-14.625001,5.55,,,,,,,,,,,,,,,,,,
SENSOR,1789661777851,41508068509400,0.14566308,0.24227329,9.859326,1.5271618E-4,-3.0543236E-4,-0.0010690133,-56.475002,-14.625001,5.55,,,,,,,,,,,,,,,,,,
SENSOR,1789661777903,41508164496015,0.14566308,0.24227329,9.859326,1.5271618E-4,-6.108647E-4,-1.5271618E-4,-56.475002,-14.625001,5.55,,,,,,,,,,,,,,,,,,
GNSS,1789661777905,,true,11.05531798,76.92691172,359.718017578125,6.539094,0.0,,95,35,,,,,,,,,,,,,
SENSOR,1789661777922,41508164496015,0.14566308,0.24227329,9.859326,1.5271618E-4,-6.108647E-4,-1.5271618E-4,-56.625004,-14.85,5.025,,,,,,,,,,,,,,,,,,
GNSS,1789661778000,,true,11.05530702,76.92696517,366.7275390625,3.7900925,0.0,,95,35,,,,,,,,,,,,,
SENSOR,1789661777955,41508172690962,0.1471586,0.2434697,9.860224,1.5271618E-4,-6.108647E-4,-1.5271618E-4,-56.625004,-14.85,5.025,,,,,,,,,,,,,,,,,,
SENSOR,1789661778007,41508264496015,0.1471586,0.2434697,9.860224,1.5271618E-4,-6.108647E-4,1.5271618E-4,-56.625004,-14.85,5.025,,,,,,,,,,,,,,,,,,
SENSOR,1789661778017,41508264496015,0.1471586,0.2434697,9.860224,1.5271618E-4,-6.108647E-4,1.5271618E-4,-56.175003,-14.700001,4.7250004,,,,,,,,,,,,,,,,,,
SENSOR,1789661778059,41508276872473,0.14566308,0.24107689,9.862617,1.5271618E-4,-6.108647E-4,1.5271618E-4,-56.175003,-14.700001,4.7250004,,,,,,,,,,,,,,,,,,
SENSOR,1789661778102,41508364496015,0.14566308,0.24107689,9.862617,1.5271618E-4,-6.108647E-4,1.5271618E-4,-56.175003,-14.700001,4.7250004,,,,,,,,,,,,,,,,,,
SENSOR,1789661778111,41508364496015,0.14566308,0.24107689,9.862617,1.5271618E-4,-6.108647E-4,1.5271618E-4,-55.575,-14.625001,3.3750002,,,,,,,,,,,,,,,,,,
SENSOR,1789661778169,41508381054035,0.14656039,0.2431706,9.861719,1.5271618E-4,-6.108647E-4,1.5271618E-4,-55.575,-14.625001,3.3750002,,,,,,,,,,,,,,,,,,
SENSOR,1789661778206,41508464496015,0.14656039,0.2431706,9.861719,1.5271618E-4,-3.0543236E-4,-7.635809E-4,-55.575,-14.625001,3.3750002,,,,,,,,,,,,,,,,,,
SENSOR,1789661778215,41508464496015,0.14656039,0.2431706,9.861719,1.5271618E-4,-3.0543236E-4,-7.635809E-4,-56.100002,-14.775001,3.45,,,,,,,,,,,,,,,,,,
CELLULAR,1789661778246,,,,,,,,,,,,,,true,NR,4298047490,405,869,,75,403,634080,-108,NR_SS_RSRP,3,
SENSOR,1789661778271,41508485235546,0.14656039,0.23988047,9.861719,1.5271618E-4,-3.0543236E-4,-7.635809E-4,-56.100002,-14.775001,3.45,,,,,,,,,,,,,,,,,,
SENSOR,1789661778302,41508564496015,0.14656039,0.23988047,9.861719,1.5271618E-4,6.108647E-4,-1.5271618E-4,-56.100002,-14.775001,3.45,,,,,,,,,,,,,,,,,,
SENSOR,1789661778320,41508564496015,0.14656039,0.23988047,9.861719,1.5271618E-4,6.108647E-4,-1.5271618E-4,-55.125004,-15.225,3.45,,,,,,,,,,,,,,,,,,
SENSOR,1789661778372,41508589417056,0.14566308,0.24436702,9.865009,1.5271618E-4,6.108647E-4,-1.5271618E-4,-55.125004,-15.225,3.45,,,,,,,,,,,,,,,,,,
SENSOR,1789661778407,41508664496015,0.14566308,0.24436702,9.865009,1.5271618E-4,-1.5271618E-4,1.5271618E-4,-55.125004,-15.225,3.45,,,,,,,,,,,,,,,,,,
SENSOR,1789661778416,41508664496015,0.14566308,0.24436702,9.865009,1.5271618E-4,-1.5271618E-4,1.5271618E-4,-55.575,-14.85,3.3750002,,,,,,,,,,,,,,,,,,
SENSOR,1789661778476,41508693598619,0.14656039,0.24436702,9.860822,1.5271618E-4,-1.5271618E-4,1.5271618E-4,-55.575,-14.85,3.3750002,,,,,,,,,,,,,,,,,,
SENSOR,1789661778502,41508764496015,0.14656039,0.24436702,9.860822,1.5271618E-4,-6.108647E-4,1.5271618E-4,-55.575,-14.85,3.3750002,,,,,,,,,,,,,,,,,,
SENSOR,1789661778520,41508764496015,0.14656039,0.24436702,9.860822,1.5271618E-4,-6.108647E-4,1.5271618E-4,-56.550003,-15.150001,4.9500003,,,,,,,,,,,,,,,,,,
SENSOR,1789661778580,41508797780077,0.14506488,0.24017957,9.862617,1.5271618E-4,-6.108647E-4,1.5271618E-4,-56.550003,-15.150001,4.9500003,,,,,,,,,,,,,,,,,,
SENSOR,1789661778607,41508864496015,0.14506488,0.24017957,9.862617,1.5271618E-4,6.108647E-4,-0.0010690133,-56.550003,-15.150001,4.9500003,,,,,,,,,,,,,,,,,,
SENSOR,1789661778615,41508864496015,0.14506488,0.24017957,9.862617,1.5271618E-4,6.108647E-4,-0.0010690133,-55.95,-15.075001,3.6750002,,,,,,,,,,,,,,,,,,
SENSOR,1789661778685,41508901961587,0.14745769,0.2416751,9.861121,1.5271618E-4,6.108647E-4,-0.0010690133,-55.95,-15.075001,3.6750002,,,,,,,,,,,,,,,,,,
SENSOR,1789661778701,41508964496015,0.14745769,0.2416751,9.861121,1.5271618E-4,-7.635809E-4,4.5814854E-4,-55.95,-15.075001,3.6750002,,,,,,,,,,,,,,,,,,
SENSOR,1789661778720,41508964496015,0.14745769,0.2416751,9.861121,1.5271618E-4,-7.635809E-4,4.5814854E-4,-55.95,-14.775001,4.3500004,,,,,,,,,,,,,,,,,,
SENSOR,1789661778788,41509006143098,0.14656039,0.24107689,9.863813,1.5271618E-4,-7.635809E-4,4.5814854E-4,-55.95,-14.775001,4.3500004,,,,,,,,,,,,,,,,,,
SENSOR,1789661778806,41509064496015,0.14656039,0.24107689,9.863813,1.5271618E-4,-3.0543236E-4,4.5814854E-4,-55.95,-14.775001,4.3500004,,,,,,,,,,,,,,,,,,
SENSOR,1789661778814,41509064496015,0.14656039,0.24107689,9.863813,1.5271618E-4,-3.0543236E-4,4.5814854E-4,-56.250004,-15.450001,5.7000003,,,,,,,,,,,,,,,,,,
SENSOR,1789661778893,41509110324556,0.14476576,0.24077778,9.859925,1.5271618E-4,-3.0543236E-4,4.5814854E-4,-56.250004,-15.450001,5.7000003,,,,,,,,,,,,,,,,,,
SENSOR,1789661778903,41509164496015,0.14476576,0.24077778,9.859925,1.5271618E-4,-7.635809E-4,4.5814854E-4,-56.250004,-15.450001,5.7000003,,,,,,,,,,,,,,,,,,
GNSS,1789661778904,,true,11.05530702,76.92696517,366.7275390625,3.7900925,0.0,,95,31,,,,,,,,,,,,,
SENSOR,1789661778920,41509164496015,0.14476576,0.24077778,9.859925,1.5271618E-4,-7.635809E-4,4.5814854E-4,-55.65,-15.075001,3.9,,,,,,,,,,,,,,,,,,
GNSS,1789661779000,,true,11.05530481,76.92700443,372.1077880859375,3.7900925,0.0,,95,31,,,,,,,,,,,,,
SENSOR,1789661778998,41509214506067,0.14476576,0.2425724,9.862916,1.5271618E-4,-7.635809E-4,4.5814854E-4,-55.65,-15.075001,3.9,,,,,,,,,,,,,,,,,,
SENSOR,1789661779006,41509264496015,0.14476576,0.2425724,9.862916,-4.5814854E-4,-1.5271618E-4,4.5814854E-4,-55.65,-15.075001,3.9,,,,,,,,,,,,,,,,,,
SENSOR,1789661779016,41509264496015,0.14476576,0.2425724,9.862916,-4.5814854E-4,-1.5271618E-4,4.5814854E-4,-56.025,-14.925,5.4,,,,,,,,,,,,,,,,,,
SENSOR,1789661779102,41509364496015,0.14476576,0.2425724,9.862916,1.5271618E-4,4.5814854E-4,4.5814854E-4,-56.025,-14.925,5.4,,,,,,,,,,,,,,,,,,
SENSOR,1789661779102,41509318687525,0.14626129,0.2425724,9.864711,1.5271618E-4,4.5814854E-4,4.5814854E-4,-56.025,-14.925,5.4,,,,,,,,,,,,,,,,,,
SENSOR,1789661779118,41509364496015,0.14626129,0.2425724,9.864711,1.5271618E-4,4.5814854E-4,4.5814854E-4,-55.575,-14.325001,3.9,,,,,,,,,,,,,,,,,,
SENSOR,1789661779206,41509464496015,0.14626129,0.2425724,9.864711,1.5271618E-4,-1.5271618E-4,4.5814854E-4,-55.575,-14.325001,3.9,,,,,,,,,,,,,,,,,,
SENSOR,1789661779206,41509422868983,0.14656039,0.24137598,9.862318,1.5271618E-4,-1.5271618E-4,4.5814854E-4,-55.575,-14.325001,3.9,,,,,,,,,,,,,,,,,,
SENSOR,1789661779214,41509464496015,0.14656039,0.24137598,9.862318,1.5271618E-4,-1.5271618E-4,4.5814854E-4,-55.575,-14.475,4.3500004,,,,,,,,,,,,,,,,,,
CELLULAR,1789661779272,,,,,,,,,,,,,,true,NR,4298047490,405,869,,75,403,634080,-108,NR_SS_RSRP,3,
SENSOR,1789661779314,41509564496015,0.14656039,0.24137598,9.862318,1.5271618E-4,4.5814854E-4,4.5814854E-4,-55.575,-14.475,4.3500004,,,,,,,,,,,,,,,,,,
SENSOR,1789661779314,41509527050442,0.148355,0.24197419,9.862019,1.5271618E-4,4.5814854E-4,4.5814854E-4,-55.575,-14.475,4.3500004,,,,,,,,,,,,,,,,,,
SENSOR,1789661779321,41509564496015,0.148355,0.24197419,9.862019,1.5271618E-4,4.5814854E-4,4.5814854E-4,-56.4,-14.325001,4.8,,,,,,,,,,,,,,,,,,
SENSOR,1789661779405,41509664496015,0.148355,0.24197419,9.862019,1.5271618E-4,-3.0543236E-4,-7.635809E-4,-56.4,-14.325001,4.8,,,,,,,,,,,,,,,,,,
SENSOR,1789661779414,41509631231848,0.14566308,0.2431706,9.863514,1.5271618E-4,-3.0543236E-4,-7.635809E-4,-56.4,-14.325001,4.8,,,,,,,,,,,,,,,,,,
SENSOR,1789661779415,41509664496015,0.14566308,0.2431706,9.863514,1.5271618E-4,-3.0543236E-4,-7.635809E-4,-56.100002,-14.925,4.2000003,,,,,,,,,,,,,,,,,,
SENSOR,1789661779509,41509764496015,0.14566308,0.2431706,9.863514,-9.162971E-4,-7.635809E-4,-7.635809E-4,-56.100002,-14.925,4.2000003,,,,,,,,,,,,,,,,,,
SENSOR,1789661779518,41509735413306,0.14356937,0.24017957,9.860523,-9.162971E-4,-7.635809E-4,-7.635809E-4,-56.100002,-14.925,4.2000003,,,,,,,,,,,,,,,,,,
SENSOR,1789661779518,41509764496015,0.14356937,0.24017957,9.860523,-9.162971E-4,-7.635809E-4,-7.635809E-4,-56.4,-14.85,5.8500004,,,,,,,,,,,,,,,,,,
SENSOR,1789661779605,41509864496015,0.14356937,0.24017957,9.860523,1.5271618E-4,-1.5271618E-4,-0.0,-56.4,-14.85,5.8500004,,,,,,,,,,,,,,,,,,
SENSOR,1789661779613,41509864496015,0.14356937,0.24017957,9.860523,1.5271618E-4,-1.5271618E-4,-0.0,-56.175003,-14.325001,5.25,,,,,,,,,,,,,,,,,,
SENSOR,1789661779622,41509839594765,0.14626129,0.24466611,9.863813,1.5271618E-4,-1.5271618E-4,-0.0,-56.175003,-14.325001,5.25,,,,,,,,,,,,,,,,,,
SENSOR,1789661779709,41509964496015,0.14626129,0.24466611,9.863813,1.5271618E-4,4.5814854E-4,-6.108647E-4,-56.175003,-14.325001,5.25,,,,,,,,,,,,,,,,,,
SENSOR,1789661779718,41509964496015,0.14626129,0.24466611,9.863813,1.5271618E-4,4.5814854E-4,-6.108647E-4,-55.425003,-14.625001,3.9,,,,,,,,,,,,,,,,,,
SENSOR,1789661779726,41509943776171,0.14745769,0.24137598,9.862916,1.5271618E-4,4.5814854E-4,-6.108647E-4,-55.425003,-14.625001,3.9,,,,,,,,,,,,,,,,,,
SENSOR,1789661779804,41510064496015,0.14745769,0.24137598,9.862916,-3.0543236E-4,4.5814854E-4,4.5814854E-4,-55.425003,-14.625001,3.9,,,,,,,,,,,,,,,,,,
SENSOR,1789661779814,41510064496015,0.14745769,0.24137598,9.862916,-3.0543236E-4,4.5814854E-4,4.5814854E-4,-56.250004,-15.150001,4.9500003,,,,,,,,,,,,,,,,,,
SENSOR,1789661779830,41510047957577,0.14656039,0.24436702,9.861719,-3.0543236E-4,4.5814854E-4,4.5814854E-4,-56.250004,-15.150001,4.9500003,,,,,,,,,,,,,,,,,,
GNSS,1789661779906,,true,11.05530481,76.92700443,372.1077880859375,3.7900925,0.0,,95,34,,,,,,,,,,,,,
SENSOR,1789661779923,41510164496015,0.14656039,0.24436702,9.861719,1.5271618E-4,-7.635809E-4,4.5814854E-4,-56.250004,-15.150001,4.9500003,,,,,,,,,,,,,,,,,,
SENSOR,1789661779923,41510164496015,0.14656039,0.24436702,9.861719,1.5271618E-4,-7.635809E-4,4.5814854E-4,-56.100002,-14.85,5.775,,,,,,,,,,,,,,,,,,
GNSS,1789661780000,,true,11.05530545,76.92702909,374.2469482421875,3.7900925,0.0,,95,34,,,,,,,,,,,,,
SENSOR,1789661779934,41510152138983,0.14596218,0.2425724,9.862318,1.5271618E-4,-7.635809E-4,4.5814854E-4,-56.100002,-14.85,5.775,,,,,,,,,,,,,,,,,,
SENSOR,1789661780004,41510264496015,0.14596218,0.2425724,9.862318,-6.108647E-4,-4.5814854E-4,-3.0543236E-4,-56.100002,-14.85,5.775,,,,,,,,,,,,,,,,,,
SENSOR,1789661780013,41510264496015,0.14596218,0.2425724,9.862318,-6.108647E-4,-4.5814854E-4,-3.0543236E-4,-55.800003,-14.775001,4.9500003,,,,,,,,,,,,,,,,,,
SENSOR,1789661780039,41510256320390,0.1471586,0.24376881,9.862019,-6.108647E-4,-4.5814854E-4,-3.0543236E-4,-55.800003,-14.775001,4.9500003,,,,,,,,,,,,,,,,,,
SENSOR,1789661780108,41510364496015,0.1471586,0.24376881,9.862019,1.5271618E-4,-7.635809E-4,-4.5814854E-4,-55.800003,-14.775001,4.9500003,,,,,,,,,,,,,,,,,,
SENSOR,1789661780118,41510364496015,0.1471586,0.24376881,9.862019,1.5271618E-4,-7.635809E-4,-4.5814854E-4,-54.9,-15.225,2.4,,,,,,,,,,,,,,,,,,
SENSOR,1789661780142,41510360501796,0.14446667,0.24197419,9.862019,1.5271618E-4,-7.635809E-4,-4.5814854E-4,-54.9,-15.225,2.4,,,,,,,,,,,,,,,,,,
SENSOR,1789661780203,41510464496015,0.14446667,0.24197419,9.862019,-6.108647E-4,-4.5814854E-4,4.5814854E-4,-54.9,-15.225,2.4,,,,,,,,,,,,,,,,,,
SENSOR,1789661780213,41510464496015,0.14446667,0.24197419,9.862019,-6.108647E-4,-4.5814854E-4,4.5814854E-4,-54.750004,-14.625001,3.2250001,,,,,,,,,,,,,,,,,,
SENSOR,1789661780247,41510464683202,0.1468595,0.24227329,9.861121,-6.108647E-4,-4.5814854E-4,4.5814854E-4,-54.750004,-14.625001,3.2250001,,,,,,,,,,,,,,,,,,
CELLULAR,1789661780295,,,,,,,,,,,,,,true,NR,4298047490,405,869,,75,403,634080,-108,NR_SS_RSRP,3,
SENSOR,1789661780320,41510564496015,0.1468595,0.24227329,9.861121,1.5271618E-4,-7.635809E-4,4.5814854E-4,-54.750004,-14.625001,3.2250001,,,,,,,,,,,,,,,,,,
SENSOR,1789661780320,41510564496015,0.1468595,0.24227329,9.861121,1.5271618E-4,-7.635809E-4,4.5814854E-4,-56.7,-15.150001,5.025,,,,,,,,,,,,,,,,,,
SENSOR,1789661780350,41510568864608,0.14596218,0.24197419,9.861121,1.5271618E-4,-7.635809E-4,4.5814854E-4,-56.7,-15.150001,5.025,,,,,,,,,,,,,,,,,,
SENSOR,1789661780404,41510664496015,0.14596218,0.24197419,9.861121,1.5271618E-4,4.5814854E-4,-7.635809E-4,-56.7,-15.150001,5.025,,,,,,,,,,,,,,,,,,
SENSOR,1789661780412,41510664496015,0.14596218,0.24197419,9.861121,1.5271618E-4,4.5814854E-4,-7.635809E-4,-56.250004,-14.925,5.4750004,,,,,,,,,,,,,,,,,,
SENSOR,1789661780455,41510673045962,0.14596218,0.24496523,9.862916,1.5271618E-4,4.5814854E-4,-7.635809E-4,-56.250004,-14.925,5.4750004,,,,,,,,,,,,,,,,,,
SENSOR,1789661780508,41510764496015,0.14596218,0.24496523,9.862916,1.5271618E-4,-4.5814854E-4,1.5271618E-4,-56.250004,-14.925,5.4750004,,,,,,,,,,,,,,,,,,
SENSOR,1789661780517,41510764496015,0.14596218,0.24496523,9.862916,1.5271618E-4,-4.5814854E-4,1.5271618E-4,-55.800003,-14.250001,4.65,,,,,,,,,,,,,,,,,,
SENSOR,1789661780561,41510777227317,0.14656039,0.2434697,9.862019,1.5271618E-4,-4.5814854E-4,1.5271618E-4,-55.800003,-14.250001,4.65,,,,,,,,,,,,,,,,,,
SENSOR,1789661780603,41510864496015,0.14656039,0.2434697,9.862019,1.5271618E-4,4.5814854E-4,4.5814854E-4,-55.800003,-14.250001,4.65,,,,,,,,,,,,,,,,,,
SENSOR,1789661780612,41510864496015,0.14656039,0.2434697,9.862019,1.5271618E-4,4.5814854E-4,4.5814854E-4,-55.800003,-14.400001,5.775,,,,,,,,,,,,,,,,,,
SENSOR,1789661780666,41510881408723,0.14626129,0.2431706,9.860523,1.5271618E-4,4.5814854E-4,4.5814854E-4,-55.800003,-14.400001,5.775,,,,,,,,,,,,,,,,,,
SENSOR,1789661780709,41510964496015,0.14626129,0.2431706,9.860523,1.5271618E-4,-7.635809E-4,4.5814854E-4,-55.800003,-14.400001,5.775,,,,,,,,,,,,,,,,,,
SENSOR,1789661780716,41510964496015,0.14626129,0.2431706,9.860523,1.5271618E-4,-7.635809E-4,4.5814854E-4,-55.65,-14.700001,4.875,,,,,,,,,,,,,,,,,,
SENSOR,1789661780769,41510985590077,0.14596218,0.24197419,9.864112,1.5271618E-4,-7.635809E-4,4.5814854E-4,-55.65,-14.700001,4.875,,,,,,,,,,,,,,,,,,
SENSOR,1789661780802,41511064496015,0.14596218,0.24197419,9.864112,1.5271618E-4,-7.635809E-4,4.5814854E-4,-55.65,-14.700001,4.875,,,,,,,,,,,,,,,,,,
SENSOR,1789661780811,41511064496015,0.14596218,0.24197419,9.864112,1.5271618E-4,-7.635809E-4,4.5814854E-4,-55.800003,-15.000001,4.5750003,,,,,,,,,,,,,,,,,,
SENSOR,1789661780872,41511089771431,0.14536397,0.2425724,9.861719,1.5271618E-4,-7.635809E-4,4.5814854E-4,-55.800003,-15.000001,4.5750003,,,,,,,,,,,,,,,,,,
GNSS,1789661780907,,true,11.05530545,76.92702909,374.2469482421875,3.7900925,0.0,,95,35,,,,,,,,,,,,,
SENSOR,1789661780922,41511164496015,0.14536397,0.2425724,9.861719,-6.108647E-4,0.0,1.5271618E-4,-55.800003,-15.000001,4.5750003,,,,,,,,,,,,,,,,,,
SENSOR,1789661780923,41511164496015,0.14536397,0.2425724,9.861719,-6.108647E-4,0.0,1.5271618E-4,-55.95,-14.625001,5.175,,,,,,,,,,,,,,,,,,
GNSS,1789661781000,,true,11.05530214,76.92704101,375.57659912109375,3.7900925,0.0,,95,35,,,,,,,,,,,,,
SENSOR,1789661780977,41511193952733,0.14446667,0.24376881,9.866505,-6.108647E-4,0.0,1.5271618E-4,-55.95,-14.625001,5.175,,,,,,,,,,,,,,,,,,
SENSOR,1789661781003,41511264496015,0.14446667,0.24376881,9.866505,-7.635809E-4,-6.108647E-4,3.0543236E-4,-55.95,-14.625001,5.175,,,,,,,,,,,,,,,,,,
SENSOR,1789661781011,41511264496015,0.14446667,0.24376881,9.866505,-7.635809E-4,-6.108647E-4,3.0543236E-4,-56.025,-14.700001,4.7250004,,,,,,,,,,,,,,,,,,
SENSOR,1789661781080,41511298134087,0.1471586,0.2416751,9.859326,-7.635809E-4,-6.108647E-4,3.0543236E-4,-56.025,-14.700001,4.7250004,,,,,,,,,,,,,,,,,,
SENSOR,1789661781108,41511364496015,0.1471586,0.2416751,9.859326,-6.108647E-4,-7.635809E-4,4.5814854E-4,-56.025,-14.700001,4.7250004,,,,,,,,,,,,,,,,,,
SENSOR,1789661781115,41511364496015,0.1471586,0.2416751,9.859326,-6.108647E-4,-7.635809E-4,4.5814854E-4,-56.175003,-14.625001,5.175,,,,,,,,,,,,,,,,,,
SENSOR,1789661781185,41511402315442,0.14506488,0.24436702,9.864112,-6.108647E-4,-7.635809E-4,4.5814854E-4,-56.175003,-14.625001,5.175,,,,,,,,,,,,,,,,,,
SENSOR,1789661781203,41511464496015,0.14506488,0.24436702,9.864112,1.5271618E-4,-6.108647E-4,3.0543236E-4,-56.175003,-14.625001,5.175,,,,,,,,,,,,,,,,,,
SENSOR,1789661781220,41511464496015,0.14506488,0.24436702,9.864112,1.5271618E-4,-6.108647E-4,3.0543236E-4,-55.875004,-14.55,4.5,,,,,,,,,,,,,,,,,,
SENSOR,1789661781289,41511506496744,0.14596218,0.24077778,9.859925,1.5271618E-4,-6.108647E-4,3.0543236E-4,-55.875004,-14.55,4.5,,,,,,,,,,,,,,,,,,
SENSOR,1789661781306,41511564496015,0.14596218,0.24077778,9.859925,-4.5814854E-4,-3.0543236E-4,-3.0543236E-4,-55.875004,-14.55,4.5,,,,,,,,,,,,,,,,,,
SENSOR,1789661781315,41511564496015,0.14596218,0.24077778,9.859925,-4.5814854E-4,-3.0543236E-4,-3.0543236E-4,-56.025,-14.400001,4.9500003,,,,,,,,,,,,,,,,,,
CELLULAR,1789661781320,,,,,,,,,,,,,,true,NR,4298047490,405,869,,75,403,634080,-108,NR_SS_RSRP,3,
SENSOR,1789661781395,41511610678098,0.14536397,0.2431706,9.864411,-4.5814854E-4,-3.0543236E-4,-3.0543236E-4,-56.025,-14.400001,4.9500003,,,,,,,,,,,,,,,,,,
SENSOR,1789661781402,41511664496015,0.14536397,0.2431706,9.864411,1.5271618E-4,4.5814854E-4,4.5814854E-4,-56.025,-14.400001,4.9500003,,,,,,,,,,,,,,,,,,
SENSOR,1789661781420,41511664496015,0.14536397,0.2431706,9.864411,1.5271618E-4,4.5814854E-4,4.5814854E-4,-56.025,-14.925,4.9500003,,,,,,,,,,,,,,,,,,
SENSOR,1789661781497,41511714859400,0.14506488,0.24047868,9.862916,1.5271618E-4,4.5814854E-4,4.5814854E-4,-56.025,-14.925,4.9500003,,,,,,,,,,,,,,,,,,
SENSOR,1789661781505,41511764496015,0.14506488,0.24047868,9.862916,1.5271618E-4,-7.635809E-4,4.5814854E-4,-56.025,-14.925,4.9500003,,,,,,,,,,,,,,,,,,
SENSOR,1789661781515,41511764496015,0.14506488,0.24047868,9.862916,1.5271618E-4,-7.635809E-4,4.5814854E-4,-56.025,-14.700001,5.175,,,,,,,,,,,,,,,,,,
SENSOR,1789661781603,41511819040702,0.14656039,0.2416751,9.860224,1.5271618E-4,-7.635809E-4,4.5814854E-4,-56.025,-14.700001,5.175,,,,,,,,,,,,,,,,,,
SENSOR,1789661781603,41511864496015,0.14656039,0.2416751,9.860224,1.5271618E-4,-7.635809E-4,4.5814854E-4,-56.025,-14.700001,5.175,,,,,,,,,,,,,,,,,,
SENSOR,1789661781619,41511864496015,0.14656039,0.2416751,9.860224,1.5271618E-4,-7.635809E-4,4.5814854E-4,-56.025,-14.625001,4.5,,,,,,,,,,,,,,,,,,
SENSOR,1789661781706,41511964496015,0.14656039,0.2416751,9.860224,1.5271618E-4,-1.5271618E-4,4.5814854E-4,-56.025,-14.625001,4.5,,,,,,,,,,,,,,,,,,
SENSOR,1789661781708,41511923222004,0.1471586,0.24586253,9.862318,1.5271618E-4,-1.5271618E-4,4.5814854E-4,-56.025,-14.625001,4.5,,,,,,,,,,,,,,,,,,
SENSOR,1789661781714,41511964496015,0.1471586,0.24586253,9.862318,1.5271618E-4,-1.5271618E-4,4.5814854E-4,-55.425003,-14.625001,3.2250001,,,,,,,,,,,,,,,,,,
SENSOR,1789661781801,41512064496015,0.1471586,0.24586253,9.862318,1.5271618E-4,4.5814854E-4,-7.635809E-4,-55.425003,-14.625001,3.2250001,,,,,,,,,,,,,,,,,,
SENSOR,1789661781809,41512027403306,0.1468595,0.2425724,9.862617,1.5271618E-4,4.5814854E-4,-7.635809E-4,-55.425003,-14.625001,3.2250001,,,,,,,,,,,,,,,,,,
SENSOR,1789661781820,41512064496015,0.1468595,0.2425724,9.862617,1.5271618E-4,4.5814854E-4,-7.635809E-4,-56.175003,-15.225,5.175,,,,,,,,,,,,,,,,,,
SENSOR,1789661781905,41512164496015,0.1468595,0.2425724,9.862617,1.5271618E-4,-1.5271618E-4,-1.5271618E-4,-56.175003,-15.225,5.175,,,,,,,,,,,,,,,,,,
GNSS,1789661781906,,true,11.05530214,76.92704101,375.57659912109375,3.7900925,0.0,,95,35,,,,,,,,,,,,,
SENSOR,1789661781920,41512131584556,0.14356937,0.24735804,9.863514,1.5271618E-4,-1.5271618E-4,-1.5271618E-4,-56.175003,-15.225,5.175,,,,,,,,,,,,,,,,,,
SENSOR,1789661781920,41512164496015,0.14356937,0.24735804,9.863514,1.5271618E-4,-1.5271618E-4,-1.5271618E-4,-56.175003,-14.700001,4.9500003,,,,,,,,,,,,,,,,,,
GNSS,1789661782000,,true,11.05530515,76.92705491,376.18475341796875,3.7900925,0.0,,95,35,,,,,,,,,,,,,
SENSOR,1789661782009,41512264496015,0.14356937,0.24735804,9.863514,-0.0022907427,-0.005650499,4.5814854E-4,-56.175003,-14.700001,4.9500003,,,,,,,,,,,,,,,,,,
SENSOR,1789661782019,41512235765858,0.14656039,0.24017957,9.864112,-0.0022907427,-0.005650499,4.5814854E-4,-56.175003,-14.700001,4.9500003,,,,,,,,,,,,,,,,,,
SENSOR,1789661782020,41512264496015,0.14656039,0.24017957,9.864112,-0.0022907427,-0.005650499,4.5814854E-4,-55.575,-14.55,3.3000002,,,,,,,,,,,,,,,,,,
SENSOR,1789661782104,41512364496015,0.14656039,0.24017957,9.864112,-0.0010690133,-0.0019853103,-1.5271618E-4,-55.575,-14.55,3.3000002,,,,,,,,,,,,,,,,,,
SENSOR,1789661782114,41512364496015,0.14656039,0.24017957,9.864112,-0.0010690133,-0.0019853103,-1.5271618E-4,-55.875004,-14.775001,4.125,,,,,,,,,,,,,,,,,,
SENSOR,1789661782123,41512339947108,0.15134603,0.23599213,9.859326,-0.0010690133,-0.0019853103,-1.5271618E-4,-55.875004,-14.775001,4.125,,,,,,,,,,,,,,,,,,
SENSOR,1789661782209,41512464496015,0.15134603,0.23599213,9.859326,3.0543236E-4,0.0015271618,4.5814854E-4,-55.875004,-14.775001,4.125,,,,,,,,,,,,,,,,,,
SENSOR,1789661782219,41512464496015,0.15134603,0.23599213,9.859326,3.0543236E-4,0.0015271618,4.5814854E-4,-56.100002,-14.85,5.175,,,,,,,,,,,,,,,,,,
SENSOR,1789661782227,41512444128358,0.15104693,0.23928227,9.863813,3.0543236E-4,0.0015271618,4.5814854E-4,-56.100002,-14.85,5.175,,,,,,,,,,,,,,,,,,
SENSOR,1789661782304,41512564496015,0.15104693,0.23928227,9.863813,-0.0010690133,-0.0015271618,-1.5271618E-4,-56.100002,-14.85,5.175,,,,,,,,,,,,,,,,,,
SENSOR,1789661782315,41512564496015,0.15104693,0.23928227,9.863813,-0.0010690133,-0.0015271618,-1.5271618E-4,-56.025,-15.3,3.9750001,,,,,,,,,,,,,,,,,,
SENSOR,1789661782330,41512548309608,0.1477568,0.23958136,9.861121,-0.0010690133,-0.0015271618,-1.5271618E-4,-56.025,-15.3,3.9750001,,,,,,,,,,,,,,,,,,
CELLULAR,1789661782334,,,,,,,,,,,,,,true,NR,4298047490,405,869,,75,403,634080,-108,NR_SS_RSRP,3,
SENSOR,1789661782409,41512664496015,0.1477568,0.23958136,9.861121,1.5271618E-4,4.5814854E-4,-6.108647E-4,-56.025,-15.3,3.9750001,,,,,,,,,,,,,,,,,,
SENSOR,1789661782417,41512664496015,0.1477568,0.23958136,9.861121,1.5271618E-4,4.5814854E-4,-6.108647E-4,-55.350002,-15.150001,3.9750001,,,,,,,,,,,,,,,,,,
SENSOR,1789661782436,41512652490858,0.14955142,0.24197419,9.8632145,1.5271618E-4,4.5814854E-4,-6.108647E-4,-55.350002,-15.150001,3.9750001,,,,,,,,,,,,,,,,,,
SENSOR,1789661782504,41512764496015,0.14955142,0.24197419,9.8632145,-3.0543236E-4,-7.635809E-4,4.5814854E-4,-55.350002,-15.150001,3.9750001,,,,,,,,,,,,,,,,,,
SENSOR,1789661782512,41512764496015,0.14955142,0.24197419,9.8632145,-3.0543236E-4,-7.635809E-4,4.5814854E-4,-55.425003,-14.85,3.525,,,,,,,,,,,,,,,,,,
SENSOR,1789661782539,41512756672108,0.15014961,0.23988047,9.864112,-3.0543236E-4,-7.635809E-4,4.5814854E-4,-55.425003,-14.85,3.525,,,,,,,,,,,,,,,,,,
SENSOR,1789661782611,41512864496015,0.15014961,0.23988047,9.864112,1.5271618E-4,4.5814854E-4,-7.635809E-4,-55.425003,-14.85,3.525,,,,,,,,,,,,,,,,,,
SENSOR,1789661782619,41512864496015,0.15014961,0.23988047,9.864112,1.5271618E-4,4.5814854E-4,-7.635809E-4,-56.325,-14.925,5.4750004,,,,,,,,,,,,,,,,,,
SENSOR,1789661782643,41512860853306,0.148355,0.23988047,9.8632145,1.5271618E-4,4.5814854E-4,-7.635809E-4,-56.325,-14.925,5.4750004,,,,,,,,,,,,,,,,,,
SENSOR,1789661782706,41512964496015,0.148355,0.23988047,9.8632145,1.5271618E-4,4.5814854E-4,4.5814854E-4,-56.325,-14.925,5.4750004,,,,,,,,,,,,,,,,,,
SENSOR,1789661782713,41512964496015,0.148355,0.23988047,9.8632145,1.5271618E-4,4.5814854E-4,4.5814854E-4,-56.175003,-14.250001,4.2000003,,,,,,,,,,,,,,,,,,
SENSOR,1789661782748,41512965034556,0.15074782,0.23928227,9.864711,1.5271618E-4,4.5814854E-4,4.5814854E-4,-56.175003,-14.250001,4.2000003,,,,,,,,,,,,,,,,,,
SENSOR,1789661782808,41513064496015,0.15074782,0.23928227,9.864711,1.5271618E-4,4.5814854E-4,-7.635809E-4,-56.175003,-14.250001,4.2000003,,,,,,,,,,,,,,,,,,
SENSOR,1789661782818,41513064496015,0.15074782,0.23928227,9.864711,1.5271618E-4,4.5814854E-4,-7.635809E-4,-55.875004,-15.000001,5.175,,,,,,,,,,,,,,,,,,
SENSOR,1789661782851,41513069215754,0.15164514,0.23958136,9.861421,1.5271618E-4,4.5814854E-4,-7.635809E-4,-55.875004,-15.000001,5.175,,,,,,,,,,,,,,,,,,
SENSOR,1789661782904,41513164496015,0.15164514,0.23958136,9.861421,1.5271618E-4,4.5814854E-4,1.5271618E-4,-55.875004,-15.000001,5.175,,,,,,,,,,,,,,,,,,
GNSS,1789661782909,,true,11.05530515,76.92705491,376.18475341796875,3.7900925,0.0,,95,35,,,,,,,,,,,,,
SENSOR,1789661782924,41513164496015,0.15164514,0.23958136,9.861421,1.5271618E-4,4.5814854E-4,1.5271618E-4,-55.95,-14.700001,4.7250004,,,,,,,,,,,,,,,,,,
GNSS,1789661783000,,true,11.05530146,76.9270579,376.412353515625,3.7900925,0.0,,95,35,,,,,,,,,,,,,
SENSOR,1789661782955,41513173396952,0.15134603,0.24107689,9.865309,1.5271618E-4,4.5814854E-4,1.5271618E-4,-55.95,-14.700001,4.7250004,,,,,,,,,,,,,,,,,,
SENSOR,1789661783008,41513264496015,0.15134603,0.24107689,9.865309,1.5271618E-4,-7.635809E-4,4.5814854E-4,-55.95,-14.700001,4.7250004,,,,,,,,,,,,,,,,,,
SENSOR,1789661783017,41513264496015,0.15134603,0.24107689,9.865309,1.5271618E-4,-7.635809E-4,4.5814854E-4,-56.025,-14.475,5.175,,,,,,,,,,,,,,,,,,
SENSOR,1789661783060,41513277578150,0.148355,0.23988047,9.862318,1.5271618E-4,-7.635809E-4,4.5814854E-4,-56.025,-14.475,5.175,,,,,,,,,,,,,,,,,,
SENSOR,1789661783104,41513364496015,0.148355,0.23988047,9.862318,1.5271618E-4,4.5814854E-4,1.5271618E-4,-56.025,-14.475,5.175,,,,,,,,,,,,,,,,,,
SENSOR,1789661783112,41513364496015,0.148355,0.23988047,9.862318,1.5271618E-4,4.5814854E-4,1.5271618E-4,-56.550003,-14.85,5.55,,,,,,,,,,,,,,,,,,
SENSOR,1789661783164,41513381759296,0.14955142,0.23898315,9.863514,1.5271618E-4,4.5814854E-4,1.5271618E-4,-56.550003,-14.85,5.55,,,,,,,,,,,,,,,,,,
SENSOR,1789661783208,41513464496015,0.14955142,0.23898315,9.863514,1.5271618E-4,-7.635809E-4,-7.635809E-4,-56.550003,-14.85,5.55,,,,,,,,,,,,,,,,,,
SENSOR,1789661783217,41513464496015,0.14955142,0.23898315,9.863514,1.5271618E-4,-7.635809E-4,-7.635809E-4,-56.175003,-14.625001,4.8,,,,,,,,,,,,,,,,,,
SENSOR,1789661783269,41513485940494,0.14895321,0.23958136,9.863514,1.5271618E-4,-7.635809E-4,-7.635809E-4,-56.175003,-14.625001,4.8,,,,,,,,,,,,,,,,,,
SENSOR,1789661783303,41513564496015,0.14895321,0.23958136,9.863514,1.5271618E-4,1.5271618E-4,1.5271618E-4,-56.175003,-14.625001,4.8,,,,,,,,,,,,,,,,,,
SENSOR,1789661783312,41513564496015,0.14895321,0.23958136,9.863514,1.5271618E-4,1.5271618E-4,1.5271618E-4,-56.625004,-14.625001,5.025,,,,,,,,,,,,,,,,,,
CELLULAR,1789661783351,,,,,,,,,,,,,,true,NR,4298047490,405,869,,75,403,634080,-108,NR_SS_RSRP,3,
SENSOR,1789661783376,41513590121640,0.14895321,0.23958136,9.860523,1.5271618E-4,1.5271618E-4,1.5271618E-4,-56.625004,-14.625001,5.025,,,,,,,,,,,,,,,,,,
SENSOR,1789661783407,41513664496015,0.14895321,0.23958136,9.860523,1.5271618E-4,-4.5814854E-4,1.5271618E-4,-56.625004,-14.625001,5.025,,,,,,,,,,,,,,,,,,
SENSOR,1789661783416,41513664496015,0.14895321,0.23958136,9.860523,1.5271618E-4,-4.5814854E-4,1.5271618E-4,-55.500004,-14.775001,3.075,,,,,,,,,,,,,,,,,,
SENSOR,1789661783477,41513694302785,0.15134603,0.24017957,9.864711,1.5271618E-4,-4.5814854E-4,1.5271618E-4,-55.500004,-14.775001,3.075,,,,,,,,,,,,,,,,,,
SENSOR,1789661783502,41513764496015,0.15134603,0.24017957,9.864711,1.5271618E-4,1.5271618E-4,4.5814854E-4,-55.500004,-14.775001,3.075,,,,,,,,,,,,,,,,,,
SENSOR,1789661783512,41513764496015,0.15134603,0.24017957,9.864711,1.5271618E-4,1.5271618E-4,4.5814854E-4,-56.250004,-14.925,4.65,,,,,,,,,,,,,,,,,,
SENSOR,1789661783581,41513798483931,0.15134603,0.23838496,9.865009,1.5271618E-4,1.5271618E-4,4.5814854E-4,-56.250004,-14.925,4.65,,,,,,,,,,,,,,,,,,
SENSOR,1789661783608,41513864496015,0.15134603,0.23838496,9.865009,1.5271618E-4,0.0,4.5814854E-4,-56.250004,-14.925,4.65,,,,,,,,,,,,,,,,,,
SENSOR,1789661783616,41513864496015,0.15134603,0.23838496,9.865009,1.5271618E-4,0.0,4.5814854E-4,-56.025,-14.625001,4.7250004,,,,,,,,,,,,,,,,,,
SENSOR,1789661783684,41513902665025,0.14895321,0.24017957,9.862318,1.5271618E-4,0.0,4.5814854E-4,-56.025,-14.625001,4.7250004,,,,,,,,,,,,,,,,,,
SENSOR,1789661783704,41513964496015,0.14895321,0.24017957,9.862318,1.5271618E-4,1.5271618E-4,-7.635809E-4,-56.025,-14.625001,4.7250004,,,,,,,,,,,,,,,,,,
SENSOR,1789661783711,41513964496015,0.14895321,0.24017957,9.862318,1.5271618E-4,1.5271618E-4,-7.635809E-4,-55.425003,-14.85,4.875,,,,,,,,,,,,,,,,,,
SENSOR,1789661783790,41514006846171,0.148355,0.23988047,9.864711,1.5271618E-4,1.5271618E-4,-7.635809E-4,-55.425003,-14.85,4.875,,,,,,,,,,,,,,,,,,
SENSOR,1789661783806,41514064496015,0.148355,0.23988047,9.864711,1.5271618E-4,4.5814854E-4,-3.0543236E-4,-55.425003,-14.85,4.875,,,,,,,,,,,,,,,,,,
SENSOR,1789661783816,41514064496015,0.148355,0.23988047,9.864711,1.5271618E-4,4.5814854E-4,-3.0543236E-4,-56.250004,-14.625001,5.4750004,,,,,,,,,,,,,,,,,,
SENSOR,1789661783894,41514111027265,0.148355,0.24137598,9.863514,1.5271618E-4,4.5814854E-4,-3.0543236E-4,-56.250004,-14.625001,5.4750004,,,,,,,,,,,,,,,,,,
SENSOR,1789661783903,41514164496015,0.148355,0.24137598,9.863514,1.5271618E-4,3.0543236E-4,4.5814854E-4,-56.250004,-14.625001,5.4750004,,,,,,,,,,,,,,,,,,
GNSS,1789661783905,,true,11.05530146,76.9270579,376.412353515625,3.7900925,0.0,,95,37,,,,,,,,,,,,,
GNSS,1789661784000,,true,11.05530375,76.92706109,376.2303466796875,3.7900925,0.0,,95,37,,,,,,,,,,,,,
SENSOR,1789661783921,41514164496015,0.148355,0.24137598,9.863514,1.5271618E-4,3.0543236E-4,4.5814854E-4,-56.100002,-14.475,5.175,,,,,,,,,,,,,,,,,,
SENSOR,1789661783998,41514215208358,0.14985052,0.23928227,9.862916,1.5271618E-4,3.0543236E-4,4.5814854E-4,-56.100002,-14.475,5.175,,,,,,,,,,,,,,,,,,
SENSOR,1789661784006,41514264496015,0.14985052,0.23928227,9.862916,-3.0543236E-4,-0.0,4.5814854E-4,-56.100002,-14.475,5.175,,,,,,,,,,,,,,,,,,
SENSOR,1789661784016,41514264496015,0.14985052,0.23928227,9.862916,-3.0543236E-4,-0.0,4.5814854E-4,-56.025,-14.925,4.2000003,,,,,,,,,,,,,,,,,,
SENSOR,1789661784102,41514364496015,0.14985052,0.23928227,9.862916,1.5271618E-4,-7.635809E-4,-7.635809E-4,-56.025,-14.925,4.2000003,,,,,,,,,,,,,,,,,,
SENSOR,1789661784102,41514319389504,0.14925231,0.23898315,9.864711,1.5271618E-4,-7.635809E-4,-7.635809E-4,-56.025,-14.925,4.2000003,,,,,,,,,,,,,,,,,,
SENSOR,1789661784120,41514364496015,0.14925231,0.23898315,9.864711,1.5271618E-4,-7.635809E-4,-7.635809E-4,-56.4,-14.55,5.3250003,,,,,,,,,,,,,,,,,,
SENSOR,1789661784206,41514464496015,0.14925231,0.23898315,9.864711,1.5271618E-4,4.5814854E-4,-1.5271618E-4,-56.4,-14.55,5.3250003,,,,,,,,,,,,,,,,,,
SENSOR,1789661784207,41514423570546,0.15044872,0.24137598,9.862617,1.5271618E-4,4.5814854E-4,-1.5271618E-4,-56.4,-14.55,5.3250003,,,,,,,,,,,,,,,,,,
SENSOR,1789661784215,41514464496015,0.15044872,0.24137598,9.862617,1.5271618E-4,4.5814854E-4,-1.5271618E-4,-56.325,-14.55,5.7000003,,,,,,,,,,,,,,,,,,
SENSOR,1789661784301,41514564496015,0.15044872,0.24137598,9.862617,1.5271618E-4,-7.635809E-4,4.5814854E-4,-56.325,-14.55,5.7000003,,,,,,,,,,,,,,,,,,
SENSOR,1789661784310,41514527751640,0.14955142,0.23958136,9.863813,1.5271618E-4,-7.635809E-4,4.5814854E-4,-56.325,-14.55,5.7000003,,,,,,,,,,,,,,,,,,
SENSOR,1789661784319,41514564496015,0.14955142,0.23958136,9.863813,1.5271618E-4,-7.635809E-4,4.5814854E-4,-56.250004,-14.925,5.25,,,,,,,,,,,,,,,,,,
CELLULAR,1789661784376,,,,,,,,,,,,,,true,NR,4298047490,405,869,,75,403,634080,-108,NR_SS_RSRP,3,
SENSOR,1789661784405,41514664496015,0.14955142,0.23958136,9.863813,1.5271618E-4,4.5814854E-4,-1.5271618E-4,-56.250004,-14.925,5.25,,,,,,,,,,,,,,,,,,
SENSOR,1789661784414,41514631932681,0.148355,0.24107689,9.863514,1.5271618E-4,4.5814854E-4,-1.5271618E-4,-56.250004,-14.925,5.25,,,,,,,,,,,,,,,,,,
SENSOR,1789661784414,41514664496015,0.148355,0.24107689,9.863514,1.5271618E-4,4.5814854E-4,-1.5271618E-4,-55.65,-15.375001,3.6750002,,,,,,,,,,,,,,,,,,
SENSOR,1789661784500,41514764496015,0.148355,0.24107689,9.863514,1.5271618E-4,4.5814854E-4,-7.635809E-4,-55.65,-15.375001,3.6750002,,,,,,,,,,,,,,,,,,
SENSOR,1789661784517,41514736113723,0.14955142,0.23988047,9.863813,1.5271618E-4,4.5814854E-4,-7.635809E-4,-55.65,-15.375001,3.6750002,,,,,,,,,,,,,,,,,,
SENSOR,1789661784518,41514764496015,0.14955142,0.23988047,9.863813,1.5271618E-4,4.5814854E-4,-7.635809E-4,-55.050003,-14.700001,3.3000002,,,,,,,,,,,,,,,,,,
SENSOR,1789661784605,41514864496015,0.14955142,0.23988047,9.863813,1.5271618E-4,-7.635809E-4,-7.635809E-4,-55.050003,-14.700001,3.3000002,,,,,,,,,,,,,,,,,,
SENSOR,1789661784614,41514864496015,0.14955142,0.23988047,9.863813,1.5271618E-4,-7.635809E-4,-7.635809E-4,-55.350002,-14.925,3.075,,,,,,,,,,,,,,,,,,
SENSOR,1789661784622,41514840294765,0.15014961,0.23868406,9.8632145,1.5271618E-4,-7.635809E-4,-7.635809E-4,-55.350002,-14.925,3.075,,,,,,,,,,,,,,,,,,
SENSOR,1789661784710,41514964496015,0.15014961,0.23868406,9.8632145,1.5271618E-4,4.5814854E-4,4.5814854E-4,-55.350002,-14.925,3.075,,,,,,,,,,,,,,,,,,
SENSOR,1789661784719,41514964496015,0.15014961,0.23868406,9.8632145,1.5271618E-4,4.5814854E-4,4.5814854E-4,-56.250004,-15.450001,5.4750004,,,,,,,,,,,,,,,,,,
SENSOR,1789661784726,41514944475806,0.15074782,0.23838496,9.865309,1.5271618E-4,4.5814854E-4,4.5814854E-4,-56.250004,-15.450001,5.4750004,,,,,,,,,,,,,,,,,,
SENSOR,1789661784805,41515064496015,0.15074782,0.23838496,9.865309,-6.108647E-4,6.108647E-4,1.5271618E-4,-56.250004,-15.450001,5.4750004,,,,,,,,,,,,,,,,,,
SENSOR,1789661784814,41515064496015,0.15074782,0.23838496,9.865309,-6.108647E-4,6.108647E-4,1.5271618E-4,-55.425003,-14.775001,3.525,,,,,,,,,,,,,,,,,,
SENSOR,1789661784832,41515048656848,0.1480559,0.23898315,9.865009,-6.108647E-4,6.108647E-4,1.5271618E-4,-55.425003,-14.775001,3.525,,,,,,,,,,,,,,,,,,
GNSS,1789661784905,,true,11.05530375,76.92706109,376.2303466796875,3.7900925,0.0,,95,39,,,,,,,,,,,,,
SENSOR,1789661784921,41515164496015,0.1480559,0.23898315,9.865009,1.5271618E-4,-6.108647E-4,3.0543236E-4,-55.425003,-14.775001,3.525,,,,,,,,,,,,,,,,,,
SENSOR,1789661784921,41515164496015,0.1480559,0.23898315,9.865009,1.5271618E-4,-6.108647E-4,3.0543236E-4,-55.95,-14.85,5.25,,,,,,,,,,,,,,,,,,
GNSS,1789661785000,,true,11.05530201,76.92706188,376.4627685546875,3.7900925,0.0,,95,39,,,,,,,,,,,,,
SENSOR,1789661784935,41515152837837,0.15074782,0.24077778,9.862318,1.5271618E-4,-6.108647E-4,3.0543236E-4,-55.95,-14.85,5.25,,,,,,,,,,,,,,,,,,
SENSOR,1789661785005,41515264496015,0.15074782,0.24077778,9.862318,1.5271618E-4,4.5814854E-4,-1.5271618E-4,-55.95,-14.85,5.25,,,,,,,,,,,,,,,,,,
SENSOR,1789661785014,41515264496015,0.15074782,0.24077778,9.862318,1.5271618E-4,4.5814854E-4,-1.5271618E-4,-56.4,-15.000001,3.9,,,,,,,,,,,,,,,,,,
SENSOR,1789661785040,41515257018879,0.14985052,0.23898315,9.864112,1.5271618E-4,4.5814854E-4,-1.5271618E-4,-56.4,-15.000001,3.9,,,,,,,,,,,,,,,,,,
SENSOR,1789661785108,41515364496015,0.14985052,0.23898315,9.864112,1.5271618E-4,4.5814854E-4,-7.635809E-4,-56.4,-15.000001,3.9,,,,,,,,,,,,,,,,,,
SENSOR,1789661785119,41515364496015,0.14985052,0.23898315,9.864112,1.5271618E-4,4.5814854E-4,-7.635809E-4,-55.95,-14.775001,4.5,,,,,,,,,,,,,,,,,,
SENSOR,1789661785143,41515361199869,0.14985052,0.23718855,9.862617,1.5271618E-4,4.5814854E-4,-7.635809E-4,-55.95,-14.775001,4.5,,,,,,,,,,,,,,,,,,
SENSOR,1789661785204,41515464496015,0.14985052,0.23718855,9.862617,-0.0010690133,-7.635809E-4,-3.0543236E-4,-55.95,-14.775001,4.5,,,,,,,,,,,,,,,,,,
SENSOR,1789661785213,41515464496015,0.14985052,0.23718855,9.862617,-0.0010690133,-7.635809E-4,-3.0543236E-4,-56.550003,-15.150001,5.1000004,,,,,,,,,,,,,,,,,,
SENSOR,1789661785248,41515465380806,0.148355,0.23778675,9.862916,-0.0010690133,-7.635809E-4,-3.0543236E-4,-56.550003,-15.150001,5.1000004,,,,,,,,,,,,,,,,,,
SENSOR,1789661785308,41515564496015,0.148355,0.23778675,9.862916,1.5271618E-4,4.5814854E-4,4.5814854E-4,-56.550003,-15.150001,5.1000004,,,,,,,,,,,,,,,,,,
SENSOR,1789661785318,41515564496015,0.148355,0.23778675,9.862916,1.5271618E-4,4.5814854E-4,4.5814854E-4,-55.725002,-15.3,3.3000002,,,,,,,,,,,,,,,,,,
SENSOR,1789661785351,41515569561796,0.14985052,0.23748764,9.864711,1.5271618E-4,4.5814854E-4,4.5814854E-4,-55.725002,-15.3,3.3000002,,,,,,,,,,,,,,,,,,
CELLULAR,1789661785399,,,,,,,,,,,,,,true,NR,4298047490,405,869,,75,403,634080,-108,NR_SS_RSRP,3,
SENSOR,1789661785407,41515664496015,0.14985052,0.23748764,9.864711,-6.108647E-4,4.5814854E-4,-4.5814854E-4,-55.725002,-15.3,3.3000002,,,,,,,,,,,,,,,,,,
SENSOR,1789661785413,41515664496015,0.14985052,0.23748764,9.864711,-6.108647E-4,4.5814854E-4,-4.5814854E-4,-53.850002,-14.775001,-0.6,,,,,,,,,,,,,,,,,,
SENSOR,1789661785456,41515673742733,0.15104693,0.24137598,9.864112,-6.108647E-4,4.5814854E-4,-4.5814854E-4,-53.850002,-14.775001,-0.6,,,,,,,,,,,,,,,,,,
SENSOR,1789661785508,41515764496015,0.15104693,0.24137598,9.864112,-0.0044287695,-0.009162971,4.5814854E-4,-53.850002,-14.775001,-0.6,,,,,,,,,,,,,,,,,,
SENSOR,1789661785517,41515764496015,0.15104693,0.24137598,9.864112,-0.0044287695,-0.009162971,4.5814854E-4,-54.600002,-14.775001,2.1000001,,,,,,,,,,,,,,,,,,
SENSOR,1789661785561,41515777923723,0.15044872,0.23868406,9.865009,-0.0044287695,-0.009162971,4.5814854E-4,-54.600002,-14.775001,2.1000001,,,,,,,,,,,,,,,,,,
SENSOR,1789661785605,41515864496015,0.15044872,0.23868406,9.865009,0.0036651883,0.008093958,-7.635809E-4,-54.600002,-14.775001,2.1000001,,,,,,,,,,,,,,,,,,
SENSOR,1789661785613,41515864496015,0.15044872,0.23868406,9.865009,0.0036651883,0.008093958,-7.635809E-4,-55.800003,-14.55,4.7250004,,,,,,,,,,,,,,,,,,
SENSOR,1789661785665,41515882104660,0.15014961,0.23898315,9.861121,0.0036651883,0.008093958,-7.635809E-4,-55.800003,-14.55,4.7250004,,,,,,,,,,,,,,,,,,
SENSOR,1789661785707,41515964496015,0.15014961,0.23898315,9.861121,-0.008552106,-0.021074833,4.5814854E-4,-55.800003,-14.55,4.7250004,,,,,,,,,,,,,,,,,,
SENSOR,1789661785719,41515964496015,0.15014961,0.23898315,9.861121,-0.008552106,-0.021074833,4.5814854E-4,-55.575,-14.925,3.15,,,,,,,,,,,,,,,,,,
SENSOR,1789661785769,41515986285598,0.14745769,0.24017957,9.863813,-0.008552106,-0.021074833,4.5814854E-4,-55.575,-14.925,3.15,,,,,,,,,,,,,,,,,,
SENSOR,1789661785803,41516064496015,0.14745769,0.24017957,9.863813,0.0032070398,0.0087048225,-7.635809E-4,-55.575,-14.925,3.15,,,,,,,,,,,,,,,,,,
SENSOR,1789661785812,41516064496015,0.14745769,0.24017957,9.863813,0.0032070398,0.0087048225,-7.635809E-4,-55.725002,-14.625001,3.6000001,,,,,,,,,,,,,,,,,,
SENSOR,1789661785872,41516090466483,0.15373886,0.23808585,9.862318,0.0032070398,0.0087048225,-7.635809E-4,-55.725002,-14.625001,3.6000001,,,,,,,,,,,,,,,,,,
GNSS,1789661785904,,true,11.05530201,76.92706188,376.4627685546875,3.7900925,0.0,,95,40,,,,,,,,,,,,,
SENSOR,1789661785919,41516164496015,0.15373886,0.23808585,9.862318,-7.635809E-4,-0.0022907427,4.5814854E-4,-55.725002,-14.625001,3.6000001,,,,,,,,,,,,,,,,,,
SENSOR,1789661785920,41516164496015,0.15373886,0.23808585,9.862318,-7.635809E-4,-0.0022907427,4.5814854E-4,-56.4,-14.700001,4.5,,,,,,,,,,,,,,,,,,
GNSS,1789661786000,,true,11.05530195,76.92706204,376.57958984375,3.7900925,0.0,,95,40,,,,,,,,,,,,,
SENSOR,1789661785978,41516194647421,0.14895321,0.23928227,9.864112,-7.635809E-4,-0.0022907427,4.5814854E-4,-56.4,-14.700001,4.5,,,,,,,,,,,,,,,,,,
SENSOR,1789661786003,41516264496015,0.14895321,0.23928227,9.864112,4.5814854E-4,0.0029016074,4.5814854E-4,-56.4,-14.700001,4.5,,,,,,,,,,,,,,,,,,
SENSOR,1789661786013,41516264496015,0.14895321,0.23928227,9.864112,4.5814854E-4,0.0029016074,4.5814854E-4,-55.875004,-15.000001,3.3750002,,,,,,,,,,,,,,,,,,
SENSOR,1789661786082,41516298828306,0.1486541,0.24017957,9.8632145,4.5814854E-4,0.0029016074,4.5814854E-4,-55.875004,-15.000001,3.3750002,,,,,,,,,,,,,,,,,,
SENSOR,1789661786108,41516364496015,0.1486541,0.24017957,9.8632145,-6.108647E-4,-3.0543236E-4,-4.5814854E-4,-55.875004,-15.000001,3.3750002,,,,,,,,,,,,,,,,,,
SENSOR,1789661786117,41516364496015,0.1486541,0.24017957,9.8632145,-6.108647E-4,-3.0543236E-4,-4.5814854E-4,-55.425003,-14.625001,3.6000001,,,,,,,,,,,,,,,,,,
SENSOR,1789661786186,41516403009244,0.14895321,0.23928227,9.862916,-6.108647E-4,-3.0543236E-4,-4.5814854E-4,-55.425003,-14.625001,3.6000001,,,,,,,,,,,,,,,,,,
SENSOR,1789661786203,41516464496015,0.14895321,0.23928227,9.862916,1.5271618E-4,-4.5814854E-4,4.5814854E-4,-55.425003,-14.625001,3.6000001,,,,,,,,,,,,,,,,,,
SENSOR,1789661786212,41516464496015,0.14895321,0.23928227,9.862916,1.5271618E-4,-4.5814854E-4,4.5814854E-4,-56.100002,-14.700001,4.9500003,,,,,,,,,,,,,,,,,,
SENSOR,1789661786290,41516507190129,0.15014961,0.24017957,9.861719,1.5271618E-4,-4.5814854E-4,4.5814854E-4,-56.100002,-14.700001,4.9500003,,,,,,,,,,,,,,,,,,
SENSOR,1789661786308,41516564496015,0.15014961,0.24017957,9.861719,-0.0018325942,-0.0041233366,0.0,-56.100002,-14.700001,4.9500003,,,,,,,,,,,,,,,,,,
SENSOR,1789661786316,41516564496015,0.15014961,0.24017957,9.861719,-0.0018325942,-0.0041233366,0.0,-55.575,-14.775001,5.4750004,,,,,,,,,,,,,,,,,,
SENSOR,1789661786394,41516611371015,0.15164514,0.23808585,9.857831,-0.0018325942,-0.0041233366,0.0,-55.575,-14.775001,5.4750004,,,,,,,,,,,,,,,,,,
SENSOR,1789661786402,41516664496015,0.15164514,0.23808585,9.857831,0.0013744456,0.0027488912,4.5814854E-4,-55.575,-14.775001,5.4750004,,,,,,,,,,,,,,,,,,
CELLULAR,1789661786407,,,,,,,,,,,,,,true,NR,4298047490,405,869,,75,403,634080,-108,NR_SS_RSRP,3,
SENSOR,1789661786431,41516664496015,0.15164514,0.23808585,9.857831,0.0013744456,0.0027488912,4.5814854E-4,-55.95,-15.075001,4.125,,,,,,,,,,,,,,,,,,
SENSOR,1789661786498,41516715551900,0.14955142,0.24077778,9.863514,0.0013744456,0.0027488912,4.5814854E-4,-55.95,-15.075001,4.125,,,,,,,,,,,,,,,,,,
SENSOR,1789661786507,41516764496015,0.14955142,0.24077778,9.863514,1.5271618E-4,4.5814854E-4,-3.0543236E-4,-55.95,-15.075001,4.125,,,,,,,,,,,,,,,,,,
SENSOR,1789661786515,41516764496015,0.14955142,0.24077778,9.863514,1.5271618E-4,4.5814854E-4,-3.0543236E-4,-55.95,-14.925,4.875,,,,,,,,,,,,,,,,,,
SENSOR,1789661786602,41516819732733,0.15014961,0.23958136,9.863813,1.5271618E-4,4.5814854E-4,-3.0543236E-4,-55.95,-14.925,4.875,,,,,,,,,,,,,,,,,,
SENSOR,1789661786602,41516864496015,0.15014961,0.23958136,9.863813,0.0,3.0543236E-4,4.5814854E-4,-55.95,-14.925,4.875,,,,,,,,,,,,,,,,,,
SENSOR,1789661786619,41516864496015,0.15014961,0.23958136,9.863813,0.0,3.0543236E-4,4.5814854E-4,-55.425003,-14.700001,2.8500001,,,,,,,,,,,,,,,,,,
SENSOR,1789661786714,41516923913619,0.1486541,0.23838496,9.862916,0.0,3.0543236E-4,4.5814854E-4,-55.425003,-14.700001,2.8500001,,,,,,,,,,,,,,,,,,
SENSOR,1789661786714,41516964496015,0.1486541,0.23838496,9.862916,1.5271618E-4,0.0010690133,4.5814854E-4,-55.425003,-14.700001,2.8500001,,,,,,,,,,,,,,,,,,
SENSOR,1789661786716,41516964496015,0.1486541,0.23838496,9.862916,1.5271618E-4,0.0010690133,4.5814854E-4,-56.100002,-14.700001,5.175,,,,,,,,,,,,,,,,,,
SENSOR,1789661786803,41517064496015,0.1486541,0.23838496,9.862916,-0.0022907427,-0.005803215,4.5814854E-4,-56.100002,-14.700001,5.175,,,,,,,,,,,,,,,,,,
SENSOR,1789661786810,41517028094504,0.14955142,0.24017957,9.862617,-0.0022907427,-0.005803215,4.5814854E-4,-56.100002,-14.700001,5.175,,,,,,,,,,,,,,,,,,
SENSOR,1789661786820,41517064496015,0.14955142,0.24017957,9.862617,-0.0022907427,-0.005803215,4.5814854E-4,-56.625004,-14.925,5.625,,,,,,,,,,,,,,,,,,
GNSS,1789661786901,,true,11.05530195,76.92706204,376.57958984375,3.7900925,0.0,,95,40,,,,,,,,,,,,,
SENSOR,1789661786916,41517164496015,0.14955142,0.24017957,9.862617,0.0010690133,0.0029016074,4.5814854E-4,-56.625004,-14.925,5.625,,,,,,,,,,,,,,,,,,
SENSOR,1789661786916,41517164496015,0.14955142,0.24017957,9.862617,0.0010690133,0.0029016074,4.5814854E-4,-55.800003,-14.775001,4.65,,,,,,,,,,,,,,,,,,
SENSOR,1789661786916,41517132275390,0.15254244,0.23659034,9.860822,0.0010690133,0.0029016074,4.5814854E-4,-55.800003,-14.775001,4.65,,,,,,,,,,,,,,,,,,
GNSS,1789661787000,,true,11.05530216,76.9270628,376.385986328125,3.7900925,0.0,,95,40,,,,,,,,,,,,,
SENSOR,1789661787002,41517264496015,0.15254244,0.23659034,9.860822,1.5271618E-4,6.108647E-4,4.5814854E-4,-55.800003,-14.775001,4.65,,,,,,,,,,,,,,,,,,
SENSOR,1789661787019,41517236456223,0.14895321,0.23958136,9.859925,1.5271618E-4,6.108647E-4,4.5814854E-4,-55.800003,-14.775001,4.65,,,,,,,,,,,,,,,,,,
SENSOR,1789661787020,41517264496015,0.14895321,0.23958136,9.859925,1.5271618E-4,6.108647E-4,4.5814854E-4,-56.025,-14.700001,4.875,,,,,,,,,,,,,,,,,,
SENSOR,1789661787106,41517364496015,0.14895321,0.23958136,9.859925,1.5271618E-4,0.0010690133,-1.5271618E-4,-56.025,-14.700001,4.875,,,,,,,,,,,,,,,,,,
SENSOR,1789661787115,41517364496015,0.14895321,0.23958136,9.859925,1.5271618E-4,0.0010690133,-1.5271618E-4,-55.575,-14.775001,3.825,,,,,,,,,,,,,,,,,,
SENSOR,1789661787123,41517340637108,0.14895321,0.24017957,9.861421,1.5271618E-4,0.0010690133,-1.5271618E-4,-55.575,-14.775001,3.825,,,,,,,,,,,,,,,,,,
SENSOR,1789661787201,41517464496015,0.14895321,0.24017957,9.861421,-0.0045814854,-0.009010254,-7.635809E-4,-55.575,-14.775001,3.825,,,,,,,,,,,,,,,,,,
SENSOR,1789661787220,41517464496015,0.14895321,0.24017957,9.861421,-0.0045814854,-0.009010254,-7.635809E-4,-55.275,-14.55,3.9750001,,,,,,,,,,,,,,,,,,
SENSOR,1789661787228,41517444817994,0.14895321,0.23868406,9.855438,-0.0045814854,-0.009010254,-7.635809E-4,-55.275,-14.55,3.9750001,,,,,,,,,,,,,,,,,,
SENSOR,1789661787306,41517564496015,0.14895321,0.23868406,9.855438,0.0013744456,0.0047342014,4.5814854E-4,-55.275,-14.55,3.9750001,,,,,,,,,,,,,,,,,,
SENSOR,1789661787314,41517564496015,0.14895321,0.23868406,9.855438,0.0013744456,0.0047342014,4.5814854E-4,-56.325,-14.925,5.4750004,,,,,,,,,,,,,,,,,,
SENSOR,1789661787332,41517548998827,0.15433706,0.23748764,9.859925,0.0013744456,0.0047342014,4.5814854E-4,-56.325,-14.925,5.4750004,,,,,,,,,,,,,,,,,,
SENSOR,1789661787409,41517664496015,0.15433706,0.23748764,9.859925,-0.0010690133,-0.0018325942,4.5814854E-4,-56.325,-14.925,5.4750004,,,,,,,,,,,,,,,,,,
SENSOR,1789661787419,41517664496015,0.15433706,0.23748764,9.859925,-0.0010690133,-0.0018325942,4.5814854E-4,-56.475002,-14.625001,5.025,,,,,,,,,,,,,,,,,,
CELLULAR,1789661787431,,,,,,,,,,,,,,true,NR,4298047490,405,869,,75,403,634080,-108,NR_SS_RSRP,3,
SENSOR,1789661787455,41517653179712,0.1471586,0.23868406,9.860523,-0.0010690133,-0.0018325942,4.5814854E-4,-56.475002,-14.625001,5.025,,,,,,,,,,,,,,,,,,
SENSOR,1789661787505,41517764496015,0.1471586,0.23868406,9.860523,1.5271618E-4,0.0010690133,4.5814854E-4,-56.475002,-14.625001,5.025,,,,,,,,,,,,,,,,,,
SENSOR,1789661787514,41517764496015,0.1471586,0.23868406,9.860523,1.5271618E-4,0.0010690133,4.5814854E-4,-55.800003,-14.775001,4.875,,,,,,,,,,,,,,,,,,
SENSOR,1789661787539,41517757360546,0.15194423,0.23958136,9.860822,1.5271618E-4,0.0010690133,4.5814854E-4,-55.800003,-14.775001,4.875,,,,,,,,,,,,,,,,,,
SENSOR,1789661787611,41517864496015,0.15194423,0.23958136,9.860822,-0.0022907427,-0.005803215,4.5814854E-4,-55.800003,-14.775001,4.875,,,,,,,,,,,,,,,,,,
SENSOR,1789661787619,41517864496015,0.15194423,0.23958136,9.860822,-0.0022907427,-0.005803215,4.5814854E-4,-56.100002,-14.700001,5.25,,,,,,,,,,,,,,,,,,
SENSOR,1789661787644,41517861541431,0.15134603,0.23898315,9.860523,-0.0022907427,-0.005803215,4.5814854E-4,-56.100002,-14.700001,5.25,,,,,,,,,,,,,,,,,,
SENSOR,1789661787705,41517964496015,0.15134603,0.23898315,9.860523,9.162971E-4,0.002443459,4.5814854E-4,-56.100002,-14.700001,5.25,,,,,,,,,,,,,,,,,,
SENSOR,1789661787714,41517964496015,0.15134603,0.23898315,9.860523,9.162971E-4,0.002443459,4.5814854E-4,-56.175003,-14.625001,5.175,,,,,,,,,,,,,,,,,,
SENSOR,1789661787748,41517965722317,0.15493527,0.23808585,9.860224,9.162971E-4,0.002443459,4.5814854E-4,-56.175003,-14.625001,5.175,,,,,,,,,,,,,,,,,,
SENSOR,1789661787809,41518064496015,0.15493527,0.23808585,9.860224,0.003359756,0.0054977825,4.5814854E-4,-56.175003,-14.625001,5.175,,,,,,,,,,,,,,,,,,
SENSOR,1789661787819,41518064496015,0.15493527,0.23808585,9.860224,0.003359756,0.0054977825,4.5814854E-4,-56.025,-14.775001,5.025,,,,,,,,,,,,,,,,,,
SENSOR,1789661787853,41518069903150,0.15284155,0.23898315,9.859925,0.003359756,0.0054977825,4.5814854E-4,-56.025,-14.775001,5.025,,,,,,,,,,,,,,,,,,
GNSS,1789661787904,,true,11.05530216,76.9270628,376.385986328125,3.7900925,0.0,,95,41,,,,,,,,,,,,,
SENSOR,1789661787918,41518164496015,0.15284155,0.23898315,9.859925,-3.0543236E-4,0.0,4.5814854E-4,-56.025,-14.775001,5.025,,,,,,,,,,,,,,,,,,
SENSOR,1789661787918,41518164496015,0.15284155,0.23898315,9.859925,-3.0543236E-4,0.0,4.5814854E-4,-55.875004,-14.625001,4.9500003,,,,,,,,,,,,,,,,,,
GNSS,1789661788000,,true,11.05530435,76.927068,376.95697021484375,3.7900925,0.0,,95,41,,,,,,,,,,,,,
SENSOR,1789661787957,41518174084035,0.15014961,0.24017957,9.85813,-3.0543236E-4,0.0,4.5814854E-4,-55.875004,-14.625001,4.9500003,,,,,,,,,,,,,,,,,,
SENSOR,1789661788011,41518264496015,0.15014961,0.24017957,9.85813,-0.0012217294,-0.0012217294,-6.108647E-4,-55.875004,-14.625001,4.9500003,,,,,,,,,,,,,,,,,,
SENSOR,1789661788017,41518264496015,0.15014961,0.24017957,9.85813,-0.0012217294,-0.0012217294,-6.108647E-4,-56.100002,-14.475,4.7250004,,,,,,,,,,,,,,,,,,
SENSOR,1789661788061,41518278264921,0.15164514,0.23898315,9.862318,-0.0012217294,-0.0012217294,-6.108647E-4,-56.100002,-14.475,4.7250004,,,,,,,,,,,,,,,,,,
SENSOR,1789661788105,41518364496015,0.15164514,0.23898315,9.862318,-1.5271618E-4,-0.0018325942,-0.0,-56.100002,-14.475,4.7250004,,,,,,,,,,,,,,,,,,
SENSOR,1789661788112,41518364496015,0.15164514,0.23898315,9.862318,-1.5271618E-4,-0.0018325942,-0.0,-56.025,-14.625001,5.4750004,,,,,,,,,,,,,,,,,,
SENSOR,1789661788165,41518382445754,0.15134603,0.23688944,9.860523,-1.5271618E-4,-0.0018325942,-0.0,-56.025,-14.625001,5.4750004,,,,,,,,,,,,,,,,,,
SENSOR,1789661788209,41518464496015,0.15134603,0.23688944,9.860523,0.002596175,0.0065667955,-7.635809E-4,-56.025,-14.625001,5.4750004,,,,,,,,,,,,,,,,,,
SENSOR,1789661788218,41518464496015,0.15134603,0.23688944,9.860523,0.002596175,0.0065667955,-7.635809E-4,-56.325,-14.625001,4.65,,,,,,,,,,,,,,,,,,
SENSOR,1789661788269,41518486626640,0.15104693,0.23659034,9.859626,0.002596175,0.0065667955,-7.635809E-4,-56.325,-14.625001,4.65,,,,,,,,,,,,,,,,,,
SENSOR,1789661788304,41518564496015,0.15104693,0.23659034,9.859626,7.635809E-4,-6.108647E-4,-7.635809E-4,-56.325,-14.625001,4.65,,,,,,,,,,,,,,,,,,
SENSOR,1789661788313,41518564496015,0.15104693,0.23659034,9.859626,7.635809E-4,-6.108647E-4,-7.635809E-4,-56.025,-14.625001,5.55,,,,,,,,,,,,,,,,,,
SENSOR,1789661788374,41518590807525,0.14985052,0.24107689,9.861121,7.635809E-4,-6.108647E-4,-7.635809E-4,-56.025,-14.625001,5.55,,,,,,,,,,,,,,,,,,
SENSOR,1789661788408,41518664496015,0.14985052,0.24107689,9.861121,-0.0010690133,-9.162971E-4,4.5814854E-4,-56.025,-14.625001,5.55,,,,,,,,,,,,,,,,,,
SENSOR,1789661788417,41518664496015,0.14985052,0.24107689,9.861121,-0.0010690133,-9.162971E-4,4.5814854E-4,-55.800003,-14.925,5.1000004,,,,,,,,,,,,,,,,,,
CELLULAR,1789661788457,,,,,,,,,,,,,,true,NR,4298047490,405,869,,75,403,634080,-108,NR_SS_RSRP,3,
SENSOR,1789661788480,41518694988358,0.15014961,0.23838496,9.860523,-0.0010690133,-9.162971E-4,4.5814854E-4,-55.800003,-14.925,5.1000004,,,,,,,,,,,,,,,,,,
SENSOR,1789661788503,41518764496015,0.15014961,0.23838496,9.860523,-1.5271618E-4,-0.0010690133,4.5814854E-4,-55.800003,-14.925,5.1000004,,,,,,,,,,,,,,,,,,
SENSOR,1789661788512,41518764496015,0.15014961,0.23838496,9.860523,-1.5271618E-4,-0.0010690133,4.5814854E-4,-55.500004,-14.475,4.125,,,,,,,,,,,,,,,,,,
SENSOR,1789661788582,41518799169244,0.15044872,0.23868406,9.863514,-1.5271618E-4,-0.0010690133,4.5814854E-4,-55.500004,-14.475,4.125,,,,,,,,,,,,,,,,,,
SENSOR,1789661788608,41518864496015,0.15044872,0.23868406,9.863514,1.5271618E-4,3.0543236E-4,-7.635809E-4,-55.500004,-14.475,4.125,,,,,,,,,,,,,,,,,,
SENSOR,1789661788616,41518864496015,0.15044872,0.23868406,9.863514,1.5271618E-4,3.0543236E-4,-7.635809E-4,-56.025,-14.925,5.775,,,,,,,,,,,,,,,,,,
SENSOR,1789661788686,41518903350129,0.15044872,0.24047868,9.862916,1.5271618E-4,3.0543236E-4,-7.635809E-4,-56.025,-14.925,5.775,,,,,,,,,,,,,,,,,,
SENSOR,1789661788703,41518964496015,0.15044872,0.24047868,9.862916,-0.0013744456,-0.002596175,4.5814854E-4,-56.025,-14.925,5.775,,,,,,,,,,,,,,,,,,
SENSOR,1789661788711,41518964496015,0.15044872,0.24047868,9.862916,-0.0013744456,-0.002596175,4.5814854E-4,-56.100002,-14.400001,5.25,,,,,,,,,,,,,,,,,,
SENSOR,1789661788790,41519007530962,0.14955142,0.24077778,9.861121,-0.0013744456,-0.002596175,4.5814854E-4,-56.100002,-14.400001,5.25,,,,,,,,,,,,,,,,,,
SENSOR,1789661788808,41519064496015,0.14955142,0.24077778,9.861121,0.0010690133,0.0032070398,4.5814854E-4,-56.100002,-14.400001,5.25,,,,,,,,,,,,,,,,,,
SENSOR,1789661788816,41519064496015,0.14955142,0.24077778,9.861121,0.0010690133,0.0032070398,4.5814854E-4,-55.575,-14.925,4.875,,,,,,,,,,,,,,,,,,
SENSOR,1789661788894,41519111711848,0.14985052,0.23868406,9.862318,0.0010690133,0.0032070398,4.5814854E-4,-55.575,-14.925,4.875,,,,,,,,,,,,,,,,,,
GNSS,1789661788900,,true,11.05530435,76.927068,376.95697021484375,3.7900925,0.0,,95,40,,,,,,,,,,,,,
SENSOR,1789661788911,41519164496015,0.14985052,0.23868406,9.862318,9.162971E-4,0.0029016074,-7.635809E-4,-55.575,-14.925,4.875,,,,,,,,,,,,,,,,,,
GNSS,1789661789000,,true,11.05530434,76.92706674,377.21435546875,3.7900925,0.0,,95,40,,,,,,,,,,,,,
SENSOR,1789661788914,41519164496015,0.14985052,0.23868406,9.862318,9.162971E-4,0.0029016074,-7.635809E-4,-55.725002,-14.700001,3.9,,,,,,,,,,,,,,,,,,
SENSOR,1789661788998,41519215892733,0.14955142,0.23718855,9.859925,9.162971E-4,0.0029016074,-7.635809E-4,-55.725002,-14.700001,3.9,,,,,,,,,,,,,,,,,,
SENSOR,1789661789006,41519264496015,0.14955142,0.23718855,9.859925,0.0022907427,0.0045814854,-7.635809E-4,-55.725002,-14.700001,3.9,,,,,,,,,,,,,,,,,,
SENSOR,1789661789015,41519264496015,0.14955142,0.23718855,9.859925,0.0022907427,0.0045814854,-7.635809E-4,-55.275,-14.55,3.075,,,,,,,,,,,,,,,,,,
SENSOR,1789661789103,41519320073567,0.15074782,0.23778675,9.861421,0.0022907427,0.0045814854,-7.635809E-4,-55.275,-14.55,3.075,,,,,,,,,,,,,,,,,,
SENSOR,1789661789103,41519364496015,0.15074782,0.23778675,9.861421,0.0018325942,0.003359756,-6.108647E-4,-55.275,-14.55,3.075,,,,,,,,,,,,,,,,,,
SENSOR,1789661789111,41519364496015,0.15074782,0.23778675,9.861421,0.0018325942,0.003359756,-6.108647E-4,-55.800003,-14.700001,5.25,,,,,,,,,,,,,,,,,,
SENSOR,1789661789207,41519424254400,0.15613168,0.23898315,9.861719,0.0018325942,0.003359756,-6.108647E-4,-55.800003,-14.700001,5.25,,,,,,,,,,,,,,,,,,
SENSOR,1789661789207,41519464496015,0.15613168,0.23898315,9.861719,0.0044287695,0.010690132,-7.635809E-4,-55.800003,-14.700001,5.25,,,,,,,,,,,,,,,,,,
SENSOR,1789661789216,41519464496015,0.15613168,0.23898315,9.861719,0.0044287695,0.010690132,-7.635809E-4,-56.250004,-15.225,5.3250003,,,,,,,,,,,,,,,,,,
SENSOR,1789661789302,41519564496015,0.15613168,0.23898315,9.861719,0.0,-0.0010690133,4.5814854E-4,-56.250004,-15.225,5.3250003,,,,,,,,,,,,,,,,,,
SENSOR,1789661789310,41519528435233,0.15284155,0.23778675,9.862617,0.0,-0.0010690133,4.5814854E-4,-56.250004,-15.225,5.3250003,,,,,,,,,,,,,,,,,,
SENSOR,1789661789320,41519564496015,0.15284155,0.23778675,9.862617,0.0,-0.0010690133,4.5814854E-4,-55.65,-14.775001,4.8,,,,,,,,,,,,,,,,,,
SENSOR,1789661789407,41519664496015,0.15284155,0.23778675,9.862617,0.0012217294,0.0012217294,-0.0,-55.65,-14.775001,4.8,,,,,,,,,,,,,,,,,,
SENSOR,1789661789415,41519632616119,0.14895321,0.23928227,9.863514,0.0012217294,0.0012217294,-0.0,-55.65,-14.775001,4.8,,,,,,,,,,,,,,,,,,
SENSOR,1789661789415,41519664496015,0.14895321,0.23928227,9.863514,0.0012217294,0.0012217294,-0.0,-56.325,-14.925,4.5,,,,,,,,,,,,,,,,,,
CELLULAR,1789661789480,,,,,,,,,,,,,,true,NR,4298047490,405,869,,75,403,634080,-108,NR_SS_RSRP,3,
SENSOR,1789661789510,41519764496015,0.14895321,0.23928227,9.863514,0.0013744456,0.004276053,4.5814854E-4,-56.325,-14.925,4.5,,,,,,,,,,,,,,,,,,
SENSOR,1789661789520,41519736796952,0.15343975,0.23868406,9.862318,0.0013744456,0.004276053,4.5814854E-4,-56.325,-14.925,4.5,,,,,,,,,,,,,,,,,,
SENSOR,1789661789521,41519764496015,0.15343975,0.23868406,9.862318,0.0013744456,0.004276053,4.5814854E-4,-56.100002,-14.625001,5.175,,,,,,,,,,,,,,,,,,
SENSOR,1789661789607,41519864496015,0.15343975,0.23868406,9.862318,7.635809E-4,0.0015271618,-7.635809E-4,-56.100002,-14.625001,5.175,,,,,,,,,,,,,,,,,,
SENSOR,1789661789615,41519864496015,0.15343975,0.23868406,9.862318,7.635809E-4,0.0015271618,-7.635809E-4,-56.025,-14.775001,4.3500004,,,,,,,,,,,,,,,,,,
SENSOR,1789661789623,41519840977733,0.14895321,0.24077778,9.865907,7.635809E-4,0.0015271618,-7.635809E-4,-56.025,-14.775001,4.3500004,,,,,,,,,,,,,,,,,,
SENSOR,1789661789702,41519964496015,0.14895321,0.24077778,9.865907,-0.0010690133,-7.635809E-4,3.0543236E-4,-56.025,-14.775001,4.3500004,,,,,,,,,,,,,,,,,,
SENSOR,1789661789719,41519964496015,0.14895321,0.24077778,9.865907,-0.0010690133,-7.635809E-4,3.0543236E-4,-56.175003,-14.400001,5.3250003,,,,,,,,,,,,,,,,,,
SENSOR,1789661789727,41519945158567,0.15074782,0.24047868,9.862617,-0.0010690133,-7.635809E-4,3.0543236E-4,-56.175003,-14.400001,5.3250003,,,,,,,,,,,,,,,,,,
SENSOR,1789661789806,41520064496015,0.15074782,0.24047868,9.862617,1.5271618E-4,-1.5271618E-4,4.5814854E-4,-56.175003,-14.400001,5.3250003,,,,,,,,,,,,,,,,,,
SENSOR,1789661789815,41520064496015,0.15074782,0.24047868,9.862617,1.5271618E-4,-1.5271618E-4,4.5814854E-4,-55.65,-14.700001,5.175,,,,,,,,,,,,,,,,,,
SENSOR,1789661789832,41520049339400,0.15254244,0.23838496,9.862916,1.5271618E-4,-1.5271618E-4,4.5814854E-4,-55.65,-14.700001,5.175,,,,,,,,,,,,,,,,,,
GNSS,1789661789903,,true,11.05530434,76.92706674,377.21435546875,3.7900925,0.0,,95,40,,,,,,,,,,,,,
SENSOR,1789661789915,41520164496015,0.15254244,0.23838496,9.862916,-9.162971E-4,-7.635809E-4,4.5814854E-4,-55.65,-14.700001,5.175,,,,,,,,,,,,,,,,,,
GNSS,1789661790000,,true,11.05530588,76.92707318,377.614990234375,3.7900925,0.0,,95,40,,,,,,,,,,,,,
SENSOR,1789661789919,41520164496015,0.15254244,0.23838496,9.862916,-9.162971E-4,-7.635809E-4,4.5814854E-4,-55.425003,-14.85,3.525,,,,,,,,,,,,,,,,,,
SENSOR,1789661789935,41520153520233,0.15014961,0.23928227,9.862916,-9.162971E-4,-7.635809E-4,4.5814854E-4,-55.425003,-14.85,3.525,,,,,,,,,,,,,,,,,,
SENSOR,1789661790006,41520264496015,0.15014961,0.23928227,9.862916,1.5271618E-4,-1.5271618E-4,-7.635809E-4,-55.425003,-14.85,3.525,,,,,,,,,,,,,,,,,,
SENSOR,1789661790015,41520264496015,0.15014961,0.23928227,9.862916,1.5271618E-4,-1.5271618E-4,-7.635809E-4,-56.250004,-14.85,5.25,,,,,,,,,,,,,,,,,,
SENSOR,1789661790041,41520257701015,0.15044872,0.24137598,9.864112,1.5271618E-4,-1.5271618E-4,-7.635809E-4,-56.250004,-14.85,5.25,,,,,,,,,,,,,,,,,,
SENSOR,1789661790109,41520364496015,0.15044872,0.24137598,9.864112,1.5271618E-4,-7.635809E-4,4.5814854E-4,-56.250004,-14.85,5.25,,,,,,,,,,,,,,,,,,
SENSOR,1789661790118,41520364496015,0.15044872,0.24137598,9.864112,1.5271618E-4,-7.635809E-4,4.5814854E-4,-55.800003,-15.075001,4.3500004,,,,,,,,,,,,,,,,,,
SENSOR,1789661790144,41520361881796,0.15074782,0.23778675,9.861719,1.5271618E-4,-7.635809E-4,4.5814854E-4,-55.800003,-15.075001,4.3500004,,,,,,,,,,,,,,,,,,
SENSOR,1789661790205,41520464496015,0.15074782,0.23778675,9.861719,1.5271618E-4,-7.635809E-4,4.5814854E-4,-55.800003,-15.075001,4.3500004,,,,,,,,,,,,,,,,,,
SENSOR,1789661790215,41520464496015,0.15074782,0.23778675,9.861719,1.5271618E-4,-7.635809E-4,4.5814854E-4,-56.100002,-14.625001,4.65,,,,,,,,,,,,,,,,,,
SENSOR,1789661790251,41520466062629,0.15104693,0.23988047,9.862318,1.5271618E-4,-7.635809E-4,4.5814854E-4,-56.100002,-14.625001,4.65,,,,,,,,,,,,,,,,,,
SENSOR,1789661790310,41520564496015,0.15104693,0.23988047,9.862318,1.5271618E-4,-6.108647E-4,4.5814854E-4,-56.100002,-14.625001,4.65,,,,,,,,,,,,,,,,,,
SENSOR,1789661790318,41520564496015,0.15104693,0.23988047,9.862318,1.5271618E-4,-6.108647E-4,4.5814854E-4,-56.175003,-14.925,5.775,,,,,,,,,,,,,,,,,,
SENSOR,1789661790352,41520570243410,0.15134603,0.23958136,9.860822,1.5271618E-4,-6.108647E-4,4.5814854E-4,-56.175003,-14.925,5.775,,,,,,,,,,,,,,,,,,
SENSOR,1789661790404,41520664496015,0.15134603,0.23958136,9.860822,-4.5814854E-4,0.0,-3.0543236E-4,-56.175003,-14.925,5.775,,,,,,,,,,,,,,,,,,
SENSOR,1789661790414,41520664496015,0.15134603,0.23958136,9.860822,-4.5814854E-4,0.0,-3.0543236E-4,-56.100002,-14.55,4.3500004,,,,,,,,,,,,,,,,,,
SENSOR,1789661790457,41520674424140,0.14955142,0.24017957,9.864411,-4.5814854E-4,0.0,-3.0543236E-4,-56.100002,-14.55,4.3500004,,,,,,,,,,,,,,,,,,
SENSOR,1789661790508,41520764496015,0.14955142,0.24017957,9.864411,-9.162971E-4,-4.5814854E-4,3.0543236E-4,-56.100002,-14.55,4.3500004,,,,,,,,,,,,,,,,,,
CELLULAR,1789661790510,,,,,,,,,,,,,,true,NR,4298047490,405,869,,75,403,634080,-108,NR_SS_RSRP,3,
SENSOR,1789661790533,41520764496015,0.14955142,0.24017957,9.864411,-9.162971E-4,-4.5814854E-4,3.0543236E-4,-55.800003,-14.775001,3.6000001,,,,,,,,,,,,,,,,,,
SENSOR,1789661790561,41520778604921,0.15074782,0.23988047,9.862617,-9.162971E-4,-4.5814854E-4,3.0543236E-4,-55.800003,-14.775001,3.6000001,,,,,,,,,,,,,,,,,,
SENSOR,1789661790604,41520864496015,0.15074782,0.23988047,9.862617,0.0013744456,0.0035124721,-7.635809E-4,-55.800003,-14.775001,3.6000001,,,,,,,,,,,,,,,,,,
SENSOR,1789661790614,41520864496015,0.15074782,0.23988047,9.862617,0.0013744456,0.0035124721,-7.635809E-4,-56.325,-15.075001,5.4750004,,,,,,,,,,,,,,,,,,
SENSOR,1789661790669,41520882785702,0.1480559,0.24137598,9.861719,0.0013744456,0.0035124721,-7.635809E-4,-56.325,-15.075001,5.4750004,,,,,,,,,,,,,,,,,,
SENSOR,1789661790708,41520964496015,0.1480559,0.24137598,9.861719,-7.635809E-4,-7.635809E-4,4.5814854E-4,-56.325,-15.075001,5.4750004,,,,,,,,,,,,,,,,,,
SENSOR,1789661790717,41520964496015,0.1480559,0.24137598,9.861719,-7.635809E-4,-7.635809E-4,4.5814854E-4,-55.725002,-15.075001,4.05,,,,,,,,,,,,,,,,,,
SENSOR,1789661790768,41520986966431,0.15074782,0.24077778,9.8632145,-7.635809E-4,-7.635809E-4,4.5814854E-4,-55.725002,-15.075001,4.05,,,,,,,,,,,,,,,,,,
SENSOR,1789661790803,41521064496015,0.15074782,0.24077778,9.8632145,1.5271618E-4,4.5814854E-4,-4.5814854E-4,-55.725002,-15.075001,4.05,,,,,,,,,,,,,,,,,,
SENSOR,1789661790812,41521064496015,0.15074782,0.24077778,9.8632145,1.5271618E-4,4.5814854E-4,-4.5814854E-4,-53.7,-14.400001,-0.15,,,,,,,,,,,,,,,,,,
SENSOR,1789661790873,41521091147160,0.14955142,0.23958136,9.864711,1.5271618E-4,4.5814854E-4,-4.5814854E-4,-53.7,-14.400001,-0.15,,,,,,,,,,,,,,,,,,
GNSS,1789661790897,,true,11.05530588,76.92707318,377.614990234375,3.7900925,0.0,,95,39,,,,,,,,,,,,,
GNSS,1789661791000,,true,11.05530589,76.92707331,377.73150634765625,3.7900925,0.0,,95,39,,,,,,,,,,,,,
SENSOR,1789661790907,41521164496015,0.14955142,0.23958136,9.864711,-0.0010690133,-7.635809E-4,-6.108647E-4,-53.7,-14.400001,-0.15,,,,,,,,,,,,,,,,,,
SENSOR,1789661790916,41521164496015,0.14955142,0.23958136,9.864711,-0.0010690133,-7.635809E-4,-6.108647E-4,-53.250004,-14.55,-1.5,,,,,,,,,,,,,,,,,,
SENSOR,1789661790977,41521195327890,0.148355,0.24107689,9.862318,-0.0010690133,-7.635809E-4,-6.108647E-4,-53.250004,-14.55,-1.5,,,,,,,,,,,,,,,,,,
SENSOR,1789661791003,41521264496015,0.148355,0.24107689,9.862318,1.5271618E-4,-7.635809E-4,-7.635809E-4,-53.250004,-14.55,-1.5,,,,,,,,,,,,,,,,,,
SENSOR,1789661791012,41521264496015,0.148355,0.24107689,9.862318,1.5271618E-4,-7.635809E-4,-7.635809E-4,-52.875004,-14.475,-1.8000001,,,,,,,,,,,,,,,,,,
SENSOR,1789661791081,41521299508619,0.15074782,0.23898315,9.864711,1.5271618E-4,-7.635809E-4,-7.635809E-4,-52.875004,-14.475,-1.8000001,,,,,,,,,,,,,,,,,,
SENSOR,1789661791107,41521364496015,0.15074782,0.23898315,9.864711,4.5814854E-4,0.0,1.5271618E-4,-52.875004,-14.475,-1.8000001,,,,,,,,,,,,,,,,,,
SENSOR,1789661791116,41521364496015,0.15074782,0.23898315,9.864711,4.5814854E-4,0.0,1.5271618E-4,-52.425003,-14.625001,-1.575,,,,,,,,,,,,,,,,,,
GNSS,1789661791105,,true,11.0554046,76.9271183,374.70001220703125,100.0,,,95,39,,,,,,,,,,,,,
SENSOR,1789661791186,41521403689296,0.15343975,0.23748764,9.864411,4.5814854E-4,0.0,1.5271618E-4,-52.425003,-14.625001,-1.575,,,,,,,,,,,,,,,,,,
SENSOR,1789661791202,41521464496015,0.15343975,0.23748764,9.864411,-0.0010690133,-0.0019853103,4.5814854E-4,-52.425003,-14.625001,-1.575,,,,,,,,,,,,,,,,,,
SENSOR,1789661791212,41521464496015,0.15343975,0.23748764,9.864411,-0.0010690133,-0.0019853103,4.5814854E-4,-52.725002,-14.325001,-1.35,,,,,,,,,,,,,,,,,,
SENSOR,1789661791289,41521507870025,0.14955142,0.23988047,9.864711,-0.0010690133,-0.0019853103,4.5814854E-4,-52.725002,-14.325001,-1.35,,,,,,,,,,,,,,,,,,
SENSOR,1789661791306,41521564496015,0.14955142,0.23988047,9.864711,-0.0022907427,-0.005650499,1.5271618E-4,-52.725002,-14.325001,-1.35,,,,,,,,,,,,,,,,,,
SENSOR,1789661791316,41521564496015,0.14955142,0.23988047,9.864711,-0.0022907427,-0.005650499,1.5271618E-4,-54.075,-14.85,1.0500001,,,,,,,,,,,,,,,,,,
SENSOR,1789661791394,41521612050702,0.15403795,0.23659034,9.860523,-0.0022907427,-0.005650499,1.5271618E-4,-54.075,-14.85,1.0500001,,,,,,,,,,,,,,,,,,
SENSOR,1789661791402,41521664496015,0.15403795,0.23659034,9.860523,0.00519235,0.013133591,-4.5814854E-4,-54.075,-14.85,1.0500001,,,,,,,,,,,,,,,,,,
SENSOR,1789661791411,41521664496015,0.15403795,0.23659034,9.860523,0.00519235,0.013133591,-4.5814854E-4,-54.300003,-14.475,1.725,,,,,,,,,,,,,,,,,,
SENSOR,1789661791498,41521716231379,0.14955142,0.23928227,9.865309,0.00519235,0.013133591,-4.5814854E-4,-54.300003,-14.475,1.725,,,,,,,,,,,,,,,,,,
SENSOR,1789661791507,41521764496015,0.14955142,0.23928227,9.865309,0.0,0.0010690133,-4.5814854E-4,-54.300003,-14.475,1.725,,,,,,,,,,,,,,,,,,
SENSOR,1789661791515,41521764496015,0.14955142,0.23928227,9.865309,0.0,0.0010690133,-4.5814854E-4,-53.925003,-14.925,0.675,,,,,,,,,,,,,,,,,,
CELLULAR,1789661791534,,,,,,,,,,,,,,true,NR,4298047490,405,869,,75,403,634080,-108,NR_SS_RSRP,3,
SENSOR,1789661791602,41521864496015,0.14955142,0.23928227,9.865309,-7.635809E-4,-0.002596175,-7.635809E-4,-53.925003,-14.925,0.675,,,,,,,,,,,,,,,,,,
SENSOR,1789661791603,41521820412056,0.14925231,0.24107689,9.861421,-7.635809E-4,-0.002596175,-7.635809E-4,-53.925003,-14.925,0.675,,,,,,,,,,,,,,,,,,
SENSOR,1789661791610,41521864496015,0.14925231,0.24107689,9.861421,-7.635809E-4,-0.002596175,-7.635809E-4,-53.625004,-14.1,0.15,,,,,,,,,,,,,,,,,,
SENSOR,1789661791706,41521924592733,0.15194423,0.23778675,9.861421,-7.635809E-4,-0.002596175,-7.635809E-4,-53.625004,-14.1,0.15,,,,,,,,,,,,,,,,,,
SENSOR,1789661791707,41521964496015,0.15194423,0.23778675,9.861421,6.108647E-4,0.001679878,-7.635809E-4,-53.625004,-14.1,0.15,,,,,,,,,,,,,,,,,,
SENSOR,1789661791715,41521964496015,0.15194423,0.23778675,9.861421,6.108647E-4,0.001679878,-7.635809E-4,-54.750004,-14.400001,1.8750001,,,,,,,,,,,,,,,,,,
SENSOR,1789661791802,41522064496015,0.15194423,0.23778675,9.861421,1.5271618E-4,4.5814854E-4,4.5814854E-4,-54.750004,-14.400001,1.8750001,,,,,,,,,,,,,,,,,,
SENSOR,1789661791810,41522028773358,0.1468595,0.23958136,9.863514,1.5271618E-4,4.5814854E-4,4.5814854E-4,-54.750004,-14.400001,1.8750001,,,,,,,,,,,,,,,,,,
SENSOR,1789661791811,41522064496015,0.1468595,0.23958136,9.863514,1.5271618E-4,4.5814854E-4,4.5814854E-4,-55.2,-15.075001,3.075,,,,,,,,,,,,,,,,,,
GNSS,1789661791899,,true,11.0554046,76.9271183,374.70001220703125,100.0,,,93,37,,,,,,,,,,,,,
SENSOR,1789661791908,41522164496015,0.1468595,0.23958136,9.863514,1.5271618E-4,-7.635809E-4,-0.0,-55.2,-15.075001,3.075,,,,,,,,,,,,,,,,,,
GNSS,1789661792000,,true,11.05530724,76.92707818,378.13580322265625,3.7900925,0.0,,93,37,,,,,,,,,,,,,
SENSOR,1789661791915,41522132954035,0.14985052,0.24197419,9.860523,1.5271618E-4,-7.635809E-4,-0.0,-55.2,-15.075001,3.075,,,,,,,,,,,,,,,,,,
SENSOR,1789661791916,41522164496015,0.14985052,0.24197419,9.860523,1.5271618E-4,-7.635809E-4,-0.0,-55.050003,-15.000001,2.25,,,,,,,,,,,,,,,,,,
SENSOR,1789661792002,41522264496015,0.14985052,0.24197419,9.860523,1.5271618E-4,4.5814854E-4,4.5814854E-4,-55.050003,-15.000001,2.25,,,,,,,,,,,,,,,,,,
SENSOR,1789661792019,41522237134660,0.1486541,0.23868406,9.861719,1.5271618E-4,4.5814854E-4,4.5814854E-4,-55.050003,-15.000001,2.25,,,,,,,,,,,,,,,,,,
SENSOR,1789661792020,41522264496015,0.1486541,0.23868406,9.861719,1.5271618E-4,4.5814854E-4,4.5814854E-4,-54.750004,-14.925,2.325,,,,,,,,,,,,,,,,,,
SENSOR,1789661792106,41522364496015,0.1486541,0.23868406,9.861719,1.5271618E-4,0.001679878,-7.635809E-4,-54.750004,-14.925,2.325,,,,,,,,,,,,,,,,,,
SENSOR,1789661792115,41522364496015,0.1486541,0.23868406,9.861719,1.5271618E-4,0.001679878,-7.635809E-4,-54.825,-14.400001,2.8500001,,,,,,,,,,,,,,,,,,
SENSOR,1789661792123,41522341315285,0.15134603,0.24137598,9.864711,1.5271618E-4,0.001679878,-7.635809E-4,-54.825,-14.400001,2.8500001,,,,,,,,,,,,,,,,,,
SENSOR,1789661792202,41522464496015,0.15134603,0.24137598,9.864711,1.5271618E-4,-9.162971E-4,4.5814854E-4,-54.825,-14.400001,2.8500001,,,,,,,,,,,,,,,,,,
SENSOR,1789661792219,41522464496015,0.15134603,0.24137598,9.864711,1.5271618E-4,-9.162971E-4,4.5814854E-4,-54.825,-14.925,2.1750002,,,,,,,,,,,,,,,,,,
SENSOR,1789661792228,41522445495910,0.14985052,0.23838496,9.8632145,1.5271618E-4,-9.162971E-4,4.5814854E-4,-54.825,-14.925,2.1750002,,,,,,,,,,,,,,,,,,
SENSOR,1789661792306,41522564496015,0.14985052,0.23838496,9.8632145,0.0018325942,0.0036651883,4.5814854E-4,-54.825,-14.925,2.1750002,,,,,,,,,,,,,,,,,,
SENSOR,1789661792315,41522564496015,0.14985052,0.23838496,9.8632145,0.0018325942,0.0036651883,4.5814854E-4,-55.125004,-14.400001,3.3000002,,,,,,,,,,,,,,,,,,
SENSOR,1789661792333,41522549676535,0.15014961,0.23958136,9.8632145,0.0018325942,0.0036651883,4.5814854E-4,-55.125004,-14.400001,3.3000002,,,,,,,,,,,,,,,,,,
SENSOR,1789661792401,41522664496015,0.15014961,0.23958136,9.8632145,0.0012217294,0.002596175,4.5814854E-4,-55.125004,-14.400001,3.3000002,,,,,,,,,,,,,,,,,,
SENSOR,1789661792419,41522664496015,0.15014961,0.23958136,9.8632145,0.0012217294,0.002596175,4.5814854E-4,-55.575,-14.925,3.15,,,,,,,,,,,,,,,,,,
SENSOR,1789661792436,41522653857160,0.14955142,0.24017957,9.861719,0.0012217294,0.002596175,4.5814854E-4,-55.575,-14.925,3.15,,,,,,,,,,,,,,,,,,
SENSOR,1789661792505,41522764496015,0.14955142,0.24017957,9.861719,-0.0027488912,-0.0064140796,-1.5271618E-4,-55.575,-14.925,3.15,,,,,,,,,,,,,,,,,,
SENSOR,1789661792514,41522764496015,0.14955142,0.24017957,9.861719,-0.0027488912,-0.0064140796,-1.5271618E-4,-54.600002,-14.700001,1.8750001,,,,,,,,,,,,,,,,,,
SENSOR,1789661792539,41522758037733,0.1471586,0.24047868,9.860523,-0.0027488912,-0.0064140796,-1.5271618E-4,-54.600002,-14.700001,1.8750001,,,,,,,,,,,,,,,,,,
CELLULAR,1789661792542,,,,,,,,,,,,,,true,NR,4298047490,405,869,,75,403,634080,-108,NR_SS_RSRP,3,
SENSOR,1789661792600,41522864496015,0.1471586,0.24047868,9.860523,0.008552106,0.020922117,-7.635809E-4,-54.600002,-14.700001,1.8750001,,,,,,,,,,,,,,,,,,
SENSOR,1789661792618,41522864496015,0.1471586,0.24047868,9.860523,0.008552106,0.020922117,-7.635809E-4,-54.750004,-14.325001,1.6500001,,,,,,,,,,,,,,,,,,
SENSOR,1789661792644,41522862218358,0.15493527,0.23659034,9.859925,0.008552106,0.020922117,-7.635809E-4,-54.750004,-14.325001,1.6500001,,,,,,,,,,,,,,,,,,
SENSOR,1789661792704,41522964496015,0.15493527,0.23659034,9.859925,-0.009621119,-0.022143846,4.5814854E-4,-54.750004,-14.325001,1.6500001,,,,,,,,,,,,,,,,,,
SENSOR,1789661792715,41522964496015,0.15493527,0.23659034,9.859925,-0.009621119,-0.022143846,4.5814854E-4,-54.45,-15.000001,1.8000001,,,,,,,,,,,,,,,,,,
SENSOR,1789661792749,41522966398983,0.1594218,0.23479572,9.859028,-0.009621119,-0.022143846,4.5814854E-4,-54.45,-15.000001,1.8000001,,,,,,,,,,,,,,,,,,
SENSOR,1789661792810,41523064496015,0.1594218,0.23479572,9.859028,0.0012217294,0.0013744456,-7.635809E-4,-54.45,-15.000001,1.8000001,,,,,,,,,,,,,,,,,,
SENSOR,1789661792817,41523064496015,0.1594218,0.23479572,9.859028,0.0012217294,0.0013744456,-7.635809E-4,-55.725002,-14.925,3.15,,,,,,,,,,,,,,,,,,
SENSOR,1789661792853,41523070579608,0.15493527,0.23718855,9.859925,0.0012217294,0.0013744456,-7.635809E-4,-55.725002,-14.925,3.15,,,,,,,,,,,,,,,,,,
GNSS,1789661792901,,true,11.05530724,76.92707818,378.13580322265625,3.7900925,0.0,,81,37,,,,,,,,,,,,,
SENSOR,1789661792913,41523164496015,0.15493527,0.23718855,9.859925,0.005955931,0.013897172,4.5814854E-4,-55.725002,-14.925,3.15,,,,,,,,,,,,,,,,,,
SENSOR,1789661792913,41523164496015,0.15493527,0.23718855,9.859925,0.005955931,0.013897172,4.5814854E-4,-54.375004,-14.400001,1.0500001,,,,,,,,,,,,,,,,,,
GNSS,1789661793000,,true,11.05530607,76.92707648,377.9300537109375,3.7900925,0.0,,81,37,,,,,,,,,,,,,
SENSOR,1789661792957,41523174760181,0.1471586,0.24227329,9.860523,0.005955931,0.013897172,4.5814854E-4,-54.375004,-14.400001,1.0500001,,,,,,,,,,,,,,,,,,
SENSOR,1789661793009,41523264496015,0.1471586,0.24227329,9.860523,-0.0010690133,-0.0030543236,3.0543236E-4,-54.375004,-14.400001,1.0500001,,,,,,,,,,,,,,,,,,
SENSOR,1789661793019,41523264496015,0.1471586,0.24227329,9.860523,-0.0010690133,-0.0030543236,3.0543236E-4,-55.95,-15.075001,4.65,,,,,,,,,,,,,,,,,,
SENSOR,1789661793062,41523278940806,0.14985052,0.23898315,9.858429,-0.0010690133,-0.0030543236,3.0543236E-4,-55.95,-15.075001,4.65,,,,,,,,,,,,,,,,,,
SENSOR,1789661793105,41523364496015,0.14985052,0.23898315,9.858429,-3.0543236E-4,-7.635809E-4,-7.635809E-4,-55.95,-15.075001,4.65,,,,,,,,,,,,,,,,,,
SENSOR,1789661793114,41523364496015,0.14985052,0.23898315,9.858429,-3.0543236E-4,-7.635809E-4,-7.635809E-4,-55.875004,-14.700001,4.2000003,,,,,,,,,,,,,,,,,,
SENSOR,1789661793165,41523383121431,0.14985052,0.23778675,9.861121,-3.0543236E-4,-7.635809E-4,-7.635809E-4,-55.875004,-14.700001,4.2000003,,,,,,,,,,,,,,,,,,
SENSOR,1789661793209,41523464496015,0.14985052,0.23778675,9.861121,1.5271618E-4,4.5814854E-4,-7.635809E-4,-55.875004,-14.700001,4.2000003,,,,,,,,,,,,,,,,,,
SENSOR,1789661793218,41523464496015,0.14985052,0.23778675,9.861121,1.5271618E-4,4.5814854E-4,-7.635809E-4,-56.325,-14.475,4.9500003,,,,,,,,,,,,,,,,,,
SENSOR,1789661793269,41523487302056,0.14895321,0.23808585,9.862019,1.5271618E-4,4.5814854E-4,-7.635809E-4,-56.325,-14.475,4.9500003,,,,,,,,,,,,,,,,,,
SENSOR,1789661793304,41523564496015,0.14895321,0.23808585,9.862019,-4.5814854E-4,0.0,-7.635809E-4,-56.325,-14.475,4.9500003,,,,,,,,,,,,,,,,,,
SENSOR,1789661793313,41523564496015,0.14895321,0.23808585,9.862019,-4.5814854E-4,0.0,-7.635809E-4,-55.800003,-14.55,3.825,,,,,,,,,,,,,,,,,,
SENSOR,1789661793375,41523591482681,0.1471586,0.23898315,9.860523,-4.5814854E-4,0.0,-7.635809E-4,-55.800003,-14.55,3.825,,,,,,,,,,,,,,,,,,
SENSOR,1789661793408,41523664496015,0.1471586,0.23898315,9.860523,1.5271618E-4,4.5814854E-4,-6.108647E-4,-55.800003,-14.55,3.825,,,,,,,,,,,,,,,,,,
SENSOR,1789661793418,41523664496015,0.1471586,0.23898315,9.860523,1.5271618E-4,4.5814854E-4,-6.108647E-4,-55.875004,-14.85,3.6000001,,,,,,,,,,,,,,,,,,
SENSOR,1789661793479,41523695663306,0.15074782,0.23988047,9.860523,1.5271618E-4,4.5814854E-4,-6.108647E-4,-55.875004,-14.85,3.6000001,,,,,,,,,,,,,,,,,,
SENSOR,1789661793504,41523764496015,0.15074782,0.23988047,9.860523,1.5271618E-4,-3.0543236E-4,-7.635809E-4,-55.875004,-14.85,3.6000001,,,,,,,,,,,,,,,,,,
SENSOR,1789661793512,41523764496015,0.15074782,0.23988047,9.860523,1.5271618E-4,-3.0543236E-4,-7.635809E-4,-55.65,-14.85,3.825,,,,,,,,,,,,,,,,,,
CELLULAR,1789661793552,,,,,,,,,,,,,,true,NR,4298047490,405,869,,75,403,634080,-108,NR_SS_RSRP,3,
SENSOR,1789661793582,41523799843931,0.15104693,0.23838496,9.858728,1.5271618E-4,-3.0543236E-4,-7.635809E-4,-55.65,-14.85,3.825,,,,,,,,,,,,,,,,,,
SENSOR,1789661793609,41523864496015,0.15104693,0.23838496,9.858728,0.0,-7.635809E-4,4.5814854E-4,-55.65,-14.85,3.825,,,,,,,,,,,,,,,,,,
SENSOR,1789661793617,41523864496015,0.15104693,0.23838496,9.858728,0.0,-7.635809E-4,4.5814854E-4,-55.875004,-14.775001,3.825,,,,,,,,,,,,,,,,,,
SENSOR,1789661793686,41523904024556,0.14985052,0.23958136,9.861121,0.0,-7.635809E-4,4.5814854E-4,-55.875004,-14.775001,3.825,,,,,,,,,,,,,,,,,,
SENSOR,1789661793703,41523964496015,0.14985052,0.23958136,9.861121,1.5271618E-4,0.001679878,4.5814854E-4,-55.875004,-14.775001,3.825,,,,,,,,,,,,,,,,,,
SENSOR,1789661793712,41523964496015,0.14985052,0.23958136,9.861121,1.5271618E-4,0.001679878,4.5814854E-4,-56.025,-14.700001,5.025,,,,,,,,,,,,,,,,,,
SENSOR,1789661793791,41524008205181,0.14745769,0.23958136,9.859326,1.5271618E-4,0.001679878,4.5814854E-4,-56.025,-14.700001,5.025,,,,,,,,,,,,,,,,,,
SENSOR,1789661793810,41524064496015,0.14745769,0.23958136,9.859326,1.5271618E-4,-4.5814854E-4,-7.635809E-4,-56.025,-14.700001,5.025,,,,,,,,,,,,,,,,,,
SENSOR,1789661793817,41524064496015,0.14745769,0.23958136,9.859326,1.5271618E-4,-4.5814854E-4,-7.635809E-4,-55.050003,-14.475,4.3500004,,,,,,,,,,,,,,,,,,
SENSOR,1789661793895,41524112385858,0.14955142,0.23868406,9.859626,1.5271618E-4,-4.5814854E-4,-7.635809E-4,-55.050003,-14.475,4.3500004,,,,,,,,,,,,,,,,,,
GNSS,1789661793904,,true,11.05530607,76.92707648,377.9300537109375,3.7900925,0.0,,90,37,,,,,,,,,,,,,
SENSOR,1789661793915,41524164496015,0.14955142,0.23868406,9.859626,1.5271618E-4,4.5814854E-4,-4.5814854E-4,-55.050003,-14.475,4.3500004,,,,,,,,,,,,,,,,,,
SENSOR,1789661793915,41524164496015,0.14955142,0.23868406,9.859626,1.5271618E-4,4.5814854E-4,-4.5814854E-4,-55.875004,-14.625001,4.7250004,,,,,,,,,,,,,,,,,,
GNSS,1789661794000,,true,11.05530547,76.92707603,378.111328125,3.7900925,0.0,,90,37,,,,,,,,,,,,,
SENSOR,1789661793999,41524216566483,0.15074782,0.23928227,9.85813,1.5271618E-4,4.5814854E-4,-4.5814854E-4,-55.875004,-14.625001,4.7250004,,,,,,,,,,,,,,,,,,
SENSOR,1789661794008,41524264496015,0.15074782,0.23928227,9.85813,1.5271618E-4,3.0543236E-4,1.5271618E-4,-55.875004,-14.625001,4.7250004,,,,,,,,,,,,,,,,,,
SENSOR,1789661794017,41524264496015,0.15074782,0.23928227,9.85813,1.5271618E-4,3.0543236E-4,1.5271618E-4,-55.875004,-14.925,5.625,,,,,,,,,,,,,,,,,,
SENSOR,1789661794104,41524364496015,0.15074782,0.23928227,9.85813,1.5271618E-4,4.5814854E-4,1.5271618E-4,-55.875004,-14.925,5.625,,,,,,,,,,,,,,,,,,
SENSOR,1789661794104,41524320747160,0.15074782,0.23928227,9.860822,1.5271618E-4,4.5814854E-4,1.5271618E-4,-55.875004,-14.925,5.625,,,,,,,,,,,,,,,,,,
SENSOR,1789661794113,41524364496015,0.15074782,0.23928227,9.860822,1.5271618E-4,4.5814854E-4,1.5271618E-4,-56.100002,-14.55,4.125,,,,,,,,,,,,,,,,,,
SENSOR,1789661794207,41524464496015,0.15074782,0.23928227,9.860822,1.5271618E-4,-7.635809E-4,0.0,-56.100002,-14.55,4.125,,,,,,,,,,,,,,,,,,
SENSOR,1789661794207,41524424927837,0.14955142,0.23838496,9.856036,1.5271618E-4,-7.635809E-4,0.0,-56.100002,-14.55,4.125,,,,,,,,,,,,,,,,,,
SENSOR,1789661794215,41524464496015,0.14955142,0.23838496,9.856036,1.5271618E-4,-7.635809E-4,0.0,-55.350002,-14.625001,3.9750001,,,,,,,,,,,,,,,,,,
SENSOR,1789661794304,41524564496015,0.14955142,0.23838496,9.856036,-0.0030543236,-0.00519235,4.5814854E-4,-55.350002,-14.625001,3.9750001,,,,,,,,,,,,,,,,,,
SENSOR,1789661794311,41524529108462,0.148355,0.23958136,9.861421,-0.0030543236,-0.00519235,4.5814854E-4,-55.350002,-14.625001,3.9750001,,,,,,,,,,,,,,,,,,
SENSOR,1789661794312,41524564496015,0.148355,0.23958136,9.861421,-0.0030543236,-0.00519235,4.5814854E-4,-56.325,-14.625001,4.7250004,,,,,,,,,,,,,,,,,,
SENSOR,1789661794410,41524664496015,0.148355,0.23958136,9.861421,-0.0087048225,-0.020463968,4.5814854E-4,-56.325,-14.625001,4.7250004,,,,,,,,,,,,,,,,,,
SENSOR,1789661794416,41524633289192,0.1591227,0.23629123,9.861121,-0.0087048225,-0.020463968,4.5814854E-4,-56.325,-14.625001,4.7250004,,,,,,,,,,,,,,,,,,
SENSOR,1789661794417,41524664496015,0.1591227,0.23629123,9.861121,-0.0087048225,-0.020463968,4.5814854E-4,-55.875004,-14.700001,3.9750001,,,,,,,,,,,,,,,,,,
SENSOR,1789661794503,41524764496015,0.1591227,0.23629123,9.861121,0.0019853103,0.0045814854,4.5814854E-4,-55.875004,-14.700001,3.9750001,,,,,,,,,,,,,,,,,,
SENSOR,1789661794511,41524764496015,0.1591227,0.23629123,9.861121,0.0019853103,0.0045814854,4.5814854E-4,-55.65,-14.625001,3.15,,,,,,,,,,,,,,,,,,
SENSOR,1789661794520,41524737469869,0.14985052,0.23868406,9.859925,0.0019853103,0.0045814854,4.5814854E-4,-55.65,-14.625001,3.15,,,,,,,,,,,,,,,,,,
CELLULAR,1789661794564,,,,,,,,,,,,,,true,NR,4298047490,405,869,,75,403,634080,-108,NR_SS_RSRP,3,
SENSOR,1789661794607,41524864496015,0.14985052,0.23868406,9.859925,-1.5271618E-4,-0.0013744456,4.5814854E-4,-55.65,-14.625001,3.15,,,,,,,,,,,,,,,,,,
SENSOR,1789661794617,41524864496015,0.14985052,0.23868406,9.859925,-1.5271618E-4,-0.0013744456,4.5814854E-4,-55.95,-15.000001,4.7250004,,,,,,,,,,,,,,,,,,
SENSOR,1789661794624,41524841650546,0.148355,0.23868406,9.859028,-1.5271618E-4,-0.0013744456,4.5814854E-4,-55.95,-15.000001,4.7250004,,,,,,,,,,,,,,,,,,
SENSOR,1789661794705,41524964496015,0.148355,0.23868406,9.859028,1.5271618E-4,3.0543236E-4,-6.108647E-4,-55.95,-15.000001,4.7250004,,,,,,,,,,,,,,,,,,
SENSOR,1789661794720,41524964496015,0.148355,0.23868406,9.859028,1.5271618E-4,3.0543236E-4,-6.108647E-4,-56.100002,-14.55,5.925,,,,,,,,,,,,,,,,,,
SENSOR,1789661794728,41524945831223,0.15104693,0.23718855,9.859326,1.5271618E-4,3.0543236E-4,-6.108647E-4,-56.100002,-14.55,5.925,,,,,,,,,,,,,,,,,,
SENSOR,1789661794808,41525064496015,0.15104693,0.23718855,9.859326,-0.0010690133,-0.0012217294,4.5814854E-4,-56.100002,-14.55,5.925,,,,,,,,,,,,,,,,,,
SENSOR,1789661794815,41525064496015,0.15104693,0.23718855,9.859326,-0.0010690133,-0.0012217294,4.5814854E-4,-56.325,-15.150001,5.7000003,,,,,,,,,,,,,,,,,,
SENSOR,1789661794833,41525050011952,0.15014961,0.23988047,9.861719,-0.0010690133,-0.0012217294,4.5814854E-4,-56.325,-15.150001,5.7000003,,,,,,,,,,,,,,,,,,
GNSS,1789661794900,,true,11.05530547,76.92707603,378.111328125,3.7900925,0.0,,94,37,,,,,,,,,,,,,
SENSOR,1789661794909,41525164496015,0.15014961,0.23988047,9.861719,-9.162971E-4,-0.0027488912,3.0543236E-4,-56.325,-15.150001,5.7000003,,,,,,,,,,,,,,,,,,
GNSS,1789661795000,,true,11.05530517,76.92707577,377.88330078125,3.7900925,0.0,,94,37,,,,,,,,,,,,,
SENSOR,1789661794920,41525164496015,0.15014961,0.23988047,9.861719,-9.162971E-4,-0.0027488912,3.0543236E-4,-55.425003,-14.475,3.825,,,,,,,,,,,,,,,,,,
SENSOR,1789661794937,41525154192629,0.14955142,0.23838496,9.858728,-9.162971E-4,-0.0027488912,3.0543236E-4,-55.425003,-14.475,3.825,,,,,,,,,,,,,,,,,,
SENSOR,1789661795007,41525264496015,0.14955142,0.23838496,9.858728,9.162971E-4,0.002596175,4.5814854E-4,-55.425003,-14.475,3.825,,,,,,,,,,,,,,,,,,
SENSOR,1789661795015,41525264496015,0.14955142,0.23838496,9.858728,9.162971E-4,0.002596175,4.5814854E-4,-56.025,-15.000001,3.9,,,,,,,,,,,,,,,,,,
SENSOR,1789661795040,41525258373358,0.15194423,0.24077778,9.859626,9.162971E-4,0.002596175,4.5814854E-4,-56.025,-15.000001,3.9,,,,,,,,,,,,,,,,,,
SENSOR,1789661795102,41525364496015,0.15194423,0.24077778,9.859626,1.5271618E-4,0.001679878,-7.635809E-4,-56.025,-15.000001,3.9,,,,,,,,,,,,,,,,,,
SENSOR,1789661795119,41525364496015,0.15194423,0.24077778,9.859626,1.5271618E-4,0.001679878,-7.635809E-4,-56.325,-14.775001,5.775,,,,,,,,,,,,,,,,,,
SENSOR,1789661795145,41525362554087,0.14955142,0.24047868,9.859626,1.5271618E-4,0.001679878,-7.635809E-4,-56.325,-14.775001,5.775,,,,,,,,,,,,,,,,,,
SENSOR,1789661795206,41525464496015,0.14955142,0.24047868,9.859626,1.5271618E-4,-1.5271618E-4,-7.635809E-4,-56.325,-14.775001,5.775,,,,,,,,,,,,,,,,,,
SENSOR,1789661795215,41525464496015,0.14955142,0.24047868,9.859626,1.5271618E-4,-1.5271618E-4,-7.635809E-4,-56.100002,-14.700001,3.3000002,,,,,,,,,,,,,,,,,,
SENSOR,1789661795249,41525466734765,0.15104693,0.23928227,9.860224,1.5271618E-4,-1.5271618E-4,-7.635809E-4,-56.100002,-14.700001,3.3000002,,,,,,,,,,,,,,,,,,
SENSOR,1789661795304,41525564496015,0.15104693,0.23928227,9.860224,1.5271618E-4,4.5814854E-4,4.5814854E-4,-56.100002,-14.700001,3.3000002,,,,,,,,,,,,,,,,,,
SENSOR,1789661795318,41525564496015,0.15104693,0.23928227,9.860224,1.5271618E-4,4.5814854E-4,4.5814854E-4,-55.425003,-15.3,3.825,,,,,,,,,,,,,,,,,,
SENSOR,1789661795354,41525570915494,0.14955142,0.24017957,9.859925,1.5271618E-4,4.5814854E-4,4.5814854E-4,-55.425003,-15.3,3.825,,,,,,,,,,,,,,,,,,
SENSOR,1789661795406,41525664496015,0.14955142,0.24017957,9.859925,-0.0010690133,4.5814854E-4,-1.5271618E-4,-55.425003,-15.3,3.825,,,,,,,,,,,,,,,,,,
SENSOR,1789661795414,41525664496015,0.14955142,0.24017957,9.859925,-0.0010690133,4.5814854E-4,-1.5271618E-4,-56.175003,-14.475,4.9500003,,,,,,,,,,,,,,,,,,
SENSOR,1789661795458,41525675096275,0.15074782,0.23928227,9.85813,-0.0010690133,4.5814854E-4,-1.5271618E-4,-56.175003,-14.475,4.9500003,,,,,,,,,,,,,,,,,,
SENSOR,1789661795509,41525764496015,0.15074782,0.23928227,9.85813,1.5271618E-4,4.5814854E-4,4.5814854E-4,-56.175003,-14.475,4.9500003,,,,,,,,,,,,,,,,,,
SENSOR,1789661795520,41525764496015,0.15074782,0.23928227,9.85813,1.5271618E-4,4.5814854E-4,4.5814854E-4,-56.4,-15.450001,5.3250003,,,,,,,,,,,,,,,,,,
SENSOR,1789661795562,41525779277004,0.15134603,0.23718855,9.862019,1.5271618E-4,4.5814854E-4,4.5814854E-4,-56.4,-15.450001,5.3250003,,,,,,,,,,,,,,,,,,
CELLULAR,1789661795592,,,,,,,,,,,,,,true,NR,4298047490,405,869,,75,403,634080,-108,NR_SS_RSRP,3,
SENSOR,1789661795615,41525864496015,0.15134603,0.23718855,9.862019,1.5271618E-4,-1.5271618E-4,-7.635809E-4,-56.4,-15.450001,5.3250003,,,,,,,,,,,,,,,,,,
SENSOR,1789661795615,41525864496015,0.15134603,0.23718855,9.862019,1.5271618E-4,-1.5271618E-4,-7.635809E-4,-56.550003,-15.000001,4.7250004,,,,,,,,,,,,,,,,,,
SENSOR,1789661795667,41525883457733,0.15014961,0.23898315,9.859925,1.5271618E-4,-1.5271618E-4,-7.635809E-4,-56.550003,-15.000001,4.7250004,,,,,,,,,,,,,,,,,,
SENSOR,1789661795709,41525964496015,0.15014961,0.23898315,9.859925,1.5271618E-4,-7.635809E-4,-7.635809E-4,-56.550003,-15.000001,4.7250004,,,,,,,,,,,,,,,,,,
SENSOR,1789661795718,41525964496015,0.15014961,0.23898315,9.859925,1.5271618E-4,-7.635809E-4,-7.635809E-4,-55.575,-14.700001,4.125,,,,,,,,,,,,,,,,,,
SENSOR,1789661795770,41525987638462,0.1486541,0.24137598,9.857532,1.5271618E-4,-7.635809E-4,-7.635809E-4,-55.575,-14.700001,4.125,,,,,,,,,,,,,,,,,,
SENSOR,1789661795804,41526064496015,0.1486541,0.24137598,9.857532,-0.0010690133,-7.635809E-4,-1.5271618E-4,-55.575,-14.700001,4.125,,,,,,,,,,,,,,,,,,
SENSOR,1789661795813,41526064496015,0.1486541,0.24137598,9.857532,-0.0010690133,-7.635809E-4,-1.5271618E-4,-55.725002,-14.625001,3.6000001,,,,,,,,,,,,,,,,,,
SENSOR,1789661795875,41526091819244,0.15014961,0.23718855,9.864112,-0.0010690133,-7.635809E-4,-1.5271618E-4,-55.725002,-14.625001,3.6000001,,,,,,,,,,,,,,,,,,
GNSS,1789661795901,,true,11.05530517,76.92707577,377.88330078125,3.7900925,0.0,,94,38,,,,,,,,,,,,,
SENSOR,1789661795911,41526164496015,0.15014961,0.23718855,9.864112,1.5271618E-4,-6.108647E-4,-7.635809E-4,-55.725002,-14.625001,3.6000001,,,,,,,,,,,,,,,,,,
GNSS,1789661796000,,true,11.05530453,76.927074,377.64410400390625,3.7900925,0.0,,94,38,,,,,,,,,,,,,
SENSOR,1789661795918,41526164496015,0.15014961,0.23718855,9.864112,1.5271618E-4,-6.108647E-4,-7.635809E-4,-54.750004,-14.925,2.4,,,,,,,,,,,,,,,,,,
SENSOR,1789661795979,41526195999973,0.15044872,0.23958136,9.861719,1.5271618E-4,-6.108647E-4,-7.635809E-4,-54.750004,-14.925,2.4,,,,,,,,,,,,,,,,,,
SENSOR,1789661796005,41526264496015,0.15044872,0.23958136,9.861719,-4.5814854E-4,-7.635809E-4,4.5814854E-4,-54.750004,-14.925,2.4,,,,,,,,,,,,,,,,,,
SENSOR,1789661796013,41526264496015,0.15044872,0.23958136,9.861719,-4.5814854E-4,-7.635809E-4,4.5814854E-4,-56.025,-14.625001,4.5,,,,,,,,,,,,,,,,,,
SENSOR,1789661796082,41526300180754,0.14895321,0.23958136,9.860523,-4.5814854E-4,-7.635809E-4,4.5814854E-4,-56.025,-14.625001,4.5,,,,,,,,,,,,,,,,,,
SENSOR,1789661796108,41526364496015,0.14895321,0.23958136,9.860523,1.5271618E-4,4.5814854E-4,4.5814854E-4,-56.025,-14.625001,4.5,,,,,,,,,,,,,,,,,,
SENSOR,1789661796118,41526364496015,0.14895321,0.23958136,9.860523,1.5271618E-4,4.5814854E-4,4.5814854E-4,-56.325,-15.150001,5.175,,,,,,,,,,,,,,,,,,
SENSOR,1789661796187,41526404361483,0.14955142,0.23958136,9.861121,1.5271618E-4,4.5814854E-4,4.5814854E-4,-56.325,-15.150001,5.175,,,,,,,,,,,,,,,,,,
SENSOR,1789661796204,41526464496015,0.14955142,0.23958136,9.861121,-0.0010690133,-7.635809E-4,4.5814854E-4,-56.325,-15.150001,5.175,,,,,,,,,,,,,,,,,,
SENSOR,1789661796214,41526464496015,0.14955142,0.23958136,9.861121,-0.0010690133,-7.635809E-4,4.5814854E-4,-56.250004,-15.000001,5.025,,,,,,,,,,,,,,,,,,
SENSOR,1789661796290,41526508542212,0.14985052,0.23928227,9.860523,-0.0010690133,-7.635809E-4,4.5814854E-4,-56.250004,-15.000001,5.025,,,,,,,,,,,,,,,,,,
SENSOR,1789661796309,41526564496015,0.14985052,0.23928227,9.860523,-0.002443459,-0.0047342014,4.5814854E-4,-56.250004,-15.000001,5.025,,,,,,,,,,,,,,,,,,
SENSOR,1789661796316,41526564496015,0.14985052,0.23928227,9.860523,-0.002443459,-0.0047342014,4.5814854E-4,-55.800003,-14.250001,4.125,,,,,,,,,,,,,,,,,,
SENSOR,1789661796394,41526612722994,0.15254244,0.23778675,9.861719,-0.002443459,-0.0047342014,4.5814854E-4,-55.800003,-14.250001,4.125,,,,,,,,,,,,,,,,,,
SENSOR,1789661796403,41526664496015,0.15254244,0.23778675,9.861719,0.0018325942,0.0038179045,-7.635809E-4,-55.800003,-14.250001,4.125,,,,,,,,,,,,,,,,,,
SENSOR,1789661796412,41526664496015,0.15254244,0.23778675,9.861719,0.0018325942,0.0038179045,-7.635809E-4,-53.4,-14.175,1.4250001,,,,,,,,,,,,,,,,,,
SENSOR,1789661796498,41526716903775,0.15014961,0.23928227,9.860224,0.0018325942,0.0038179045,-7.635809E-4,-53.4,-14.175,1.4250001,,,,,,,,,,,,,,,,,,
SENSOR,1789661796507,41526764496015,0.15014961,0.23928227,9.860224,0.001679878,0.0032070398,-7.635809E-4,-53.4,-14.175,1.4250001,,,,,,,,,,,,,,,,,,
SENSOR,1789661796516,41526764496015,0.15014961,0.23928227,9.860224,0.001679878,0.0032070398,-7.635809E-4,-54.45,-15.000001,2.4,,,,,,,,,,,,,,,,,,
SENSOR,1789661796603,41526821084504,0.15014961,0.24197419,9.858728,0.001679878,0.0032070398,-7.635809E-4,-54.45,-15.000001,2.4,,,,,,,,,,,,,,,,,,
SENSOR,1789661796604,41526864496015,0.15014961,0.24197419,9.858728,-0.0010690133,-0.0019853103,4.5814854E-4,-54.45,-15.000001,2.4,,,,,,,,,,,,,,,,,,
SENSOR,1789661796612,41526864496015,0.15014961,0.24197419,9.858728,-0.0010690133,-0.0019853103,4.5814854E-4,-54.9,-14.475,2.9250002,,,,,,,,,,,,,,,,,,
CELLULAR,1789661796615,,,,,,,,,,,,,,true,NR,4298047490,405,869,,75,403,634080,-108,NR_SS_RSRP,3,
SENSOR,1789661796707,41526925265285,0.14955142,0.24077778,9.860224,-0.0010690133,-0.0019853103,4.5814854E-4,-54.9,-14.475,2.9250002,,,,,,,,,,,,,,,,,,
SENSOR,1789661796708,41526964496015,0.14955142,0.24077778,9.860224,9.162971E-4,0.002443459,1.5271618E-4,-54.9,-14.475,2.9250002,,,,,,,,,,,,,,,,,,
SENSOR,1789661796716,41526964496015,0.14955142,0.24077778,9.860224,9.162971E-4,0.002443459,1.5271618E-4,-55.725002,-14.700001,4.3500004,,,,,,,,,,,,,,,,,,
SENSOR,1789661796802,41527064496015,0.14955142,0.24077778,9.860224,-0.0035124721,-0.0068722283,4.5814854E-4,-55.725002,-14.700001,4.3500004,,,,,,,,,,,,,,,,,,
SENSOR,1789661796811,41527029446067,0.15403795,0.23988047,9.861121,-0.0035124721,-0.0068722283,4.5814854E-4,-55.725002,-14.700001,4.3500004,,,,,,,,,,,,,,,,,,
SENSOR,1789661796811,41527064496015,0.15403795,0.23988047,9.861121,-0.0035124721,-0.0068722283,4.5814854E-4,-55.425003,-14.775001,4.425,,,,,,,,,,,,,,,,,,
GNSS,1789661796904,,true,11.05530453,76.927074,377.64410400390625,3.7900925,0.0,,95,41,,,,,,,,,,,,,
SENSOR,1789661796907,41527164496015,0.15403795,0.23988047,9.861121,0.0010690133,0.0032070398,-7.635809E-4,-55.425003,-14.775001,4.425,,,,,,,,,,,,,,,,,,
GNSS,1789661797000,,true,11.05530457,76.92707418,377.6641845703125,3.7900925,0.0,,95,41,,,,,,,,,,,,,
SENSOR,1789661796916,41527133626796,0.14955142,0.24107689,9.85813,0.0010690133,0.0032070398,-7.635809E-4,-55.425003,-14.775001,4.425,,,,,,,,,,,,,,,,,,
SENSOR,1789661796917,41527164496015,0.14955142,0.24107689,9.85813,0.0010690133,0.0032070398,-7.635809E-4,-55.425003,-14.925,3.075,,,,,,,,,,,,,,,,,,
SENSOR,1789661797003,41527264496015,0.14955142,0.24107689,9.85813,-0.0012217294,-0.0045814854,4.5814854E-4,-55.425003,-14.925,3.075,,,,,,,,,,,,,,,,,,
SENSOR,1789661797012,41527264496015,0.14955142,0.24107689,9.85813,-0.0012217294,-0.0045814854,4.5814854E-4,-55.800003,-14.775001,3.9,,,,,,,,,,,,,,,,,,
SENSOR,1789661797019,41527237807577,0.15134603,0.23958136,9.860224,-0.0012217294,-0.0045814854,4.5814854E-4,-55.800003,-14.775001,3.9,,,,,,,,,,,,,,,,,,
SENSOR,1789661797107,41527364496015,0.15134603,0.23958136,9.860224,-6.108647E-4,-7.635809E-4,0.0,-55.800003,-14.775001,3.9,,,,,,,,,,,,,,,,,,
SENSOR,1789661797115,41527364496015,0.15134603,0.23958136,9.860224,-6.108647E-4,-7.635809E-4,0.0,-54.9,-14.625001,3.825,,,,,,,,,,,,,,,,,,
SENSOR,1789661797125,41527341988358,0.15254244,0.23958136,9.861719,-6.108647E-4,-7.635809E-4,0.0,-54.9,-14.625001,3.825,,,,,,,,,,,,,,,,,,
SENSOR,1789661797202,41527464496015,0.15254244,0.23958136,9.861719,0.0018325942,0.0039706207,-6.108647E-4,-54.9,-14.625001,3.825,,,,,,,,,,,,,,,,,,
SENSOR,1789661797211,41527464496015,0.15254244,0.23958136,9.861719,0.0018325942,0.0039706207,-6.108647E-4,-55.500004,-14.325001,4.5750003,,,,,,,,,,,,,,,,,,
SENSOR,1789661797228,41527446169087,0.15463616,0.23718855,9.860523,0.0018325942,0.0039706207,-6.108647E-4,-55.500004,-14.325001,4.5750003,,,,,,,,,,,,,,,,,,
SENSOR,1789661797307,41527564496015,0.15463616,0.23718855,9.860523,0.0022907427,0.0068722283,4.5814854E-4,-55.500004,-14.325001,4.5750003,,,,,,,,,,,,,,,,,,
SENSOR,1789661797316,41527564496015,0.15463616,0.23718855,9.860523,0.0022907427,0.0068722283,4.5814854E-4,-54.675003,-14.700001,2.7,,,,,,,,,,,,,,,,,,
SENSOR,1789661797333,41527550349869,0.15403795,0.23868406,9.861719,0.0022907427,0.0068722283,4.5814854E-4,-54.675003,-14.700001,2.7,,,,,,,,,,,,,,,,,,
SENSOR,1789661797402,41527664496015,0.15403795,0.23868406,9.861719,-3.0543236E-4,4.5814854E-4,4.5814854E-4,-54.675003,-14.700001,2.7,,,,,,,,,,,,,,,,,,
SENSOR,1789661797419,41527664496015,0.15403795,0.23868406,9.861719,-3.0543236E-4,4.5814854E-4,4.5814854E-4,-54.9,-14.325001,2.775,,,,,,,,,,,,,,,,,,
SENSOR,1789661797436,41527654530598,0.15672988,0.23659034,9.860523,-3.0543236E-4,4.5814854E-4,4.5814854E-4,-54.9,-14.325001,2.775,,,,,,,,,,,,,,,,,,
SENSOR,1789661797505,41527764496015,0.15672988,0.23659034,9.860523,-3.0543236E-4,3.0543236E-4,4.5814854E-4,-54.9,-14.325001,2.775,,,,,,,,,,,,,,,,,,
SENSOR,1789661797515,41527764496015,0.15672988,0.23659034,9.860523,-3.0543236E-4,3.0543236E-4,4.5814854E-4,-54.675003,-14.625001,1.35,,,,,,,,,,,,,,,,,,
SENSOR,1789661797542,41527758711379,0.15164514,0.23958136,9.862617,-3.0543236E-4,3.0543236E-4,4.5814854E-4,-54.675003,-14.625001,1.35,,,,,,,,,,,,,,,,,,
SENSOR,1789661797602,41527864496015,0.15164514,0.23958136,9.862617,4.5814854E-4,0.0021380265,3.0543236E-4,-54.675003,-14.625001,1.35,,,,,,,,,,,,,,,,,,
SENSOR,1789661797621,41527864496015,0.15164514,0.23958136,9.862617,4.5814854E-4,0.0021380265,3.0543236E-4,-55.575,-14.925,3.075,,,,,,,,,,,,,,,,,,
CELLULAR,1789661797625,,,,,,,,,,,,,,true,NR,4298047490,405,869,,75,403,634080,-108,NR_SS_RSRP,3,
SENSOR,1789661797645,41527862892160,0.15284155,0.23928227,9.861121,4.5814854E-4,0.0021380265,3.0543236E-4,-55.575,-14.925,3.075,,,,,,,,,,,,,,,,,,
SENSOR,1789661797706,41527964496015,0.15284155,0.23928227,9.861121,-3.0543236E-4,0.0,-3.0543236E-4,-55.575,-14.925,3.075,,,,,,,,,,,,,,,,,,
SENSOR,1789661797714,41527964496015,0.15284155,0.23928227,9.861121,-3.0543236E-4,0.0,-3.0543236E-4,-55.575,-14.775001,3.525,,,,,,,,,,,,,,,,,,
SENSOR,1789661797749,41527967072890,0.16390835,0.23509483,9.861719,-3.0543236E-4,0.0,-3.0543236E-4,-55.575,-14.775001,3.525,,,,,,,,,,,,,,,,,,
SENSOR,1789661797802,41528064496015,0.16390835,0.23509483,9.861719,0.012370011,0.02840521,-7.635809E-4,-55.575,-14.775001,3.525,,,,,,,,,,,,,,,,,,
SENSOR,1789661797820,41528064496015,0.16390835,0.23509483,9.861719,0.012370011,0.02840521,-7.635809E-4,-56.025,-15.000001,4.7250004,,,,,,,,,,,,,,,,,,
SENSOR,1789661797854,41528071253671,0.14117654,0.2425724,9.862318,0.012370011,0.02840521,-7.635809E-4,-56.025,-15.000001,4.7250004,,,,,,,,,,,,,,,,,,
GNSS,1789661797905,,true,11.05530457,76.92707418,377.6641845703125,3.7900925,0.0,,95,41,,,,,,,,,,,,,
SENSOR,1789661797908,41528164496015,0.14117654,0.2425724,9.862318,1.5271618E-4,3.0543236E-4,4.5814854E-4,-56.025,-15.000001,4.7250004,,,,,,,,,,,,,,,,,,
SENSOR,1789661797914,41528164496015,0.14117654,0.2425724,9.862318,1.5271618E-4,3.0543236E-4,4.5814854E-4,-56.550003,-14.775001,5.4750004,,,,,,,,,,,,,,,,,,
GNSS,1789661798000,,true,11.05530396,76.92707349,377.57830810546875,3.7900925,0.0,,95,41,,,,,,,,,,,,,
SENSOR,1789661797958,41528175434400,0.14985052,0.24077778,9.860224,1.5271618E-4,3.0543236E-4,4.5814854E-4,-56.550003,-14.775001,5.4750004,,,,,,,,,,,,,,,,,,
SENSOR,1789661798001,41528264496015,0.14985052,0.24077778,9.860224,-9.162971E-4,-0.0030543236,4.5814854E-4,-56.550003,-14.775001,5.4750004,,,,,,,,,,,,,,,,,,
SENSOR,1789661798020,41528264496015,0.14985052,0.24077778,9.860224,-9.162971E-4,-0.0030543236,4.5814854E-4,-56.100002,-14.475,5.25,,,,,,,,,,,,,,,,,,
SENSOR,1789661798062,41528279615181,0.14895321,0.23928227,9.8632145,-9.162971E-4,-0.0030543236,4.5814854E-4,-56.100002,-14.475,5.25,,,,,,,,,,,,,,,,,,
SENSOR,1789661798106,41528364496015,0.14895321,0.23928227,9.8632145,1.5271618E-4,0.0010690133,-7.635809E-4,-56.100002,-14.475,5.25,,,,,,,,,,,,,,,,,,
SENSOR,1789661798114,41528364496015,0.14895321,0.23928227,9.8632145,1.5271618E-4,0.0010690133,-7.635809E-4,-54.675003,-14.55,1.95,,,,,,,,,,,,,,,,,,
SENSOR,1789661798167,41528383795910,0.15014961,0.24077778,9.860822,1.5271618E-4,0.0010690133,-7.635809E-4,-54.675003,-14.55,1.95,,,,,,,,,,,,,,,,,,
SENSOR,1789661798209,41528464496015,0.15014961,0.24077778,9.860822,-0.009162971,-0.019547671,4.5814854E-4,-54.675003,-14.55,1.95,,,,,,,,,,,,,,,,,,
SENSOR,1789661798219,41528464496015,0.15014961,0.24077778,9.860822,-0.009162971,-0.019547671,4.5814854E-4,-54.525,-14.55,2.325,,,,,,,,,,,,,,,,,,
SENSOR,1789661798274,41528487976692,0.14416756,0.24077778,9.862617,-0.009162971,-0.019547671,4.5814854E-4,-54.525,-14.55,2.325,,,,,,,,,,,,,,,,,,
SENSOR,1789661798306,41528564496015,0.14416756,0.24077778,9.862617,-0.008857539,-0.02199113,-3.0543236E-4,-54.525,-14.55,2.325,,,,,,,,,,,,,,,,,,
SENSOR,1789661798315,41528564496015,0.14416756,0.24077778,9.862617,-0.008857539,-0.02199113,-3.0543236E-4,-55.425003,-14.775001,5.1000004,,,,,,,,,,,,,,,,,,
SENSOR,1789661798374,41528592157421,0.15164514,0.23898315,9.861121,-0.008857539,-0.02199113,-3.0543236E-4,-55.425003,-14.775001,5.1000004,,,,,,,,,,,,,,,,,,
SENSOR,1789661798408,41528664496015,0.15164514,0.23898315,9.861121,0.002443459,0.006108647,4.5814854E-4,-55.425003,-14.775001,5.1000004,,,,,,,,,,,,,,,,,,
SENSOR,1789661798417,41528664496015,0.15164514,0.23898315,9.861121,0.002443459,0.006108647,4.5814854E-4,-55.2,-14.625001,2.1750002,,,,,,,,,,,,,,,,,,
SENSOR,1789661798478,41528696338150,0.14985052,0.24197419,9.860822,0.002443459,0.006108647,4.5814854E-4,-55.2,-14.625001,2.1750002,,,,,,,,,,,,,,,,,,
SENSOR,1789661798504,41528764496015,0.14985052,0.24197419,9.860822,-0.0010690133,-0.0012217294,-7.635809E-4,-55.2,-14.625001,2.1750002,,,,,,,,,,,,,,,,,,
SENSOR,1789661798512,41528764496015,0.14985052,0.24197419,9.860822,-0.0010690133,-0.0012217294,-7.635809E-4,-55.275,-14.85,3.0,,,,,,,,,,,,,,,,,,
SENSOR,1789661798583,41528800518879,0.15014961,0.23808585,9.861121,-0.0010690133,-0.0012217294,-7.635809E-4,-55.275,-14.85,3.0,,,,,,,,,,,,,,,,,,
SENSOR,1789661798608,41528864496015,0.15014961,0.23808585,9.861121,1.5271618E-4,4.5814854E-4,4.5814854E-4,-55.275,-14.85,3.0,,,,,,,,,,,,,,,,,,
SENSOR,1789661798618,41528864496015,0.15014961,0.23808585,9.861121,1.5271618E-4,4.5814854E-4,4.5814854E-4,-55.875004,-14.700001,4.425,,,,,,,,,,,,,,,,,,
CELLULAR,1789661798642,,,,,,,,,,,,,,true,NR,4298047490,405,869,,75,403,634080,-108,NR_SS_RSRP,3,
SENSOR,1789661798687,41528904699608,0.14985052,0.24017957,9.866206,1.5271618E-4,4.5814854E-4,4.5814854E-4,-55.875004,-14.700001,4.425,,,,,,,,,,,,,,,,,,
SENSOR,1789661798704,41528964496015,0.14985052,0.24017957,9.866206,-4.5814854E-4,-7.635809E-4,4.5814854E-4,-55.875004,-14.700001,4.425,,,,,,,,,,,,,,,,,,
SENSOR,1789661798713,41528964496015,0.14985052,0.24017957,9.866206,-4.5814854E-4,-7.635809E-4,4.5814854E-4,-56.550003,-14.700001,3.45,,,,,,,,,,,,,,,,,,
SENSOR,1789661798791,41529008880337,0.1486541,0.23928227,9.860822,-4.5814854E-4,-7.635809E-4,4.5814854E-4,-56.550003,-14.700001,3.45,,,,,,,,,,,,,,,,,,
SENSOR,1789661798808,41529064496015,0.1486541,0.23928227,9.860822,-0.0010690133,-7.635809E-4,4.5814854E-4,-56.550003,-14.700001,3.45,,,,,,,,,,,,,,,,,,
SENSOR,1789661798817,41529064496015,0.1486541,0.23928227,9.860822,-0.0010690133,-7.635809E-4,4.5814854E-4,-55.125004,-14.55,3.9750001,,,,,,,,,,,,,,,,,,
SENSOR,1789661798895,41529113061067,0.14895321,0.23898315,9.862916,-0.0010690133,-7.635809E-4,4.5814854E-4,-55.125004,-14.55,3.9750001,,,,,,,,,,,,,,,,,,
GNSS,1789661798903,,true,11.05530396,76.92707349,377.57830810546875,3.7900925,0.0,,95,41,,,,,,,,,,,,,
SENSOR,1789661798905,41529164496015,0.14895321,0.23898315,9.862916,-0.0010690133,4.5814854E-4,-3.0543236E-4,-55.125004,-14.55,3.9750001,,,,,,,,,,,,,,,,,,
SENSOR,1789661798912,41529164496015,0.14895321,0.23898315,9.862916,-0.0010690133,4.5814854E-4,-3.0543236E-4,-55.500004,-14.700001,4.425,,,,,,,,,,,,,,,,,,
GNSS,1789661799000,,true,11.05530495,76.92707639,377.698486328125,3.7900925,0.0,,95,41,,,,,,,,,,,,,
SENSOR,1789661799000,41529217241796,0.15014961,0.23928227,9.859925,-0.0010690133,4.5814854E-4,-3.0543236E-4,-55.500004,-14.700001,4.425,,,,,,,,,,,,,,,,,,
SENSOR,1789661799007,41529264496015,0.15014961,0.23928227,9.859925,-0.0019853103,-0.004276053,4.5814854E-4,-55.500004,-14.700001,4.425,,,,,,,,,,,,,,,,,,
SENSOR,1789661799017,41529264496015,0.15014961,0.23928227,9.859925,-0.0019853103,-0.004276053,4.5814854E-4,-56.025,-14.925,4.3500004,,,,,,,,,,,,,,,,,,
SENSOR,1789661799103,41529321422525,0.15493527,0.23898315,9.862617,-0.0019853103,-0.004276053,4.5814854E-4,-56.025,-14.925,4.3500004,,,,,,,,,,,,,,,,,,
SENSOR,1789661799104,41529364496015,0.15493527,0.23898315,9.862617,0.0019853103,0.005039634,-4.5814854E-4,-56.025,-14.925,4.3500004,,,,,,,,,,,,,,,,,,
SENSOR,1789661799112,41529364496015,0.15493527,0.23898315,9.862617,0.0019853103,0.005039634,-4.5814854E-4,-56.175003,-14.775001,4.65,,,,,,,,,,,,,,,,,,
SENSOR,1789661799208,41529464496015,0.15493527,0.23898315,9.862617,-0.0068722283,-0.014660753,1.5271618E-4,-56.175003,-14.775001,4.65,,,,,,,,,,,,,,,,,,
SENSOR,1789661799208,41529425603254,0.15553348,0.23778675,9.860224,-0.0068722283,-0.014660753,1.5271618E-4,-56.175003,-14.775001,4.65,,,,,,,,,,,,,,,,,,
SENSOR,1789661799218,41529464496015,0.15553348,0.23778675,9.860224,-0.0068722283,-0.014660753,1.5271618E-4,-56.325,-14.85,4.7250004,,,,,,,,,,,,,,,,,,
SENSOR,1789661799304,41529564496015,0.15553348,0.23778675,9.860224,-0.0018325942,-0.0019853103,4.5814854E-4,-56.325,-14.85,4.7250004,,,,,,,,,,,,,,,,,,
SENSOR,1789661799312,41529529783931,0.15493527,0.23539393,9.863813,-0.0018325942,-0.0019853103,4.5814854E-4,-56.325,-14.85,4.7250004,,,,,,,,,,,,,,,,,,
SENSOR,1789661799312,41529564496015,0.15493527,0.23539393,9.863813,-0.0018325942,-0.0019853103,4.5814854E-4,-55.275,-14.475,4.5750003,,,,,,,,,,,,,,,,,,
SENSOR,1789661799408,41529664496015,0.15493527,0.23539393,9.863813,-0.0039706207,-0.009773836,7.635809E-4,-55.275,-14.475,4.5750003,,,,,,,,,,,,,,,,,,
SENSOR,1789661799416,41529633964660,0.15643078,0.23688944,9.861121,-0.0039706207,-0.009773836,7.635809E-4,-55.275,-14.475,4.5750003,,,,,,,,,,,,,,,,,,
SENSOR,1789661799418,41529664496015,0.15643078,0.23688944,9.861121,-0.0039706207,-0.009773836,7.635809E-4,-55.050003,-15.075001,3.3000002,,,,,,,,,,,,,,,,,,
SENSOR,1789661799504,41529764496015,0.15643078,0.23688944,9.861121,-0.004886918,-0.010079268,4.5814854E-4,-55.050003,-15.075001,3.3000002,,,,,,,,,,,,,,,,,,
SENSOR,1789661799512,41529764496015,0.15643078,0.23688944,9.861121,-0.004886918,-0.010079268,4.5814854E-4,-55.65,-15.075001,4.425,,,,,,,,,,,,,,,,,,
SENSOR,1789661799519,41529738145337,0.14536397,0.2431706,9.862916,-0.004886918,-0.010079268,4.5814854E-4,-55.65,-15.075001,4.425,,,,,,,,,,,,,,,,,,
SENSOR,1789661799607,41529864496015,0.14536397,0.2431706,9.862916,-0.010995565,-0.024281872,4.5814854E-4,-55.65,-15.075001,4.425,,,,,,,,,,,,,,,,,,
SENSOR,1789661799616,41529864496015,0.14536397,0.2431706,9.862916,-0.010995565,-0.024281872,4.5814854E-4,-55.500004,-14.625001,3.825,,,,,,,,,,,,,,,,,,
SENSOR,1789661799625,41529842326015,0.14536397,0.24137598,9.863514,-0.010995565,-0.024281872,4.5814854E-4,-55.500004,-14.625001,3.825,,,,,,,,,,,,,,,,,,
CELLULAR,1789661799655,,,,,,,,,,,,,,true,NR,4298047490,405,869,,75,403,634080,-108,NR_SS_RSRP,3,
SENSOR,1789661799704,41529964496015,0.14536397,0.24137598,9.863514,0.008246673,0.017256929,-7.635809E-4,-55.500004,-14.625001,3.825,,,,,,,,,,,,,,,,,,
SENSOR,1789661799713,41529964496015,0.14536397,0.24137598,9.863514,0.008246673,0.017256929,-7.635809E-4,-55.95,-14.925,4.9500003,,,,,,,,,,,,,,,,,,
SENSOR,1789661799729,41529946506744,0.15702899,0.23419751,9.8632145,0.008246673,0.017256929,-7.635809E-4,-55.95,-14.925,4.9500003,,,,,,,,,,,,,,,,,,
SENSOR,1789661799807,41530064496015,0.15702899,0.23419751,9.8632145,0.0013744456,0.0035124721,0.0,-55.95,-14.925,4.9500003,,,,,,,,,,,,,,,,,,
SENSOR,1789661799815,41530064496015,0.15702899,0.23419751,9.8632145,0.0013744456,0.0035124721,0.0,-56.175003,-15.150001,5.55,,,,,,,,,,,,,,,,,,
SENSOR,1789661799833,41530050687421,0.15463616,0.23778675,9.861421,0.0013744456,0.0035124721,0.0,-56.175003,-15.150001,5.55,,,,,,,,,,,,,,,,,,
GNSS,1789661799903,,true,11.05530495,76.92707639,377.698486328125,3.7900925,0.0,,95,42,,,,,,,,,,,,,
SENSOR,1789661799906,41530164496015,0.15463616,0.23778675,9.861421,-0.009315687,-0.020616684,1.5271618E-4,-56.175003,-15.150001,5.55,,,,,,,,,,,,,,,,,,
SENSOR,1789661799913,41530164496015,0.15463616,0.23778675,9.861421,-0.009315687,-0.020616684,1.5271618E-4,-56.025,-14.700001,4.425,,,,,,,,,,,,,,,,,,
GNSS,1789661800000,,true,11.05530515,76.92707625,377.6357421875,3.7900925,0.0,,95,42,,,,,,,,,,,,,
SENSOR,1789661799937,41530154868098,0.15433706,0.23718855,9.861121,-0.009315687,-0.020616684,1.5271618E-4,-56.025,-14.700001,4.425,,,,,,,,,,,,,,,,,,
SENSOR,1789661800007,41530264496015,0.15433706,0.23718855,9.861121,0.005039634,0.01160643,-7.635809E-4,-56.025,-14.700001,4.425,,,,,,,,,,,,,,,,,,
SENSOR,1789661800016,41530264496015,0.15433706,0.23718855,9.861121,0.005039634,0.01160643,-7.635809E-4,-56.100002,-15.000001,4.9500003,,,,,,,,,,,,,,,,,,
SENSOR,1789661800042,41530259048775,0.15194423,0.23868406,9.862916,0.005039634,0.01160643,-7.635809E-4,-56.100002,-15.000001,4.9500003,,,,,,,,,,,,,,,,,,
SENSOR,1789661800103,41530364496015,0.15194423,0.23868406,9.862916,-0.00519235,-0.01160643,4.5814854E-4,-56.100002,-15.000001,4.9500003,,,,,,,,,,,,,,,,,,
SENSOR,1789661800120,41530364496015,0.15194423,0.23868406,9.862916,-0.00519235,-0.01160643,4.5814854E-4,-56.025,-15.150001,5.55,,,,,,,,,,,,,,,,,,
SENSOR,1789661800147,41530363229452,0.15493527,0.23748764,9.8632145,-0.00519235,-0.01160643,4.5814854E-4,-56.025,-15.150001,5.55,,,,,,,,,,,,,,,,,,
SENSOR,1789661800208,41530464496015,0.15493527,0.23748764,9.8632145,4.5814854E-4,-1.5271618E-4,4.5814854E-4,-56.025,-15.150001,5.55,,,,,,,,,,,,,,,,,,
SENSOR,1789661800215,41530464496015,0.15493527,0.23748764,9.8632145,4.5814854E-4,-1.5271618E-4,4.5814854E-4,-55.875004,-14.85,5.4750004,,,,,,,,,,,,,,,,,,
SENSOR,1789661800250,41530467410129,0.15074782,0.24047868,9.864411,4.5814854E-4,-1.5271618E-4,4.5814854E-4,-55.875004,-14.85,5.4750004,,,,,,,,,,,,,,,,,,
SENSOR,1789661800302,41530564496015,0.15074782,0.24047868,9.864411,0.002596175,0.0062613636,3.0543236E-4,-55.875004,-14.85,5.4750004,,,,,,,,,,,,,,,,,,
SENSOR,1789661800319,41530564496015,0.15074782,0.24047868,9.864411,0.002596175,0.0062613636,3.0543236E-4,-55.575,-14.925,4.9500003,,,,,,,,,,,,,,,,,,
SENSOR,1789661800354,41530571590806,0.15194423,0.23688944,9.861719,0.002596175,0.0062613636,3.0543236E-4,-55.575,-14.925,4.9500003,,,,,,,,,,,,,,,,,,
SENSOR,1789661800406,41530664496015,0.15194423,0.23688944,9.861719,-4.5814854E-4,-1.5271618E-4,-7.635809E-4,-55.575,-14.925,4.9500003,,,,,,,,,,,,,,,,,,
SENSOR,1789661800415,41530664496015,0.15194423,0.23688944,9.861719,-4.5814854E-4,-1.5271618E-4,-7.635809E-4,-55.95,-14.85,5.7000003,,,,,,,,,,,,,,,,,,
SENSOR,1789661800460,41530675771431,0.14955142,0.23958136,9.863514,-4.5814854E-4,-1.5271618E-4,-7.635809E-4,-55.95,-14.85,5.7000003,,,,,,,,,,,,,,,,,,
SENSOR,1789661800501,41530764496015,0.14955142,0.23958136,9.863514,-9.162971E-4,-6.108647E-4,-7.635809E-4,-55.95,-14.85,5.7000003,,,,,,,,,,,,,,,,,,
SENSOR,1789661800519,41530764496015,0.14955142,0.23958136,9.863514,-9.162971E-4,-6.108647E-4,-7.635809E-4,-56.025,-14.85,5.175,,,,,,,,,,,,,,,,,,
SENSOR,1789661800563,41530779952108,0.1486541,0.23868406,9.861421,-9.162971E-4,-6.108647E-4,-7.635809E-4,-56.025,-14.85,5.175,,,,,,,,,,,,,,,,,,
SENSOR,1789661800606,41530864496015,0.1486541,0.23868406,9.861421,1.5271618E-4,0.001679878,-1.5271618E-4,-56.025,-14.85,5.175,,,,,,,,,,,,,,,,,,
SENSOR,1789661800615,41530864496015,0.1486541,0.23868406,9.861421,1.5271618E-4,0.001679878,-1.5271618E-4,-55.725002,-14.775001,3.9,,,,,,,,,,,,,,,,,,
SENSOR,1789661800667,41530884132785,0.15014961,0.23898315,9.863514,1.5271618E-4,0.001679878,-1.5271618E-4,-55.725002,-14.775001,3.9,,,,,,,,,,,,,,,,,,
CELLULAR,1789661800680,,,,,,,,,,,,,,true,NR,4298047490,405,869,,75,403,634080,-108,NR_SS_RSRP,3,
SENSOR,1789661800704,41530964496015,0.15014961,0.23898315,9.863514,1.5271618E-4,-6.108647E-4,4.5814854E-4,-55.725002,-14.775001,3.9,,,,,,,,,,,,,,,,,,
SENSOR,1789661800720,41530964496015,0.15014961,0.23898315,9.863514,1.5271618E-4,-6.108647E-4,4.5814854E-4,-56.325,-14.625001,4.5,,,,,,,,,,,,,,,,,,
SENSOR,1789661800771,41530988313410,0.15104693,0.23778675,9.861121,1.5271618E-4,-6.108647E-4,4.5814854E-4,-56.325,-14.625001,4.5,,,,,,,,,,,,,,,,,,
SENSOR,1789661800805,41531064496015,0.15104693,0.23778675,9.861121,1.5271618E-4,4.5814854E-4,4.5814854E-4,-56.325,-14.625001,4.5,,,,,,,,,,,,,,,,,,
SENSOR,1789661800814,41531064496015,0.15104693,0.23778675,9.861121,1.5271618E-4,4.5814854E-4,4.5814854E-4,-55.800003,-14.700001,4.2000003,,,,,,,,,,,,,,,,,,
SENSOR,1789661800877,41531092494035,0.14955142,0.24017957,9.864112,1.5271618E-4,4.5814854E-4,4.5814854E-4,-55.800003,-14.700001,4.2000003,,,,,,,,,,,,,,,,,,
GNSS,1789661800901,,true,11.05530515,76.92707625,377.6357421875,3.7900925,0.0,,95,42,,,,,,,,,,,,,
SENSOR,1789661800909,41531164496015,0.14955142,0.24017957,9.864112,1.5271618E-4,0.001679878,4.5814854E-4,-55.800003,-14.700001,4.2000003,,,,,,,,,,,,,,,,,,
GNSS,1789661801000,,true,11.05530521,76.92707615,377.5992431640625,3.7900925,0.0,,95,42,,,,,,,,,,,,,
SENSOR,1789661800919,41531164496015,0.14955142,0.24017957,9.864112,1.5271618E-4,0.001679878,4.5814854E-4,-55.875004,-14.400001,4.875,,,,,,,,,,,,,,,,,,
SENSOR,1789661800979,41531196674660,0.14925231,0.24137598,9.862916,1.5271618E-4,0.001679878,4.5814854E-4,-55.875004,-14.400001,4.875,,,,,,,,,,,,,,,,,,
SENSOR,1789661801005,41531264496015,0.14925231,0.24137598,9.862916,-0.0010690133,-7.635809E-4,4.5814854E-4,-55.875004,-14.400001,4.875,,,,,,,,,,,,,,,,,,
SENSOR,1789661801016,41531264496015,0.14925231,0.24137598,9.862916,-0.0010690133,-7.635809E-4,4.5814854E-4,-56.475002,-15.375001,5.3250003,,,,,,,,,,,,,,,,,,
SENSOR,1789661801084,41531300855337,0.15164514,0.23958136,9.862318,-0.0010690133,-7.635809E-4,4.5814854E-4,-56.475002,-15.375001,5.3250003,,,,,,,,,,,,,,,,,,
SENSOR,1789661801110,41531364496015,0.15164514,0.23958136,9.862318,1.5271618E-4,6.108647E-4,4.5814854E-4,-56.475002,-15.375001,5.3250003,,,,,,,,,,,,,,,,,,
SENSOR,1789661801118,41531364496015,0.15164514,0.23958136,9.862318,1.5271618E-4,6.108647E-4,4.5814854E-4,-56.175003,-14.475,4.9500003,,,,,,,,,,,,,,,,,,
SENSOR,1789661801188,41531405035962,0.15074782,0.23928227,9.859925,1.5271618E-4,6.108647E-4,4.5814854E-4,-56.175003,-14.475,4.9500003,,,,,,,,,,,,,,,,,,
SENSOR,1789661801205,41531464496015,0.15074782,0.23928227,9.859925,1.5271618E-4,4.5814854E-4,4.5814854E-4,-56.175003,-14.475,4.9500003,,,,,,,,,,,,,,,,,,
SENSOR,1789661801214,41531464496015,0.15074782,0.23928227,9.859925,1.5271618E-4,4.5814854E-4,4.5814854E-4,-56.325,-14.925,5.175,,,,,,,,,,,,,,,,,,
SENSOR,1789661801298,41531509216587,0.14895321,0.24077778,9.863514,1.5271618E-4,4.5814854E-4,4.5814854E-4,-56.325,-14.925,5.175,,,,,,,,,,,,,,,,,,
SENSOR,1789661801310,41531564496015,0.14895321,0.24077778,9.863514,0.0013744456,0.0029016074,4.5814854E-4,-56.325,-14.925,5.175,,,,,,,,,,,,,,,,,,
SENSOR,1789661801318,41531564496015,0.14895321,0.24077778,9.863514,0.0013744456,0.0029016074,4.5814854E-4,-56.4,-14.55,5.3250003,,,,,,,,,,,,,,,,,,
SENSOR,1789661801398,41531613397212,0.14895321,0.2416751,9.862916,0.0013744456,0.0029016074,4.5814854E-4,-56.4,-14.55,5.3250003,,,,,,,,,,,,,,,,,,
SENSOR,1789661801404,41531664496015,0.14895321,0.2416751,9.862916,-3.0543236E-4,-0.0012217294,4.5814854E-4,-56.4,-14.55,5.3250003,,,,,,,,,,,,,,,,,,
SENSOR,1789661801413,41531664496015,0.14895321,0.2416751,9.862916,-3.0543236E-4,-0.0012217294,4.5814854E-4,-55.800003,-15.150001,3.6750002,,,,,,,,,,,,,,,,,,
SENSOR,1789661801500,41531717577837,0.14985052,0.24077778,9.864112,-3.0543236E-4,-0.0012217294,4.5814854E-4,-55.800003,-15.150001,3.6750002,,,,,,,,,,,,,,,,,,
SENSOR,1789661801508,41531764496015,0.14985052,0.24077778,9.864112,1.5271618E-4,4.5814854E-4,-6.108647E-4,-55.800003,-15.150001,3.6750002,,,,,,,,,,,,,,,,,,
SENSOR,1789661801518,41531764496015,0.14985052,0.24077778,9.864112,1.5271618E-4,4.5814854E-4,-6.108647E-4,-55.800003,-15.000001,4.3500004,,,,,,,,,,,,,,,,,,
SENSOR,1789661801605,41531821758410,0.14925231,0.24077778,9.860523,1.5271618E-4,4.5814854E-4,-6.108647E-4,-55.800003,-15.000001,4.3500004,,,,,,,,,,,,,,,,,,
SENSOR,1789661801605,41531864496015,0.14925231,0.24077778,9.860523,-6.108647E-4,-3.0543236E-4,4.5814854E-4,-55.800003,-15.000001,4.3500004,,,,,,,,,,,,,,,,,,
SENSOR,1789661801613,41531864496015,0.14925231,0.24077778,9.860523,-6.108647E-4,-3.0543236E-4,4.5814854E-4,-56.250004,-14.700001,5.4750004,,,,,,,,,,,,,,,,,,
CELLULAR,1789661801704,,,,,,,,,,,,,,true,NR,4298047490,405,869,,75,403,634080,-108,NR_SS_RSRP,3,
SENSOR,1789661801727,41531925939035,0.14955142,0.24017957,9.864112,-6.108647E-4,-3.0543236E-4,4.5814854E-4,-56.250004,-14.700001,5.4750004,,,,,,,,,,,,,,,,,,
SENSOR,1789661801727,41531964496015,0.14955142,0.24017957,9.864112,-0.0010690133,-7.635809E-4,-7.635809E-4,-56.250004,-14.700001,5.4750004,,,,,,,,,,,,,,,,,,
SENSOR,1789661801727,41531964496015,0.14955142,0.24017957,9.864112,-0.0010690133,-7.635809E-4,-7.635809E-4,-56.4,-14.55,5.3250003,,,,,,,,,,,,,,,,,,
SENSOR,1789661801803,41532064496015,0.14955142,0.24017957,9.864112,6.108647E-4,4.5814854E-4,4.5814854E-4,-56.4,-14.55,5.3250003,,,,,,,,,,,,,,,,,,
SENSOR,1789661801814,41532064496015,0.14955142,0.24017957,9.864112,6.108647E-4,4.5814854E-4,4.5814854E-4,-55.125004,-14.55,4.3500004,,,,,,,,,,,,,,,,,,
SENSOR,1789661801814,41532030119608,0.15194423,0.24077778,9.861719,6.108647E-4,4.5814854E-4,4.5814854E-4,-55.125004,-14.55,4.3500004,,,,,,,,,,,,,,,,,,
GNSS,1789661801903,,true,11.05530521,76.92707615,377.5992431640625,3.7900925,0.0,,94,43,,,,,,,,,,,,,
SENSOR,1789661801909,41532164496015,0.15194423,0.24077778,9.861719,-0.0010690133,-9.162971E-4,4.5814854E-4,-55.125004,-14.55,4.3500004,,,,,,,,,,,,,,,,,,
SENSOR,1789661801916,41532134300181,0.15194423,0.23958136,9.861719,-0.0010690133,-9.162971E-4,4.5814854E-4,-55.125004,-14.55,4.3500004,,,,,,,,,,,,,,,,,,
SENSOR,1789661801916,41532164496015,0.15194423,0.23958136,9.861719,-0.0010690133,-9.162971E-4,4.5814854E-4,-56.475002,-15.375001,4.8,,,,,,,,,,,,,,,,,,
GNSS,1789661802000,,true,11.05530497,76.92707547,377.485595703125,3.7900925,0.0,,94,43,,,,,,,,,,,,,
SENSOR,1789661802004,41532264496015,0.15194423,0.23958136,9.861719,1.5271618E-4,4.5814854E-4,4.5814854E-4,-56.475002,-15.375001,4.8,,,,,,,,,,,,,,,,,,
SENSOR,1789661802012,41532264496015,0.15194423,0.23958136,9.861719,1.5271618E-4,4.5814854E-4,4.5814854E-4,-56.250004,-15.150001,5.4750004,,,,,,,,,,,,,,,,,,
SENSOR,1789661802020,41532238480754,0.15014961,0.23958136,9.862318,1.5271618E-4,4.5814854E-4,4.5814854E-4,-56.250004,-15.150001,5.4750004,,,,,,,,,,,,,,,,,,
SENSOR,1789661802108,41532364496015,0.15014961,0.23958136,9.862318,-0.0,-0.001679878,4.5814854E-4,-56.250004,-15.150001,5.4750004,,,,,,,,,,,,,,,,,,
SENSOR,1789661802117,41532364496015,0.15014961,0.23958136,9.862318,-0.0,-0.001679878,4.5814854E-4,-56.025,-14.700001,4.425,,,,,,,,,,,,,,,,,,
SENSOR,1789661802124,41532342661379,0.1477568,0.23958136,9.861719,-0.0,-0.001679878,4.5814854E-4,-56.025,-14.700001,4.425,,,,,,,,,,,,,,,,,,
SENSOR,1789661802203,41532464496015,0.1477568,0.23958136,9.861719,0.0013744456,0.001679878,-7.635809E-4,-56.025,-14.700001,4.425,,,,,,,,,,,,,,,,,,
SENSOR,1789661802212,41532464496015,0.1477568,0.23958136,9.861719,0.0013744456,0.001679878,-7.635809E-4,-56.625004,-14.55,5.3250003,,,,,,,,,,,,,,,,,,
SENSOR,1789661802229,41532446841900,0.15224335,0.23539393,9.861121,0.0013744456,0.001679878,-7.635809E-4,-56.625004,-14.55,5.3250003,,,,,,,,,,,,,,,,,,
SENSOR,1789661802312,41532564496015,0.15224335,0.23539393,9.861121,0.0010690133,1.5271618E-4,-4.5814854E-4,-56.625004,-14.55,5.3250003,,,,,,,,,,,,,,,,,,
SENSOR,1789661802317,41532564496015,0.15224335,0.23539393,9.861121,0.0010690133,1.5271618E-4,-4.5814854E-4,-55.95,-14.55,6.0,,,,,,,,,,,,,,,,,,
SENSOR,1789661802333,41532551022473,0.1477568,0.24975087,9.864112,0.0010690133,1.5271618E-4,-4.5814854E-4,-55.95,-14.55,6.0,,,,,,,,,,,,,,,,,,
SENSOR,1789661802403,41532664496015,0.1477568,0.24975087,9.864112,1.5271618E-4,3.0543236E-4,1.5271618E-4,-55.95,-14.55,6.0,,,,,,,,,,,,,,,,,,
SENSOR,1789661802412,41532664496015,0.1477568,0.24975087,9.864112,1.5271618E-4,3.0543236E-4,1.5271618E-4,-55.800003,-14.55,4.425,,,,,,,,,,,,,,,,,,
SENSOR,1789661802438,41532655203046,0.15314065,0.23928227,9.861421,1.5271618E-4,3.0543236E-4,1.5271618E-4,-55.800003,-14.55,4.425,,,,,,,,,,,,,,,,,,
SENSOR,1789661802507,41532764496015,0.15314065,0.23928227,9.861421,1.5271618E-4,4.5814854E-4,0.0,-55.800003,-14.55,4.425,,,,,,,,,,,,,,,,,,
SENSOR,1789661802516,41532764496015,0.15314065,0.23928227,9.861421,1.5271618E-4,4.5814854E-4,0.0,-56.025,-14.700001,4.875,,,,,,,,,,,,,,,,,,
SENSOR,1789661802542,41532759383619,0.15134603,0.2431706,9.863514,1.5271618E-4,4.5814854E-4,0.0,-56.025,-14.700001,4.875,,,,,,,,,,,,,,,,,,
SENSOR,1789661802602,41532864496015,0.15134603,0.2431706,9.863514,-7.635809E-4,-7.635809E-4,4.5814854E-4,-56.025,-14.700001,4.875,,,,,,,,,,,,,,,,,,
SENSOR,1789661802611,41532864496015,0.15134603,0.2431706,9.863514,-7.635809E-4,-7.635809E-4,4.5814854E-4,-55.2,-15.000001,2.7,,,,,,,,,,,,,,,,,,
SENSOR,1789661802646,41532863564140,0.14985052,0.24017957,9.8632145,-7.635809E-4,-7.635809E-4,4.5814854E-4,-55.2,-15.000001,2.7,,,,,,,,,,,,,,,,,,
SENSOR,1789661802708,41532964496015,0.14985052,0.24017957,9.8632145,-0.0010690133,1.5271618E-4,4.5814854E-4,-55.2,-15.000001,2.7,,,,,,,,,,,,,,,,,,
SENSOR,1789661802715,41532964496015,0.14985052,0.24017957,9.8632145,-0.0010690133,1.5271618E-4,4.5814854E-4,-55.875004,-14.55,4.125,,,,,,,,,,,,,,,,,,
CELLULAR,1789661802728,,,,,,,,,,,,,,true,NR,4298047490,405,869,,75,403,634080,-108,NR_SS_RSRP,3,
SENSOR,1789661802749,41532967744660,0.15014961,0.2431706,9.864112,-0.0010690133,1.5271618E-4,4.5814854E-4,-55.875004,-14.55,4.125,,,,,,,,,,,,,,,,,,
SENSOR,1789661802802,41533064496015,0.15014961,0.2431706,9.864112,1.5271618E-4,4.5814854E-4,-7.635809E-4,-55.875004,-14.55,4.125,,,,,,,,,,,,,,,,,,
SENSOR,1789661802821,41533064496015,0.15014961,0.2431706,9.864112,1.5271618E-4,4.5814854E-4,-7.635809E-4,-55.500004,-14.775001,4.125,,,,,,,,,,,,,,,,,,
SENSOR,1789661802855,41533071925233,0.14895321,0.24137598,9.862916,1.5271618E-4,4.5814854E-4,-7.635809E-4,-55.500004,-14.775001,4.125,,,,,,,,,,,,,,,,,,
GNSS,1789661802902,,true,11.05530497,76.92707547,377.485595703125,3.7900925,0.0,,94,42,,,,,,,,,,,,,
SENSOR,1789661802907,41533164496015,0.14895321,0.24137598,9.862916,1.5271618E-4,0.001679878,-7.635809E-4,-55.500004,-14.775001,4.125,,,,,,,,,,,,,,,,,,
SENSOR,1789661802915,41533164496015,0.14895321,0.24137598,9.862916,1.5271618E-4,0.001679878,-7.635809E-4,-55.2,-14.85,4.125,,,,,,,,,,,,,,,,,,
GNSS,1789661803000,,true,11.05530609,76.92707824,377.59051513671875,3.7900925,0.0,,94,42,,,,,,,,,,,,,
SENSOR,1789661802959,41533176105754,0.14955142,0.23958136,9.85813,1.5271618E-4,0.001679878,-7.635809E-4,-55.2,-14.85,4.125,,,,,,,,,,,,,,,,,,
SENSOR,1789661803002,41533264496015,0.14955142,0.23958136,9.85813,-9.162971E-4,4.5814854E-4,4.5814854E-4,-55.2,-14.85,4.125,,,,,,,,,,,,,,,,,,
SENSOR,1789661803020,41533264496015,0.14955142,0.23958136,9.85813,-9.162971E-4,4.5814854E-4,4.5814854E-4,-55.575,-14.475,3.825,,,,,,,,,,,,,,,,,,
SENSOR,1789661803063,41533280286275,0.1477568,0.2434697,9.860523,-9.162971E-4,4.5814854E-4,4.5814854E-4,-55.575,-14.475,3.825,,,,,,,,,,,,,,,,,,
SENSOR,1789661803105,41533364496015,0.1477568,0.2434697,9.860523,1.5271618E-4,4.5814854E-4,4.5814854E-4,-55.575,-14.475,3.825,,,,,,,,,,,,,,,,,,
SENSOR,1789661803115,41533364496015,0.1477568,0.2434697,9.860523,1.5271618E-4,4.5814854E-4,4.5814854E-4,-55.425003,-14.85,3.2250001,,,,,,,,,,,,,,,,,,
SENSOR,1789661803168,41533384466796,0.1471586,0.2431706,9.861719,1.5271618E-4,4.5814854E-4,4.5814854E-4,-55.425003,-14.85,3.2250001,,,,,,,,,,,,,,,,,,
SENSOR,1789661803201,41533464496015,0.1471586,0.2431706,9.861719,1.5271618E-4,4.5814854E-4,4.5814854E-4,-55.425003,-14.85,3.2250001,,,,,,,,,,,,,,,,,,
SENSOR,1789661803219,41533464496015,0.1471586,0.2431706,9.861719,1.5271618E-4,4.5814854E-4,4.5814854E-4,-56.025,-14.475,5.025,,,,,,,,,,,,,,,,,,
SENSOR,1789661803271,41533488647317,0.148355,0.2425724,9.863514,1.5271618E-4,4.5814854E-4,4.5814854E-4,-56.025,-14.475,5.025,,,,,,,,,,,,,,,,,,
SENSOR,1789661803309,41533564496015,0.148355,0.2425724,9.863514,1.5271618E-4,4.5814854E-4,-7.635809E-4,-56.025,-14.475,5.025,,,,,,,,,,,,,,,,,,
SENSOR,1789661803315,41533564496015,0.148355,0.2425724,9.863514,1.5271618E-4,4.5814854E-4,-7.635809E-4,-56.325,-15.375001,5.4750004,,,,,,,,,,,,,,,,,,
SENSOR,1789661803375,41533592827785,0.14895321,0.24526432,9.864711,1.5271618E-4,4.5814854E-4,-7.635809E-4,-56.325,-15.375001,5.4750004,,,,,,,,,,,,,,,,,,
SENSOR,1789661803402,41533664496015,0.14895321,0.24526432,9.864711,-9.162971E-4,-6.108647E-4,4.5814854E-4,-56.325,-15.375001,5.4750004,,,,,,,,,,,,,,,,,,
SENSOR,1789661803418,41533664496015,0.14895321,0.24526432,9.864711,-9.162971E-4,-6.108647E-4,4.5814854E-4,-56.250004,-15.000001,4.65,,,,,,,,,,,,,,,,,,
SENSOR,1789661803480,41533697008306,0.1477568,0.24077778,9.861421,-9.162971E-4,-6.108647E-4,4.5814854E-4,-56.250004,-15.000001,4.65,,,,,,,,,,,,,,,,,,
SENSOR,1789661803507,41533764496015,0.1477568,0.24077778,9.861421,1.5271618E-4,-0.0,4.5814854E-4,-56.250004,-15.000001,4.65,,,,,,,,,,,,,,,,,,
SENSOR,1789661803515,41533764496015,0.1477568,0.24077778,9.861421,1.5271618E-4,-0.0,4.5814854E-4,-56.100002,-14.925,5.025,,,,,,,,,,,,,,,,,,
SENSOR,1789661803584,41533801188775,0.14895321,0.24077778,9.865009,1.5271618E-4,-0.0,4.5814854E-4,-56.100002,-14.925,5.025,,,,,,,,,,,,,,,,,,
SENSOR,1789661803609,41533864496015,0.14895321,0.24077778,9.865009,1.5271618E-4,-7.635809E-4,4.5814854E-4,-56.100002,-14.925,5.025,,,,,,,,,,,,,,,,,,
SENSOR,1789661803619,41533864496015,0.14895321,0.24077778,9.865009,1.5271618E-4,-7.635809E-4,4.5814854E-4,-56.100002,-14.85,5.25,,,,,,,,,,,,,,,,,,
SENSOR,1789661803688,41533905369296,0.14656039,0.25034907,9.867104,1.5271618E-4,-7.635809E-4,4.5814854E-4,-56.100002,-14.85,5.25,,,,,,,,,,,,,,,,,,
SENSOR,1789661803705,41533964496015,0.14656039,0.25034907,9.867104,-0.001679878,-1.5271618E-4,4.5814854E-4,-56.100002,-14.85,5.25,,,,,,,,,,,,,,,,,,
SENSOR,1789661803715,41533964496015,0.14656039,0.25034907,9.867104,-0.001679878,-1.5271618E-4,4.5814854E-4,-55.725002,-14.700001,4.9500003,,,,,,,,,,,,,,,,,,
CELLULAR,1789661803747,,,,,,,,,,,,,,true,NR,4298047490,405,869,,75,403,634080,-108,NR_SS_RSRP,3,
SENSOR,1789661803792,41534009549765,0.15074782,0.23479572,9.861421,-0.001679878,-1.5271618E-4,4.5814854E-4,-55.725002,-14.700001,4.9500003,,,,,,,,,,,,,,,,,,
SENSOR,1789661803809,41534064496015,0.15074782,0.23479572,9.861421,3.0543236E-4,0.001679878,-7.635809E-4,-55.725002,-14.700001,4.9500003,,,,,,,,,,,,,,,,,,
SENSOR,1789661803824,41534064496015,0.15074782,0.23479572,9.861421,3.0543236E-4,0.001679878,-7.635809E-4,-56.025,-15.225,5.175,,,,,,,,,,,,,,,,,,
SENSOR,1789661803898,41534113730233,0.14985052,0.24197419,9.863514,3.0543236E-4,0.001679878,-7.635809E-4,-56.025,-15.225,5.175,,,,,,,,,,,,,,,,,,
SENSOR,1789661803904,41534164496015,0.14985052,0.24197419,9.863514,1.5271618E-4,-7.635809E-4,-7.635809E-4,-56.025,-15.225,5.175,,,,,,,,,,,,,,,,,,
GNSS,1789661803906,,true,11.05530609,76.92707824,377.59051513671875,3.7900925,0.0,,95,42,,,,,,,,,,,,,
SENSOR,1789661803914,41534164496015,0.14985052,0.24197419,9.863514,1.5271618E-4,-7.635809E-4,-7.635809E-4,-56.250004,-14.925,4.8,,,,,,,,,,,,,,,,,,
GNSS,1789661804000,,true,11.05530611,76.92707825,377.586181640625,3.7900925,0.0,,95,42,,,,,,,,,,,,,
SENSOR,1789661804000,41534217910702,0.148355,0.23898315,9.862318,1.5271618E-4,-7.635809E-4,-7.635809E-4,-56.250004,-14.925,4.8,,,,,,,,,,,,,,,,,,
SENSOR,1789661804008,41534264496015,0.148355,0.23898315,9.862318,1.5271618E-4,4.5814854E-4,3.0543236E-4,-56.250004,-14.925,4.8,,,,,,,,,,,,,,,,,,
SENSOR,1789661804018,41534264496015,0.148355,0.23898315,9.862318,1.5271618E-4,4.5814854E-4,3.0543236E-4,-55.875004,-14.400001,4.3500004,,,,,,,,,,,,,,,,,,
SENSOR,1789661804106,41534322091171,0.15164514,0.23988047,9.862318,1.5271618E-4,4.5814854E-4,3.0543236E-4,-55.875004,-14.400001,4.3500004,,,,,,,,,,,,,,,,,,
SENSOR,1789661804106,41534364496015,0.15164514,0.23988047,9.862318,1.5271618E-4,-7.635809E-4,-3.0543236E-4,-55.875004,-14.400001,4.3500004,,,,,,,,,,,,,,,,,,
SENSOR,1789661804113,41534364496015,0.15164514,0.23988047,9.862318,1.5271618E-4,-7.635809E-4,-3.0543236E-4,-56.025,-15.000001,4.9500003,,,,,,,,,,,,,,,,,,
SENSOR,1789661804210,41534426271587,0.14955142,0.23898315,9.862019,1.5271618E-4,-7.635809E-4,-3.0543236E-4,-56.025,-15.000001,4.9500003,,,,,,,,,,,,,,,,,,
SENSOR,1789661804210,41534464496015,0.14955142,0.23898315,9.862019,0.0012217294,3.0543236E-4,-6.108647E-4,-56.025,-15.000001,4.9500003,,,,,,,,,,,,,,,,,,
SENSOR,1789661804218,41534464496015,0.14955142,0.23898315,9.862019,0.0012217294,3.0543236E-4,-6.108647E-4,-56.625004,-14.85,5.55,,,,,,,,,,,,,,,,,,
SENSOR,1789661804304,41534564496015,0.14955142,0.23898315,9.862019,1.5271618E-4,-7.635809E-4,4.5814854E-4,-56.625004,-14.85,5.55,,,,,,,,,,,,,,,,,,
SENSOR,1789661804313,41534530452056,0.1486541,0.24197419,9.865309,1.5271618E-4,-7.635809E-4,4.5814854E-4,-56.625004,-14.85,5.55,,,,,,,,,,,,,,,,,,
SENSOR,1789661804314,41534564496015,0.1486541,0.24197419,9.865309,1.5271618E-4,-7.635809E-4,4.5814854E-4,-56.250004,-15.150001,5.175,,,,,,,,,,,,,,,,,,
SENSOR,1789661804409,41534664496015,0.1486541,0.24197419,9.865309,0.0013744456,-7.635809E-4,4.5814854E-4,-56.250004,-15.150001,5.175,,,,,,,,,,,,,,,,,,
SENSOR,1789661804418,41534634632473,0.14985052,0.2318047,9.858728,0.0013744456,-7.635809E-4,4.5814854E-4,-56.250004,-15.150001,5.175,,,,,,,,,,,,,,,,,,
SENSOR,1789661804419,41534664496015,0.14985052,0.2318047,9.858728,0.0013744456,-7.635809E-4,4.5814854E-4,-56.325,-14.85,5.175,,,,,,,,,,,,,,,,,,
SENSOR,1789661804503,41534764496015,0.14985052,0.2318047,9.858728,1.5271618E-4,1.5271618E-4,0.0,-56.325,-14.85,5.175,,,,,,,,,,,,,,,,,,
SENSOR,1789661804513,41534764496015,0.14985052,0.2318047,9.858728,1.5271618E-4,1.5271618E-4,0.0,-56.4,-14.775001,6.0750003,,,,,,,,,,,,,,,,,,
SENSOR,1789661804521,41534738812890,0.14925231,0.24915266,9.8632145,1.5271618E-4,1.5271618E-4,0.0,-56.4,-14.775001,6.0750003,,,,,,,,,,,,,,,,,,
SENSOR,1789661804608,41534864496015,0.14925231,0.24915266,9.8632145,1.5271618E-4,-9.162971E-4,-7.635809E-4,-56.4,-14.775001,6.0750003,,,,,,,,,,,,,,,,,,
SENSOR,1789661804618,41534864496015,0.14925231,0.24915266,9.8632145,1.5271618E-4,-9.162971E-4,-7.635809E-4,-56.475002,-15.000001,4.275,,,,,,,,,,,,,,,,,,
SENSOR,1789661804626,41534842993358,0.15164514,0.23838496,9.863813,1.5271618E-4,-9.162971E-4,-7.635809E-4,-56.475002,-15.000001,4.275,,,,,,,,,,,,,,,,,,
SENSOR,1789661804704,41534964496015,0.15164514,0.23838496,9.863813,1.5271618E-4,4.5814854E-4,-7.635809E-4,-56.475002,-15.000001,4.275,,,,,,,,,,,,,,,,,,
SENSOR,1789661804712,41534964496015,0.15164514,0.23838496,9.863813,1.5271618E-4,4.5814854E-4,-7.635809E-4,-55.875004,-14.475,4.3500004,,,,,,,,,,,,,,,,,,
SENSOR,1789661804729,41534947173775,0.148355,0.24496523,9.864711,1.5271618E-4,4.5814854E-4,-7.635809E-4,-55.875004,-14.475,4.3500004,,,,,,,,,,,,,,,,,,
CELLULAR,1789661804766,,,,,,,,,,,,,,true,NR,4298047490,405,869,,75,403,634080,-108,NR_SS_RSRP,3,
SENSOR,1789661804809,41535064496015,0.148355,0.24496523,9.864711,-0.0010690133,-0.0019853103,-4.5814854E-4,-55.875004,-14.475,4.3500004,,,,,,,,,,,,,,,,,,
SENSOR,1789661804821,41535064496015,0.148355,0.24496523,9.864711,-0.0010690133,-0.0019853103,-4.5814854E-4,-56.325,-14.85,4.7250004,,,,,,,,,,,,,,,,,,
SENSOR,1789661804833,41535051354140,0.15014961,0.24496523,9.863514,-0.0010690133,-0.0019853103,-4.5814854E-4,-56.325,-14.85,4.7250004,,,,,,,,,,,,,,,,,,
GNSS,1789661804903,,true,11.05530611,76.92707825,377.586181640625,3.7900925,0.0,,94,43,,,,,,,,,,,,,
SENSOR,1789661804908,41535164496015,0.15014961,0.24496523,9.863514,-7.635809E-4,-0.0013744456,4.5814854E-4,-56.325,-14.85,4.7250004,,,,,,,,,,,,,,,,,,
SENSOR,1789661804911,41535164496015,0.15014961,0.24496523,9.863514,-7.635809E-4,-0.0013744456,4.5814854E-4,-56.325,-14.625001,4.9500003,,,,,,,,,,,,,,,,,,
GNSS,1789661805000,,true,11.05530619,76.92707856,377.62158203125,3.7900925,0.0,,94,43,,,,,,,,,,,,,
SENSOR,1789661804937,41535155534556,0.14955142,0.24227329,9.863514,-7.635809E-4,-0.0013744456,4.5814854E-4,-56.325,-14.625001,4.9500003,,,,,,,,,,,,,,,,,,
SENSOR,1789661805008,41535264496015,0.14955142,0.24227329,9.863514,-1.5271618E-4,0.0010690133,-7.635809E-4,-56.325,-14.625001,4.9500003,,,,,,,,,,,,,,,,,,
SENSOR,1789661805017,41535264496015,0.14955142,0.24227329,9.863514,-1.5271618E-4,0.0010690133,-7.635809E-4,-56.025,-14.85,5.925,,,,,,,,,,,,,,,,,,
SENSOR,1789661805042,41535259714973,0.14985052,0.24466611,9.861719,-1.5271618E-4,0.0010690133,-7.635809E-4,-56.025,-14.85,5.925,,,,,,,,,,,,,,,,,,
SENSOR,1789661805104,41535364496015,0.14985052,0.24466611,9.861719,-0.0,-4.5814854E-4,-6.108647E-4,-56.025,-14.85,5.925,,,,,,,,,,,,,,,,,,
SENSOR,1789661805112,41535364496015,0.14985052,0.24466611,9.861719,-0.0,-4.5814854E-4,-6.108647E-4,-56.100002,-14.700001,5.25,,,,,,,,,,,,,,,,,,
SENSOR,1789661805147,41535363895337,0.14955142,0.24047868,9.860224,-0.0,-4.5814854E-4,-6.108647E-4,-56.100002,-14.700001,5.25,,,,,,,,,,,,,,,,,,
SENSOR,1789661805207,41535464496015,0.14955142,0.24047868,9.860224,1.5271618E-4,-3.0543236E-4,4.5814854E-4,-56.100002,-14.700001,5.25,,,,,,,,,,,,,,,,,,
SENSOR,1789661805216,41535464496015,0.14955142,0.24047868,9.860224,1.5271618E-4,-3.0543236E-4,4.5814854E-4,-55.500004,-14.85,4.65,,,,,,,,,,,,,,,,,,
SENSOR,1789661805250,41535468075702,0.15074782,0.24556342,9.861121,1.5271618E-4,-3.0543236E-4,4.5814854E-4,-55.500004,-14.85,4.65,,,,,,,,,,,,,,,,,,
SENSOR,1789661805302,41535564496015,0.15074782,0.24556342,9.861121,-7.635809E-4,-0.0012217294,4.5814854E-4,-55.500004,-14.85,4.65,,,,,,,,,,,,,,,,,,
SENSOR,1789661805312,41535564496015,0.15074782,0.24556342,9.861121,-7.635809E-4,-0.0012217294,4.5814854E-4,-56.250004,-14.700001,5.175,,,,,,,,,,,,,,,,,,
SENSOR,1789661805355,41535572256067,0.14955142,0.24077778,9.863514,-7.635809E-4,-0.0012217294,4.5814854E-4,-56.250004,-14.700001,5.175,,,,,,,,,,,,,,,,,,
SENSOR,1789661805407,41535664496015,0.14955142,0.24077778,9.863514,-0.0010690133,-7.635809E-4,4.5814854E-4,-56.250004,-14.700001,5.175,,,,,,,,,,,,,,,,,,
SENSOR,1789661805417,41535664496015,0.14955142,0.24077778,9.863514,-0.0010690133,-7.635809E-4,4.5814854E-4,-56.025,-15.000001,5.025,,,,,,,,,,,,,,,,,,
SENSOR,1789661805459,41535676436483,0.1477568,0.24646074,9.861121,-0.0010690133,-7.635809E-4,4.5814854E-4,-56.025,-15.000001,5.025,,,,,,,,,,,,,,,,,,
SENSOR,1789661805503,41535764496015,0.1477568,0.24646074,9.861121,-7.635809E-4,-4.5814854E-4,4.5814854E-4,-56.025,-15.000001,5.025,,,,,,,,,,,,,,,,,,
SENSOR,1789661805520,41535764496015,0.1477568,0.24646074,9.861121,-7.635809E-4,-4.5814854E-4,4.5814854E-4,-55.725002,-14.475,4.05,,,,,,,,,,,,,,,,,,
SENSOR,1789661805563,41535780616796,0.15044872,0.24077778,9.863813,-7.635809E-4,-4.5814854E-4,4.5814854E-4,-55.725002,-14.475,4.05,,,,,,,,,,,,,,,,,,
SENSOR,1789661805607,41535864496015,0.15044872,0.24077778,9.863813,1.5271618E-4,0.0010690133,-7.635809E-4,-55.725002,-14.475,4.05,,,,,,,,,,,,,,,,,,
SENSOR,1789661805616,41535864496015,0.15044872,0.24077778,9.863813,1.5271618E-4,0.0010690133,-7.635809E-4,-55.65,-14.55,4.875,,,,,,,,,,,,,,,,,,
SENSOR,1789661805667,41535884797160,0.15014961,0.2428715,9.860822,1.5271618E-4,0.0010690133,-7.635809E-4,-55.65,-14.55,4.875,,,,,,,,,,,,,,,,,,
SENSOR,1789661805703,41535964496015,0.15014961,0.2428715,9.860822,-9.162971E-4,-0.002596175,-7.635809E-4,-55.65,-14.55,4.875,,,,,,,,,,,,,,,,,,
SENSOR,1789661805720,41535964496015,0.15014961,0.2428715,9.860822,-9.162971E-4,-0.002596175,-7.635809E-4,-56.4,-14.925,4.9500003,,,,,,,,,,,,,,,,,,
SENSOR,1789661805771,41535988977525,0.1477568,0.23958136,9.861121,-9.162971E-4,-0.002596175,-7.635809E-4,-56.4,-14.925,4.9500003,,,,,,,,,,,,,,,,,,
CELLULAR,1789661805788,,,,,,,,,,,,,,true,NR,4298047490,405,869,,75,403,634080,-108,NR_SS_RSRP,3,
SENSOR,1789661805810,41536064496015,0.1477568,0.23958136,9.861121,0.001679878,0.0013744456,-7.635809E-4,-56.4,-14.925,4.9500003,,,,,,,,,,,,,,,,,,
SENSOR,1789661805815,41536064496015,0.1477568,0.23958136,9.861121,0.001679878,0.0013744456,-7.635809E-4,-55.800003,-14.55,3.825,,,,,,,,,,,,,,,,,,
SENSOR,1789661805876,41536093157837,0.148355,0.25004998,9.863813,0.001679878,0.0013744456,-7.635809E-4,-55.800003,-14.55,3.825,,,,,,,,,,,,,,,,,,
SENSOR,1789661805902,41536164496015,0.148355,0.25004998,9.863813,0.002443459,0.0039706207,4.5814854E-4,-55.800003,-14.55,3.825,,,,,,,,,,,,,,,,,,
GNSS,1789661805904,,true,11.05530619,76.92707856,377.62158203125,3.7900925,0.0,,95,45,,,,,,,,,,,,,
GNSS,1789661806000,,true,11.05530616,76.92707816,377.4375,3.7900925,0.0,,95,45,,,,,,,,,,,,,
SENSOR,1789661805919,41536164496015,0.148355,0.25004998,9.863813,0.002443459,0.0039706207,4.5814854E-4,-55.725002,-14.700001,4.9500003,,,,,,,,,,,,,,,,,,
SENSOR,1789661805980,41536197338202,0.148355,0.23988047,9.859028,0.002443459,0.0039706207,4.5814854E-4,-55.725002,-14.700001,4.9500003,,,,,,,,,,,,,,,,,,
SENSOR,1789661806006,41536264496015,0.148355,0.23988047,9.859028,-0.0010690133,-0.0027488912,4.5814854E-4,-55.725002,-14.700001,4.9500003,,,,,,,,,,,,,,,,,,
SENSOR,1789661806015,41536264496015,0.148355,0.23988047,9.859028,-0.0010690133,-0.0027488912,4.5814854E-4,-56.325,-15.075001,5.25,,,,,,,,,,,,,,,,,,
SENSOR,1789661806084,41536301518515,0.15194423,0.24197419,9.863514,-0.0010690133,-0.0027488912,4.5814854E-4,-56.325,-15.075001,5.25,,,,,,,,,,,,,,,,,,
SENSOR,1789661806101,41536364496015,0.15194423,0.24197419,9.863514,-9.162971E-4,-0.0029016074,4.5814854E-4,-56.325,-15.075001,5.25,,,,,,,,,,,,,,,,,,
SENSOR,1789661806119,41536364496015,0.15194423,0.24197419,9.863514,-9.162971E-4,-0.0029016074,4.5814854E-4,-56.475002,-14.55,5.4750004,,,,,,,,,,,,,,,,,,
SENSOR,1789661806188,41536405698827,0.14895321,0.24526432,9.864711,-9.162971E-4,-0.0029016074,4.5814854E-4,-56.475002,-14.55,5.4750004,,,,,,,,,,,,,,,,,,
SENSOR,1789661806206,41536464496015,0.14895321,0.24526432,9.864711,9.162971E-4,6.108647E-4,4.5814854E-4,-56.475002,-14.55,5.4750004,,,,,,,,,,,,,,,,,,
SENSOR,1789661806214,41536464496015,0.14895321,0.24526432,9.864711,9.162971E-4,6.108647E-4,4.5814854E-4,-55.800003,-14.625001,5.25,,,,,,,,,,,,,,,,,,
SENSOR,1789661806292,41536509879140,0.15014961,0.2425724,9.861719,9.162971E-4,6.108647E-4,4.5814854E-4,-55.800003,-14.625001,5.25,,,,,,,,,,,,,,,,,,
SENSOR,1789661806309,41536564496015,0.15014961,0.2425724,9.861719,1.5271618E-4,4.5814854E-4,-7.635809E-4,-55.800003,-14.625001,5.25,,,,,,,,,,,,,,,,,,
SENSOR,1789661806319,41536564496015,0.15014961,0.2425724,9.861719,1.5271618E-4,4.5814854E-4,-7.635809E-4,-56.250004,-14.85,5.25,,,,,,,,,,,,,,,,,,
SENSOR,1789661806396,41536614059452,0.14925231,0.24496523,9.862916,1.5271618E-4,4.5814854E-4,-7.635809E-4,-56.250004,-14.85,5.25,,,,,,,,,,,,,,,,,,
SENSOR,1789661806406,41536664496015,0.14925231,0.24496523,9.862916,-3.0543236E-4,-0.0,-3.0543236E-4,-56.250004,-14.85,5.25,,,,,,,,,,,,,,,,,,
SENSOR,1789661806414,41536664496015,0.14925231,0.24496523,9.862916,-3.0543236E-4,-0.0,-3.0543236E-4,-56.475002,-15.375001,5.025,,,,,,,,,,,,,,,,,,
SENSOR,1789661806500,41536718239765,0.15044872,0.2434697,9.861121,-3.0543236E-4,-0.0,-3.0543236E-4,-56.475002,-15.375001,5.025,,,,,,,,,,,,,,,,,,
SENSOR,1789661806509,41536764496015,0.15044872,0.2434697,9.861121,-0.0010690133,-6.108647E-4,-7.635809E-4,-56.475002,-15.375001,5.025,,,,,,,,,,,,,,,,,,
SENSOR,1789661806519,41536764496015,0.15044872,0.2434697,9.861121,-0.0010690133,-6.108647E-4,-7.635809E-4,-55.875004,-14.625001,4.875,,,,,,,,,,,,,,,,,,
SENSOR,1789661806605,41536822420077,0.14895321,0.2425724,9.864112,-0.0010690133,-6.108647E-4,-7.635809E-4,-55.875004,-14.625001,4.875,,,,,,,,,,,,,,,,,,
SENSOR,1789661806606,41536864496015,0.14895321,0.2425724,9.864112,1.5271618E-4,-7.635809E-4,-7.635809E-4,-55.875004,-14.625001,4.875,,,,,,,,,,,,,,,,,,
SENSOR,1789661806614,41536864496015,0.14895321,0.2425724,9.864112,1.5271618E-4,-7.635809E-4,-7.635809E-4,-56.175003,-15.6,4.125,,,,,,,,,,,,,,,,,,
SENSOR,1789661806708,41536964496015,0.14895321,0.2425724,9.864112,1.5271618E-4,4.5814854E-4,4.5814854E-4,-56.175003,-15.6,4.125,,,,,,,,,,,,,,,,,,
SENSOR,1789661806708,41536926600337,0.15014961,0.2416751,9.864411,1.5271618E-4,4.5814854E-4,4.5814854E-4,-56.175003,-15.6,4.125,,,,,,,,,,,,,,,,,,
SENSOR,1789661806718,41536964496015,0.15014961,0.2416751,9.864411,1.5271618E-4,4.5814854E-4,4.5814854E-4,-56.025,-14.925,4.5,,,,,,,,,,,,,,,,,,
SENSOR,1789661806804,41537064496015,0.15014961,0.2416751,9.864411,-0.0010690133,-1.5271618E-4,4.5814854E-4,-56.025,-14.925,4.5,,,,,,,,,,,,,,,,,,
CELLULAR,1789661806810,,,,,,,,,,,,,,true,NR,4298047490,405,869,,75,403,634080,-108,NR_SS_RSRP,3,
SENSOR,1789661806824,41537030780650,0.1471586,0.2431706,9.864411,-0.0010690133,-1.5271618E-4,4.5814854E-4,-56.025,-14.925,4.5,,,,,,,,,,,,,,,,,,
SENSOR,1789661806824,41537064496015,0.1471586,0.2431706,9.864411,-0.0010690133,-1.5271618E-4,4.5814854E-4,-55.275,-14.925,4.05,,,,,,,,,,,,,,,,,,
GNSS,1789661806898,,true,11.05530616,76.92707816,377.4375,3.7900925,0.0,,95,44,,,,,,,,,,,,,
SENSOR,1789661806908,41537164496015,0.1471586,0.2431706,9.864411,-9.162971E-4,-6.108647E-4,4.5814854E-4,-55.275,-14.925,4.05,,,,,,,,,,,,,,,,,,
GNSS,1789661807000,,true,11.05530605,76.92707836,377.49365234375,3.7900925,0.0,,95,44,,,,,,,,,,,,,
SENSOR,1789661806916,41537134960910,0.15134603,0.23629123,9.862318,-9.162971E-4,-6.108647E-4,4.5814854E-4,-55.275,-14.925,4.05,,,,,,,,,,,,,,,,,,
SENSOR,1789661806916,41537164496015,0.15134603,0.23629123,9.862318,-9.162971E-4,-6.108647E-4,4.5814854E-4,-55.350002,-14.250001,3.2250001,,,,,,,,,,,,,,,,,,
SENSOR,1789661807005,41537264496015,0.15134603,0.23629123,9.862318,-0.002596175,-0.002596175,4.5814854E-4,-55.350002,-14.250001,3.2250001,,,,,,,,,,,,,,,,,,
SENSOR,1789661807014,41537264496015,0.15134603,0.23629123,9.862318,-0.002596175,-0.002596175,4.5814854E-4,-55.725002,-14.775001,3.6000001,,,,,,,,,,,,,,,,,,
SENSOR,1789661807021,41537239141223,0.148355,0.24795625,9.865009,-0.002596175,-0.002596175,4.5814854E-4,-55.725002,-14.775001,3.6000001,,,,,,,,,,,,,,,,,,
SENSOR,1789661807109,41537364496015,0.148355,0.24795625,9.865009,-4.5814854E-4,-0.0019853103,-7.635809E-4,-55.725002,-14.775001,3.6000001,,,,,,,,,,,,,,,,,,
SENSOR,1789661807118,41537364496015,0.148355,0.24795625,9.865009,-4.5814854E-4,-0.0019853103,-7.635809E-4,-55.65,-14.700001,4.8,,,,,,,,,,,,,,,,,,
SENSOR,1789661807126,41537343321483,0.14955142,0.23988047,9.860224,-4.5814854E-4,-0.0019853103,-7.635809E-4,-55.65,-14.700001,4.8,,,,,,,,,,,,,,,,,,
SENSOR,1789661807204,41537464496015,0.14955142,0.23988047,9.860224,-0.0027488912,-0.005650499,0.0,-55.65,-14.700001,4.8,,,,,,,,,,,,,,,,,,
SENSOR,1789661807213,41537464496015,0.14955142,0.23988047,9.860224,-0.0027488912,-0.005650499,0.0,-55.500004,-14.625001,4.125,,,,,,,,,,,,,,,,,,
SENSOR,1789661807230,41537447501744,0.14745769,0.24855445,9.861719,-0.0027488912,-0.005650499,0.0,-55.500004,-14.625001,4.125,,,,,,,,,,,,,,,,,,
SENSOR,1789661807308,41537564496015,0.14745769,0.24855445,9.861719,0.0039706207,0.007941241,-6.108647E-4,-55.500004,-14.625001,4.125,,,,,,,,,,,,,,,,,,
SENSOR,1789661807317,41537564496015,0.14745769,0.24855445,9.861719,0.0039706207,0.007941241,-6.108647E-4,-55.725002,-14.475,4.2000003,,,,,,,,,,,,,,,,,,
SENSOR,1789661807334,41537551681952,0.15224335,0.24077778,9.860822,0.0039706207,0.007941241,-6.108647E-4,-55.725002,-14.475,4.2000003,,,,,,,,,,,,,,,,,,
SENSOR,1789661807403,41537664496015,0.15224335,0.24077778,9.860822,0.0012217294,1.5271618E-4,4.5814854E-4,-55.725002,-14.475,4.2000003,,,,,,,,,,,,,,,,,,
SENSOR,1789661807413,41537664496015,0.15224335,0.24077778,9.860822,0.0012217294,1.5271618E-4,4.5814854E-4,-55.800003,-14.775001,4.65,,,,,,,,,,,,,,,,,,
SENSOR,1789661807439,41537655862212,0.14985052,0.24705894,9.8632145,0.0012217294,1.5271618E-4,4.5814854E-4,-55.800003,-14.775001,4.65,,,,,,,,,,,,,,,,,,
SENSOR,1789661807507,41537764496015,0.14985052,0.24705894,9.8632145,-0.0010690133,-0.0032070398,-7.635809E-4,-55.800003,-14.775001,4.65,,,,,,,,,,,,,,,,,,
SENSOR,1789661807516,41537764496015,0.14985052,0.24705894,9.8632145,-0.0010690133,-0.0032070398,-7.635809E-4,-56.100002,-14.625001,4.7250004,,,,,,,,,,,,,,,,,,
SENSOR,1789661807542,41537760042473,0.14955142,0.24107689,9.8632145,-0.0010690133,-0.0032070398,-7.635809E-4,-56.100002,-14.625001,4.7250004,,,,,,,,,,,,,,,,,,
SENSOR,1789661807604,41537864496015,0.14955142,0.24107689,9.8632145,-7.635809E-4,-0.0010690133,1.5271618E-4,-56.100002,-14.625001,4.7250004,,,,,,,,,,,,,,,,,,
SENSOR,1789661807611,41537864496015,0.14955142,0.24107689,9.8632145,-7.635809E-4,-0.0010690133,1.5271618E-4,-55.500004,-14.55,4.8,,,,,,,,,,,,,,,,,,
SENSOR,1789661807648,41537864222681,0.15284155,0.23958136,9.861121,-7.635809E-4,-0.0010690133,1.5271618E-4,-55.500004,-14.55,4.8,,,,,,,,,,,,,,,,,,
SENSOR,1789661807708,41537964496015,0.15284155,0.23958136,9.861121,0.0010690133,0.0022907427,-7.635809E-4,-55.500004,-14.55,4.8,,,,,,,,,,,,,,,,,,
SENSOR,1789661807716,41537964496015,0.15284155,0.23958136,9.861121,0.0010690133,0.0022907427,-7.635809E-4,-55.425003,-15.075001,4.3500004,,,,,,,,,,,,,,,,,,
SENSOR,1789661807750,41537968402942,0.15104693,0.24017957,9.860523,0.0010690133,0.0022907427,-7.635809E-4,-55.425003,-15.075001,4.3500004,,,,,,,,,,,,,,,,,,
SENSOR,1789661807803,41538064496015,0.15104693,0.24017957,9.860523,9.162971E-4,9.162971E-4,4.5814854E-4,-55.425003,-15.075001,4.3500004,,,,,,,,,,,,,,,,,,
SENSOR,1789661807812,41538064496015,0.15104693,0.24017957,9.860523,9.162971E-4,9.162971E-4,4.5814854E-4,-56.250004,-14.700001,5.3250003,,,,,,,,,,,,,,,,,,
CELLULAR,1789661807824,,,,,,,,,,,,,,true,NR,4298047490,405,869,,75,403,634080,-108,NR_SS_RSRP,3,
SENSOR,1789661807856,41538072583150,0.148355,0.24945176,9.864711,9.162971E-4,9.162971E-4,4.5814854E-4,-56.250004,-14.700001,5.3250003,,,,,,,,,,,,,,,,,,
GNSS,1789661807904,,true,11.05530605,76.92707836,377.49365234375,3.7900925,0.0,,94,42,,,,,,,,,,,,,
SENSOR,1789661807909,41538164496015,0.148355,0.24945176,9.864711,-1.5271618E-4,0.0022907427,4.5814854E-4,-56.250004,-14.700001,5.3250003,,,,,,,,,,,,,,,,,,
SENSOR,1789661807916,41538164496015,0.148355,0.24945176,9.864711,-1.5271618E-4,0.0022907427,4.5814854E-4,-55.500004,-14.775001,4.875,,,,,,,,,,,,,,,,,,
GNSS,1789661808000,,true,11.05530588,76.9270789,377.578369140625,3.7900925,0.0,,94,42,,,,,,,,,,,,,
SENSOR,1789661807960,41538176763358,0.15104693,0.24017957,9.861121,-1.5271618E-4,0.0022907427,4.5814854E-4,-55.500004,-14.775001,4.875,,,,,,,,,,,,,,,,,,
SENSOR,1789661808002,41538264496015,0.15104693,0.24017957,9.861121,0.0022907427,0.0044287695,-7.635809E-4,-55.500004,-14.775001,4.875,,,,,,,,,,,,,,,,,,
SENSOR,1789661808012,41538264496015,0.15104693,0.24017957,9.861121,0.0022907427,0.0044287695,-7.635809E-4,-56.175003,-15.150001,5.025,,,,,,,,,,,,,,,,,,
SENSOR,1789661808065,41538280943567,0.15014961,0.24227329,9.863514,0.0022907427,0.0044287695,-7.635809E-4,-56.175003,-15.150001,5.025,,,,,,,,,,,,,,,,,,
SENSOR,1789661808107,41538364496015,0.15014961,0.24227329,9.863514,-0.0010690133,1.5271618E-4,4.5814854E-4,-56.175003,-15.150001,5.025,,,,,,,,,,,,,,,,,,
SENSOR,1789661808115,41538364496015,0.15014961,0.24227329,9.863514,-0.0010690133,1.5271618E-4,4.5814854E-4,-56.100002,-15.000001,4.7250004,,,,,,,,,,,,,,,,,,
SENSOR,1789661808168,41538385123723,0.15014961,0.2425724,9.858728,-0.0010690133,1.5271618E-4,4.5814854E-4,-56.100002,-15.000001,4.7250004,,,,,,,,,,,,,,,,,,
SENSOR,1789661808202,41538464496015,0.15014961,0.2425724,9.858728,-7.635809E-4,-0.001679878,4.5814854E-4,-56.100002,-15.000001,4.7250004,,,,,,,,,,,,,,,,,,
SENSOR,1789661808220,41538464496015,0.15014961,0.2425724,9.858728,-7.635809E-4,-0.001679878,4.5814854E-4,-56.4,-14.85,5.025,,,,,,,,,,,,,,,,,,
SENSOR,1789661808272,41538489303931,0.15164514,0.24047868,9.862617,-7.635809E-4,-0.001679878,4.5814854E-4,-56.4,-14.85,5.025,,,,,,,,,,,,,,,,,,
SENSOR,1789661808307,41538564496015,0.15164514,0.24047868,9.862617,-3.0543236E-4,-0.0013744456,4.5814854E-4,-56.4,-14.85,5.025,,,,,,,,,,,,,,,,,,
SENSOR,1789661808315,41538564496015,0.15164514,0.24047868,9.862617,-3.0543236E-4,-0.0013744456,4.5814854E-4,-56.100002,-14.475,5.25,,,,,,,,,,,,,,,,,,
SENSOR,1789661808378,41538593484140,0.14985052,0.2416751,9.861421,-3.0543236E-4,-0.0013744456,4.5814854E-4,-56.100002,-14.475,5.25,,,,,,,,,,,,,,,,,,
SENSOR,1789661808402,41538664496015,0.14985052,0.2416751,9.861421,-9.162971E-4,-0.0015271618,4.5814854E-4,-56.100002,-14.475,5.25,,,,,,,,,,,,,,,,,,
SENSOR,1789661808419,41538664496015,0.14985052,0.2416751,9.861421,-9.162971E-4,-0.0015271618,4.5814854E-4,-55.875004,-15.150001,5.1000004,,,,,,,,,,,,,,,,,,
SENSOR,1789661808480,41538697664296,0.14895321,0.24705894,9.862916,-9.162971E-4,-0.0015271618,4.5814854E-4,-55.875004,-15.150001,5.1000004,,,,,,,,,,,,,,,,,,
SENSOR,1789661808506,41538764496015,0.14895321,0.24705894,9.862916,0.0,1.5271618E-4,4.5814854E-4,-55.875004,-15.150001,5.1000004,,,,,,,,,,,,,,,,,,
SENSOR,1789661808515,41538764496015,0.14895321,0.24705894,9.862916,0.0,1.5271618E-4,4.5814854E-4,-55.800003,-14.625001,4.9500003,,,,,,,,,,,,,,,,,,
SENSOR,1789661808585,41538801844452,0.14895321,0.24047868,9.864711,0.0,1.5271618E-4,4.5814854E-4,-55.800003,-14.625001,4.9500003,,,,,,,,,,,,,,,,,,
SENSOR,1789661808602,41538864496015,0.14895321,0.24047868,9.864711,-0.0021380265,-0.00519235,4.5814854E-4,-55.800003,-14.625001,4.9500003,,,,,,,,,,,,,,,,,,
SENSOR,1789661808619,41538864496015,0.14895321,0.24047868,9.864711,-0.0021380265,-0.00519235,4.5814854E-4,-55.800003,-14.55,4.125,,,,,,,,,,,,,,,,,,
SENSOR,1789661808689,41538906024660,0.14955142,0.24496523,9.860822,-0.0021380265,-0.00519235,4.5814854E-4,-55.800003,-14.55,4.125,,,,,,,,,,,,,,,,,,
SENSOR,1789661808705,41538964496015,0.14955142,0.24496523,9.860822,9.162971E-4,0.0018325942,4.5814854E-4,-55.800003,-14.55,4.125,,,,,,,,,,,,,,,,,,
SENSOR,1789661808715,41538964496015,0.14955142,0.24496523,9.860822,9.162971E-4,0.0018325942,4.5814854E-4,-55.65,-14.775001,4.875,,,,,,,,,,,,,,,,,,
SENSOR,1789661808794,41539010204817,0.14955142,0.24047868,9.859626,9.162971E-4,0.0018325942,4.5814854E-4,-55.65,-14.775001,4.875,,,,,,,,,,,,,,,,,,
SENSOR,1789661808801,41539064496015,0.14955142,0.24047868,9.859626,1.5271618E-4,-0.0019853103,4.5814854E-4,-55.65,-14.775001,4.875,,,,,,,,,,,,,,,,,,
SENSOR,1789661808819,41539064496015,0.14955142,0.24047868,9.859626,1.5271618E-4,-0.0019853103,4.5814854E-4,-55.575,-14.625001,3.3750002,,,,,,,,,,,,,,,,,,
CELLULAR,1789661808849,,,,,,,,,,,,,,true,NR,4298047490,405,869,,75,403,634080,-108,NR_SS_RSRP,3,
SENSOR,1789661808899,41539114384973,0.14955142,0.2425724,9.862318,1.5271618E-4,-0.0019853103,4.5814854E-4,-55.575,-14.625001,3.3750002,,,,,,,,,,,,,,,,,,
SENSOR,1789661808908,41539164496015,0.14955142,0.2425724,9.862318,1.5271618E-4,4.5814854E-4,4.5814854E-4,-55.575,-14.625001,3.3750002,,,,,,,,,,,,,,,,,,
GNSS,1789661808909,,true,11.05530588,76.9270789,377.578369140625,3.7900925,0.0,,93,42,,,,,,,,,,,,,
SENSOR,1789661808914,41539164496015,0.14955142,0.2425724,9.862318,1.5271618E-4,4.5814854E-4,4.5814854E-4,-55.800003,-14.775001,5.1000004,,,,,,,,,,,,,,,,,,
GNSS,1789661809000,,true,11.05530587,76.92707915,377.58648681640625,3.7900925,0.0,,93,42,,,,,,,,,,,,,
SENSOR,1789661809001,41539218565077,0.14955142,0.24137598,9.861719,1.5271618E-4,4.5814854E-4,4.5814854E-4,-55.800003,-14.775001,5.1000004,,,,,,,,,,,,,,,,,,
SENSOR,1789661809009,41539264496015,0.14955142,0.24137598,9.861719,3.0543236E-4,6.108647E-4,-7.635809E-4,-55.800003,-14.775001,5.1000004,,,,,,,,,,,,,,,,,,
SENSOR,1789661809019,41539264496015,0.14955142,0.24137598,9.861719,3.0543236E-4,6.108647E-4,-7.635809E-4,-55.95,-14.700001,5.4750004,,,,,,,,,,,,,,,,,,
SENSOR,1789661809106,41539322745233,0.14955142,0.24227329,9.864112,3.0543236E-4,6.108647E-4,-7.635809E-4,-55.95,-14.700001,5.4750004,,,,,,,,,,,,,,,,,,
SENSOR,1789661809106,41539364496015,0.14955142,0.24227329,9.864112,-0.0015271618,-0.002443459,4.5814854E-4,-55.95,-14.700001,5.4750004,,,,,,,,,,,,,,,,,,
SENSOR,1789661809114,41539364496015,0.14955142,0.24227329,9.864112,-0.0015271618,-0.002443459,4.5814854E-4,-56.100002,-14.400001,5.25,,,,,,,,,,,,,,,,,,
SENSOR,1789661809209,41539464496015,0.14955142,0.24227329,9.864112,-0.0010690133,-0.0019853103,4.5814854E-4,-56.100002,-14.400001,5.25,,,,,,,,,,,,,,,,,,
SENSOR,1789661809209,41539426925390,0.14955142,0.2431706,9.865009,-0.0010690133,-0.0019853103,4.5814854E-4,-56.100002,-14.400001,5.25,,,,,,,,,,,,,,,,,,
SENSOR,1789661809219,41539464496015,0.14955142,0.2431706,9.865009,-0.0010690133,-0.0019853103,4.5814854E-4,-56.325,-14.700001,5.025,,,,,,,,,,,,,,,,,,
SENSOR,1789661809305,41539564496015,0.14955142,0.2431706,9.865009,1.5271618E-4,-1.5271618E-4,-7.635809E-4,-56.325,-14.700001,5.025,,,,,,,,,,,,,,,,,,
SENSOR,1789661809314,41539531105494,0.14955142,0.2431706,9.861421,1.5271618E-4,-1.5271618E-4,-7.635809E-4,-56.325,-14.700001,5.025,,,,,,,,,,,,,,,,,,
SENSOR,1789661809314,41539564496015,0.14955142,0.2431706,9.861421,1.5271618E-4,-1.5271618E-4,-7.635809E-4,-56.325,-14.400001,5.175,,,,,,,,,,,,,,,,,,
SENSOR,1789661809409,41539664496015,0.14955142,0.2431706,9.861421,-9.162971E-4,-0.0029016074,3.0543236E-4,-56.325,-14.400001,5.175,,,,,,,,,,,,,,,,,,
SENSOR,1789661809418,41539635285598,0.15014961,0.2425724,9.864411,-9.162971E-4,-0.0029016074,3.0543236E-4,-56.325,-14.400001,5.175,,,,,,,,,,,,,,,,,,
SENSOR,1789661809419,41539664496015,0.15014961,0.2425724,9.864411,-9.162971E-4,-0.0029016074,3.0543236E-4,-56.250004,-14.85,5.8500004,,,,,,,,,,,,,,,,,,
SENSOR,1789661809504,41539764496015,0.15014961,0.2425724,9.864411,-0.0,-7.635809E-4,4.5814854E-4,-56.250004,-14.85,5.8500004,,,,,,,,,,,,,,,,,,
SENSOR,1789661809514,41539764496015,0.15014961,0.2425724,9.864411,-0.0,-7.635809E-4,4.5814854E-4,-55.800003,-14.775001,4.5750003,,,,,,,,,,,,,,,,,,
SENSOR,1789661809522,41539739465702,0.14955142,0.24496523,9.862318,-0.0,-7.635809E-4,4.5814854E-4,-55.800003,-14.775001,4.5750003,,,,,,,,,,,,,,,,,,
SENSOR,1789661809609,41539864496015,0.14955142,0.24496523,9.862318,0.0012217294,0.0027488912,4.5814854E-4,-55.800003,-14.775001,4.5750003,,,,,,,,,,,,,,,,,,
SENSOR,1789661809618,41539864496015,0.14955142,0.24496523,9.862318,0.0012217294,0.0027488912,4.5814854E-4,-55.725002,-14.475,4.7250004,,,,,,,,,,,,,,,,,,
SENSOR,1789661809627,41539843645806,0.14895321,0.23958136,9.861121,0.0012217294,0.0027488912,4.5814854E-4,-55.725002,-14.475,4.7250004,,,,,,,,,,,,,,,,,,
SENSOR,1789661809705,41539964496015,0.14895321,0.23958136,9.861121,1.5271618E-4,0.0021380265,4.5814854E-4,-55.725002,-14.475,4.7250004,,,,,,,,,,,,,,,,,,
SENSOR,1789661809714,41539964496015,0.14895321,0.23958136,9.861121,1.5271618E-4,0.0021380265,4.5814854E-4,-56.550003,-14.775001,6.0750003,,,,,,,,,,,,,,,,,,
SENSOR,1789661809730,41539947825910,0.15284155,0.24077778,9.861719,1.5271618E-4,0.0021380265,4.5814854E-4,-56.550003,-14.775001,6.0750003,,,,,,,,,,,,,,,,,,
SENSOR,1789661809810,41540064496015,0.15284155,0.24077778,9.861719,-6.108647E-4,-0.0013744456,1.5271618E-4,-56.550003,-14.775001,6.0750003,,,,,,,,,,,,,,,,,,
SENSOR,1789661809818,41540064496015,0.15284155,0.24077778,9.861719,-6.108647E-4,-0.0013744456,1.5271618E-4,-55.875004,-15.225,5.175,,,,,,,,,,,,,,,,,,
SENSOR,1789661809835,41540052006015,0.14955142,0.24376881,9.865009,-6.108647E-4,-0.0013744456,1.5271618E-4,-55.875004,-15.225,5.175,,,,,,,,,,,,,,,,,,
CELLULAR,1789661809874,,,,,,,,,,,,,,true,NR,4298047490,405,869,,75,403,634080,-108,NR_SS_RSRP,3,
SENSOR,1789661809907,41540164496015,0.14955142,0.24376881,9.865009,-6.108647E-4,-3.0543236E-4,-7.635809E-4,-55.875004,-15.225,5.175,,,,,,,,,,,,,,,,,,
GNSS,1789661809908,,true,11.05530587,76.92707915,377.58648681640625,3.7900925,0.0,,95,43,,,,,,,,,,,,,
GNSS,1789661810000,,true,11.05530588,76.92707915,377.58306884765625,3.7900925,0.0,,95,43,,,,,,,,,,,,,
SENSOR,1789661809915,41540164496015,0.14955142,0.24376881,9.865009,-6.108647E-4,-3.0543236E-4,-7.635809E-4,-56.025,-14.700001,4.5,,,,,,,,,,,,,,,,,,
SENSOR,1789661809938,41540156186119,0.15194423,0.2431706,9.860822,-6.108647E-4,-3.0543236E-4,-7.635809E-4,-56.025,-14.700001,4.5,,,,,,,,,,,,,,,,,,
SENSOR,1789661810009,41540264496015,0.15194423,0.2431706,9.860822,0.0021380265,0.0047342014,-6.108647E-4,-56.025,-14.700001,4.5,,,,,,,,,,,,,,,,,,
SENSOR,1789661810018,41540264496015,0.15194423,0.2431706,9.860822,0.0021380265,0.0047342014,-6.108647E-4,-56.4,-14.925,5.025,,,,,,,,,,,,,,,,,,
SENSOR,1789661810044,41540260366171,0.15074782,0.24496523,9.861121,0.0021380265,0.0047342014,-6.108647E-4,-56.4,-14.925,5.025,,,,,,,,,,,,,,,,,,
SENSOR,1789661810104,41540364496015,0.15074782,0.24496523,9.861121,-1.5271618E-4,-0.002596175,4.5814854E-4,-56.4,-14.925,5.025,,,,,,,,,,,,,,,,,,
SENSOR,1789661810113,41540364496015,0.15074782,0.24496523,9.861121,-1.5271618E-4,-0.002596175,4.5814854E-4,-56.175003,-14.625001,4.8,,,,,,,,,,,,,,,,,,
SENSOR,1789661810147,41540364546223,0.15104693,0.2431706,9.861719,-1.5271618E-4,-0.002596175,4.5814854E-4,-56.175003,-14.625001,4.8,,,,,,,,,,,,,,,,,,
SENSOR,1789661810207,41540464496015,0.15104693,0.2431706,9.861719,9.162971E-4,0.0018325942,-4.5814854E-4,-56.175003,-14.625001,4.8,,,,,,,,,,,,,,,,,,
SENSOR,1789661810216,41540464496015,0.15104693,0.2431706,9.861719,9.162971E-4,0.0018325942,-4.5814854E-4,-56.4,-14.55,5.3250003,,,,,,,,,,,,,,,,,,
SENSOR,1789661810252,41540468726327,0.14745769,0.2428715,9.862916,9.162971E-4,0.0018325942,-4.5814854E-4,-56.4,-14.55,5.3250003,,,,,,,,,,,,,,,,,,
SENSOR,1789661810303,41540564496015,0.14745769,0.2428715,9.862916,0.0010690133,9.162971E-4,-4.5814854E-4,-56.4,-14.55,5.3250003,,,,,,,,,,,,,,,,,,
SENSOR,1789661810312,41540564496015,0.14745769,0.2428715,9.862916,0.0010690133,9.162971E-4,-4.5814854E-4,-56.325,-14.55,5.7000003,,,,,,,,,,,,,,,,,,
SENSOR,1789661810355,41540572906379,0.14895321,0.24436702,9.865309,0.0010690133,9.162971E-4,-4.5814854E-4,-56.325,-14.55,5.7000003,,,,,,,,,,,,,,,,,,
SENSOR,1789661810408,41540664496015,0.14895321,0.24436702,9.865309,-0.0013744456,-0.0022907427,4.5814854E-4,-56.325,-14.55,5.7000003,,,,,,,,,,,,,,,,,,
SENSOR,1789661810416,41540664496015,0.14895321,0.24436702,9.865309,-0.0013744456,-0.0022907427,4.5814854E-4,-56.250004,-15.000001,4.275,,,,,,,,,,,,,,,,,,
SENSOR,1789661810459,41540677086431,0.15224335,0.24496523,9.8632145,-0.0013744456,-0.0022907427,4.5814854E-4,-56.250004,-15.000001,4.275,,,,,,,,,,,,,,,,,,
SENSOR,1789661810503,41540764496015,0.15224335,0.24496523,9.8632145,0.0013744456,0.0044287695,4.5814854E-4,-56.250004,-15.000001,4.275,,,,,,,,,,,,,,,,,,
SENSOR,1789661810512,41540764496015,0.15224335,0.24496523,9.8632145,0.0013744456,0.0044287695,4.5814854E-4,-56.100002,-14.925,4.5,,,,,,,,,,,,,,,,,,
SENSOR,1789661810564,41540781266431,0.15284155,0.24137598,9.863514,0.0013744456,0.0044287695,4.5814854E-4,-56.100002,-14.925,4.5,,,,,,,,,,,,,,,,,,
SENSOR,1789661810607,41540864496015,0.15284155,0.24137598,9.863514,0.0018325942,0.0029016074,4.5814854E-4,-56.100002,-14.925,4.5,,,,,,,,,,,,,,,,,,
SENSOR,1789661810617,41540864496015,0.15284155,0.24137598,9.863514,0.0018325942,0.0029016074,4.5814854E-4,-56.175003,-14.475,4.275,,,,,,,,,,,,,,,,,,
SENSOR,1789661810667,41540885446483,0.14985052,0.24227329,9.865608,0.0018325942,0.0029016074,4.5814854E-4,-56.175003,-14.475,4.275,,,,,,,,,,,,,,,,,,
SENSOR,1789661810703,41540964496015,0.14985052,0.24227329,9.865608,0.0,-0.0010690133,4.5814854E-4,-56.175003,-14.475,4.275,,,,,,,,,,,,,,,,,,
SENSOR,1789661810711,41540964496015,0.14985052,0.24227329,9.865608,0.0,-0.0010690133,4.5814854E-4,-56.4,-15.225,3.9750001,,,,,,,,,,,,,,,,,,
SENSOR,1789661810772,41540989626483,0.1477568,0.24436702,9.863514,0.0,-0.0010690133,4.5814854E-4,-56.4,-15.225,3.9750001,,,,,,,,,,,,,,,,,,
SENSOR,1789661810806,41541064496015,0.1477568,0.24436702,9.863514,-0.0013744456,-0.0032070398,-4.5814854E-4,-56.4,-15.225,3.9750001,,,,,,,,,,,,,,,,,,
SENSOR,1789661810816,41541064496015,0.1477568,0.24436702,9.863514,-0.0013744456,-0.0032070398,-4.5814854E-4,-56.325,-15.075001,5.8500004,,,,,,,,,,,,,,,,,,
SENSOR,1789661810876,41541093806535,0.15014961,0.24227329,9.859925,-0.0013744456,-0.0032070398,-4.5814854E-4,-56.325,-15.075001,5.8500004,,,,,,,,,,,,,,,,,,
CELLULAR,1789661810898,,,,,,,,,,,,,,true,NR,4298047490,405,869,,75,403,634080,-108,NR_SS_RSRP,3,
SENSOR,1789661810921,41541164496015,0.15014961,0.24227329,9.859925,0.0018325942,0.005955931,-7.635809E-4,-56.325,-15.075001,5.8500004,,,,,,,,,,,,,,,,,,
SENSOR,1789661810921,41541164496015,0.15014961,0.24227329,9.859925,0.0018325942,0.005955931,-7.635809E-4,-55.725002,-14.85,4.3500004,,,,,,,,,,,,,,,,,,
GNSS,1789661810923,,true,11.05530588,76.92707915,377.58306884765625,3.7900925,0.0,,93,42,,,,,,,,,,,,,
GNSS,1789661811000,,true,11.05530626,76.92707964,377.605224609375,3.7900925,0.0,,93,42,,,,,,,,,,,,,
SENSOR,1789661810980,41541197986535,0.1477568,0.24526432,9.865309,0.0018325942,0.005955931,-7.635809E-4,-55.725002,-14.85,4.3500004,,,,,,,,,,,,,,,,,,
SENSOR,1789661811007,41541264496015,0.1477568,0.24526432,9.865309,0.0029016074,0.005803215,-7.635809E-4,-55.725002,-14.85,4.3500004,,,,,,,,,,,,,,,,,,
SENSOR,1789661811015,41541264496015,0.1477568,0.24526432,9.865309,0.0029016074,0.005803215,-7.635809E-4,-56.175003,-14.400001,4.8,,,,,,,,,,,,,,,,,,
SENSOR,1789661811084,41541302166535,0.14955142,0.24466611,9.864112,0.0029016074,0.005803215,-7.635809E-4,-56.175003,-14.400001,4.8,,,,,,,,,,,,,,,,,,
SENSOR,1789661811102,41541364496015,0.14955142,0.24466611,9.864112,-0.0010690133,-0.003359756,3.0543236E-4,-56.175003,-14.400001,4.8,,,,,,,,,,,,,,,,,,
GNSS,1789661811107,,true,11.0554046,76.9271183,374.70001220703125,100.0,,,93,42,,,,,,,,,,,,,
SENSOR,1789661811133,41541364496015,0.14955142,0.24466611,9.864112,-0.0010690133,-0.003359756,3.0543236E-4,-56.625004,-14.925,4.9500003,,,,,,,,,,,,,,,,,,
SENSOR,1789661811188,41541406346535,0.15134603,0.24047868,9.861719,-0.0010690133,-0.003359756,3.0543236E-4,-56.625004,-14.925,4.9500003,,,,,,,,,,,,,,,,,,
SENSOR,1789661811206,41541464496015,0.15134603,0.24047868,9.861719,-0.0010690133,-0.0019853103,4.5814854E-4,-56.625004,-14.925,4.9500003,,,,,,,,,,,,,,,,,,
SENSOR,1789661811215,41541464496015,0.15134603,0.24047868,9.861719,-0.0010690133,-0.0019853103,4.5814854E-4,-55.725002,-14.625001,3.6750002,,,,,,,,,,,,,,,,,,
SENSOR,1789661811293,41541510526535,0.14955142,0.24077778,9.865907,-0.0010690133,-0.0019853103,4.5814854E-4,-55.725002,-14.625001,3.6750002,,,,,,,,,,,,,,,,,,
SENSOR,1789661811302,41541564496015,0.14955142,0.24077778,9.865907,-9.162971E-4,-4.5814854E-4,-7.635809E-4,-55.725002,-14.625001,3.6750002,,,,,,,,,,,,,,,,,,
SENSOR,1789661811320,41541564496015,0.14955142,0.24077778,9.865907,-9.162971E-4,-4.5814854E-4,-7.635809E-4,-55.875004,-14.475,4.9500003,,,,,,,,,,,,,,,,,,
SENSOR,1789661811398,41541614706483,0.15014961,0.25124636,9.858728,-9.162971E-4,-4.5814854E-4,-7.635809E-4,-55.875004,-14.475,4.9500003,,,,,,,,,,,,,,,,,,
SENSOR,1789661811406,41541664496015,0.15014961,0.25124636,9.858728,9.162971E-4,0.0019853103,4.5814854E-4,-55.875004,-14.475,4.9500003,,,,,,,,,,,,,,,,,,
SENSOR,1789661811416,41541664496015,0.15014961,0.25124636,9.858728,9.162971E-4,0.0019853103,4.5814854E-4,-56.325,-15.075001,5.55,,,,,,,,,,,,,,,,,,
SENSOR,1789661811502,41541718886483,0.15014961,0.23449662,9.865309,9.162971E-4,0.0019853103,4.5814854E-4,-56.325,-15.075001,5.55,,,,,,,,,,,,,,,,,,
SENSOR,1789661811503,41541764496015,0.15014961,0.23449662,9.865309,0.0013744456,4.5814854E-4,-7.635809E-4,-56.325,-15.075001,5.55,,,,,,,,,,,,,,,,,,
SENSOR,1789661811520,41541764496015,0.15014961,0.23449662,9.865309,0.0013744456,4.5814854E-4,-7.635809E-4,-56.100002,-14.700001,4.9500003,,,,,,,,,,,,,,,,,,
SENSOR,1789661811605,41541823066431,0.1468595,0.24915266,9.863514,0.0013744456,4.5814854E-4,-7.635809E-4,-56.100002,-14.700001,4.9500003,,,,,,,,,,,,,,,,,,
SENSOR,1789661811605,41541864496015,0.1468595,0.24915266,9.863514,-3.0543236E-4,0.0018325942,4.5814854E-4,-56.100002,-14.700001,4.9500003,,,,,,,,,,,,,,,,,,
SENSOR,1789661811614,41541864496015,0.1468595,0.24915266,9.863514,-3.0543236E-4,0.0018325942,4.5814854E-4,-55.95,-14.925,4.2000003,,,,,,,,,,,,,,,,,,
SENSOR,1789661811710,41541927246379,0.15164514,0.2318047,9.861121,-3.0543236E-4,0.0018325942,4.5814854E-4,-55.95,-14.925,4.2000003,,,,,,,,,,,,,,,,,,
SENSOR,1789661811711,41541964496015,0.15164514,0.2318047,9.861121,0.0015271618,0.0030543236,-7.635809E-4,-55.95,-14.925,4.2000003,,,,,,,,,,,,,,,,,,
SENSOR,1789661811719,41541964496015,0.15164514,0.2318047,9.861121,0.0015271618,0.0030543236,-7.635809E-4,-55.95,-14.700001,5.025,,,,,,,,,,,,,,,,,,
SENSOR,1789661811806,41542064496015,0.15164514,0.2318047,9.861121,-0.0010690133,-0.0018325942,-1.5271618E-4,-55.95,-14.700001,5.025,,,,,,,,,,,,,,,,,,
SENSOR,1789661811815,41542031426379,0.14925231,0.2416751,9.862318,-0.0010690133,-0.0018325942,-1.5271618E-4,-55.95,-14.700001,5.025,,,,,,,,,,,,,,,,,,
SENSOR,1789661811815,41542064496015,0.14925231,0.2416751,9.862318,-0.0010690133,-0.0018325942,-1.5271618E-4,-55.95,-14.85,5.25,,,,,,,,,,,,,,,,,,
GNSS,1789661811903,,true,11.0554046,76.9271183,374.70001220703125,100.0,,,95,40,,,,,,,,,,,,,
SENSOR,1789661811919,41542164496015,0.14925231,0.2416751,9.862318,1.5271618E-4,4.5814854E-4,4.5814854E-4,-55.95,-14.85,5.25,,,,,,,,,,,,,,,,,,
GNSS,1789661812000,,true,11.05530623,76.92707964,377.5953369140625,3.7900925,0.0,,95,40,,,,,,,,,,,,,
SENSOR,1789661811921,41542135606327,0.14745769,0.24197419,9.863813,1.5271618E-4,4.5814854E-4,4.5814854E-4,-55.95,-14.85,5.25,,,,,,,,,,,,,,,,,,
SENSOR,1789661811921,41542164496015,0.14745769,0.24197419,9.863813,1.5271618E-4,4.5814854E-4,4.5814854E-4,-56.250004,-14.925,5.4750004,,,,,,,,,,,,,,,,,,
CELLULAR,1789661811930,,,,,,,,,,,,,,true,NR,4298047490,405,869,,75,403,634080,-108,NR_SS_RSRP,3,
SENSOR,1789661812005,41542264496015,0.14745769,0.24197419,9.863813,1.5271618E-4,0.0,-3.0543236E-4,-56.250004,-14.925,5.4750004,,,,,,,,,,,,,,,,,,
SENSOR,1789661812014,41542264496015,0.14745769,0.24197419,9.863813,1.5271618E-4,0.0,-3.0543236E-4,-55.65,-14.85,4.125,,,,,,,,,,,,,,,,,,
SENSOR,1789661812022,41542239786275,0.15104693,0.24227329,9.863514,1.5271618E-4,0.0,-3.0543236E-4,-55.65,-14.85,4.125,,,,,,,,,,,,,,,,,,
SENSOR,1789661812109,41542364496015,0.15104693,0.24227329,9.863514,1.5271618E-4,4.5814854E-4,3.0543236E-4,-55.65,-14.85,4.125,,,,,,,,,,,,,,,,,,
SENSOR,1789661812118,41542364496015,0.15104693,0.24227329,9.863514,1.5271618E-4,4.5814854E-4,3.0543236E-4,-55.95,-14.925,5.7000003,,,,,,,,,,,,,,,,,,
SENSOR,1789661812127,41542343966171,0.14985052,0.23928227,9.8632145,1.5271618E-4,4.5814854E-4,3.0543236E-4,-55.95,-14.925,5.7000003,,,,,,,,,,,,,,,,,,
SENSOR,1789661812204,41542464496015,0.14985052,0.23928227,9.8632145,-3.0543236E-4,4.5814854E-4,4.5814854E-4,-55.95,-14.925,5.7000003,,,,,,,,,,,,,,,,,,
SENSOR,1789661812214,41542464496015,0.14985052,0.23928227,9.8632145,-3.0543236E-4,4.5814854E-4,4.5814854E-4,-56.025,-14.625001,5.025,,,,,,,,,,,,,,,,,,
SENSOR,1789661812230,41542448146119,0.15074782,0.23928227,9.859626,-3.0543236E-4,4.5814854E-4,4.5814854E-4,-56.025,-14.625001,5.025,,,,,,,,,,,,,,,,,,
SENSOR,1789661812308,41542564496015,0.15074782,0.23928227,9.859626,1.5271618E-4,4.5814854E-4,4.5814854E-4,-56.025,-14.625001,5.025,,,,,,,,,,,,,,,,,,
SENSOR,1789661812318,41542564496015,0.15074782,0.23928227,9.859626,1.5271618E-4,4.5814854E-4,4.5814854E-4,-56.025,-15.150001,5.7000003,,,,,,,,,,,,,,,,,,
SENSOR,1789661812335,41542552326067,0.15014961,0.24047868,9.863514,1.5271618E-4,4.5814854E-4,4.5814854E-4,-56.025,-15.150001,5.7000003,,,,,,,,,,,,,,,,,,
SENSOR,1789661812404,41542664496015,0.15014961,0.24047868,9.863514,1.5271618E-4,-7.635809E-4,4.5814854E-4,-56.025,-15.150001,5.7000003,,,,,,,,,,,,,,,,,,
SENSOR,1789661812413,41542664496015,0.15014961,0.24047868,9.863514,1.5271618E-4,-7.635809E-4,4.5814854E-4,-56.4,-14.775001,5.8500004,,,,,,,,,,,,,,,,,,
SENSOR,1789661812439,41542656505962,0.14895321,0.24197419,9.862916,1.5271618E-4,-7.635809E-4,4.5814854E-4,-56.4,-14.775001,5.8500004,,,,,,,,,,,,,,,,,,
SENSOR,1789661812508,41542764496015,0.14895321,0.24197419,9.862916,1.5271618E-4,-7.635809E-4,4.5814854E-4,-56.4,-14.775001,5.8500004,,,,,,,,,,,,,,,,,,
SENSOR,1789661812517,41542764496015,0.14895321,0.24197419,9.862916,1.5271618E-4,-7.635809E-4,4.5814854E-4,-54.975002,-14.475,3.15,,,,,,,,,,,,,,,,,,
SENSOR,1789661812543,41542760685858,0.14985052,0.23958136,9.862318,1.5271618E-4,-7.635809E-4,4.5814854E-4,-54.975002,-14.475,3.15,,,,,,,,,,,,,,,,,,
SENSOR,1789661812607,41542864496015,0.14985052,0.23958136,9.862318,-6.108647E-4,1.5271618E-4,-7.635809E-4,-54.975002,-14.475,3.15,,,,,,,,,,,,,,,,,,
SENSOR,1789661812612,41542864496015,0.14985052,0.23958136,9.862318,-6.108647E-4,1.5271618E-4,-7.635809E-4,-56.325,-15.150001,5.7000003,,,,,,,,,,,,,,,,,,
SENSOR,1789661812648,41542864865754,0.15104693,0.24047868,9.862916,-6.108647E-4,1.5271618E-4,-7.635809E-4,-56.325,-15.150001,5.7000003,,,,,,,,,,,,,,,,,,
SENSOR,1789661812709,41542964496015,0.15104693,0.24047868,9.862916,-0.0032070398,-0.007788525,4.5814854E-4,-56.325,-15.150001,5.7000003,,,,,,,,,,,,,,,,,,
SENSOR,1789661812719,41542964496015,0.15104693,0.24047868,9.862916,-0.0032070398,-0.007788525,4.5814854E-4,-56.250004,-14.85,5.7000003,,,,,,,,,,,,,,,,,,
SENSOR,1789661812751,41542969045702,0.15134603,0.23838496,9.864112,-0.0032070398,-0.007788525,4.5814854E-4,-56.250004,-14.85,5.7000003,,,,,,,,,,,,,,,,,,
SENSOR,1789661812804,41543064496015,0.15134603,0.23838496,9.864112,0.0029016074,0.008552106,-7.635809E-4,-56.250004,-14.85,5.7000003,,,,,,,,,,,,,,,,,,
SENSOR,1789661812814,41543064496015,0.15134603,0.23838496,9.864112,0.0029016074,0.008552106,-7.635809E-4,-55.800003,-14.55,4.7250004,,,,,,,,,,,,,,,,,,
SENSOR,1789661812856,41543073225546,0.1477568,0.24227329,9.862019,0.0029016074,0.008552106,-7.635809E-4,-55.800003,-14.55,4.7250004,,,,,,,,,,,,,,,,,,
GNSS,1789661812904,,true,11.05530623,76.92707964,377.5953369140625,3.7900925,0.0,,94,41,,,,,,,,,,,,,
SENSOR,1789661812918,41543164496015,0.1477568,0.24227329,9.862019,-0.001679878,-0.001679878,1.5271618E-4,-55.800003,-14.55,4.7250004,,,,,,,,,,,,,,,,,,
SENSOR,1789661812919,41543164496015,0.1477568,0.24227329,9.862019,-0.001679878,-0.001679878,1.5271618E-4,-55.95,-15.000001,4.5,,,,,,,,,,,,,,,,,,
GNSS,1789661813000,,true,11.05530619,76.92707964,377.59136962890625,3.7900925,0.0,,94,41,,,,,,,,,,,,,
CELLULAR,1789661812943,,,,,,,,,,,,,,true,NR,4298047490,405,869,,75,403,634080,-108,NR_SS_RSRP,3,
SENSOR,1789661812962,41543177405442,0.15074782,0.24047868,9.862916,-0.001679878,-0.001679878,1.5271618E-4,-55.95,-15.000001,4.5,,,,,,,,,,,,,,,,,,
SENSOR,1789661813003,41543264496015,0.15074782,0.24047868,9.862916,0.0010690133,0.0013744456,-4.5814854E-4,-55.95,-15.000001,4.5,,,,,,,,,,,,,,,,,,
SENSOR,1789661813012,41543264496015,0.15074782,0.24047868,9.862916,0.0010690133,0.0013744456,-4.5814854E-4,-56.550003,-14.400001,5.25,,,,,,,,,,,,,,,,,,
SENSOR,1789661813064,41543281585337,0.14955142,0.23898315,9.863813,0.0010690133,0.0013744456,-4.5814854E-4,-56.550003,-14.400001,5.25,,,,,,,,,,,,,,,,,,
SENSOR,1789661813107,41543364496015,0.14955142,0.23898315,9.863813,1.5271618E-4,-3.0543236E-4,4.5814854E-4,-56.550003,-14.400001,5.25,,,,,,,,,,,,,,,,,,
SENSOR,1789661813116,41543364496015,0.14955142,0.23898315,9.863813,1.5271618E-4,-3.0543236E-4,4.5814854E-4,-55.875004,-14.700001,4.65,,,,,,,,,,,,,,,,,,
SENSOR,1789661813168,41543385765233,0.14985052,0.24137598,9.861121,1.5271618E-4,-3.0543236E-4,4.5814854E-4,-55.875004,-14.700001,4.65,,,,,,,,,,,,,,,,,,
SENSOR,1789661813204,41543464496015,0.14985052,0.24137598,9.861121,1.5271618E-4,4.5814854E-4,-6.108647E-4,-55.875004,-14.700001,4.65,,,,,,,,,,,,,,,,,,
SENSOR,1789661813212,41543464496015,0.14985052,0.24137598,9.861121,1.5271618E-4,4.5814854E-4,-6.108647E-4,-56.175003,-15.225,5.3250003,,,,,,,,,,,,,,,,,,
SENSOR,1789661813273,41543489945077,0.14895321,0.23988047,9.860523,1.5271618E-4,4.5814854E-4,-6.108647E-4,-56.175003,-15.225,5.3250003,,,,,,,,,,,,,,,,,,
SENSOR,1789661813307,41543564496015,0.14895321,0.23988047,9.860523,1.5271618E-4,4.5814854E-4,4.5814854E-4,-56.175003,-15.225,5.3250003,,,,,,,,,,,,,,,,,,
SENSOR,1789661813316,41543564496015,0.14895321,0.23988047,9.860523,1.5271618E-4,4.5814854E-4,4.5814854E-4,-55.2,-14.55,3.2250001,,,,,,,,,,,,,,,,,,
SENSOR,1789661813377,41543594124921,0.15014961,0.24017957,9.861121,1.5271618E-4,4.5814854E-4,4.5814854E-4,-55.2,-14.55,3.2250001,,,,,,,,,,,,,,,,,,
SENSOR,1789661813402,41543664496015,0.15014961,0.24017957,9.861121,1.5271618E-4,4.5814854E-4,1.5271618E-4,-55.2,-14.55,3.2250001,,,,,,,,,,,,,,,,,,
SENSOR,1789661813411,41543664496015,0.15014961,0.24017957,9.861121,1.5271618E-4,4.5814854E-4,1.5271618E-4,-56.025,-14.700001,4.9500003,,,,,,,,,,,,,,,,,,
SENSOR,1789661813480,41543698304765,0.15134603,0.23958136,9.862318,1.5271618E-4,4.5814854E-4,1.5271618E-4,-56.025,-14.700001,4.9500003,,,,,,,,,,,,,,,,,,
SENSOR,1789661813507,41543764496015,0.15134603,0.23958136,9.862318,-0.0013744456,-0.0032070398,4.5814854E-4,-56.025,-14.700001,4.9500003,,,,,,,,,,,,,,,,,,
SENSOR,1789661813516,41543764496015,0.15134603,0.23958136,9.862318,-0.0013744456,-0.0032070398,4.5814854E-4,-55.95,-15.000001,5.175,,,,,,,,,,,,,,,,,,
SENSOR,1789661813585,41543802484608,0.15044872,0.2416751,9.864112,-0.0013744456,-0.0032070398,4.5814854E-4,-55.95,-15.000001,5.175,,,,,,,,,,,,,,,,,,
SENSOR,1789661813603,41543864496015,0.15044872,0.2416751,9.864112,0.0012217294,0.0032070398,4.5814854E-4,-55.95,-15.000001,5.175,,,,,,,,,,,,,,,,,,
SENSOR,1789661813620,41543864496015,0.15044872,0.2416751,9.864112,0.0012217294,0.0032070398,4.5814854E-4,-55.500004,-14.700001,4.3500004,,,,,,,,,,,,,,,,,,
SENSOR,1789661813690,41543906664452,0.14985052,0.23898315,9.864112,0.0012217294,0.0032070398,4.5814854E-4,-55.500004,-14.700001,4.3500004,,,,,,,,,,,,,,,,,,
SENSOR,1789661813707,41543964496015,0.14985052,0.23898315,9.864112,-7.635809E-4,-0.0027488912,4.5814854E-4,-55.500004,-14.700001,4.3500004,,,,,,,,,,,,,,,,,,
SENSOR,1789661813716,41543964496015,0.14985052,0.23898315,9.864112,-7.635809E-4,-0.0027488912,4.5814854E-4,-56.325,-14.85,5.3250003,,,,,,,,,,,,,,,,,,
SENSOR,1789661813795,41544010844244,0.15014961,0.24017957,9.862916,-7.635809E-4,-0.0027488912,4.5814854E-4,-56.325,-14.85,5.3250003,,,,,,,,,,,,,,,,,,
SENSOR,1789661813802,41544064496015,0.15014961,0.24017957,9.862916,-0.0032070398,-0.0062613636,4.5814854E-4,-56.325,-14.85,5.3250003,,,,,,,,,,,,,,,,,,
SENSOR,1789661813819,41544064496015,0.15014961,0.24017957,9.862916,-0.0032070398,-0.0062613636,4.5814854E-4,-56.025,-14.775001,4.3500004,,,,,,,,,,,,,,,,,,
SENSOR,1789661813898,41544115024087,0.15104693,0.24047868,9.863514,-0.0032070398,-0.0062613636,4.5814854E-4,-56.025,-14.775001,4.3500004,,,,,,,,,,,,,,,,,,
GNSS,1789661813902,,true,11.05530619,76.92707964,377.59136962890625,3.7900925,0.0,,87,44,,,,,,,,,,,,,
SENSOR,1789661813915,41544164496015,0.15104693,0.24047868,9.863514,-0.0010690133,-0.0019853103,-3.0543236E-4,-56.025,-14.775001,4.3500004,,,,,,,,,,,,,,,,,,
SENSOR,1789661813915,41544164496015,0.15104693,0.24047868,9.863514,-0.0010690133,-0.0019853103,-3.0543236E-4,-55.875004,-14.475,4.9500003,,,,,,,,,,,,,,,,,,
GNSS,1789661814000,,true,11.05530642,76.92708119,377.81427001953125,3.7900925,0.0,,87,44,,,,,,,,,,,,,
CELLULAR,1789661813954,,,,,,,,,,,,,,true,NR,4298047490,405,869,,75,403,634080,-108,NR_SS_RSRP,3,
SENSOR,1789661814002,41544264496149,0.15104693,0.24047868,9.863514,-9.162971E-4,-0.0018325942,4.5814854E-4,-55.875004,-14.475,4.9500003,,,,,,,,,,,,,,,,,,
SENSOR,1789661814003,41544219203961,0.14895321,0.24137598,9.863514,-9.162971E-4,-0.0018325942,4.5814854E-4,-55.875004,-14.475,4.9500003,,,,,,,,,,,,,,,,,,
SENSOR,1789661814019,41544264496097,0.14895321,0.24137598,9.863514,-9.162971E-4,-0.0018325942,4.5814854E-4,-55.725002,-14.700001,5.1000004,,,,,,,,,,,,,,,,,,
SENSOR,1789661814106,41544323383753,0.1480559,0.23778675,9.865608,-9.162971E-4,-0.0018325942,4.5814854E-4,-55.725002,-14.700001,5.1000004,,,,,,,,,,,,,,,,,,
SENSOR,1789661814108,41544364496097,0.1480559,0.23778675,9.865608,1.5271618E-4,-1.5271618E-4,-1.5271618E-4,-55.725002,-14.700001,5.1000004,,,,,,,,,,,,,,,,,,
SENSOR,1789661814115,41544364496097,0.1480559,0.23778675,9.865608,1.5271618E-4,-1.5271618E-4,-1.5271618E-4,-56.625004,-14.775001,5.3250003,,,,,,,,,,,,,,,,,,
SENSOR,1789661814202,41544464496097,0.1480559,0.23778675,9.865608,-0.003359756,-0.0065667955,4.5814854E-4,-56.625004,-14.775001,5.3250003,,,,,,,,,,,,,,,,,,
SENSOR,1789661814210,41544427563597,0.14895321,0.24077778,9.864411,-0.003359756,-0.0065667955,4.5814854E-4,-56.625004,-14.775001,5.3250003,,,,,,,,,,,,,,,,,,
SENSOR,1789661814219,41544464496097,0.14895321,0.24077778,9.864411,-0.003359756,-0.0065667955,4.5814854E-4,-56.175003,-14.325001,5.775,,,,,,,,,,,,,,,,,,
SENSOR,1789661814306,41544564496097,0.14895321,0.24077778,9.864411,0.0021380265,0.004886918,4.5814854E-4,-56.175003,-14.325001,5.775,,,,,,,,,,,,,,,,,,
SENSOR,1789661814315,41544531743336,0.15074782,0.24017957,9.863514,0.0021380265,0.004886918,4.5814854E-4,-56.175003,-14.325001,5.775,,,,,,,,,,,,,,,,,,
SENSOR,1789661814315,41544564496097,0.15074782,0.24017957,9.863514,0.0021380265,0.004886918,4.5814854E-4,-55.800003,-14.700001,5.25,,,,,,,,,,,,,,,,,,
SENSOR,1789661814409,41544664496097,0.15074782,0.24017957,9.863514,0.0013744456,0.001679878,-7.635809E-4,-55.800003,-14.700001,5.25,,,,,,,,,,,,,,,,,,
SENSOR,1789661814419,41544664496097,0.15074782,0.24017957,9.863514,0.0013744456,0.001679878,-7.635809E-4,-56.100002,-14.700001,5.4,,,,,,,,,,,,,,,,,,
SENSOR,1789661814419,41544635923128,0.15164514,0.24017957,9.862019,0.0013744456,0.001679878,-7.635809E-4,-56.100002,-14.700001,5.4,,,,,,,,,,,,,,,,,,
SENSOR,1789661814507,41544764496097,0.15164514,0.24017957,9.862019,-0.0013744456,-0.0027488912,4.5814854E-4,-56.100002,-14.700001,5.4,,,,,,,,,,,,,,,,,,
SENSOR,1789661814514,41544764496097,0.15164514,0.24017957,9.862019,-0.0013744456,-0.0027488912,4.5814854E-4,-55.575,-14.475,3.7500002,,,,,,,,,,,,,,,,,,
SENSOR,1789661814522,41544740102919,0.1468595,0.2416751,9.861121,-0.0013744456,-0.0027488912,4.5814854E-4,-55.575,-14.475,3.7500002,,,,,,,,,,,,,,,,,,
SENSOR,1789661814609,41544864496097,0.1468595,0.2416751,9.861121,-0.0010690133,-9.162971E-4,3.0543236E-4,-55.575,-14.475,3.7500002,,,,,,,,,,,,,,,,,,
SENSOR,1789661814619,41544864496097,0.1468595,0.2416751,9.861121,-0.0010690133,-9.162971E-4,3.0543236E-4,-55.800003,-14.700001,4.425,,,,,,,,,,,,,,,,,,
SENSOR,1789661814627,41544844282659,0.15254244,0.23928227,9.865907,-0.0010690133,-9.162971E-4,3.0543236E-4,-55.800003,-14.700001,4.425,,,,,,,,,,,,,,,,,,
SENSOR,1789661814704,41544964496097,0.15254244,0.23928227,9.865907,1.5271618E-4,0.001679878,-7.635809E-4,-55.800003,-14.700001,4.425,,,,,,,,,,,,,,,,,,
SENSOR,1789661814713,41544964496097,0.15254244,0.23928227,9.865907,1.5271618E-4,0.001679878,-7.635809E-4,-54.825,-14.85,1.35,,,,,,,,,,,,,,,,,,
SENSOR,1789661814730,41544948462399,0.14895321,0.23988047,9.864711,1.5271618E-4,0.001679878,-7.635809E-4,-54.825,-14.85,1.35,,,,,,,,,,,,,,,,,,
SENSOR,1789661814809,41545064496097,0.14895321,0.23988047,9.864711,-0.005345066,-0.010690132,-7.635809E-4,-54.825,-14.85,1.35,,,,,,,,,,,,,,,,,,
SENSOR,1789661814818,41545064496097,0.14895321,0.23988047,9.864711,-0.005345066,-0.010690132,-7.635809E-4,-56.775,-15.150001,5.8500004,,,,,,,,,,,,,,,,,,
SENSOR,1789661814835,41545052642138,0.15134603,0.24077778,9.861121,-0.005345066,-0.010690132,-7.635809E-4,-56.775,-15.150001,5.8500004,,,,,,,,,,,,,,,,,,
GNSS,1789661814903,,true,11.05530642,76.92708119,377.81427001953125,3.7900925,0.0,,95,46,,,,,,,,,,,,,
SENSOR,1789661814918,41545164496097,0.15134603,0.24077778,9.861121,-7.635809E-4,-0.0019853103,4.5814854E-4,-56.775,-15.150001,5.8500004,,,,,,,,,,,,,,,,,,
SENSOR,1789661814918,41545164496097,0.15134603,0.24077778,9.861121,-7.635809E-4,-0.0019853103,4.5814854E-4,-55.500004,-14.625001,3.3000002,,,,,,,,,,,,,,,,,,
GNSS,1789661815000,,true,11.0553066,76.92708225,377.9256591796875,3.7900925,0.0,,95,46,,,,,,,,,,,,,
SENSOR,1789661814940,41545156821878,0.15044872,0.24197419,9.865009,-7.635809E-4,-0.0019853103,4.5814854E-4,-55.500004,-14.625001,3.3000002,,,,,,,,,,,,,,,,,,
CELLULAR,1789661814978,,,,,,,,,,,,,,true,NR,4298047490,405,869,,75,403,634080,-108,NR_SS_RSRP,3,
SENSOR,1789661815008,41545264496097,0.15044872,0.24197419,9.865009,0.0012217294,0.002596175,4.5814854E-4,-55.500004,-14.625001,3.3000002,,,,,,,,,,,,,,,,,,
SENSOR,1789661815017,41545264496097,0.15044872,0.24197419,9.865009,0.0012217294,0.002596175,4.5814854E-4,-55.350002,-14.625001,3.9750001,,,,,,,,,,,,,,,,,,
SENSOR,1789661815043,41545261001617,0.14895321,0.24197419,9.865009,0.0012217294,0.002596175,4.5814854E-4,-55.350002,-14.625001,3.9750001,,,,,,,,,,,,,,,,,,
SENSOR,1789661815105,41545364496097,0.14895321,0.24197419,9.865009,-0.0018325942,-0.004886918,4.5814854E-4,-55.350002,-14.625001,3.9750001,,,,,,,,,,,,,,,,,,
SENSOR,1789661815113,41545364496097,0.14895321,0.24197419,9.865009,-0.0018325942,-0.004886918,4.5814854E-4,-55.500004,-14.85,4.5750003,,,,,,,,,,,,,,,,,,
SENSOR,1789661815147,41545365181357,0.15493527,0.23748764,9.863514,-0.0018325942,-0.004886918,4.5814854E-4,-55.500004,-14.85,4.5750003,,,,,,,,,,,,,,,,,,
SENSOR,1789661815209,41545464496097,0.15493527,0.23748764,9.863514,0.0012217294,0.0015271618,1.5271618E-4,-55.500004,-14.85,4.5750003,,,,,,,,,,,,,,,,,,
SENSOR,1789661815217,41545464496097,0.15493527,0.23748764,9.863514,0.0012217294,0.0015271618,1.5271618E-4,-55.425003,-14.475,3.825,,,,,,,,,,,,,,,,,,
SENSOR,1789661815252,41545469361044,0.1486541,0.23958136,9.861421,0.0012217294,0.0015271618,1.5271618E-4,-55.425003,-14.475,3.825,,,,,,,,,,,,,,,,,,
SENSOR,1789661815304,41545564496097,0.1486541,0.23958136,9.861421,-0.005039634,-0.010842849,4.5814854E-4,-55.425003,-14.475,3.825,,,,,,,,,,,,,,,,,,
SENSOR,1789661815312,41545564496097,0.1486541,0.23958136,9.861421,-0.005039634,-0.010842849,4.5814854E-4,-55.875004,-14.475,4.65,,,,,,,,,,,,,,,,,,
SENSOR,1789661815356,41545573540784,0.14955142,0.23838496,9.862916,-0.005039634,-0.010842849,4.5814854E-4,-55.875004,-14.475,4.65,,,,,,,,,,,,,,,,,,
SENSOR,1789661815409,41545664496097,0.14955142,0.23838496,9.862916,0.0021380265,0.0047342014,-6.108647E-4,-55.875004,-14.475,4.65,,,,,,,,,,,,,,,,,,
SENSOR,1789661815418,41545664496097,0.14955142,0.23838496,9.862916,0.0021380265,0.0047342014,-6.108647E-4,-56.025,-14.625001,5.4750004,,,,,,,,,,,,,,,,,,
SENSOR,1789661815460,41545677720472,0.15224335,0.23838496,9.861719,0.0021380265,0.0047342014,-6.108647E-4,-56.025,-14.625001,5.4750004,,,,,,,,,,,,,,,,,,
SENSOR,1789661815509,41545764496097,0.15224335,0.23838496,9.861719,7.635809E-4,0.0015271618,-4.5814854E-4,-56.025,-14.625001,5.4750004,,,,,,,,,,,,,,,,,,
SENSOR,1789661815514,41545764496097,0.15224335,0.23838496,9.861719,7.635809E-4,0.0015271618,-4.5814854E-4,-56.325,-15.075001,5.8500004,,,,,,,,,,,,,,,,,,
SENSOR,1789661815564,41545781900159,0.14895321,0.24107689,9.862318,7.635809E-4,0.0015271618,-4.5814854E-4,-56.325,-15.075001,5.8500004,,,,,,,,,,,,,,,,,,
SENSOR,1789661815608,41545864496097,0.14895321,0.24107689,9.862318,-0.0022907427,-0.0045814854,4.5814854E-4,-56.325,-15.075001,5.8500004,,,,,,,,,,,,,,,,,,
SENSOR,1789661815618,41545864496097,0.14895321,0.24107689,9.862318,-0.0022907427,-0.0045814854,4.5814854E-4,-56.100002,-14.700001,4.9500003,,,,,,,,,,,,,,,,,,
SENSOR,1789661815668,41545886079794,0.15254244,0.23958136,9.864112,-0.0022907427,-0.0045814854,4.5814854E-4,-56.100002,-14.700001,4.9500003,,,,,,,,,,,,,,,,,,
SENSOR,1789661815702,41545964496097,0.15254244,0.23958136,9.864112,0.001679878,0.0035124721,1.5271618E-4,-56.100002,-14.700001,4.9500003,,,,,,,,,,,,,,,,,,
SENSOR,1789661815712,41545964496097,0.15254244,0.23958136,9.864112,0.001679878,0.0035124721,1.5271618E-4,-55.425003,-14.700001,4.5750003,,,,,,,,,,,,,,,,,,
SENSOR,1789661815772,41545990259482,0.15164514,0.23898315,9.862318,0.001679878,0.0035124721,1.5271618E-4,-55.425003,-14.700001,4.5750003,,,,,,,,,,,,,,,,,,
SENSOR,1789661815807,41546064496097,0.15164514,0.23898315,9.862318,1.5271618E-4,9.162971E-4,-7.635809E-4,-55.425003,-14.700001,4.5750003,,,,,,,,,,,,,,,,,,
SENSOR,1789661815816,41546064496097,0.15164514,0.23898315,9.862318,1.5271618E-4,9.162971E-4,-7.635809E-4,-56.100002,-14.700001,5.175,,,,,,,,,,,,,,,,,,
SENSOR,1789661815876,41546094439169,0.15194423,0.24197419,9.862019,1.5271618E-4,9.162971E-4,-7.635809E-4,-56.100002,-14.700001,5.175,,,,,,,,,,,,,,,,,,
SENSOR,1789661815903,41546164496097,0.15194423,0.24197419,9.862019,1.5271618E-4,4.5814854E-4,-7.635809E-4,-56.100002,-14.700001,5.175,,,,,,,,,,,,,,,,,,
GNSS,1789661815906,,true,11.0553066,76.92708225,377.9256591796875,3.7900925,0.0,,95,48,,,,,,,,,,,,,
SENSOR,1789661815921,41546164496097,0.15194423,0.24197419,9.862019,1.5271618E-4,4.5814854E-4,-7.635809E-4,-56.475002,-14.400001,5.3250003,,,,,,,,,,,,,,,,,,
GNSS,1789661816000,,true,11.05530658,76.92708224,377.92425537109375,3.7900925,0.0,,95,48,,,,,,,,,,,,,
SENSOR,1789661815981,41546198618805,0.14895321,0.2431706,9.864411,1.5271618E-4,4.5814854E-4,-7.635809E-4,-56.475002,-14.400001,5.3250003,,,,,,,,,,,,,,,,,,
CELLULAR,1789661815985,,,,,,,,,,,,,,true,NR,4298047490,405,869,,75,403,634080,-108,NR_SS_RSRP,3,
SENSOR,1789661816011,41546264496097,0.14895321,0.2431706,9.864411,0.011300998,0.024740022,-7.635809E-4,-56.475002,-14.400001,5.3250003,,,,,,,,,,,,,,,,,,
SENSOR,1789661816015,41546264496097,0.14895321,0.2431706,9.864411,0.011300998,0.024740022,-7.635809E-4,-55.65,-14.625001,5.175,,,,,,,,,,,,,,,,,,
SENSOR,1789661816085,41546302798492,0.15194423,0.24017957,9.862019,0.011300998,0.024740022,-7.635809E-4,-55.65,-14.625001,5.175,,,,,,,,,,,,,,,,,,
SENSOR,1789661816103,41546364496097,0.15194423,0.24017957,9.862019,-0.007483093,-0.016646063,4.5814854E-4,-55.65,-14.625001,5.175,,,,,,,,,,,,,,,,,,
SENSOR,1789661816111,41546364496097,0.15194423,0.24017957,9.862019,-0.007483093,-0.016646063,4.5814854E-4,-56.325,-14.700001,4.7250004,,,,,,,,,,,,,,,,,,
SENSOR,1789661816189,41546406978128,0.15792629,0.23659034,9.862019,-0.007483093,-0.016646063,4.5814854E-4,-56.325,-14.700001,4.7250004,,,,,,,,,,,,,,,,,,
SENSOR,1789661816207,41546464496097,0.15792629,0.23659034,9.862019,0.0062613636,0.014508037,-7.635809E-4,-56.325,-14.700001,4.7250004,,,,,,,,,,,,,,,,,,
SENSOR,1789661816216,41546464496097,0.15792629,0.23659034,9.862019,0.0062613636,0.014508037,-7.635809E-4,-56.7,-14.775001,5.625,,,,,,,,,,,,,,,,,,
SENSOR,1789661816293,41546511157763,0.14745769,0.2425724,9.861121,0.0062613636,0.014508037,-7.635809E-4,-56.7,-14.775001,5.625,,,,,,,,,,,,,,,,,,
SENSOR,1789661816302,41546564496097,0.14745769,0.2425724,9.861121,0.0,-9.162971E-4,4.5814854E-4,-56.7,-14.775001,5.625,,,,,,,,,,,,,,,,,,
SENSOR,1789661816320,41546564496097,0.14745769,0.2425724,9.861121,0.0,-9.162971E-4,4.5814854E-4,-56.550003,-14.925,5.3250003,,,,,,,,,,,,,,,,,,
SENSOR,1789661816399,41546615337399,0.15074782,0.24017957,9.862019,0.0,-9.162971E-4,4.5814854E-4,-56.550003,-14.925,5.3250003,,,,,,,,,,,,,,,,,,
SENSOR,1789661816406,41546664496097,0.15074782,0.24017957,9.862019,-3.0543236E-4,-7.635809E-4,4.5814854E-4,-56.550003,-14.925,5.3250003,,,,,,,,,,,,,,,,,,
SENSOR,1789661816414,41546664496097,0.15074782,0.24017957,9.862019,-3.0543236E-4,-7.635809E-4,4.5814854E-4,-56.475002,-14.700001,4.5,,,,,,,,,,,,,,,,,,
SENSOR,1789661816502,41546719517034,0.15074782,0.24077778,9.862318,-3.0543236E-4,-7.635809E-4,4.5814854E-4,-56.475002,-14.700001,4.5,,,,,,,,,,,,,,,,,,
SENSOR,1789661816502,41546764496097,0.15074782,0.24077778,9.862318,-7.635809E-4,-4.5814854E-4,4.5814854E-4,-56.475002,-14.700001,4.5,,,,,,,,,,,,,,,,,,
SENSOR,1789661816519,41546764496097,0.15074782,0.24077778,9.862318,-7.635809E-4,-4.5814854E-4,4.5814854E-4,-56.550003,-15.075001,5.1000004,,,,,,,,,,,,,,,,,,
SENSOR,1789661816607,41546864496097,0.15074782,0.24077778,9.862318,1.5271618E-4,4.5814854E-4,4.5814854E-4,-56.550003,-15.075001,5.1000004,,,,,,,,,,,,,,,,,,
SENSOR,1789661816607,41546823696669,0.15014961,0.23808585,9.862916,1.5271618E-4,4.5814854E-4,4.5814854E-4,-56.550003,-15.075001,5.1000004,,,,,,,,,,,,,,,,,,
SENSOR,1789661816615,41546864496097,0.15014961,0.23808585,9.862916,1.5271618E-4,4.5814854E-4,4.5814854E-4,-56.025,-15.225,4.3500004,,,,,,,,,,,,,,,,,,
SENSOR,1789661816702,41546964496097,0.15014961,0.23808585,9.862916,1.5271618E-4,4.5814854E-4,-7.635809E-4,-56.025,-15.225,4.3500004,,,,,,,,,,,,,,,,,,
SENSOR,1789661816709,41546927876253,0.1471586,0.24137598,9.863514,1.5271618E-4,4.5814854E-4,-7.635809E-4,-56.025,-15.225,4.3500004,,,,,,,,,,,,,,,,,,
SENSOR,1789661816718,41546964496097,0.1471586,0.24137598,9.863514,1.5271618E-4,4.5814854E-4,-7.635809E-4,-55.65,-15.000001,3.825,,,,,,,,,,,,,,,,,,
SENSOR,1789661816806,41547064496097,0.1471586,0.24137598,9.863514,1.5271618E-4,-0.0,-1.5271618E-4,-55.65,-15.000001,3.825,,,,,,,,,,,,,,,,,,
SENSOR,1789661816816,41547032055888,0.14955142,0.24017957,9.862916,1.5271618E-4,-0.0,-1.5271618E-4,-55.65,-15.000001,3.825,,,,,,,,,,,,,,,,,,
SENSOR,1789661816816,41547064496097,0.14955142,0.24017957,9.862916,1.5271618E-4,-0.0,-1.5271618E-4,-56.100002,-14.925,4.7250004,,,,,,,,,,,,,,,,,,
SENSOR,1789661816901,41547164496097,0.14955142,0.24017957,9.862916,1.5271618E-4,4.5814854E-4,4.5814854E-4,-56.100002,-14.925,4.7250004,,,,,,,,,,,,,,,,,,
GNSS,1789661816904,,true,11.05530658,76.92708224,377.92425537109375,3.7900925,0.0,,94,50,,,,,,,,,,,,,
GNSS,1789661817000,,true,11.05530662,76.92708268,378.0093994140625,3.7900925,0.0,,94,50,,,,,,,,,,,,,
SENSOR,1789661816919,41547136235524,0.15134603,0.24077778,9.862617,1.5271618E-4,4.5814854E-4,4.5814854E-4,-56.100002,-14.925,4.7250004,,,,,,,,,,,,,,,,,,
SENSOR,1789661816921,41547164496097,0.15134603,0.24077778,9.862617,1.5271618E-4,4.5814854E-4,4.5814854E-4,-55.500004,-14.55,3.7500002,,,,,,,,,,,,,,,,,,
SENSOR,1789661817006,41547264496097,0.15134603,0.24077778,9.862617,1.5271618E-4,-1.5271618E-4,-1.5271618E-4,-55.500004,-14.55,3.7500002,,,,,,,,,,,,,,,,,,
CELLULAR,1789661817012,,,,,,,,,,,,,,true,NR,4298047490,405,869,,75,403,634080,-108,NR_SS_RSRP,3,
SENSOR,1789661817037,41547264496097,0.15134603,0.24077778,9.862617,1.5271618E-4,-1.5271618E-4,-1.5271618E-4,-56.325,-14.55,5.4750004,,,,,,,,,,,,,,,,,,
SENSOR,1789661817037,41547240415107,0.14955142,0.23928227,9.863514,1.5271618E-4,-1.5271618E-4,-1.5271618E-4,-56.325,-14.55,5.4750004,,,,,,,,,,,,,,,,,,
SENSOR,1789661817110,41547364496097,0.14955142,0.23928227,9.863514,0.0013744456,-6.108647E-4,-7.635809E-4,-56.325,-14.55,5.4750004,,,,,,,,,,,,,,,,,,
SENSOR,1789661817119,41547364496097,0.14955142,0.23928227,9.863514,0.0013744456,-6.108647E-4,-7.635809E-4,-56.175003,-14.625001,5.025,,,,,,,,,,,,,,,,,,
SENSOR,1789661817127,41547344594690,0.15014961,0.24137598,9.864112,0.0013744456,-6.108647E-4,-7.635809E-4,-56.175003,-14.625001,5.025,,,,,,,,,,,,,,,,,,
SENSOR,1789661817204,41547464496097,0.15014961,0.24137598,9.864112,1.5271618E-4,4.5814854E-4,4.5814854E-4,-56.175003,-14.625001,5.025,,,,,,,,,,,,,,,,,,
SENSOR,1789661817214,41547464496097,0.15014961,0.24137598,9.864112,1.5271618E-4,4.5814854E-4,4.5814854E-4,-56.325,-14.85,5.7000003,,,,,,,,,,,,,,,,,,
SENSOR,1789661817232,41547448774274,0.14985052,0.24017957,9.8632145,1.5271618E-4,4.5814854E-4,4.5814854E-4,-56.325,-14.85,5.7000003,,,,,,,,,,,,,,,,,,
SENSOR,1789661817309,41547564496097,0.14985052,0.24017957,9.8632145,1.5271618E-4,-7.635809E-4,4.5814854E-4,-56.325,-14.85,5.7000003,,,,,,,,,,,,,,,,,,
SENSOR,1789661817318,41547564496097,0.14985052,0.24017957,9.8632145,1.5271618E-4,-7.635809E-4,4.5814854E-4,-55.800003,-14.55,4.65,,,,,,,,,,,,,,,,,,
SENSOR,1789661817336,41547552953857,0.15014961,0.24017957,9.859028,1.5271618E-4,-7.635809E-4,4.5814854E-4,-55.800003,-14.55,4.65,,,,,,,,,,,,,,,,,,
SENSOR,1789661817405,41547664496097,0.15014961,0.24017957,9.859028,0.002443459,0.004886918,-1.5271618E-4,-55.800003,-14.55,4.65,,,,,,,,,,,,,,,,,,
SENSOR,1789661817413,41547664496097,0.15014961,0.24017957,9.859028,0.002443459,0.004886918,-1.5271618E-4,-55.95,-14.925,6.0,,,,,,,,,,,,,,,,,,
SENSOR,1789661817439,41547657133440,0.15014961,0.24137598,9.861719,0.002443459,0.004886918,-1.5271618E-4,-55.95,-14.925,6.0,,,,,,,,,,,,,,,,,,
SENSOR,1789661817508,41547764496097,0.15014961,0.24137598,9.861719,-7.635809E-4,-0.0015271618,-7.635809E-4,-55.95,-14.925,6.0,,,,,,,,,,,,,,,,,,
SENSOR,1789661817518,41547764496097,0.15014961,0.24137598,9.861719,-7.635809E-4,-0.0015271618,-7.635809E-4,-55.95,-14.475,5.625,,,,,,,,,,,,,,,,,,
SENSOR,1789661817544,41547761313024,0.1480559,0.24047868,9.862019,-7.635809E-4,-0.0015271618,-7.635809E-4,-55.95,-14.475,5.625,,,,,,,,,,,,,,,,,,
SENSOR,1789661817605,41547864496097,0.1480559,0.24047868,9.862019,-0.0010690133,-7.635809E-4,4.5814854E-4,-55.95,-14.475,5.625,,,,,,,,,,,,,,,,,,
SENSOR,1789661817614,41547864496097,0.1480559,0.24047868,9.862019,-0.0010690133,-7.635809E-4,4.5814854E-4,-55.800003,-14.85,4.05,,,,,,,,,,,,,,,,,,
SENSOR,1789661817648,41547865492555,0.15134603,0.24137598,9.861121,-0.0010690133,-7.635809E-4,4.5814854E-4,-55.800003,-14.85,4.05,,,,,,,,,,,,,,,,,,
SENSOR,1789661817709,41547964496097,0.15134603,0.24137598,9.861121,0.0015271618,0.0032070398,-7.635809E-4,-55.800003,-14.85,4.05,,,,,,,,,,,,,,,,,,
SENSOR,1789661817718,41547964496097,0.15134603,0.24137598,9.861121,0.0015271618,0.0032070398,-7.635809E-4,-55.725002,-14.625001,5.4,,,,,,,,,,,,,,,,,,
SENSOR,1789661817753,41547969672138,0.14985052,0.24197419,9.859626,0.0015271618,0.0032070398,-7.635809E-4,-55.725002,-14.625001,5.4,,,,,,,,,,,,,,,,,,
SENSOR,1789661817804,41548064496097,0.14985052,0.24197419,9.859626,-0.0010690133,9.162971E-4,-7.635809E-4,-55.725002,-14.625001,5.4,,,,,,,,,,,,,,,,,,
SENSOR,1789661817813,41548064496097,0.14985052,0.24197419,9.859626,-0.0010690133,9.162971E-4,-7.635809E-4,-55.575,-15.075001,4.5750003,,,,,,,,,,,,,,,,,,
SENSOR,1789661817856,41548073851669,0.148355,0.24017957,9.864411,-0.0010690133,9.162971E-4,-7.635809E-4,-55.575,-15.075001,4.5750003,,,,,,,,,,,,,,,,,,
GNSS,1789661817906,,true,11.05530662,76.92708268,378.0093994140625,3.7900925,0.0,,95,48,,,,,,,,,,,,,
SENSOR,1789661817922,41548164496097,0.148355,0.24017957,9.864411,-7.635809E-4,-0.0013744456,-7.635809E-4,-55.575,-15.075001,4.5750003,,,,,,,,,,,,,,,,,,
SENSOR,1789661817922,41548164496097,0.148355,0.24017957,9.864411,-7.635809E-4,-0.0013744456,-7.635809E-4,-56.325,-14.700001,4.8,,,,,,,,,,,,,,,,,,
GNSS,1789661818000,,true,11.05530676,76.9270828,378.0233154296875,3.7900925,0.0,,95,48,,,,,,,,,,,,,
SENSOR,1789661817960,41548178031253,0.15044872,0.23988047,9.861421,-7.635809E-4,-0.0013744456,-7.635809E-4,-56.325,-14.700001,4.8,,,,,,,,,,,,,,,,,,
SENSOR,1789661818004,41548264496097,0.15044872,0.23988047,9.861421,1.5271618E-4,-3.0543236E-4,0.0,-56.325,-14.700001,4.8,,,,,,,,,,,,,,,,,,
SENSOR,1789661818014,41548264496097,0.15044872,0.23988047,9.861421,1.5271618E-4,-3.0543236E-4,0.0,-56.250004,-14.625001,5.55,,,,,,,,,,,,,,,,,,
CELLULAR,1789661818036,,,,,,,,,,,,,,true,NR,4298047490,405,869,,75,403,634080,-108,NR_SS_RSRP,3,
SENSOR,1789661818067,41548282210784,0.14925231,0.23898315,9.865608,1.5271618E-4,-3.0543236E-4,0.0,-56.250004,-14.625001,5.55,,,,,,,,,,,,,,,,,,
SENSOR,1789661818108,41548364496097,0.14925231,0.23898315,9.865608,4.5814854E-4,0.0015271618,4.5814854E-4,-56.250004,-14.625001,5.55,,,,,,,,,,,,,,,,,,
SENSOR,1789661818118,41548364496097,0.14925231,0.23898315,9.865608,4.5814854E-4,0.0015271618,4.5814854E-4,-55.575,-14.55,4.125,,,,,,,,,,,,,,,,,,
SENSOR,1789661818169,41548386390315,0.14925231,0.23928227,9.861121,4.5814854E-4,0.0015271618,4.5814854E-4,-55.575,-14.55,4.125,,,,,,,,,,,,,,,,,,
SENSOR,1789661818204,41548464496097,0.14925231,0.23928227,9.861121,-1.5271618E-4,-7.635809E-4,4.5814854E-4,-55.575,-14.55,4.125,,,,,,,,,,,,,,,,,,
SENSOR,1789661818212,41548464496097,0.14925231,0.23928227,9.861121,-1.5271618E-4,-7.635809E-4,4.5814854E-4,-55.800003,-14.400001,4.7250004,,,,,,,,,,,,,,,,,,
SENSOR,1789661818273,41548490569847,0.148355,0.2428715,9.862617,-1.5271618E-4,-7.635809E-4,4.5814854E-4,-55.800003,-14.400001,4.7250004,,,,,,,,,,,,,,,,,,
SENSOR,1789661818307,41548564496097,0.148355,0.2428715,9.862617,1.5271618E-4,4.5814854E-4,1.5271618E-4,-55.800003,-14.400001,4.7250004,,,,,,,,,,,,,,,,,,
SENSOR,1789661818317,41548564496097,0.148355,0.2428715,9.862617,1.5271618E-4,4.5814854E-4,1.5271618E-4,-56.4,-14.55,5.55,,,,,,,,,,,,,,,,,,
SENSOR,1789661818377,41548594749378,0.14985052,0.23928227,9.862916,1.5271618E-4,4.5814854E-4,1.5271618E-4,-56.4,-14.55,5.55,,,,,,,,,,,,,,,,,,
SENSOR,1789661818403,41548664496097,0.14985052,0.23928227,9.862916,1.5271618E-4,-7.635809E-4,1.5271618E-4,-56.4,-14.55,5.55,,,,,,,,,,,,,,,,,,
SENSOR,1789661818412,41548664496097,0.14985052,0.23928227,9.862916,1.5271618E-4,-7.635809E-4,1.5271618E-4,-55.425003,-14.625001,3.9,,,,,,,,,,,,,,,,,,
SENSOR,1789661818482,41548698928909,0.15014961,0.23808585,9.8632145,1.5271618E-4,-7.635809E-4,1.5271618E-4,-55.425003,-14.625001,3.9,,,,,,,,,,,,,,,,,,
SENSOR,1789661818507,41548764496097,0.15014961,0.23808585,9.8632145,1.5271618E-4,4.5814854E-4,0.0,-55.425003,-14.625001,3.9,,,,,,,,,,,,,,,,,,
SENSOR,1789661818516,41548764496097,0.15014961,0.23808585,9.8632145,1.5271618E-4,4.5814854E-4,0.0,-56.250004,-14.625001,5.7000003,,,,,,,,,,,,,,,,,,
SENSOR,1789661818586,41548803108440,0.1468595,0.24077778,9.862318,1.5271618E-4,4.5814854E-4,0.0,-56.250004,-14.625001,5.7000003,,,,,,,,,,,,,,,,,,
SENSOR,1789661818604,41548864496097,0.1468595,0.24077778,9.862318,1.5271618E-4,-7.635809E-4,4.5814854E-4,-56.250004,-14.625001,5.7000003,,,,,,,,,,,,,,,,,,
SENSOR,1789661818613,41548864496097,0.1468595,0.24077778,9.862318,1.5271618E-4,-7.635809E-4,4.5814854E-4,-55.875004,-15.225,4.125,,,,,,,,,,,,,,,,,,
SENSOR,1789661818690,41548907287919,0.14925231,0.24107689,9.861121,1.5271618E-4,-7.635809E-4,4.5814854E-4,-55.875004,-15.225,4.125,,,,,,,,,,,,,,,,,,
SENSOR,1789661818707,41548964496097,0.14925231,0.24107689,9.861121,1.5271618E-4,-3.0543236E-4,4.5814854E-4,-55.875004,-15.225,4.125,,,,,,,,,,,,,,,,,,
SENSOR,1789661818716,41548964496097,0.14925231,0.24107689,9.861121,1.5271618E-4,-3.0543236E-4,4.5814854E-4,-56.025,-15.150001,5.775,,,,,,,,,,,,,,,,,,
SENSOR,1789661818795,41549011467451,0.14895321,0.24077778,9.864711,1.5271618E-4,-3.0543236E-4,4.5814854E-4,-56.025,-15.150001,5.775,,,,,,,,,,,,,,,,,,
SENSOR,1789661818803,41549064496097,0.14895321,0.24077778,9.864711,-7.635809E-4,-0.001679878,4.5814854E-4,-56.025,-15.150001,5.775,,,,,,,,,,,,,,,,,,
SENSOR,1789661818811,41549064496097,0.14895321,0.24077778,9.864711,-7.635809E-4,-0.001679878,4.5814854E-4,-56.250004,-14.700001,5.175,,,,,,,,,,,,,,,,,,
SENSOR,1789661818899,41549115646982,0.14925231,0.23928227,9.860224,-7.635809E-4,-0.001679878,4.5814854E-4,-56.250004,-14.700001,5.175,,,,,,,,,,,,,,,,,,
GNSS,1789661818907,,true,11.05530676,76.9270828,378.0233154296875,3.7900925,0.0,,94,49,,,,,,,,,,,,,
SENSOR,1789661818924,41549164496097,0.14925231,0.23928227,9.860224,1.5271618E-4,-3.0543236E-4,4.5814854E-4,-56.250004,-14.700001,5.175,,,,,,,,,,,,,,,,,,
SENSOR,1789661818924,41549164496097,0.14925231,0.23928227,9.860224,1.5271618E-4,-3.0543236E-4,4.5814854E-4,-55.725002,-14.625001,5.25,,,,,,,,,,,,,,,,,,
GNSS,1789661819000,,true,11.0553066,76.92708302,378.10015869140625,3.7900925,0.0,,94,49,,,,,,,,,,,,,
SENSOR,1789661819003,41549219826461,0.15074782,0.24017957,9.8632145,1.5271618E-4,-3.0543236E-4,4.5814854E-4,-55.725002,-14.625001,5.25,,,,,,,,,,,,,,,,,,
SENSOR,1789661819005,41549264496097,0.15074782,0.24017957,9.8632145,4.5814854E-4,9.162971E-4,-7.635809E-4,-55.725002,-14.625001,5.25,,,,,,,,,,,,,,,,,,
SENSOR,1789661819020,41549264496097,0.15074782,0.24017957,9.8632145,4.5814854E-4,9.162971E-4,-7.635809E-4,-56.4,-14.625001,5.55,,,,,,,,,,,,,,,,,,
CELLULAR,1789661819059,,,,,,,,,,,,,,true,NR,4298047490,405,869,,75,403,634080,-108,NR_SS_RSRP,3,
SENSOR,1789661819107,41549364496097,0.15074782,0.24017957,9.8632145,1.5271618E-4,4.5814854E-4,-7.635809E-4,-56.4,-14.625001,5.55,,,,,,,,,,,,,,,,,,
SENSOR,1789661819107,41549324005940,0.148355,0.24197419,9.862916,1.5271618E-4,4.5814854E-4,-7.635809E-4,-56.4,-14.625001,5.55,,,,,,,,,,,,,,,,,,
SENSOR,1789661819116,41549364496097,0.148355,0.24197419,9.862916,1.5271618E-4,4.5814854E-4,-7.635809E-4,-55.95,-15.000001,5.25,,,,,,,,,,,,,,,,,,
SENSOR,1789661819202,41549464496097,0.148355,0.24197419,9.862916,1.5271618E-4,4.5814854E-4,-7.635809E-4,-55.95,-15.000001,5.25,,,,,,,,,,,,,,,,,,
SENSOR,1789661819211,41549428185419,0.15044872,0.24017957,9.862617,1.5271618E-4,4.5814854E-4,-7.635809E-4,-55.95,-15.000001,5.25,,,,,,,,,,,,,,,,,,
SENSOR,1789661819219,41549464496097,0.15044872,0.24017957,9.862617,1.5271618E-4,4.5814854E-4,-7.635809E-4,-56.4,-15.075001,5.4750004,,,,,,,,,,,,,,,,,,
SENSOR,1789661819307,41549564496097,0.15044872,0.24017957,9.862617,0.0,1.5271618E-4,-3.0543236E-4,-56.4,-15.075001,5.4750004,,,,,,,,,,,,,,,,,,
SENSOR,1789661819315,41549532364899,0.15074782,0.24017957,9.864711,0.0,1.5271618E-4,-3.0543236E-4,-56.4,-15.075001,5.4750004,,,,,,,,,,,,,,,,,,
SENSOR,1789661819317,41549564496097,0.15074782,0.24017957,9.864711,0.0,1.5271618E-4,-3.0543236E-4,-56.025,-14.85,5.55,,,,,,,,,,,,,,,,,,
SENSOR,1789661819402,41549664496097,0.15074782,0.24017957,9.864711,1.5271618E-4,0.001679878,-7.635809E-4,-56.025,-14.85,5.55,,,,,,,,,,,,,,,,,,
SENSOR,1789661819420,41549636544378,0.148355,0.23958136,9.861121,1.5271618E-4,0.001679878,-7.635809E-4,-56.025,-14.85,5.55,,,,,,,,,,,,,,,,,,
SENSOR,1789661819421,41549664496097,0.148355,0.23958136,9.861121,1.5271618E-4,0.001679878,-7.635809E-4,-56.4,-14.400001,5.55,,,,,,,,,,,,,,,,,,
SENSOR,1789661819507,41549764496097,0.148355,0.23958136,9.861121,-4.5814854E-4,-0.0,-7.635809E-4,-56.4,-14.400001,5.55,,,,,,,,,,,,,,,,,,
SENSOR,1789661819514,41549764496097,0.148355,0.23958136,9.861121,-4.5814854E-4,-0.0,-7.635809E-4,-56.250004,-15.000001,5.25,,,,,,,,,,,,,,,,,,
SENSOR,1789661819523,41549740723857,0.148355,0.24017957,9.861121,-4.5814854E-4,-0.0,-7.635809E-4,-56.250004,-15.000001,5.25,,,,,,,,,,,,,,,,,,
SENSOR,1789661819602,41549864496097,0.148355,0.24017957,9.861121,1.5271618E-4,4.5814854E-4,4.5814854E-4,-56.250004,-15.000001,5.25,,,,,,,,,,,,,,,,,,
SENSOR,1789661819618,41549864496097,0.148355,0.24017957,9.861121,1.5271618E-4,4.5814854E-4,4.5814854E-4,-56.100002,-14.700001,4.875,,,,,,,,,,,,,,,,,,
SENSOR,1789661819627,41549844903336,0.15074782,0.23898315,9.861719,1.5271618E-4,4.5814854E-4,4.5814854E-4,-56.100002,-14.700001,4.875,,,,,,,,,,,,,,,,,,
SENSOR,1789661819706,41549964496097,0.15074782,0.23898315,9.861719,-4.5814854E-4,-0.002596175,-7.635809E-4,-56.100002,-14.700001,4.875,,,,,,,,,,,,,,,,,,
SENSOR,1789661819715,41549964496097,0.15074782,0.23898315,9.861719,-4.5814854E-4,-0.002596175,-7.635809E-4,-55.275,-14.475,4.275,,,,,,,,,,,,,,,,,,
SENSOR,1789661819732,41549949082815,0.148355,0.24047868,9.862318,-4.5814854E-4,-0.002596175,-7.635809E-4,-55.275,-14.475,4.275,,,,,,,,,,,,,,,,,,
SENSOR,1789661819810,41550064496097,0.148355,0.24047868,9.862318,1.5271618E-4,4.5814854E-4,4.5814854E-4,-55.275,-14.475,4.275,,,,,,,,,,,,,,,,,,
SENSOR,1789661819819,41550064496097,0.148355,0.24047868,9.862318,1.5271618E-4,4.5814854E-4,4.5814854E-4,-55.575,-15.000001,5.1000004,,,,,,,,,,,,,,,,,,
SENSOR,1789661819835,41550053262242,0.15164514,0.24047868,9.862916,1.5271618E-4,4.5814854E-4,4.5814854E-4,-55.575,-15.000001,5.1000004,,,,,,,,,,,,,,,,,,
GNSS,1789661819905,,true,11.0553066,76.92708302,378.10015869140625,3.7900925,0.0,,95,50,,,,,,,,,,,,,
SENSOR,1789661819917,41550164496097,0.15164514,0.24047868,9.862916,9.162971E-4,0.0012217294,-7.635809E-4,-55.575,-15.000001,5.1000004,,,,,,,,,,,,,,,,,,
SENSOR,1789661819917,41550164496097,0.15164514,0.24047868,9.862916,9.162971E-4,0.0012217294,-7.635809E-4,-54.975002,-14.250001,3.9750001,,,,,,,,,,,,,,,,,,
GNSS,1789661820000,,true,11.05530661,76.92708314,378.0977783203125,3.7900925,0.0,,95,50,,,,,,,,,,,,,
SENSOR,1789661819939,41550157441722,0.14955142,0.24077778,9.863514,9.162971E-4,0.0012217294,-7.635809E-4,-54.975002,-14.250001,3.9750001,,,,,,,,,,,,,,,,,,
SENSOR,1789661820011,41550264496097,0.14955142,0.24077778,9.863514,-0.0036651883,-0.009621119,4.5814854E-4,-54.975002,-14.250001,3.9750001,,,,,,,,,,,,,,,,,,
SENSOR,1789661820018,41550264496097,0.14955142,0.24077778,9.863514,-0.0036651883,-0.009621119,4.5814854E-4,-55.800003,-14.775001,4.7250004,,,,,,,,,,,,,,,,,,
SENSOR,1789661820043,41550261621149,0.14955142,0.24227329,9.864112,-0.0036651883,-0.009621119,4.5814854E-4,-55.800003,-14.775001,4.7250004,,,,,,,,,,,,,,,,,,
CELLULAR,1789661820080,,,,,,,,,,,,,,true,NR,4298047490,405,869,,75,403,634080,-108,NR_SS_RSRP,3,
SENSOR,1789661820106,41550364496097,0.14955142,0.24227329,9.864112,0.0044287695,0.0087048225,-7.635809E-4,-55.800003,-14.775001,4.7250004,,,,,,,,,,,,,,,,,,
SENSOR,1789661820114,41550364496097,0.14955142,0.24227329,9.864112,0.0044287695,0.0087048225,-7.635809E-4,-55.725002,-14.475,5.25,,,,,,,,,,,,,,,,,,
SENSOR,1789661820148,41550365800576,0.15224335,0.24137598,9.862617,0.0044287695,0.0087048225,-7.635809E-4,-55.725002,-14.475,5.25,,,,,,,,,,,,,,,,,,
SENSOR,1789661820209,41550464496097,0.15224335,0.24137598,9.862617,-0.0030543236,-0.006108647,4.5814854E-4,-55.725002,-14.475,5.25,,,,,,,,,,,,,,,,,,
SENSOR,1789661820218,41550464496097,0.15224335,0.24137598,9.862617,-0.0030543236,-0.006108647,4.5814854E-4,-56.100002,-14.925,4.425,,,,,,,,,,,,,,,,,,
SENSOR,1789661820252,41550469980003,0.15254244,0.2425724,9.863813,-0.0030543236,-0.006108647,4.5814854E-4,-56.100002,-14.925,4.425,,,,,,,,,,,,,,,,,,
SENSOR,1789661820305,41550564496097,0.15254244,0.2425724,9.863813,-0.0012217294,-0.0047342014,4.5814854E-4,-56.100002,-14.925,4.425,,,,,,,,,,,,,,,,,,
SENSOR,1789661820314,41550564496097,0.15254244,0.2425724,9.863813,-0.0012217294,-0.0047342014,4.5814854E-4,-56.550003,-14.85,5.4750004,,,,,,,,,,,,,,,,,,
SENSOR,1789661820357,41550574159430,0.15194423,0.24047868,9.864112,-0.0012217294,-0.0047342014,4.5814854E-4,-56.550003,-14.85,5.4750004,,,,,,,,,,,,,,,,,,
SENSOR,1789661820408,41550664496097,0.15194423,0.24047868,9.864112,0.0013744456,0.0039706207,-6.108647E-4,-56.550003,-14.85,5.4750004,,,,,,,,,,,,,,,,,,
SENSOR,1789661820418,41550664496097,0.15194423,0.24047868,9.864112,0.0013744456,0.0039706207,-6.108647E-4,-56.025,-15.225,5.4,,,,,,,,,,,,,,,,,,
SENSOR,1789661820460,41550678338857,0.1477568,0.24137598,9.862318,0.0013744456,0.0039706207,-6.108647E-4,-56.025,-15.225,5.4,,,,,,,,,,,,,,,,,,
SENSOR,1789661820505,41550764496097,0.1477568,0.24137598,9.862318,-9.162971E-4,-0.001679878,-7.635809E-4,-56.025,-15.225,5.4,,,,,,,,,,,,,,,,,,
SENSOR,1789661820513,41550764496097,0.1477568,0.24137598,9.862318,-9.162971E-4,-0.001679878,-7.635809E-4,-55.95,-14.475,5.625,,,,,,,,,,,,,,,,,,
SENSOR,1789661820564,41550782518232,0.15014961,0.23898315,9.860523,-9.162971E-4,-0.001679878,-7.635809E-4,-55.95,-14.475,5.625,,,,,,,,,,,,,,,,,,
SENSOR,1789661820610,41550864496097,0.15014961,0.23898315,9.860523,0.002443459,0.005039634,4.5814854E-4,-55.95,-14.475,5.625,,,,,,,,,,,,,,,,,,
SENSOR,1789661820618,41550864496097,0.15014961,0.23898315,9.860523,0.002443459,0.005039634,4.5814854E-4,-56.550003,-14.85,5.25,,,,,,,,,,,,,,,,,,
SENSOR,1789661820668,41550886697659,0.15044872,0.24137598,9.862617,0.002443459,0.005039634,4.5814854E-4,-56.550003,-14.85,5.25,,,,,,,,,,,,,,,,,,
SENSOR,1789661820704,41550964496097,0.15044872,0.24137598,9.862617,1.5271618E-4,-3.0543236E-4,4.5814854E-4,-56.550003,-14.85,5.25,,,,,,,,,,,,,,,,,,
SENSOR,1789661820713,41550964496097,0.15044872,0.24137598,9.862617,1.5271618E-4,-3.0543236E-4,4.5814854E-4,-55.800003,-14.700001,4.125,,,,,,,,,,,,,,,,,,
SENSOR,1789661820773,41550990877034,0.14955142,0.24137598,9.862019,1.5271618E-4,-3.0543236E-4,4.5814854E-4,-55.800003,-14.700001,4.125,,,,,,,,,,,,,,,,,,
SENSOR,1789661820809,41551064496097,0.14955142,0.24137598,9.862019,-0.0032070398,-0.006108647,1.5271618E-4,-55.800003,-14.700001,4.125,,,,,,,,,,,,,,,,,,
SENSOR,1789661820817,41551064496097,0.14955142,0.24137598,9.862019,-0.0032070398,-0.006108647,1.5271618E-4,-55.800003,-14.55,3.6750002,,,,,,,,,,,,,,,,,,
SENSOR,1789661820878,41551095056461,0.15014961,0.23988047,9.865907,-0.0032070398,-0.006108647,1.5271618E-4,-55.800003,-14.55,3.6750002,,,,,,,,,,,,,,,,,,
SENSOR,1789661820905,41551164496097,0.15014961,0.23988047,9.865907,0.005650499,0.012675443,4.5814854E-4,-55.800003,-14.55,3.6750002,,,,,,,,,,,,,,,,,,
GNSS,1789661820906,,true,11.05530661,76.92708314,378.0977783203125,3.7900925,0.0,,94,49,,,,,,,,,,,,,
SENSOR,1789661820920,41551164496097,0.15014961,0.23988047,9.865907,0.005650499,0.012675443,4.5814854E-4,-55.875004,-14.700001,4.2000003,,,,,,,,,,,,,,,,,,
GNSS,1789661821000,,true,11.05530663,76.92708267,377.9456787109375,3.7900925,0.0,,94,49,,,,,,,,,,,,,
SENSOR,1789661820982,41551199235836,0.15643078,0.23778675,9.862318,0.005650499,0.012675443,4.5814854E-4,-55.875004,-14.700001,4.2000003,,,,,,,,,,,,,,,,,,
SENSOR,1789661821008,41551264496097,0.15643078,0.23778675,9.862318,-0.005955931,-0.013744457,4.5814854E-4,-55.875004,-14.700001,4.2000003,,,,,,,,,,,,,,,,,,
SENSOR,1789661821017,41551264496097,0.15643078,0.23778675,9.862318,-0.005955931,-0.013744457,4.5814854E-4,-56.025,-14.775001,4.65,,,,,,,,,,,,,,,,,,
SENSOR,1789661821086,41551303415211,0.15433706,0.23838496,9.862916,-0.005955931,-0.013744457,4.5814854E-4,-56.025,-14.775001,4.65,,,,,,,,,,,,,,,,,,
SENSOR,1789661821104,41551364496097,0.15433706,0.23838496,9.862916,0.0010690133,4.5814854E-4,1.5271618E-4,-56.025,-14.775001,4.65,,,,,,,,,,,,,,,,,,
CELLULAR,1789661821104,,,,,,,,,,,,,,true,NR,4298047490,405,869,,75,403,634080,-108,NR_SS_RSRP,3,
SENSOR,1789661821124,41551364496097,0.15433706,0.23838496,9.862916,0.0010690133,4.5814854E-4,1.5271618E-4,-55.575,-14.55,3.3750002,,,,,,,,,,,,,,,,,,
SENSOR,1789661821190,41551407594534,0.15104693,0.23898315,9.862019,0.0010690133,4.5814854E-4,1.5271618E-4,-55.575,-14.55,3.3750002,,,,,,,,,,,,,,,,,,
SENSOR,1789661821208,41551464496097,0.15104693,0.23898315,9.862019,-4.5814854E-4,-6.108647E-4,-4.5814854E-4,-55.575,-14.55,3.3750002,,,,,,,,,,,,,,,,,,
SENSOR,1789661821216,41551464496097,0.15104693,0.23898315,9.862019,-4.5814854E-4,-6.108647E-4,-4.5814854E-4,-56.4,-14.700001,5.1000004,,,,,,,,,,,,,,,,,,
SENSOR,1789661821294,41551511773909,0.15044872,0.24137598,9.860822,-4.5814854E-4,-6.108647E-4,-4.5814854E-4,-56.4,-14.700001,5.1000004,,,,,,,,,,,,,,,,,,
SENSOR,1789661821302,41551564496097,0.15044872,0.24137598,9.860822,-0.0010690133,-0.0019853103,4.5814854E-4,-56.4,-14.700001,5.1000004,,,,,,,,,,,,,,,,,,
SENSOR,1789661821312,41551564496097,0.15044872,0.24137598,9.860822,-0.0010690133,-0.0019853103,4.5814854E-4,-55.725002,-15.000001,4.125,,,,,,,,,,,,,,,,,,
SENSOR,1789661821398,41551615953284,0.15314065,0.24107689,9.860224,-0.0010690133,-0.0019853103,4.5814854E-4,-55.725002,-15.000001,4.125,,,,,,,,,,,,,,,,,,
SENSOR,1789661821407,41551664496097,0.15314065,0.24107689,9.860224,-1.5271618E-4,7.635809E-4,4.5814854E-4,-55.725002,-15.000001,4.125,,,,,,,,,,,,,,,,,,
SENSOR,1789661821416,41551664496097,0.15314065,0.24107689,9.860224,-1.5271618E-4,7.635809E-4,4.5814854E-4,-56.175003,-14.55,5.3250003,,,,,,,,,,,,,,,,,,
SENSOR,1789661821502,41551764496097,0.15314065,0.24107689,9.860224,-1.5271618E-4,9.162971E-4,-7.635809E-4,-56.175003,-14.55,5.3250003,,,,,,,,,,,,,,,,,,
SENSOR,1789661821503,41551720132607,0.15134603,0.24227329,9.865009,-1.5271618E-4,9.162971E-4,-7.635809E-4,-56.175003,-14.55,5.3250003,,,,,,,,,,,,,,,,,,
SENSOR,1789661821510,41551764496097,0.15134603,0.24227329,9.865009,-1.5271618E-4,9.162971E-4,-7.635809E-4,-55.95,-15.000001,4.2000003,,,,,,,,,,,,,,,,,,
SENSOR,1789661821607,41551824311930,0.15134603,0.23988047,9.861421,-1.5271618E-4,9.162971E-4,-7.635809E-4,-55.95,-15.000001,4.2000003,,,,,,,,,,,,,,,,,,
SENSOR,1789661821607,41551864496097,0.15134603,0.23988047,9.861421,0.0022907427,0.0065667955,4.5814854E-4,-55.95,-15.000001,4.2000003,,,,,,,,,,,,,,,,,,
SENSOR,1789661821615,41551864496097,0.15134603,0.23988047,9.861421,0.0022907427,0.0065667955,4.5814854E-4,-55.875004,-14.700001,4.2000003,,,,,,,,,,,,,,,,,,
SENSOR,1789661821703,41551964496097,0.15134603,0.23988047,9.861421,0.0,0.0,4.5814854E-4,-55.875004,-14.700001,4.2000003,,,,,,,,,,,,,,,,,,
SENSOR,1789661821712,41551928491305,0.15164514,0.24017957,9.864112,0.0,0.0,4.5814854E-4,-55.875004,-14.700001,4.2000003,,,,,,,,,,,,,,,,,,
SENSOR,1789661821720,41551964496097,0.15164514,0.24017957,9.864112,0.0,0.0,4.5814854E-4,-56.175003,-14.325001,5.025,,,,,,,,,,,,,,,,,,
SENSOR,1789661821806,41552064496097,0.15164514,0.24017957,9.864112,-0.0018325942,-0.004276053,-0.0,-56.175003,-14.325001,5.025,,,,,,,,,,,,,,,,,,
SENSOR,1789661821815,41552032670576,0.15014961,0.2425724,9.862916,-0.0018325942,-0.004276053,-0.0,-56.175003,-14.325001,5.025,,,,,,,,,,,,,,,,,,
SENSOR,1789661821815,41552064496097,0.15014961,0.2425724,9.862916,-0.0018325942,-0.004276053,-0.0,-55.275,-14.55,3.9750001,,,,,,,,,,,,,,,,,,
SENSOR,1789661821903,41552164496097,0.15014961,0.2425724,9.862916,-0.0019853103,-0.006108647,3.0543236E-4,-55.275,-14.55,3.9750001,,,,,,,,,,,,,,,,,,
GNSS,1789661821905,,true,11.05530663,76.92708267,377.9456787109375,3.7900925,0.0,,94,46,,,,,,,,,,,,,
GNSS,1789661822000,,true,11.05530678,76.92708281,377.94989013671875,3.7900925,0.0,,94,46,,,,,,,,,,,,,
SENSOR,1789661821921,41552136849899,0.14925231,0.24376881,9.8632145,-0.0019853103,-0.006108647,3.0543236E-4,-55.275,-14.55,3.9750001,,,,,,,,,,,,,,,,,,
SENSOR,1789661821921,41552164496097,0.14925231,0.24376881,9.8632145,-0.0019853103,-0.006108647,3.0543236E-4,-55.95,-14.925,5.025,,,,,,,,,,,,,,,,,,
SENSOR,1789661822006,41552264496097,0.14925231,0.24376881,9.8632145,0.001679878,0.003359756,4.5814854E-4,-55.95,-14.925,5.025,,,,,,,,,,,,,,,,,,
SENSOR,1789661822015,41552264496097,0.14925231,0.24376881,9.8632145,0.001679878,0.003359756,4.5814854E-4,-56.100002,-14.175,5.175,,,,,,,,,,,,,,,,,,
SENSOR,1789661822024,41552241029222,0.14955142,0.23808585,9.8632145,0.001679878,0.003359756,4.5814854E-4,-56.100002,-14.175,5.175,,,,,,,,,,,,,,,,,,
SENSOR,1789661822102,41552364496097,0.14955142,0.23808585,9.8632145,1.5271618E-4,4.5814854E-4,3.0543236E-4,-56.100002,-14.175,5.175,,,,,,,,,,,,,,,,,,
SENSOR,1789661822119,41552364496097,0.14955142,0.23808585,9.8632145,1.5271618E-4,4.5814854E-4,3.0543236E-4,-54.975002,-14.325001,3.825,,,,,,,,,,,,,,,,,,
CELLULAR,1789661822125,,,,,,,,,,,,,,true,NR,4298047490,405,869,,75,403,634080,-108,NR_SS_RSRP,3,
SENSOR,1789661822150,41552345208544,0.14895321,0.23958136,9.860822,1.5271618E-4,4.5814854E-4,3.0543236E-4,-54.975002,-14.325001,3.825,,,,,,,,,,,,,,,,,,
SENSOR,1789661822206,41552464496097,0.14895321,0.23958136,9.860822,-4.5814854E-4,-7.635809E-4,-3.0543236E-4,-54.975002,-14.325001,3.825,,,,,,,,,,,,,,,,,,
SENSOR,1789661822215,41552464496097,0.14895321,0.23958136,9.860822,-4.5814854E-4,-7.635809E-4,-3.0543236E-4,-56.325,-14.625001,5.175,,,,,,,,,,,,,,,,,,
SENSOR,1789661822232,41552449387815,0.14985052,0.24077778,9.862019,-4.5814854E-4,-7.635809E-4,-3.0543236E-4,-56.325,-14.625001,5.175,,,,,,,,,,,,,,,,,,
SENSOR,1789661822302,41552564496097,0.14985052,0.24077778,9.862019,-9.162971E-4,4.5814854E-4,4.5814854E-4,-56.325,-14.625001,5.175,,,,,,,,,,,,,,,,,,
SENSOR,1789661822318,41552564496097,0.14985052,0.24077778,9.862019,-9.162971E-4,4.5814854E-4,4.5814854E-4,-56.175003,-14.625001,5.25,,,,,,,,,,,,,,,,,,
SENSOR,1789661822335,41552553567138,0.14895321,0.2416751,9.861421,-9.162971E-4,4.5814854E-4,4.5814854E-4,-56.175003,-14.625001,5.25,,,,,,,,,,,,,,,,,,
SENSOR,1789661822407,41552664496097,0.14895321,0.2416751,9.861421,1.5271618E-4,-1.5271618E-4,4.5814854E-4,-56.175003,-14.625001,5.25,,,,,,,,,,,,,,,,,,
SENSOR,1789661822414,41552664496097,0.14895321,0.2416751,9.861421,1.5271618E-4,-1.5271618E-4,4.5814854E-4,-55.275,-14.85,2.775,,,,,,,,,,,,,,,,,,
SENSOR,1789661822440,41552657746461,0.15044872,0.24137598,9.861121,1.5271618E-4,-1.5271618E-4,4.5814854E-4,-55.275,-14.85,2.775,,,,,,,,,,,,,,,,,,
SENSOR,1789661822509,41552764496097,0.15044872,0.24137598,9.861121,-9.162971E-4,-6.108647E-4,4.5814854E-4,-55.275,-14.85,2.775,,,,,,,,,,,,,,,,,,
SENSOR,1789661822518,41552764496097,0.15044872,0.24137598,9.861121,-9.162971E-4,-6.108647E-4,4.5814854E-4,-55.725002,-14.625001,4.9500003,,,,,,,,,,,,,,,,,,
SENSOR,1789661822545,41552761925732,0.15074782,0.24017957,9.862318,-9.162971E-4,-6.108647E-4,4.5814854E-4,-55.725002,-14.625001,4.9500003,,,,,,,,,,,,,,,,,,
SENSOR,1789661822605,41552864496097,0.15074782,0.24017957,9.862318,1.5271618E-4,4.5814854E-4,-3.0543236E-4,-55.725002,-14.625001,4.9500003,,,,,,,,,,,,,,,,,,
SENSOR,1789661822614,41552864496097,0.15074782,0.24017957,9.862318,1.5271618E-4,4.5814854E-4,-3.0543236E-4,-55.800003,-14.55,3.825,,,,,,,,,,,,,,,,,,
SENSOR,1789661822648,41552866105003,0.14895321,0.24077778,9.861121,1.5271618E-4,4.5814854E-4,-3.0543236E-4,-55.800003,-14.55,3.825,,,,,,,,,,,,,,,,,,
SENSOR,1789661822709,41552964496097,0.14895321,0.24077778,9.861121,0.009926552,0.023518292,-7.635809E-4,-55.800003,-14.55,3.825,,,,,,,,,,,,,,,,,,
SENSOR,1789661822718,41552964496097,0.14895321,0.24077778,9.861121,0.009926552,0.023518292,-7.635809E-4,-55.125004,-14.475,1.6500001,,,,,,,,,,,,,,,,,,
SENSOR,1789661822754,41552970284326,0.1477568,0.24077778,9.860523,0.009926552,0.023518292,-7.635809E-4,-55.125004,-14.475,1.6500001,,,,,,,,,,,,,,,,,,
SENSOR,1789661822804,41553064496097,0.1477568,0.24077778,9.860523,-0.0041233366,-0.008857539,4.5814854E-4,-55.125004,-14.475,1.6500001,,,,,,,,,,,,,,,,,,
SENSOR,1789661822815,41553064496097,0.1477568,0.24077778,9.860523,-0.0041233366,-0.008857539,4.5814854E-4,-55.275,-14.625001,3.825,,,,,,,,,,,,,,,,,,
SENSOR,1789661822856,41553074463597,0.15314065,0.23928227,9.861121,-0.0041233366,-0.008857539,4.5814854E-4,-55.275,-14.625001,3.825,,,,,,,,,,,,,,,,,,
GNSS,1789661822901,,true,11.05530678,76.92708281,377.94989013671875,3.7900925,0.0,,93,45,,,,,,,,,,,,,
GNSS,1789661823000,,true,11.05530675,76.9270829,377.9581298828125,3.7900925,0.0,,93,45,,,,,,,,,,,,,
SENSOR,1789661822910,41553164496097,0.15314065,0.23928227,9.861121,0.002443459,0.00519235,-7.635809E-4,-55.275,-14.625001,3.825,,,,,,,,,,,,,,,,,,
SENSOR,1789661822917,41553164496097,0.15314065,0.23928227,9.861121,0.002443459,0.00519235,-7.635809E-4,-54.375004,-14.625001,1.125,,,,,,,,,,,,,,,,,,
SENSOR,1789661822961,41553178642867,0.1477568,0.24077778,9.859626,0.002443459,0.00519235,-7.635809E-4,-54.375004,-14.625001,1.125,,,,,,,,,,,,,,,,,,
SENSOR,1789661823005,41553264496097,0.1477568,0.24077778,9.859626,-3.0543236E-4,0.0,-3.0543236E-4,-54.375004,-14.625001,1.125,,,,,,,,,,,,,,,,,,
SENSOR,1789661823013,41553264496097,0.1477568,0.24077778,9.859626,-3.0543236E-4,0.0,-3.0543236E-4,-55.425003,-14.55,4.425,,,,,,,,,,,,,,,,,,
SENSOR,1789661823065,41553282822190,0.1480559,0.24107689,9.865009,-3.0543236E-4,0.0,-3.0543236E-4,-55.425003,-14.55,4.425,,,,,,,,,,,,,,,,,,
SENSOR,1789661823109,41553364496097,0.1480559,0.24107689,9.865009,-9.162971E-4,-0.0019853103,4.5814854E-4,-55.425003,-14.55,4.425,,,,,,,,,,,,,,,,,,
SENSOR,1789661823118,41553364496097,0.1480559,0.24107689,9.865009,-9.162971E-4,-0.0019853103,4.5814854E-4,-56.100002,-14.625001,5.025,,,,,,,,,,,,,,,,,,
CELLULAR,1789661823150,,,,,,,,,,,,,,true,NR,4298047490,405,869,,75,403,634080,-108,NR_SS_RSRP,3,
SENSOR,1789661823170,41553387001461,0.1477568,0.24137598,9.862318,-9.162971E-4,-0.0019853103,4.5814854E-4,-56.100002,-14.625001,5.025,,,,,,,,,,,,,,,,,,
SENSOR,1789661823204,41553464496097,0.1477568,0.24137598,9.862318,0.0021380265,0.0054977825,-0.0,-56.100002,-14.625001,5.025,,,,,,,,,,,,,,,,,,
SENSOR,1789661823213,41553464496097,0.1477568,0.24137598,9.862318,0.0021380265,0.0054977825,-0.0,-55.65,-14.700001,4.425,,,,,,,,,,,,,,,,,,
SENSOR,1789661823274,41553491180732,0.15403795,0.23958136,9.862318,0.0021380265,0.0054977825,-0.0,-55.65,-14.700001,4.425,,,,,,,,,,,,,,,,,,
SENSOR,1789661823308,41553564496097,0.15403795,0.23958136,9.862318,-0.0012217294,-0.0021380265,1.5271618E-4,-55.65,-14.700001,4.425,,,,,,,,,,,,,,,,,,
SENSOR,1789661823317,41553564496097,0.15403795,0.23958136,9.862318,-0.0012217294,-0.0021380265,1.5271618E-4,-55.65,-14.325001,4.125,,,,,,,,,,,,,,,,,,
SENSOR,1789661823377,41553595360003,0.15463616,0.23868406,9.861121,-0.0012217294,-0.0021380265,1.5271618E-4,-55.65,-14.325001,4.125,,,,,,,,,,,,,,,,,,
SENSOR,1789661823403,41553664496097,0.15463616,0.23868406,9.861121,-0.0035124721,-0.00839939,4.5814854E-4,-55.65,-14.325001,4.125,,,,,,,,,,,,,,,,,,
SENSOR,1789661823413,41553664496097,0.15463616,0.23868406,9.861121,-0.0035124721,-0.00839939,4.5814854E-4,-54.675003,-14.775001,2.1000001,,,,,,,,,,,,,,,,,,
SENSOR,1789661823482,41553699539326,0.15074782,0.24077778,9.85813,-0.0035124721,-0.00839939,4.5814854E-4,-54.675003,-14.775001,2.1000001,,,,,,,,,,,,,,,,,,
SENSOR,1789661823507,41553764496097,0.15074782,0.24077778,9.85813,0.0012217294,0.0015271618,4.5814854E-4,-54.675003,-14.775001,2.1000001,,,,,,,,,,,,,,,,,,
SENSOR,1789661823516,41553764496097,0.15074782,0.24077778,9.85813,0.0012217294,0.0015271618,4.5814854E-4,-54.600002,-14.55,4.2000003,,,,,,,,,,,,,,,,,,
SENSOR,1789661823586,41553803718597,0.15134603,0.24017957,9.859925,0.0012217294,0.0015271618,4.5814854E-4,-54.600002,-14.55,4.2000003,,,,,,,,,,,,,,,,,,
SENSOR,1789661823603,41553864496097,0.15134603,0.24017957,9.859925,0.0018325942,0.0036651883,-7.635809E-4,-54.600002,-14.55,4.2000003,,,,,,,,,,,,,,,,,,
SENSOR,1789661823612,41553864496097,0.15134603,0.24017957,9.859925,0.0018325942,0.0036651883,-7.635809E-4,-55.725002,-14.85,2.625,,,,,,,,,,,,,,,,,,
SENSOR,1789661823690,41553907897867,0.14745769,0.24047868,9.860523,0.0018325942,0.0036651883,-7.635809E-4,-55.725002,-14.85,2.625,,,,,,,,,,,,,,,,,,
SENSOR,1789661823707,41553964496097,0.14745769,0.24047868,9.860523,-0.002596175,-0.005039634,4.5814854E-4,-55.725002,-14.85,2.625,,,,,,,,,,,,,,,,,,
SENSOR,1789661823716,41553964496097,0.14745769,0.24047868,9.860523,-0.002596175,-0.005039634,4.5814854E-4,-55.875004,-15.075001,4.5750003,,,,,,,,,,,,,,,,,,
SENSOR,1789661823795,41554012077138,0.15104693,0.23898315,9.860224,-0.002596175,-0.005039634,4.5814854E-4,-55.875004,-15.075001,4.5750003,,,,,,,,,,,,,,,,,,
SENSOR,1789661823803,41554064496097,0.15104693,0.23898315,9.860224,4.5814854E-4,-1.5271618E-4,4.5814854E-4,-55.875004,-15.075001,4.5750003,,,,,,,,,,,,,,,,,,
SENSOR,1789661823812,41554064496097,0.15104693,0.23898315,9.860224,4.5814854E-4,-1.5271618E-4,4.5814854E-4,-55.500004,-14.55,4.3500004,,,,,,,,,,,,,,,,,,
SENSOR,1789661823899,41554116256409,0.1486541,0.24077778,9.861421,4.5814854E-4,-1.5271618E-4,4.5814854E-4,-55.500004,-14.55,4.3500004,,,,,,,,,,,,,,,,,,
GNSS,1789661823906,,true,11.05530675,76.9270829,377.9581298828125,3.7900925,0.0,,94,45,,,,,,,,,,,,,
SENSOR,1789661823918,41554164496097,0.1486541,0.24077778,9.861421,-1.5271618E-4,-0.0010690133,4.5814854E-4,-55.500004,-14.55,4.3500004,,,,,,,,,,,,,,,,,,
SENSOR,1789661823918,41554164496097,0.1486541,0.24077778,9.861421,-1.5271618E-4,-0.0010690133,4.5814854E-4,-56.025,-14.925,5.175,,,,,,,,,,,,,,,,,,
GNSS,1789661824000,,true,11.05530666,76.92708296,377.99365234375,3.7900925,0.0,,94,45,,,,,,,,,,,,,
SENSOR,1789661824005,41554220435680,0.14955142,0.2431706,9.861121,-1.5271618E-4,-0.0010690133,4.5814854E-4,-56.025,-14.925,5.175,,,,,,,,,,,,,,,,,,
SENSOR,1789661824006,41554264496097,0.14955142,0.2431706,9.861121,1.5271618E-4,4.5814854E-4,-7.635809E-4,-56.025,-14.925,5.175,,,,,,,,,,,,,,,,,,
SENSOR,1789661824012,41554264496097,0.14955142,0.2431706,9.861121,1.5271618E-4,4.5814854E-4,-7.635809E-4,-55.95,-15.000001,4.9500003,,,,,,,,,,,,,,,,,,
SENSOR,1789661824107,41554324614899,0.1480559,0.24047868,9.862019,1.5271618E-4,4.5814854E-4,-7.635809E-4,-55.95,-15.000001,4.9500003,,,,,,,,,,,,,,,,,,
SENSOR,1789661824108,41554364496097,0.1480559,0.24047868,9.862019,-1.5271618E-4,-3.0543236E-4,4.5814854E-4,-55.95,-15.000001,4.9500003,,,,,,,,,,,,,,,,,,
SENSOR,1789661824116,41554364496097,0.1480559,0.24047868,9.862019,-1.5271618E-4,-3.0543236E-4,4.5814854E-4,-56.4,-14.700001,5.1000004,,,,,,,,,,,,,,,,,,
CELLULAR,1789661824169,,,,,,,,,,,,,,true,NR,4298047490,405,869,,75,403,634080,-108,NR_SS_RSRP,3,
SENSOR,1789661824202,41554464496097,0.1480559,0.24047868,9.862019,1.5271618E-4,-4.5814854E-4,1.5271618E-4,-56.4,-14.700001,5.1000004,,,,,,,,,,,,,,,,,,
SENSOR,1789661824212,41554428794169,0.14895321,0.23988047,9.858728,1.5271618E-4,-4.5814854E-4,1.5271618E-4,-56.4,-14.700001,5.1000004,,,,,,,,,,,,,,,,,,
SENSOR,1789661824213,41554464496097,0.14895321,0.23988047,9.858728,1.5271618E-4,-4.5814854E-4,1.5271618E-4,-55.725002,-14.775001,5.4750004,,,,,,,,,,,,,,,,,,
SENSOR,1789661824308,41554564496097,0.14895321,0.23988047,9.858728,-0.0021380265,-0.0044287695,-0.0,-55.725002,-14.775001,5.4750004,,,,,,,,,,,,,,,,,,
SENSOR,1789661824315,41554532973440,0.15074782,0.24017957,9.862916,-0.0021380265,-0.0044287695,-0.0,-55.725002,-14.775001,5.4750004,,,,,,,,,,,,,,,,,,
SENSOR,1789661824316,41554564496097,0.15074782,0.24017957,9.862916,-0.0021380265,-0.0044287695,-0.0,-56.7,-14.85,5.25,,,,,,,,,,,,,,,,,,
SENSOR,1789661824403,41554664496097,0.15074782,0.24017957,9.862916,-0.001679878,-0.0032070398,3.0543236E-4,-56.7,-14.85,5.25,,,,,,,,,,,,,,,,,,
SENSOR,1789661824421,41554637152711,0.15164514,0.23958136,9.862019,-0.001679878,-0.0032070398,3.0543236E-4,-56.7,-14.85,5.25,,,,,,,,,,,,,,,,,,
SENSOR,1789661824421,41554664496097,0.15164514,0.23958136,9.862019,-0.001679878,-0.0032070398,3.0543236E-4,-55.65,-14.925,5.175,,,,,,,,,,,,,,,,,,
SENSOR,1789661824506,41554764496097,0.15164514,0.23958136,9.862019,0.0013744456,0.0019853103,4.5814854E-4,-55.65,-14.925,5.175,,,,,,,,,,,,,,,,,,
SENSOR,1789661824515,41554764496097,0.15164514,0.23958136,9.862019,0.0013744456,0.0019853103,4.5814854E-4,-56.025,-14.775001,4.5,,,,,,,,,,,,,,,,,,
SENSOR,1789661824523,41554741331982,0.14895321,0.23988047,9.859626,0.0013744456,0.0019853103,4.5814854E-4,-56.025,-14.775001,4.5,,,,,,,,,,,,,,,,,,
SENSOR,1789661824602,41554864496097,0.14895321,0.23988047,9.859626,-0.0010690133,-9.162971E-4,4.5814854E-4,-56.025,-14.775001,4.5,,,,,,,,,,,,,,,,,,
SENSOR,1789661824621,41554864496097,0.14895321,0.23988047,9.859626,-0.0010690133,-9.162971E-4,4.5814854E-4,-56.325,-14.700001,4.8,,,,,,,,,,,,,,,,,,
SENSOR,1789661824627,41554845511201,0.148355,0.2416751,9.863514,-0.0010690133,-9.162971E-4,4.5814854E-4,-56.325,-14.700001,4.8,,,,,,,,,,,,,,,,,,
SENSOR,1789661824706,41554964496097,0.148355,0.2416751,9.863514,-3.0543236E-4,7.635809E-4,4.5814854E-4,-56.325,-14.700001,4.8,,,,,,,,,,,,,,,,,,
SENSOR,1789661824715,41554964496097,0.148355,0.2416751,9.863514,-3.0543236E-4,7.635809E-4,4.5814854E-4,-55.95,-15.225,4.9500003,,,,,,,,,,,,,,,,,,
SENSOR,1789661824732,41554949690472,0.15134603,0.23988047,9.860523,-3.0543236E-4,7.635809E-4,4.5814854E-4,-55.95,-15.225,4.9500003,,,,,,,,,,,,,,,,,,
SENSOR,1789661824801,41555064496097,0.15134603,0.23988047,9.860523,1.5271618E-4,0.001679878,3.0543236E-4,-55.95,-15.225,4.9500003,,,,,,,,,,,,,,,,,,
SENSOR,1789661824818,41555064496097,0.15134603,0.23988047,9.860523,1.5271618E-4,0.001679878,3.0543236E-4,-55.875004,-14.775001,4.125,,,,,,,,,,,,,,,,,,
SENSOR,1789661824836,41555053869742,0.15014961,0.2416751,9.863813,1.5271618E-4,0.001679878,3.0543236E-4,-55.875004,-14.775001,4.125,,,,,,,,,,,,,,,,,,
GNSS,1789661824903,,true,11.05530666,76.92708296,377.99365234375,3.7900925,0.0,,93,46,,,,,,,,,,,,,
SENSOR,1789661824912,41555164496097,0.15014961,0.2416751,9.863813,-3.0543236E-4,-0.0,-1.5271618E-4,-55.875004,-14.775001,4.125,,,,,,,,,,,,,,,,,,
GNSS,1789661825000,,true,11.05530705,76.92708325,378.00347900390625,3.7900925,0.0,,93,46,,,,,,,,,,,,,
SENSOR,1789661824914,41555164496097,0.15014961,0.2416751,9.863813,-3.0543236E-4,-0.0,-1.5271618E-4,-55.050003,-14.85,3.45,,,,,,,,,,,,,,,,,,
SENSOR,1789661824939,41555158048961,0.148355,0.24137598,9.859326,-3.0543236E-4,-0.0,-1.5271618E-4,-55.050003,-14.85,3.45,,,,,,,,,,,,,,,,,,
SENSOR,1789661825001,41555264496097,0.148355,0.24137598,9.859326,0.0062613636,0.014966186,-7.635809E-4,-55.050003,-14.85,3.45,,,,,,,,,,,,,,,,,,
SENSOR,1789661825019,41555264496097,0.148355,0.24137598,9.859326,0.0062613636,0.014966186,-7.635809E-4,-55.800003,-14.775001,4.7250004,,,,,,,,,,,,,,,,,,
SENSOR,1789661825044,41555262228232,0.14177474,0.24107689,9.8632145,0.0062613636,0.014966186,-7.635809E-4,-55.800003,-14.775001,4.7250004,,,,,,,,,,,,,,,,,,
SENSOR,1789661825106,41555364496097,0.14177474,0.24107689,9.8632145,-3.0543236E-4,-6.108647E-4,-1.5271618E-4,-55.800003,-14.775001,4.7250004,,,,,,,,,,,,,,,,,,
SENSOR,1789661825114,41555364496097,0.14177474,0.24107689,9.8632145,-3.0543236E-4,-6.108647E-4,-1.5271618E-4,-55.800003,-15.000001,3.6000001,,,,,,,,,,,,,,,,,,
SENSOR,1789661825148,41555366407451,0.15672988,0.23718855,9.860224,-3.0543236E-4,-6.108647E-4,-1.5271618E-4,-55.800003,-15.000001,3.6000001,,,,,,,,,,,,,,,,,,
CELLULAR,1789661825192,,,,,,,,,,,,,,true,NR,4298047490,405,869,,75,403,634080,-108,NR_SS_RSRP,3,
SENSOR,1789661825213,41555464496097,0.15672988,0.23718855,9.860224,-0.0047342014,-0.009315687,-7.635809E-4,-55.800003,-15.000001,3.6000001,,,,,,,,,,,,,,,,,,
SENSOR,1789661825219,41555464496097,0.15672988,0.23718855,9.860224,-0.0047342014,-0.009315687,-7.635809E-4,-55.875004,-14.775001,4.2000003,,,,,,,,,,,,,,,,,,
SENSOR,1789661825252,41555470586722,0.15224335,0.24047868,9.861421,-0.0047342014,-0.009315687,-7.635809E-4,-55.875004,-14.775001,4.2000003,,,,,,,,,,,,,,,,,,
SENSOR,1789661825306,41555564496097,0.15224335,0.24047868,9.861421,0.0032070398,0.007788525,-7.635809E-4,-55.875004,-14.775001,4.2000003,,,,,,,,,,,,,,,,,,
SENSOR,1789661825315,41555564496097,0.15224335,0.24047868,9.861421,0.0032070398,0.007788525,-7.635809E-4,-55.725002,-14.775001,4.2000003,,,,,,,,,,,,,,,,,,
SENSOR,1789661825358,41555574765940,0.14985052,0.24017957,9.862617,0.0032070398,0.007788525,-7.635809E-4,-55.725002,-14.775001,4.2000003,,,,,,,,,,,,,,,,,,
SENSOR,1789661825409,41555664496097,0.14985052,0.24017957,9.862617,3.0543236E-4,0.0018325942,-7.635809E-4,-55.725002,-14.775001,4.2000003,,,,,,,,,,,,,,,,,,
SENSOR,1789661825419,41555664496097,0.14985052,0.24017957,9.862617,3.0543236E-4,0.0018325942,-7.635809E-4,-55.350002,-14.55,3.075,,,,,,,,,,,,,,,,,,
SENSOR,1789661825462,41555678945159,0.14985052,0.23898315,9.861719,3.0543236E-4,0.0018325942,-7.635809E-4,-55.350002,-14.55,3.075,,,,,,,,,,,,,,,,,,
SENSOR,1789661825504,41555764496097,0.14985052,0.23898315,9.861719,-3.0543236E-4,-4.5814854E-4,4.5814854E-4,-55.350002,-14.55,3.075,,,,,,,,,,,,,,,,,,
SENSOR,1789661825514,41555764496097,0.14985052,0.23898315,9.861719,-3.0543236E-4,-4.5814854E-4,4.5814854E-4,-56.100002,-14.475,5.25,,,,,,,,,,,,,,,,,,
SENSOR,1789661825566,41555783124378,0.15254244,0.23718855,9.862019,-3.0543236E-4,-4.5814854E-4,4.5814854E-4,-56.100002,-14.475,5.25,,,,,,,,,,,,,,,,,,
SENSOR,1789661825609,41555864496097,0.15254244,0.23718855,9.862019,-0.0021380265,-0.0039706207,4.5814854E-4,-56.100002,-14.475,5.25,,,,,,,,,,,,,,,,,,
SENSOR,1789661825618,41555864496097,0.15254244,0.23718855,9.862019,-0.0021380265,-0.0039706207,4.5814854E-4,-56.100002,-14.85,5.25,,,,,,,,,,,,,,,,,,
SENSOR,1789661825669,41555887303597,0.14955142,0.24137598,9.862318,-0.0021380265,-0.0039706207,4.5814854E-4,-56.100002,-14.85,5.25,,,,,,,,,,,,,,,,,,
SENSOR,1789661825703,41555964496097,0.14955142,0.24137598,9.862318,1.5271618E-4,4.5814854E-4,-3.0543236E-4,-56.100002,-14.85,5.25,,,,,,,,,,,,,,,,,,
SENSOR,1789661825712,41555964496097,0.14955142,0.24137598,9.862318,1.5271618E-4,4.5814854E-4,-3.0543236E-4,-56.100002,-14.625001,5.175,,,,,,,,,,,,,,,,,,
SENSOR,1789661825774,41555991482815,0.1480559,0.24047868,9.864112,1.5271618E-4,4.5814854E-4,-3.0543236E-4,-56.100002,-14.625001,5.175,,,,,,,,,,,,,,,,,,
SENSOR,1789661825809,41556064496097,0.1480559,0.24047868,9.864112,-0.0010690133,-0.0019853103,4.5814854E-4,-56.100002,-14.625001,5.175,,,,,,,,,,,,,,,,,,
SENSOR,1789661825817,41556064496097,0.1480559,0.24047868,9.864112,-0.0010690133,-0.0019853103,4.5814854E-4,-55.800003,-14.925,4.425,,,,,,,,,,,,,,,,,,
SENSOR,1789661825878,41556095662086,0.14925231,0.24077778,9.861421,-0.0010690133,-0.0019853103,4.5814854E-4,-55.800003,-14.925,4.425,,,,,,,,,,,,,,,,,,
GNSS,1789661825901,,true,11.05530705,76.92708325,378.00347900390625,3.7900925,0.0,,91,45,,,,,,,,,,,,,
SENSOR,1789661825907,41556164496097,0.14925231,0.24077778,9.861421,1.5271618E-4,9.162971E-4,4.5814854E-4,-55.800003,-14.925,4.425,,,,,,,,,,,,,,,,,,
GNSS,1789661826000,,true,11.05530704,76.92708324,377.9984130859375,3.7900925,0.0,,91,45,,,,,,,,,,,,,
SENSOR,1789661825912,41556164496097,0.14925231,0.24077778,9.861421,1.5271618E-4,9.162971E-4,4.5814854E-4,-54.9,-14.475,2.625,,,,,,,,,,,,,,,,,,
SENSOR,1789661825983,41556199841253,0.14955142,0.2416751,9.864112,1.5271618E-4,9.162971E-4,4.5814854E-4,-54.9,-14.475,2.625,,,,,,,,,,,,,,,,,,
SENSOR,1789661826009,41556264496097,0.14955142,0.2416751,9.864112,-7.635809E-4,-7.635809E-4,4.5814854E-4,-54.9,-14.475,2.625,,,,,,,,,,,,,,,,,,
SENSOR,1789661826018,41556264496097,0.14955142,0.2416751,9.864112,-7.635809E-4,-7.635809E-4,4.5814854E-4,-56.025,-14.775001,4.7250004,,,,,,,,,,,,,,,,,,
SENSOR,1789661826087,41556304020472,0.148355,0.23988047,9.862617,-7.635809E-4,-7.635809E-4,4.5814854E-4,-56.025,-14.775001,4.7250004,,,,,,,,,,,,,,,,,,
SENSOR,1789661826104,41556364496097,0.148355,0.23988047,9.862617,1.5271618E-4,4.5814854E-4,-7.635809E-4,-56.025,-14.775001,4.7250004,,,,,,,,,,,,,,,,,,
SENSOR,1789661826113,41556364496097,0.148355,0.23988047,9.862617,1.5271618E-4,4.5814854E-4,-7.635809E-4,-56.025,-14.925,4.65,,,,,,,,,,,,,,,,,,
SENSOR,1789661826190,41556408199690,0.14955142,0.24137598,9.861121,1.5271618E-4,4.5814854E-4,-7.635809E-4,-56.025,-14.925,4.65,,,,,,,,,,,,,,,,,,
SENSOR,1789661826208,41556464496097,0.14955142,0.24137598,9.861121,7.635809E-4,6.108647E-4,4.5814854E-4,-56.025,-14.925,4.65,,,,,,,,,,,,,,,,,,
CELLULAR,1789661826214,,,,,,,,,,,,,,true,NR,4298047490,405,869,,75,403,634080,-108,NR_SS_RSRP,3,
SENSOR,1789661826235,41556464496097,0.14955142,0.24137598,9.861121,7.635809E-4,6.108647E-4,4.5814854E-4,-55.725002,-15.375001,3.9,,,,,,,,,,,,,,,,,,
SENSOR,1789661826295,41556512378909,0.15254244,0.24047868,9.861719,7.635809E-4,6.108647E-4,4.5814854E-4,-55.725002,-15.375001,3.9,,,,,,,,,,,,,,,,,,
SENSOR,1789661826303,41556564496097,0.15254244,0.24047868,9.861719,-0.0030543236,-0.00519235,4.5814854E-4,-55.725002,-15.375001,3.9,,,,,,,,,,,,,,,,,,
SENSOR,1789661826312,41556564496097,0.15254244,0.24047868,9.861719,-0.0030543236,-0.00519235,4.5814854E-4,-54.525,-14.775001,1.8750001,,,,,,,,,,,,,,,,,,
SENSOR,1789661826399,41556616558128,0.15074782,0.23898315,9.863813,-0.0030543236,-0.00519235,4.5814854E-4,-54.525,-14.775001,1.8750001,,,,,,,,,,,,,,,,,,
SENSOR,1789661826407,41556664496097,0.15074782,0.23898315,9.863813,1.5271618E-4,-4.5814854E-4,4.5814854E-4,-54.525,-14.775001,1.8750001,,,,,,,,,,,,,,,,,,
SENSOR,1789661826416,41556664496097,0.15074782,0.23898315,9.863813,1.5271618E-4,-4.5814854E-4,4.5814854E-4,-55.275,-14.700001,2.7,,,,,,,,,,,,,,,,,,
SENSOR,1789661826505,41556720737347,0.15074782,0.24017957,9.857532,1.5271618E-4,-4.5814854E-4,4.5814854E-4,-55.275,-14.700001,2.7,,,,,,,,,,,,,,,,,,
SENSOR,1789661826506,41556764496097,0.15074782,0.24017957,9.857532,1.5271618E-4,-0.0013744456,4.5814854E-4,-55.275,-14.700001,2.7,,,,,,,,,,,,,,,,,,
SENSOR,1789661826512,41556764496097,0.15074782,0.24017957,9.857532,1.5271618E-4,-0.0013744456,4.5814854E-4,-56.100002,-14.700001,5.175,,,,,,,,,,,,,,,,,,
SENSOR,1789661826608,41556824916565,0.15104693,0.23958136,9.861121,1.5271618E-4,-0.0013744456,4.5814854E-4,-56.100002,-14.700001,5.175,,,,,,,,,,,,,,,,,,
SENSOR,1789661826608,41556864496097,0.15104693,0.23958136,9.861121,0.0013744456,0.0038179045,4.5814854E-4,-56.100002,-14.700001,5.175,,,,,,,,,,,,,,,,,,
SENSOR,1789661826617,41556864496097,0.15104693,0.23958136,9.861121,0.0013744456,0.0038179045,4.5814854E-4,-56.250004,-15.000001,5.175,,,,,,,,,,,,,,,,,,
SENSOR,1789661826704,41556964496097,0.15104693,0.23958136,9.861121,1.5271618E-4,7.635809E-4,-7.635809E-4,-56.250004,-15.000001,5.175,,,,,,,,,,,,,,,,,,
SENSOR,1789661826711,41556929095732,0.148355,0.24137598,9.860224,1.5271618E-4,7.635809E-4,-7.635809E-4,-56.250004,-15.000001,5.175,,,,,,,,,,,,,,,,,,
SENSOR,1789661826713,41556964496097,0.148355,0.24137598,9.860224,1.5271618E-4,7.635809E-4,-7.635809E-4,-56.325,-15.000001,5.175,,,,,,,,,,,,,,,,,,
SENSOR,1789661826808,41557064496097,0.148355,0.24137598,9.860224,1.5271618E-4,-3.0543236E-4,-7.635809E-4,-56.325,-15.000001,5.175,,,,,,,,,,,,,,,,,,
SENSOR,1789661826816,41557033274951,0.15014961,0.23928227,9.861719,1.5271618E-4,-3.0543236E-4,-7.635809E-4,-56.325,-15.000001,5.175,,,,,,,,,,,,,,,,,,
SENSOR,1789661826817,41557064496097,0.15014961,0.23928227,9.861719,1.5271618E-4,-3.0543236E-4,-7.635809E-4,-56.625004,-14.700001,4.8,,,,,,,,,,,,,,,,,,
SENSOR,1789661826904,41557164496097,0.15014961,0.23928227,9.861719,-7.635809E-4,-7.635809E-4,1.5271618E-4,-56.625004,-14.700001,4.8,,,,,,,,,,,,,,,,,,
GNSS,1789661826906,,true,11.05530704,76.92708324,377.9984130859375,3.7900925,0.0,,93,47,,,,,,,,,,,,,
SENSOR,1789661826916,41557164496097,0.15014961,0.23928227,9.861719,-7.635809E-4,-7.635809E-4,1.5271618E-4,-55.65,-15.3,5.25,,,,,,,,,,,,,,,,,,
GNSS,1789661827000,,true,11.05530702,76.92708327,377.99652099609375,3.7900925,0.0,,93,47,,,,,,,,,,,,,
SENSOR,1789661826920,41557137454169,0.15014961,0.23958136,9.859326,-7.635809E-4,-7.635809E-4,1.5271618E-4,-55.65,-15.3,5.25,,,,,,,,,,,,,,,,,,
SENSOR,1789661827007,41557264496097,0.15014961,0.23958136,9.859326,1.5271618E-4,4.5814854E-4,4.5814854E-4,-55.65,-15.3,5.25,,,,,,,,,,,,,,,,,,
SENSOR,1789661827017,41557264496097,0.15014961,0.23958136,9.859326,1.5271618E-4,4.5814854E-4,4.5814854E-4,-55.800003,-14.700001,5.1000004,,,,,,,,,,,,,,,,,,
SENSOR,1789661827024,41557241633388,0.1477568,0.24137598,9.85813,1.5271618E-4,4.5814854E-4,4.5814854E-4,-55.800003,-14.700001,5.1000004,,,,,,,,,,,,,,,,,,
SENSOR,1789661827102,41557364496097,0.1477568,0.24137598,9.85813,1.5271618E-4,3.0543236E-4,-6.108647E-4,-55.800003,-14.700001,5.1000004,,,,,,,,,,,,,,,,,,
SENSOR,1789661827120,41557364496097,0.1477568,0.24137598,9.85813,1.5271618E-4,3.0543236E-4,-6.108647E-4,-56.025,-14.775001,4.65,,,,,,,,,,,,,,,,,,
SENSOR,1789661827128,41557345812607,0.148355,0.2416751,9.862318,1.5271618E-4,3.0543236E-4,-6.108647E-4,-56.025,-14.775001,4.65,,,,,,,,,,,,,,,,,,
SENSOR,1789661827206,41557464496097,0.148355,0.2416751,9.862318,-3.0543236E-4,0.0,4.5814854E-4,-56.025,-14.775001,4.65,,,,,,,,,,,,,,,,,,
SENSOR,1789661827215,41557464496097,0.148355,0.2416751,9.862318,-3.0543236E-4,0.0,4.5814854E-4,-54.975002,-14.85,2.7,,,,,,,,,,,,,,,,,,
SENSOR,1789661827233,41557449991878,0.15104693,0.24017957,9.861121,-3.0543236E-4,0.0,4.5814854E-4,-54.975002,-14.85,2.7,,,,,,,,,,,,,,,,,,
CELLULAR,1789661827235,,,,,,,,,,,,,,true,NR,4298047490,405,869,,75,403,634080,-108,NR_SS_RSRP,3,
SENSOR,1789661827302,41557564496097,0.15104693,0.24017957,9.861121,1.5271618E-4,-7.635809E-4,4.5814854E-4,-54.975002,-14.85,2.7,,,,,,,,,,,,,,,,,,
SENSOR,1789661827320,41557564496097,0.15104693,0.24017957,9.861121,1.5271618E-4,-7.635809E-4,4.5814854E-4,-56.100002,-14.700001,4.7250004,,,,,,,,,,,,,,,,,,
SENSOR,1789661827337,41557554171097,0.14925231,0.24017957,9.859326,1.5271618E-4,-7.635809E-4,4.5814854E-4,-56.100002,-14.700001,4.7250004,,,,,,,,,,,,,,,,,,
SENSOR,1789661827407,41557664496097,0.14925231,0.24017957,9.859326,6.108647E-4,0.0012217294,4.5814854E-4,-56.100002,-14.700001,4.7250004,,,,,,,,,,,,,,,,,,
SENSOR,1789661827415,41557664496097,0.14925231,0.24017957,9.859326,6.108647E-4,0.0012217294,4.5814854E-4,-56.550003,-15.150001,4.9500003,,,,,,,,,,,,,,,,,,
SENSOR,1789661827440,41557658350315,0.14895321,0.23838496,9.861121,6.108647E-4,0.0012217294,4.5814854E-4,-56.550003,-15.150001,4.9500003,,,,,,,,,,,,,,,,,,
SENSOR,1789661827502,41557764496097,0.14895321,0.23838496,9.861121,1.5271618E-4,-0.0021380265,4.5814854E-4,-56.550003,-15.150001,4.9500003,,,,,,,,,,,,,,,,,,
SENSOR,1789661827519,41557764496097,0.14895321,0.23838496,9.861121,1.5271618E-4,-0.0021380265,4.5814854E-4,-56.175003,-15.150001,4.8,,,,,,,,,,,,,,,,,,
SENSOR,1789661827545,41557762529586,0.15014961,0.23928227,9.858728,1.5271618E-4,-0.0021380265,4.5814854E-4,-56.175003,-15.150001,4.8,,,,,,,,,,,,,,,,,,
SENSOR,1789661827605,41557864496097,0.15014961,0.23928227,9.858728,0.002596175,0.005345066,-7.635809E-4,-56.175003,-15.150001,4.8,,,,,,,,,,,,,,,,,,
SENSOR,1789661827615,41557864496097,0.15014961,0.23928227,9.858728,0.002596175,0.005345066,-7.635809E-4,-55.800003,-14.250001,3.9,,,,,,,,,,,,,,,,,,
SENSOR,1789661827648,41557866708805,0.15014961,0.24107689,9.857532,0.002596175,0.005345066,-7.635809E-4,-55.800003,-14.250001,3.9,,,,,,,,,,,,,,,,,,
SENSOR,1789661827701,41557964496097,0.15014961,0.24107689,9.857532,-0.0010690133,-0.0030543236,-7.635809E-4,-55.800003,-14.250001,3.9,,,,,,,,,,,,,,,,,,
SENSOR,1789661827722,41557964496097,0.15014961,0.24107689,9.857532,-0.0010690133,-0.0030543236,-7.635809E-4,-54.9,-14.475,2.1750002,,,,,,,,,,,,,,,,,,
SENSOR,1789661827753,41557970888076,0.15373886,0.23898315,9.859925,-0.0010690133,-0.0030543236,-7.635809E-4,-54.9,-14.475,2.1750002,,,,,,,,,,,,,,,,,,
SENSOR,1789661827806,41558064496097,0.15373886,0.23898315,9.859925,7.635809E-4,-0.0,4.5814854E-4,-54.9,-14.475,2.1750002,,,,,,,,,,,,,,,,,,
SENSOR,1789661827814,41558064496097,0.15373886,0.23898315,9.859925,7.635809E-4,-0.0,4.5814854E-4,-56.175003,-14.700001,4.8,,,,,,,,,,,,,,,,,,
SENSOR,1789661827857,41558075067347,0.15254244,0.23868406,9.859626,7.635809E-4,-0.0,4.5814854E-4,-56.175003,-14.700001,4.8,,,,,,,,,,,,,,,,,,
GNSS,1789661827904,,true,11.05530702,76.92708327,377.99652099609375,3.7900925,0.0,,94,45,,,,,,,,,,,,,
SENSOR,1789661827919,41558164496097,0.15254244,0.23868406,9.859626,3.0543236E-4,6.108647E-4,4.5814854E-4,-56.175003,-14.700001,4.8,,,,,,,,,,,,,,,,,,
SENSOR,1789661827919,41558164496097,0.15254244,0.23868406,9.859626,3.0543236E-4,6.108647E-4,4.5814854E-4,-56.175003,-14.625001,4.9500003,,,,,,,,,,,,,,,,,,
GNSS,1789661828000,,true,11.05530707,76.92708348,378.11566162109375,3.7900925,0.0,,94,45,,,,,,,,,,,,,
SENSOR,1789661827963,41558179246565,0.15134603,0.23928227,9.859925,3.0543236E-4,6.108647E-4,4.5814854E-4,-56.175003,-14.625001,4.9500003,,,,,,,,,,,,,,,,,,
SENSOR,1789661828006,41558264496097,0.15134603,0.23928227,9.859925,9.162971E-4,0.002443459,-1.5271618E-4,-56.175003,-14.625001,4.9500003,,,,,,,,,,,,,,,,,,
SENSOR,1789661828014,41558264496097,0.15134603,0.23928227,9.859925,9.162971E-4,0.002443459,-1.5271618E-4,-56.025,-14.475,4.5,,,,,,,,,,,,,,,,,,
SENSOR,1789661828067,41558283425836,0.15134603,0.24017957,9.860523,9.162971E-4,0.002443459,-1.5271618E-4,-56.025,-14.475,4.5,,,,,,,,,,,,,,,,,,
SENSOR,1789661828109,41558364496097,0.15134603,0.24017957,9.860523,1.5271618E-4,-7.635809E-4,-7.635809E-4,-56.025,-14.475,4.5,,,,,,,,,,,,,,,,,,
SENSOR,1789661828119,41558364496097,0.15134603,0.24017957,9.860523,1.5271618E-4,-7.635809E-4,-7.635809E-4,-55.65,-14.775001,4.05,,,,,,,,,,,,,,,,,,
SENSOR,1789661828170,41558387605159,0.15314065,0.23898315,9.861121,1.5271618E-4,-7.635809E-4,-7.635809E-4,-55.65,-14.775001,4.05,,,,,,,,,,,,,,,,,,
SENSOR,1789661828206,41558464496097,0.15314065,0.23898315,9.861121,-0.001679878,-0.0045814854,4.5814854E-4,-55.65,-14.775001,4.05,,,,,,,,,,,,,,,,,,
SENSOR,1789661828215,41558464496097,0.15314065,0.23898315,9.861121,-0.001679878,-0.0045814854,4.5814854E-4,-56.025,-14.625001,5.4750004,,,,,,,,,,,,,,,,,,
CELLULAR,1789661828260,,,,,,,,,,,,,,true,NR,4298047490,405,869,,75,403,634080,-108,NR_SS_RSRP,3,
SENSOR,1789661828281,41558491784430,0.15254244,0.23898315,9.859925,-0.001679878,-0.0045814854,4.5814854E-4,-56.025,-14.625001,5.4750004,,,,,,,,,,,,,,,,,,
SENSOR,1789661828308,41558564496097,0.15254244,0.23898315,9.859925,-9.162971E-4,-0.001679878,-7.635809E-4,-56.025,-14.625001,5.4750004,,,,,,,,,,,,,,,,,,
SENSOR,1789661828319,41558564496097,0.15254244,0.23898315,9.859925,-9.162971E-4,-0.001679878,-7.635809E-4,-55.425003,-15.075001,4.3500004,,,,,,,,,,,,,,,,,,
SENSOR,1789661828377,41558595963701,0.15164514,0.24047868,9.858429,-9.162971E-4,-0.001679878,-7.635809E-4,-55.425003,-15.075001,4.3500004,,,,,,,,,,,,,,,,,,
SENSOR,1789661828405,41558664496097,0.15164514,0.24047868,9.858429,-0.0,-7.635809E-4,4.5814854E-4,-55.425003,-15.075001,4.3500004,,,,,,,,,,,,,,,,,,
SENSOR,1789661828413,41558664496097,0.15164514,0.24047868,9.858429,-0.0,-7.635809E-4,4.5814854E-4,-56.025,-15.000001,4.875,,,,,,,,,,,,,,,,,,
SENSOR,1789661828484,41558700142972,0.14955142,0.23958136,9.859925,-0.0,-7.635809E-4,4.5814854E-4,-56.025,-15.000001,4.875,,,,,,,,,,,,,,,,,,
SENSOR,1789661828508,41558764496097,0.14955142,0.23958136,9.859925,0.0,3.0543236E-4,4.5814854E-4,-56.025,-15.000001,4.875,,,,,,,,,,,,,,,,,,
SENSOR,1789661828519,41558764496097,0.14955142,0.23958136,9.859925,0.0,3.0543236E-4,4.5814854E-4,-55.95,-15.3,4.3500004,,,,,,,,,,,,,,,,,,
SENSOR,1789661828587,41558804322294,0.15254244,0.23838496,9.859626,0.0,3.0543236E-4,4.5814854E-4,-55.95,-15.3,4.3500004,,,,,,,,,,,,,,,,,,
SENSOR,1789661828606,41558864496097,0.15254244,0.23838496,9.859626,0.0018325942,0.0045814854,-4.5814854E-4,-55.95,-15.3,4.3500004,,,,,,,,,,,,,,,,,,
SENSOR,1789661828612,41558864496097,0.15254244,0.23838496,9.859626,0.0018325942,0.0045814854,-4.5814854E-4,-56.100002,-15.000001,4.275,,,,,,,,,,,,,,,,,,
SENSOR,1789661828691,41558908501565,0.15254244,0.23928227,9.862318,0.0018325942,0.0045814854,-4.5814854E-4,-56.100002,-15.000001,4.275,,,,,,,,,,,,,,,,,,
SENSOR,1789661828709,41558964496097,0.15254244,0.23928227,9.862318,1.5271618E-4,0.001679878,-6.108647E-4,-56.100002,-15.000001,4.275,,,,,,,,,,,,,,,,,,
SENSOR,1789661828718,41558964496097,0.15254244,0.23928227,9.862318,1.5271618E-4,0.001679878,-6.108647E-4,-56.475002,-14.775001,3.9,,,,,,,,,,,,,,,,,,
SENSOR,1789661828795,41559012680888,0.14955142,0.23928227,9.860822,1.5271618E-4,0.001679878,-6.108647E-4,-56.475002,-14.775001,3.9,,,,,,,,,,,,,,,,,,
SENSOR,1789661828804,41559064496097,0.14955142,0.23928227,9.860822,1.5271618E-4,-7.635809E-4,-4.5814854E-4,-56.475002,-14.775001,3.9,,,,,,,,,,,,,,,,,,
SENSOR,1789661828813,41559064496097,0.14955142,0.23928227,9.860822,1.5271618E-4,-7.635809E-4,-4.5814854E-4,-55.575,-14.625001,3.3750002,,,,,,,,,,,,,,,,,,
SENSOR,1789661828939,41559116860159,0.148355,0.24077778,9.859626,1.5271618E-4,-7.635809E-4,-4.5814854E-4,-55.575,-14.625001,3.3750002,,,,,,,,,,,,,,,,,,
SENSOR,1789661828939,41559164496097,0.148355,0.24077778,9.859626,-0.0010690133,0.0,4.5814854E-4,-55.575,-14.625001,3.3750002,,,,,,,,,,,,,,,,,,
SENSOR,1789661828939,41559164496097,0.148355,0.24077778,9.859626,-0.0010690133,0.0,4.5814854E-4,-53.100002,-14.250001,-0.22500001,,,,,,,,,,,,,,,,,,
GNSS,1789661829000,,true,11.05530707,76.92708346,378.10845947265625,3.7900925,0.0,,94,45,,,,,,,,,,,,,
SENSOR,1789661829002,41559221039482,0.14985052,0.24077778,9.859326,-0.0010690133,0.0,4.5814854E-4,-53.100002,-14.250001,-0.22500001,,,,,,,,,,,,,,,,,,
SENSOR,1789661829003,41559264496097,0.14985052,0.24077778,9.859326,0.0010690133,0.0013744456,-7.635809E-4,-53.100002,-14.250001,-0.22500001,,,,,,,,,,,,,,,,,,
SENSOR,1789661829012,41559264496097,0.14985052,0.24077778,9.859326,0.0010690133,0.0013744456,-7.635809E-4,-52.875004,-14.250001,-0.52500004,,,,,,,,,,,,,,,,,,
SENSOR,1789661829108,41559325218753,0.15074782,0.23808585,9.863514,0.0010690133,0.0013744456,-7.635809E-4,-52.875004,-14.250001,-0.52500004,,,,,,,,,,,,,,,,,,
SENSOR,1789661829108,41559364496097,0.15074782,0.23808585,9.863514,-7.635809E-4,-0.0019853103,4.5814854E-4,-52.875004,-14.250001,-0.52500004,,,,,,,,,,,,,,,,,,
SENSOR,1789661829118,41559364496097,0.15074782,0.23808585,9.863514,-7.635809E-4,-0.0019853103,4.5814854E-4,-56.100002,-14.700001,5.25,,,,,,,,,,,,,,,,,,
SENSOR,1789661829279,41559464496097,0.15074782,0.23808585,9.863514,-0.0,-9.162971E-4,4.5814854E-4,-56.100002,-14.700001,5.25,,,,,,,,,,,,,,,,,,
SENSOR,1789661829279,41559429398076,0.15194423,0.24137598,9.859925,-0.0,-9.162971E-4,4.5814854E-4,-56.100002,-14.700001,5.25,,,,,,,,,,,,,,,,,,
SENSOR,1789661829279,41559464496097,0.15194423,0.24137598,9.859925,-0.0,-9.162971E-4,4.5814854E-4,-54.825,-14.55,2.4,,,,,,,,,,,,,,,,,,
CELLULAR,1789661829297,,,,,,,,,,,,,,true,NR,4298047490,405,869,,75,403,634080,-108,NR_SS_RSRP,3,
SENSOR,1789661829335,41559564496097,0.15194423,0.24137598,9.859925,6.108647E-4,9.162971E-4,0.0,-54.825,-14.55,2.4,,,,,,,,,,,,,,,,,,
SENSOR,1789661829336,41559533577347,0.15104693,0.24107689,9.861421,6.108647E-4,9.162971E-4,0.0,-54.825,-14.55,2.4,,,,,,,,,,,,,,,,,,
SENSOR,1789661829336,41559564496097,0.15104693,0.24107689,9.861421,6.108647E-4,9.162971E-4,0.0,-54.075,-14.475,2.625,,,,,,,,,,,,,,,,,,
SENSOR,1789661829402,41559664496097,0.15104693,0.24107689,9.861421,1.5271618E-4,7.635809E-4,4.5814854E-4,-54.075,-14.475,2.625,,,,,,,,,,,,,,,,,,
SENSOR,1789661829411,41559664496097,0.15104693,0.24107689,9.861421,1.5271618E-4,7.635809E-4,4.5814854E-4,-55.275,-14.400001,3.0,,,,,,,,,,,,,,,,,,
SENSOR,1789661829420,41559637756669,0.14925231,0.23958136,9.860224,1.5271618E-4,7.635809E-4,4.5814854E-4,-55.275,-14.400001,3.0,,,,,,,,,,,,,,,,,,
SENSOR,1789661829506,41559764496097,0.14925231,0.23958136,9.860224,1.5271618E-4,-7.635809E-4,4.5814854E-4,-55.275,-14.400001,3.0,,,,,,,,,,,,,,,,,,
SENSOR,1789661829515,41559764496097,0.14925231,0.23958136,9.860224,1.5271618E-4,-7.635809E-4,4.5814854E-4,-55.2,-14.775001,3.7500002,,,,,,,,,,,,,,,,,,
SENSOR,1789661829523,41559741935940,0.1468595,0.24017957,9.859028,1.5271618E-4,-7.635809E-4,4.5814854E-4,-55.2,-14.775001,3.7500002,,,,,,,,,,,,,,,,,,
SENSOR,1789661829602,41559864496097,0.1468595,0.24017957,9.859028,0.0,-7.635809E-4,4.5814854E-4,-55.2,-14.775001,3.7500002,,,,,,,,,,,,,,,,,,
SENSOR,1789661829610,41559864496097,0.1468595,0.24017957,9.859028,0.0,-7.635809E-4,4.5814854E-4,-55.275,-14.700001,3.2250001,,,,,,,,,,,,,,,,,,
SENSOR,1789661829629,41559846115263,0.14955142,0.24077778,9.862019,0.0,-7.635809E-4,4.5814854E-4,-55.275,-14.700001,3.2250001,,,,,,,,,,,,,,,,,,
SENSOR,1789661829706,41559964496097,0.14955142,0.24077778,9.862019,0.0032070398,0.0065667955,-7.635809E-4,-55.275,-14.700001,3.2250001,,,,,,,,,,,,,,,,,,
SENSOR,1789661829716,41559964496097,0.14955142,0.24077778,9.862019,0.0032070398,0.0065667955,-7.635809E-4,-55.95,-14.925,4.2000003,,,,,,,,,,,,,,,,,,
SENSOR,1789661829735,41559950294586,0.15314065,0.24197419,9.862916,0.0032070398,0.0065667955,-7.635809E-4,-55.95,-14.925,4.2000003,,,,,,,,,,,,,,,,,,
SENSOR,1789661829802,41560064496097,0.15314065,0.24197419,9.862916,-0.0035124721,-0.009315687,-7.635809E-4,-55.95,-14.925,4.2000003,,,,,,,,,,,,,,,,,,
SENSOR,1789661829819,41560064496097,0.15314065,0.24197419,9.862916,-0.0035124721,-0.009315687,-7.635809E-4,-56.100002,-14.85,5.025,,,,,,,,,,,,,,,,,,
SENSOR,1789661829840,41560054473857,0.1471586,0.24197419,9.858728,-0.0035124721,-0.009315687,-7.635809E-4,-56.100002,-14.85,5.025,,,,,,,,,,,,,,,,,,
SENSOR,1789661829906,41560164496097,0.1471586,0.24197419,9.858728,-3.0543236E-4,-1.5271618E-4,4.5814854E-4,-56.100002,-14.85,5.025,,,,,,,,,,,,,,,,,,
SENSOR,1789661829914,41560164496097,0.1471586,0.24197419,9.858728,-3.0543236E-4,-1.5271618E-4,4.5814854E-4,-56.100002,-14.925,4.275,,,,,,,,,,,,,,,,,,
SENSOR,1789661829940,41560158653180,0.1486541,0.24107689,9.861719,-3.0543236E-4,-1.5271618E-4,4.5814854E-4,-56.100002,-14.925,4.275,,,,,,,,,,,,,,,,,,
SENSOR,1789661830007,41560264496097,0.1486541,0.24107689,9.861719,-0.0013744456,-0.001679878,4.5814854E-4,-56.100002,-14.925,4.275,,,,,,,,,,,,,,,,,,
SENSOR,1789661830019,41560264496097,0.1486541,0.24107689,9.861719,-0.0013744456,-0.001679878,4.5814854E-4,-55.65,-14.85,3.6000001,,,,,,,,,,,,,,,,,,
SENSOR,1789661830045,41560262832451,0.15373886,0.23659034,9.862916,-0.0013744456,-0.001679878,4.5814854E-4,-55.65,-14.85,3.6000001,,,,,,,,,,,,,,,,,,
SENSOR,1789661830106,41560364496097,0.15373886,0.23659034,9.862916,-0.0022907427,-0.0038179045,-3.0543236E-4,-55.65,-14.85,3.6000001,,,,,,,,,,,,,,,,,,
SENSOR,1789661830115,41560364496097,0.15373886,0.23659034,9.862916,-0.0022907427,-0.0038179045,-3.0543236E-4,-55.800003,-15.150001,5.625,,,,,,,,,,,,,,,,,,
SENSOR,1789661830149,41560367011774,0.15314065,0.24137598,9.861121,-0.0022907427,-0.0038179045,-3.0543236E-4,-55.800003,-15.150001,5.625,,,,,,,,,,,,,,,,,,
SENSOR,1789661830203,41560464496097,0.15314065,0.24137598,9.861121,0.0027488912,0.0068722283,4.5814854E-4,-55.800003,-15.150001,5.625,,,,,,,,,,,,,,,,,,
SENSOR,1789661830220,41560464496097,0.15314065,0.24137598,9.861121,0.0027488912,0.0068722283,4.5814854E-4,-55.425003,-14.475,3.825,,,,,,,,,,,,,,,,,,
SENSOR,1789661830254,41560471191044,0.15284155,0.23958136,9.861421,0.0027488912,0.0068722283,4.5814854E-4,-55.425003,-14.475,3.825,,,,,,,,,,,,,,,,,,
SENSOR,1789661830308,41560564496097,0.15284155,0.23958136,9.861421,0.0021380265,0.004276053,4.5814854E-4,-55.425003,-14.475,3.825,,,,,,,,,,,,,,,,,,
SENSOR,1789661830315,41560564496097,0.15284155,0.23958136,9.861421,0.0021380265,0.004276053,4.5814854E-4,-56.100002,-14.775001,4.5,,,,,,,,,,,,,,,,,,
CELLULAR,1789661830346,,,,,,,,,,,,,,true,NR,4298047490,405,869,,75,403,634080,-108,NR_SS_RSRP,3,
SENSOR,1789661830364,41560575370367,0.15194423,0.24077778,9.862916,0.0021380265,0.004276053,4.5814854E-4,-56.100002,-14.775001,4.5,,,,,,,,,,,,,,,,,,
SENSOR,1789661830402,41560664496097,0.15194423,0.24077778,9.862916,1.5271618E-4,0.001679878,4.5814854E-4,-56.100002,-14.775001,4.5,,,,,,,,,,,,,,,,,,
SENSOR,1789661830419,41560664496097,0.15194423,0.24077778,9.862916,1.5271618E-4,0.001679878,4.5814854E-4,-55.875004,-14.625001,4.875,,,,,,,,,,,,,,,,,,
SENSOR,1789661830464,41560679549638,0.15553348,0.23988047,9.861719,1.5271618E-4,0.001679878,4.5814854E-4,-55.875004,-14.625001,4.875,,,,,,,,,,,,,,,,,,
SENSOR,1789661830505,41560764496097,0.15553348,0.23988047,9.861719,-9.162971E-4,-0.002443459,4.5814854E-4,-55.875004,-14.625001,4.875,,,,,,,,,,,,,,,,,,
SENSOR,1789661830514,41560764496097,0.15553348,0.23988047,9.861719,-9.162971E-4,-0.002443459,4.5814854E-4,-55.800003,-14.700001,5.25,,,,,,,,,,,,,,,,,,
SENSOR,1789661830566,41560783728961,0.14985052,0.2416751,9.860523,-9.162971E-4,-0.002443459,4.5814854E-4,-55.800003,-14.700001,5.25,,,,,,,,,,,,,,,,,,
SENSOR,1789661830610,41560864496097,0.14985052,0.2416751,9.860523,-0.0010690133,-0.0030543236,3.0543236E-4,-55.800003,-14.700001,5.25,,,,,,,,,,,,,,,,,,
SENSOR,1789661830619,41560864496097,0.14985052,0.2416751,9.860523,-0.0010690133,-0.0030543236,3.0543236E-4,-56.250004,-15.225,4.425,,,,,,,,,,,,,,,,,,
SENSOR,1789661830672,41560887908232,0.15343975,0.23898315,9.858728,-0.0010690133,-0.0030543236,3.0543236E-4,-56.250004,-15.225,4.425,,,,,,,,,,,,,,,,,,
SENSOR,1789661830705,41560964496097,0.15343975,0.23898315,9.858728,4.5814854E-4,-7.635809E-4,-3.0543236E-4,-56.250004,-15.225,4.425,,,,,,,,,,,,,,,,,,
SENSOR,1789661830716,41560964496097,0.15343975,0.23898315,9.858728,4.5814854E-4,-7.635809E-4,-3.0543236E-4,-56.325,-15.075001,6.0750003,,,,,,,,,,,,,,,,,,
SENSOR,1789661830774,41560992087555,0.15014961,0.24047868,9.860523,4.5814854E-4,-7.635809E-4,-3.0543236E-4,-56.325,-15.075001,6.0750003,,,,,,,,,,,,,,,,,,
SENSOR,1789661830809,41561064496097,0.15014961,0.24047868,9.860523,-0.004276053,-0.010537417,3.0543236E-4,-56.325,-15.075001,6.0750003,,,,,,,,,,,,,,,,,,
SENSOR,1789661830819,41561064496097,0.15014961,0.24047868,9.860523,-0.004276053,-0.010537417,3.0543236E-4,-55.800003,-15.450001,4.875,,,,,,,,,,,,,,,,,,
SENSOR,1789661830879,41561096266826,0.15613168,0.23838496,9.8632145,-0.004276053,-0.010537417,3.0543236E-4,-55.800003,-15.450001,4.875,,,,,,,,,,,,,,,,,,
SENSOR,1789661830905,41561164496097,0.15613168,0.23838496,9.8632145,-0.0010690133,-0.002596175,4.5814854E-4,-55.800003,-15.450001,4.875,,,,,,,,,,,,,,,,,,
SENSOR,1789661830914,41561164496097,0.15613168,0.23838496,9.8632145,-0.0010690133,-0.002596175,4.5814854E-4,-55.725002,-14.85,4.3500004,,,,,,,,,,,,,,,,,,
SENSOR,1789661830983,41561200446097,0.15314065,0.24077778,9.862318,-0.0010690133,-0.002596175,4.5814854E-4,-55.725002,-14.85,4.3500004,,,,,,,,,,,,,,,,,,
SENSOR,1789661831008,41561264496097,0.15314065,0.24077778,9.862318,-0.0035124721,-0.0073303767,4.5814854E-4,-55.725002,-14.85,4.3500004,,,,,,,,,,,,,,,,,,
SENSOR,1789661831019,41561264496097,0.15314065,0.24077778,9.862318,-0.0035124721,-0.0073303767,4.5814854E-4,-56.250004,-14.925,4.65,,,,,,,,,,,,,,,,,,
SENSOR,1789661831087,41561304625419,0.15284155,0.23958136,9.859925,-0.0035124721,-0.0073303767,4.5814854E-4,-56.250004,-14.925,4.65,,,,,,,,,,,,,,,,,,
SENSOR,1789661831104,41561364496097,0.15284155,0.23958136,9.859925,0.0045814854,0.010079268,-7.635809E-4,-56.250004,-14.925,4.65,,,,,,,,,,,,,,,,,,
SENSOR,1789661831115,41561364496097,0.15284155,0.23958136,9.859925,0.0045814854,0.010079268,-7.635809E-4,-56.325,-15.225,4.8,,,,,,,,,,,,,,,,,,
SENSOR,1789661831191,41561408804690,0.14895321,0.2416751,9.862318,0.0045814854,0.010079268,-7.635809E-4,-56.325,-15.225,4.8,,,,,,,,,,,,,,,,,,
SENSOR,1789661831208,41561464496097,0.14895321,0.2416751,9.862318,-0.0018325942,-0.0035124721,-7.635809E-4,-56.325,-15.225,4.8,,,,,,,,,,,,,,,,,,
SENSOR,1789661831224,41561464496097,0.14895321,0.2416751,9.862318,-0.0018325942,-0.0035124721,-7.635809E-4,-56.025,-15.225,5.4,,,,,,,,,,,,,,,,,,
GNSS,1789661831212,,true,11.0554046,76.9271183,374.70001220703125,100.0,,,94,45,,,,,,,,,,,,,
SENSOR,1789661831295,41561512983961,0.15224335,0.24077778,9.860224,-0.0018325942,-0.0035124721,-7.635809E-4,-56.025,-15.225,5.4,,,,,,,,,,,,,,,,,,
SENSOR,1789661831304,41561564496097,0.15224335,0.24077778,9.860224,6.108647E-4,0.002443459,4.5814854E-4,-56.025,-15.225,5.4,,,,,,,,,,,,,,,,,,
SENSOR,1789661831313,41561564496097,0.15224335,0.24077778,9.860224,6.108647E-4,0.002443459,4.5814854E-4,-56.4,-15.075001,5.25,,,,,,,,,,,,,,,,,,
CELLULAR,1789661831374,,,,,,,,,,,,,,true,NR,4298047490,405,869,,75,403,634080,-108,NR_SS_RSRP,3,
SENSOR,1789661831399,41561617163232,0.15224335,0.24077778,9.861121,6.108647E-4,0.002443459,4.5814854E-4,-56.4,-15.075001,5.25,,,,,,,,,,,,,,,,,,
SENSOR,1789661831407,41561664496097,0.15224335,0.24077778,9.861121,0.0041233366,0.009010254,-6.108647E-4,-56.4,-15.075001,5.25,,,,,,,,,,,,,,,,,,
SENSOR,1789661831417,41561664496097,0.15224335,0.24077778,9.861121,0.0041233366,0.009010254,-6.108647E-4,-56.025,-14.700001,5.55,,,,,,,,,,,,,,,,,,
SENSOR,1789661831505,41561721342555,0.15463616,0.23718855,9.862318,0.0041233366,0.009010254,-6.108647E-4,-56.025,-14.700001,5.55,,,,,,,,,,,,,,,,,,
SENSOR,1789661831505,41561764496097,0.15463616,0.23718855,9.862318,0.0012217294,0.0021380265,-4.5814854E-4,-56.025,-14.700001,5.55,,,,,,,,,,,,,,,,,,
SENSOR,1789661831512,41561764496097,0.15463616,0.23718855,9.862318,0.0012217294,0.0021380265,-4.5814854E-4,-55.725002,-15.375001,4.425,,,,,,,,,,,,,,,,,,
SENSOR,1789661831608,41561825521826,0.148355,0.24137598,9.859626,0.0012217294,0.0021380265,-4.5814854E-4,-55.725002,-15.375001,4.425,,,,,,,,,,,,,,,,,,
SENSOR,1789661831609,41561864496097,0.148355,0.24137598,9.859626,0.010995565,0.026725331,-7.635809E-4,-55.725002,-15.375001,4.425,,,,,,,,,,,,,,,,,,
SENSOR,1789661831617,41561864496097,0.148355,0.24137598,9.859626,0.010995565,0.026725331,-7.635809E-4,-55.875004,-14.700001,5.775,,,,,,,,,,,,,,,,,,
SENSOR,1789661831703,41561964496097,0.148355,0.24137598,9.859626,-0.0073303767,-0.016340632,4.5814854E-4,-55.875004,-14.700001,5.775,,,,,,,,,,,,,,,,,,
SENSOR,1789661831713,41561929701097,0.15972091,0.23629123,9.862916,-0.0073303767,-0.016340632,4.5814854E-4,-55.875004,-14.700001,5.775,,,,,,,,,,,,,,,,,,
SENSOR,1789661831713,41561964496097,0.15972091,0.23629123,9.862916,-0.0073303767,-0.016340632,4.5814854E-4,-55.725002,-14.475,4.3500004,,,,,,,,,,,,,,,,,,
SENSOR,1789661831807,41562064496097,0.15972091,0.23629123,9.862916,0.0015271618,0.004886918,4.5814854E-4,-55.725002,-14.475,4.3500004,,,,,,,,,,,,,,,,,,
SENSOR,1789661831818,41562033880367,0.15493527,0.23898315,9.861121,0.0015271618,0.004886918,4.5814854E-4,-55.725002,-14.475,4.3500004,,,,,,,,,,,,,,,,,,
SENSOR,1789661831819,41562064496097,0.15493527,0.23898315,9.861121,0.0015271618,0.004886918,4.5814854E-4,-56.100002,-14.925,4.2000003,,,,,,,,,,,,,,,,,,
SENSOR,1789661831903,41562164496097,0.15493527,0.23898315,9.861121,0.0038179045,0.008552106,-7.635809E-4,-56.100002,-14.925,4.2000003,,,,,,,,,,,,,,,,,,
SENSOR,1789661831913,41562164496097,0.15493527,0.23898315,9.861121,0.0038179045,0.008552106,-7.635809E-4,-56.100002,-14.85,4.9500003,,,,,,,,,,,,,,,,,,
SENSOR,1789661831920,41562138059638,0.15134603,0.23718855,9.864112,0.0038179045,0.008552106,-7.635809E-4,-56.100002,-14.85,4.9500003,,,,,,,,,,,,,,,,,,
SENSOR,1789661832008,41562264496097,0.15134603,0.23718855,9.864112,-1.5271618E-4,0.0010690133,-7.635809E-4,-56.100002,-14.85,4.9500003,,,,,,,,,,,,,,,,,,
SENSOR,1789661832016,41562264496097,0.15134603,0.23718855,9.864112,-1.5271618E-4,0.0010690133,-7.635809E-4,-55.500004,-14.55,4.5750003,,,,,,,,,,,,,,,,,,
SENSOR,1789661832024,41562242238909,0.15254244,0.23838496,9.859626,-1.5271618E-4,0.0010690133,-7.635809E-4,-55.500004,-14.55,4.5750003,,,,,,,,,,,,,,,,,,
SENSOR,1789661832103,41562364496097,0.15254244,0.23838496,9.859626,1.5271618E-4,-4.5814854E-4,-6.108647E-4,-55.500004,-14.55,4.5750003,,,,,,,,,,,,,,,,,,
SENSOR,1789661832111,41562364496097,0.15254244,0.23838496,9.859626,1.5271618E-4,-4.5814854E-4,-6.108647E-4,-55.725002,-14.85,4.3500004,,,,,,,,,,,,,,,,,,
SENSOR,1789661832128,41562346418180,0.15702899,0.23778675,9.858728,1.5271618E-4,-4.5814854E-4,-6.108647E-4,-55.725002,-14.85,4.3500004,,,,,,,,,,,,,,,,,,
SENSOR,1789661832209,41562464496097,0.15702899,0.23778675,9.858728,-6.108647E-4,-0.0012217294,4.5814854E-4,-55.725002,-14.85,4.3500004,,,,,,,,,,,,,,,,,,
SENSOR,1789661832220,41562464496097,0.15702899,0.23778675,9.858728,-6.108647E-4,-0.0012217294,4.5814854E-4,-56.250004,-14.775001,6.0,,,,,,,,,,,,,,,,,,
SENSOR,1789661832234,41562450597503,0.15643078,0.23718855,9.862617,-6.108647E-4,-0.0012217294,4.5814854E-4,-56.250004,-14.775001,6.0,,,,,,,,,,,,,,,,,,
SENSOR,1789661832303,41562564496097,0.15643078,0.23718855,9.862617,-7.635809E-4,-0.0022907427,1.5271618E-4,-56.250004,-14.775001,6.0,,,,,,,,,,,,,,,,,,
SENSOR,1789661832312,41562564496097,0.15643078,0.23718855,9.862617,-7.635809E-4,-0.0022907427,1.5271618E-4,-55.95,-14.700001,4.9500003,,,,,,,,,,,,,,,,,,
SENSOR,1789661832337,41562554776774,0.15493527,0.23928227,9.861719,-7.635809E-4,-0.0022907427,1.5271618E-4,-55.95,-14.700001,4.9500003,,,,,,,,,,,,,,,,,,
CELLULAR,1789661832399,,,,,,,,,,,,,,true,NR,4298047490,405,869,,75,403,634080,-108,NR_SS_RSRP,3,
SENSOR,1789661832423,41562664496097,0.15493527,0.23928227,9.861719,1.5271618E-4,0.001679878,-7.635809E-4,-55.95,-14.700001,4.9500003,,,,,,,,,,,,,,,,,,
SENSOR,1789661832423,41562664496097,0.15493527,0.23928227,9.861719,1.5271618E-4,0.001679878,-7.635809E-4,-56.100002,-15.375001,5.775,,,,,,,,,,,,,,,,,,
SENSOR,1789661832442,41562658956044,0.15403795,0.24137598,9.861719,1.5271618E-4,0.001679878,-7.635809E-4,-56.100002,-15.375001,5.775,,,,,,,,,,,,,,,,,,
SENSOR,1789661832502,41562764496097,0.15403795,0.24137598,9.861719,1.5271618E-4,-7.635809E-4,-6.108647E-4,-56.100002,-15.375001,5.775,,,,,,,,,,,,,,,,,,
SENSOR,1789661832520,41562764496097,0.15403795,0.24137598,9.861719,1.5271618E-4,-7.635809E-4,-6.108647E-4,-55.800003,-14.475,4.9500003,,,,,,,,,,,,,,,,,,
SENSOR,1789661832546,41562763135315,0.15493527,0.23838496,9.860822,1.5271618E-4,-7.635809E-4,-6.108647E-4,-55.800003,-14.475,4.9500003,,,,,,,,,,,,,,,,,,
SENSOR,1789661832606,41562864496097,0.15493527,0.23838496,9.860822,7.635809E-4,0.001679878,-7.635809E-4,-55.800003,-14.475,4.9500003,,,,,,,,,,,,,,,,,,
SENSOR,1789661832616,41562864496097,0.15493527,0.23838496,9.860822,7.635809E-4,0.001679878,-7.635809E-4,-56.100002,-14.55,5.55,,,,,,,,,,,,,,,,,,
SENSOR,1789661832649,41562867314586,0.15373886,0.23958136,9.861719,7.635809E-4,0.001679878,-7.635809E-4,-56.100002,-14.55,5.55,,,,,,,,,,,,,,,,,,
SENSOR,1789661832701,41562964496097,0.15373886,0.23958136,9.861719,-0.0071776602,-0.01557705,4.5814854E-4,-56.100002,-14.55,5.55,,,,,,,,,,,,,,,,,,
SENSOR,1789661832719,41562964496097,0.15373886,0.23958136,9.861719,-0.0071776602,-0.01557705,4.5814854E-4,-56.4,-14.775001,3.9,,,,,,,,,,,,,,,,,,
SENSOR,1789661832754,41562971493909,0.15224335,0.24077778,9.858728,-0.0071776602,-0.01557705,4.5814854E-4,-56.4,-14.775001,3.9,,,,,,,,,,,,,,,,,,
SENSOR,1789661832806,41563064496097,0.15224335,0.24077778,9.858728,-1.5271618E-4,-0.0,-3.0543236E-4,-56.4,-14.775001,3.9,,,,,,,,,,,,,,,,,,
SENSOR,1789661832814,41563064496097,0.15224335,0.24077778,9.858728,-1.5271618E-4,-0.0,-3.0543236E-4,-55.425003,-15.000001,4.65,,,,,,,,,,,,,,,,,,
SENSOR,1789661832859,41563075673180,0.15433706,0.23838496,9.861121,-1.5271618E-4,-0.0,-3.0543236E-4,-55.425003,-15.000001,4.65,,,,,,,,,,,,,,,,,,
SENSOR,1789661832902,41563164496097,0.15433706,0.23838496,9.861121,0.0036651883,0.009621119,3.0543236E-4,-55.425003,-15.000001,4.65,,,,,,,,,,,,,,,,,,
SENSOR,1789661832920,41563164496097,0.15433706,0.23838496,9.861121,0.0036651883,0.009621119,3.0543236E-4,-56.025,-14.700001,5.4750004,,,,,,,,,,,,,,,,,,
SENSOR,1789661832963,41563179852451,0.15523437,0.23659034,9.857831,0.0036651883,0.009621119,3.0543236E-4,-56.025,-14.700001,5.4750004,,,,,,,,,,,,,,,,,,
SENSOR,1789661833006,41563264496097,0.15523437,0.23659034,9.857831,-0.0027488912,-0.006108647,4.5814854E-4,-56.025,-14.700001,5.4750004,,,,,,,,,,,,,,,,,,
SENSOR,1789661833016,41563264496097,0.15523437,0.23659034,9.857831,-0.0027488912,-0.006108647,4.5814854E-4,-56.100002,-14.85,5.775,,,,,,,,,,,,,,,,,,
SENSOR,1789661833066,41563284031722,0.15583257,0.23898315,9.859028,-0.0027488912,-0.006108647,4.5814854E-4,-56.100002,-14.85,5.775,,,,,,,,,,,,,,,,,,
SENSOR,1789661833100,41563364496097,0.15583257,0.23898315,9.859028,0.002596175,0.006719512,4.5814854E-4,-56.100002,-14.85,5.775,,,,,,,,,,,,,,,,,,
SENSOR,1789661833119,41563364496097,0.15583257,0.23898315,9.859028,0.002596175,0.006719512,4.5814854E-4,-56.4,-14.775001,5.775,,,,,,,,,,,,,,,,,,
SENSOR,1789661833171,41563388211044,0.15672988,0.23599213,9.85813,0.002596175,0.006719512,4.5814854E-4,-56.4,-14.775001,5.775,,,,,,,,,,,,,,,,,,
SENSOR,1789661833205,41563464496097,0.15672988,0.23599213,9.85813,-0.0010690133,-0.0018325942,4.5814854E-4,-56.4,-14.775001,5.775,,,,,,,,,,,,,,,,,,
SENSOR,1789661833215,41563464496097,0.15672988,0.23599213,9.85813,-0.0010690133,-0.0018325942,4.5814854E-4,-55.425003,-14.775001,4.9500003,,,,,,,,,,,,,,,,,,
SENSOR,1789661833274,41563492390315,0.15553348,0.23838496,9.859028,-0.0010690133,-0.0018325942,4.5814854E-4,-55.425003,-14.775001,4.9500003,,,,,,,,,,,,,,,,,,
SENSOR,1789661833312,41563564496097,0.15553348,0.23838496,9.859028,0.0013744456,0.001679878,4.5814854E-4,-55.425003,-14.775001,4.9500003,,,,,,,,,,,,,,,,,,
SENSOR,1789661833319,41563564496097,0.15553348,0.23838496,9.859028,0.0013744456,0.001679878,4.5814854E-4,-56.175003,-15.150001,4.9500003,,,,,,,,,,,,,,,,,,
SENSOR,1789661833378,41563596569638,0.15613168,0.23958136,9.860822,0.0013744456,0.001679878,4.5814854E-4,-56.175003,-15.150001,4.9500003,,,,,,,,,,,,,,,,,,
SENSOR,1789661833406,41563664496097,0.15613168,0.23958136,9.860822,1.5271618E-4,4.5814854E-4,4.5814854E-4,-56.175003,-15.150001,4.9500003,,,,,,,,,,,,,,,,,,
SENSOR,1789661833423,41563664496097,0.15613168,0.23958136,9.860822,1.5271618E-4,4.5814854E-4,4.5814854E-4,-54.225002,-14.55,2.025,,,,,,,,,,,,,,,,,,
CELLULAR,1789661833423,,,,,,,,,,,,,,true,NR,4298047490,405,869,,75,403,634080,-108,NR_SS_RSRP,3,
SENSOR,1789661833482,41563700748909,0.15373886,0.23898315,9.860523,1.5271618E-4,4.5814854E-4,4.5814854E-4,-54.225002,-14.55,2.025,,,,,,,,,,,,,,,,,,
SENSOR,1789661833508,41563764496097,0.15373886,0.23898315,9.860523,0.002443459,0.00519235,4.5814854E-4,-54.225002,-14.55,2.025,,,,,,,,,,,,,,,,,,
SENSOR,1789661833518,41563764496097,0.15373886,0.23898315,9.860523,0.002443459,0.00519235,4.5814854E-4,-54.675003,-14.55,1.125,,,,,,,,,,,,,,,,,,
SENSOR,1789661833586,41563804928180,0.15284155,0.23988047,9.859326,0.002443459,0.00519235,4.5814854E-4,-54.675003,-14.55,1.125,,,,,,,,,,,,,,,,,,
SENSOR,1789661833604,41563864496097,0.15284155,0.23988047,9.859326,9.162971E-4,7.635809E-4,-7.635809E-4,-54.675003,-14.55,1.125,,,,,,,,,,,,,,,,,,
SENSOR,1789661833614,41563864496097,0.15284155,0.23988047,9.859326,9.162971E-4,7.635809E-4,-7.635809E-4,-53.475002,-14.85,-1.4250001,,,,,,,,,,,,,,,,,,
SENSOR,1789661833690,41563909107451,0.15224335,0.23868406,9.863514,9.162971E-4,7.635809E-4,-7.635809E-4,-53.475002,-14.85,-1.4250001,,,,,,,,,,,,,,,,,,
SENSOR,1789661833708,41563964496097,0.15224335,0.23868406,9.863514,-0.0010690133,-0.001679878,4.5814854E-4,-53.475002,-14.85,-1.4250001,,,,,,,,,,,,,,,,,,
SENSOR,1789661833717,41563964496097,0.15224335,0.23868406,9.863514,-0.0010690133,-0.001679878,4.5814854E-4,-52.575,-14.400001,-1.8000001,,,,,,,,,,,,,,,,,,
SENSOR,1789661833798,41564013286774,0.15254244,0.23838496,9.860822,-0.0010690133,-0.001679878,4.5814854E-4,-52.575,-14.400001,-1.8000001,,,,,,,,,,,,,,,,,,
SENSOR,1789661833804,41564064496097,0.15254244,0.23838496,9.860822,-0.001679878,-0.0019853103,4.5814854E-4,-52.575,-14.400001,-1.8000001,,,,,,,,,,,,,,,,,,
SENSOR,1789661833822,41564064496097,0.15254244,0.23838496,9.860822,-0.001679878,-0.0019853103,4.5814854E-4,-53.100002,-14.775001,-0.675,,,,,,,,,,,,,,,,,,
SENSOR,1789661833903,41564117466044,0.15433706,0.23659034,9.858728,-0.001679878,-0.0019853103,4.5814854E-4,-53.100002,-14.775001,-0.675,,,,,,,,,,,,,,,,,,
SENSOR,1789661833908,41564164496097,0.15433706,0.23659034,9.858728,0.0012217294,0.002596175,-6.108647E-4,-53.100002,-14.775001,-0.675,,,,,,,,,,,,,,,,,,
SENSOR,1789661833917,41564164496097,0.15433706,0.23659034,9.858728,0.0012217294,0.002596175,-6.108647E-4,-54.375004,-14.325001,1.2750001,,,,,,,,,,,,,,,,,,
SENSOR,1789661834007,41564221645315,0.1576272,0.23748764,9.859326,0.0012217294,0.002596175,-6.108647E-4,-54.375004,-14.325001,1.2750001,,,,,,,,,,,,,,,,,,
SENSOR,1789661834007,41564264496097,0.1576272,0.23748764,9.859326,6.108647E-4,9.162971E-4,-4.5814854E-4,-54.375004,-14.325001,1.2750001,,,,,,,,,,,,,,,,,,
SENSOR,1789661834012,41564264496097,0.1576272,0.23748764,9.859326,6.108647E-4,9.162971E-4,-4.5814854E-4,-55.350002,-14.85,3.525,,,,,,,,,,,,,,,,,,
SENSOR,1789661834108,41564325824638,0.15284155,0.23718855,9.864112,6.108647E-4,9.162971E-4,-4.5814854E-4,-55.350002,-14.85,3.525,,,,,,,,,,,,,,,,,,
SENSOR,1789661834108,41564364496097,0.15284155,0.23718855,9.864112,-0.0032070398,-0.0064140796,4.5814854E-4,-55.350002,-14.85,3.525,,,,,,,,,,,,,,,,,,
SENSOR,1789661834116,41564364496097,0.15284155,0.23718855,9.864112,-0.0032070398,-0.0064140796,4.5814854E-4,-55.800003,-14.625001,3.6000001,,,,,,,,,,,,,,,,,,
SENSOR,1789661834203,41564464496097,0.15284155,0.23718855,9.864112,6.108647E-4,0.002443459,0.0,-55.800003,-14.625001,3.6000001,,,,,,,,,,,,,,,,,,
SENSOR,1789661834212,41564430003909,0.15314065,0.23988047,9.862318,6.108647E-4,0.002443459,0.0,-55.800003,-14.625001,3.6000001,,,,,,,,,,,,,,,,,,
SENSOR,1789661834212,41564464496097,0.15314065,0.23988047,9.862318,6.108647E-4,0.002443459,0.0,-54.825,-14.700001,3.45,,,,,,,,,,,,,,,,,,
SENSOR,1789661834309,41564564496097,0.15314065,0.23988047,9.862318,-0.0012217294,-0.0027488912,-7.635809E-4,-54.825,-14.700001,3.45,,,,,,,,,,,,,,,,,,
SENSOR,1789661834317,41564534183180,0.15553348,0.23718855,9.859626,-0.0012217294,-0.0027488912,-7.635809E-4,-54.825,-14.700001,3.45,,,,,,,,,,,,,,,,,,
SENSOR,1789661834317,41564564496097,0.15553348,0.23718855,9.859626,-0.0012217294,-0.0027488912,-7.635809E-4,-55.050003,-14.85,3.9750001,,,,,,,,,,,,,,,,,,
SENSOR,1789661834405,41564664496097,0.15553348,0.23718855,9.859626,0.001679878,0.0030543236,-4.5814854E-4,-55.050003,-14.85,3.9750001,,,,,,,,,,,,,,,,,,
SENSOR,1789661834412,41564664496097,0.15553348,0.23718855,9.859626,0.001679878,0.0030543236,-4.5814854E-4,-56.100002,-14.700001,5.25,,,,,,,,,,,,,,,,,,
SENSOR,1789661834421,41564638362451,0.15433706,0.24017957,9.862617,0.001679878,0.0030543236,-4.5814854E-4,-56.100002,-14.700001,5.25,,,,,,,,,,,,,,,,,,
SENSOR,1789661834508,41564764496097,0.15433706,0.24017957,9.862617,-0.0019853103,-0.0029016074,-7.635809E-4,-56.100002,-14.700001,5.25,,,,,,,,,,,,,,,,,,
SENSOR,1789661834516,41564764496097,0.15433706,0.24017957,9.862617,-0.0019853103,-0.0029016074,-7.635809E-4,-56.4,-14.85,5.55,,,,,,,,,,,,,,,,,,
SENSOR,1789661834524,41564742541774,0.15553348,0.23958136,9.862916,-0.0019853103,-0.0029016074,-7.635809E-4,-56.4,-14.85,5.55,,,,,,,,,,,,,,,,,,
SENSOR,1789661834603,41564864496097,0.15553348,0.23958136,9.862916,4.5814854E-4,-7.635809E-4,1.5271618E-4,-56.4,-14.85,5.55,,,,,,,,,,,,,,,,,,
SENSOR,1789661834612,41564864496097,0.15553348,0.23958136,9.862916,4.5814854E-4,-7.635809E-4,1.5271618E-4,-56.625004,-14.775001,6.0750003,,,,,,,,,,,,,,,,,,
SENSOR,1789661834629,41564846721044,0.15613168,0.23808585,9.861121,4.5814854E-4,-7.635809E-4,1.5271618E-4,-56.625004,-14.775001,6.0750003,,,,,,,,,,,,,,,,,,
SENSOR,1789661834707,41564964496097,0.15613168,0.23808585,9.861121,1.5271618E-4,9.162971E-4,4.5814854E-4,-56.625004,-14.775001,6.0750003,,,,,,,,,,,,,,,,,,
SENSOR,1789661834716,41564964496097,0.15613168,0.23808585,9.861121,1.5271618E-4,9.162971E-4,4.5814854E-4,-55.65,-15.000001,3.825,,,,,,,,,,,,,,,,,,
SENSOR,1789661834733,41564950900315,0.15583257,0.23988047,9.859326,1.5271618E-4,9.162971E-4,4.5814854E-4,-55.65,-15.000001,3.825,,,,,,,,,,,,,,,,,,
SENSOR,1789661834803,41565064496097,0.15583257,0.23988047,9.859326,1.5271618E-4,4.5814854E-4,4.5814854E-4,-55.65,-15.000001,3.825,,,,,,,,,,,,,,,,,,
SENSOR,1789661834811,41565064496097,0.15583257,0.23988047,9.859326,1.5271618E-4,4.5814854E-4,4.5814854E-4,-56.250004,-14.625001,5.7000003,,,,,,,,,,,,,,,,,,
SENSOR,1789661834837,41565055079586,0.15224335,0.23838496,9.860224,1.5271618E-4,4.5814854E-4,4.5814854E-4,-56.250004,-14.625001,5.7000003,,,,,,,,,,,,,,,,,,
SENSOR,1789661834906,41565164496097,0.15224335,0.23838496,9.860224,-0.002596175,-0.00519235,4.5814854E-4,-56.250004,-14.625001,5.7000003,,,,,,,,,,,,,,,,,,
SENSOR,1789661834916,41565164496097,0.15224335,0.23838496,9.860224,-0.002596175,-0.00519235,4.5814854E-4,-56.475002,-14.700001,5.3250003,,,,,,,,,,,,,,,,,,
SENSOR,1789661834941,41565159258857,0.15613168,0.23838496,9.861121,-0.002596175,-0.00519235,4.5814854E-4,-56.475002,-14.700001,5.3250003,,,,,,,,,,,,,,,,,,
SENSOR,1789661835002,41565264496097,0.15613168,0.23838496,9.861121,0.0019853103,0.005345066,4.5814854E-4,-56.475002,-14.700001,5.3250003,,,,,,,,,,,,,,,,,,
SENSOR,1789661835011,41565264496097,0.15613168,0.23838496,9.861121,0.0019853103,0.005345066,4.5814854E-4,-55.425003,-14.700001,4.5750003,,,,,,,,,,,,,,,,,,
SENSOR,1789661835046,41565263438128,0.15254244,0.23958136,9.860523,0.0019853103,0.005345066,4.5814854E-4,-55.425003,-14.700001,4.5750003,,,,,,,,,,,,,,,,,,
SENSOR,1789661835107,41565364496097,0.15254244,0.23958136,9.860523,-1.5271618E-4,6.108647E-4,-7.635809E-4,-55.425003,-14.700001,4.5750003,,,,,,,,,,,,,,,,,,
SENSOR,1789661835116,41565364496097,0.15254244,0.23958136,9.860523,-1.5271618E-4,6.108647E-4,-7.635809E-4,-56.100002,-14.85,5.7000003,,,,,,,,,,,,,,,,,,
SENSOR,1789661835149,41565367617399,0.15613168,0.23659034,9.862916,-1.5271618E-4,6.108647E-4,-7.635809E-4,-56.100002,-14.85,5.7000003,,,,,,,,,,,,,,,,,,
SENSOR,1789661835203,41565464496097,0.15613168,0.23659034,9.862916,0.0015271618,0.0018325942,-7.635809E-4,-56.100002,-14.85,5.7000003,,,,,,,,,,,,,,,,,,
SENSOR,1789661835221,41565464496097,0.15613168,0.23659034,9.862916,0.0015271618,0.0018325942,-7.635809E-4,-56.100002,-14.700001,5.55,,,,,,,,,,,,,,,,,,
SENSOR,1789661835255,41565471796669,0.15433706,0.23928227,9.861719,0.0015271618,0.0018325942,-7.635809E-4,-56.100002,-14.700001,5.55,,,,,,,,,,,,,,,,,,
SENSOR,1789661835306,41565564496097,0.15433706,0.23928227,9.861719,-4.5814854E-4,-0.0021380265,4.5814854E-4,-56.100002,-14.700001,5.55,,,,,,,,,,,,,,,,,,
SENSOR,1789661835316,41565564496097,0.15433706,0.23928227,9.861719,-4.5814854E-4,-0.0021380265,4.5814854E-4,-55.800003,-14.775001,5.175,,,,,,,,,,,,,,,,,,
SENSOR,1789661835358,41565575975940,0.15403795,0.23659034,9.861421,-4.5814854E-4,-0.0021380265,4.5814854E-4,-55.800003,-14.775001,5.175,,,,,,,,,,,,,,,,,,
SENSOR,1789661835401,41565664496097,0.15403795,0.23659034,9.861421,1.5271618E-4,0.001679878,4.5814854E-4,-55.800003,-14.775001,5.175,,,,,,,,,,,,,,,,,,
SENSOR,1789661835418,41565664496097,0.15403795,0.23659034,9.861421,1.5271618E-4,0.001679878,4.5814854E-4,-55.725002,-15.3,3.15,,,,,,,,,,,,,,,,,,
SENSOR,1789661835463,41565680155211,0.1576272,0.23718855,9.860523,1.5271618E-4,0.001679878,4.5814854E-4,-55.725002,-15.3,3.15,,,,,,,,,,,,,,,,,,
SENSOR,1789661835507,41565764496097,0.1576272,0.23718855,9.860523,7.635809E-4,0.0015271618,-1.5271618E-4,-55.725002,-15.3,3.15,,,,,,,,,,,,,,,,,,
SENSOR,1789661835515,41565764496097,0.1576272,0.23718855,9.860523,7.635809E-4,0.0015271618,-1.5271618E-4,-56.250004,-14.925,5.55,,,,,,,,,,,,,,,,,,
SENSOR,1789661835567,41565784334482,0.15523437,0.23838496,9.862617,7.635809E-4,0.0015271618,-1.5271618E-4,-56.250004,-14.925,5.55,,,,,,,,,,,,,,,,,,
SENSOR,1789661835602,41565864496097,0.15523437,0.23838496,9.862617,-0.0032070398,-0.0073303767,-7.635809E-4,-56.250004,-14.925,5.55,,,,,,,,,,,,,,,,,,
SENSOR,1789661835618,41565864496097,0.15523437,0.23838496,9.862617,-0.0032070398,-0.0073303767,-7.635809E-4,-56.175003,-14.625001,5.025,,,,,,,,,,,,,,,,,,
SENSOR,1789661835670,41565888513753,0.15314065,0.23928227,9.859626,-0.0032070398,-0.0073303767,-7.635809E-4,-56.175003,-14.625001,5.025,,,,,,,,,,,,,,,,,,
SENSOR,1789661835707,41565964496097,0.15314065,0.23928227,9.859626,0.0019853103,0.0045814854,-7.635809E-4,-56.175003,-14.625001,5.025,,,,,,,,,,,,,,,,,,
SENSOR,1789661835715,41565964496097,0.15314065,0.23928227,9.859626,0.0019853103,0.0045814854,-7.635809E-4,-56.175003,-14.925,3.6750002,,,,,,,,,,,,,,,,,,
SENSOR,1789661835775,41565992693024,0.15553348,0.23718855,9.860523,0.0019853103,0.0045814854,-7.635809E-4,-56.175003,-14.925,3.6750002,,,,,,,,,,,,,,,,,,
SENSOR,1789661835801,41566064496097,0.15553348,0.23718855,9.860523,1.5271618E-4,6.108647E-4,-7.635809E-4,-56.175003,-14.925,3.6750002,,,,,,,,,,,,,,,,,,
SENSOR,1789661835819,41566064496097,0.15553348,0.23718855,9.860523,1.5271618E-4,6.108647E-4,-7.635809E-4,-55.275,-14.250001,4.5,,,,,,,,,,,,,,,,,,
SENSOR,1789661835879,41566096872294,0.15493527,0.23808585,9.861719,1.5271618E-4,6.108647E-4,-7.635809E-4,-55.275,-14.250001,4.5,,,,,,,,,,,,,,,,,,
SENSOR,1789661835906,41566164496097,0.15493527,0.23808585,9.861719,7.635809E-4,0.001679878,4.5814854E-4,-55.275,-14.250001,4.5,,,,,,,,,,,,,,,,,,
SENSOR,1789661835915,41566164496097,0.15493527,0.23808585,9.861719,7.635809E-4,0.001679878,4.5814854E-4,-55.575,-14.775001,5.3250003,,,,,,,,,,,,,,,,,,
SENSOR,1789661835984,41566201051565,0.15314065,0.23778675,9.85813,7.635809E-4,0.001679878,4.5814854E-4,-55.575,-14.775001,5.3250003,,,,,,,,,,,,,,,,,,
SENSOR,1789661836011,41566264496097,0.15314065,0.23778675,9.85813,-9.162971E-4,-0.0018325942,-7.635809E-4,-55.575,-14.775001,5.3250003,,,,,,,,,,,,,,,,,,
SENSOR,1789661836019,41566264496097,0.15314065,0.23778675,9.85813,-9.162971E-4,-0.0018325942,-7.635809E-4,-56.7,-15.000001,6.15,,,,,,,,,,,,,,,,,,
SENSOR,1789661836088,41566305230836,0.15433706,0.24137598,9.859028,-9.162971E-4,-0.0018325942,-7.635809E-4,-56.7,-15.000001,6.15,,,,,,,,,,,,,,,,,,
SENSOR,1789661836105,41566364496097,0.15433706,0.24137598,9.859028,-0.0027488912,-0.006108647,4.5814854E-4,-56.7,-15.000001,6.15,,,,,,,,,,,,,,,,,,
SENSOR,1789661836114,41566364496097,0.15433706,0.24137598,9.859028,-0.0027488912,-0.006108647,4.5814854E-4,-56.325,-14.85,4.8,,,,,,,,,,,,,,,,,,
SENSOR,1789661836192,41566409410107,0.15613168,0.23718855,9.861121,-0.0027488912,-0.006108647,4.5814854E-4,-56.325,-14.85,4.8,,,,,,,,,,,,,,,,,,
SENSOR,1789661836209,41566464496097,0.15613168,0.23718855,9.861121,-9.162971E-4,-0.0029016074,3.0543236E-4,-56.325,-14.85,4.8,,,,,,,,,,,,,,,,,,
SENSOR,1789661836218,41566464496097,0.15613168,0.23718855,9.861121,-9.162971E-4,-0.0029016074,3.0543236E-4,-56.100002,-15.150001,4.7250004,,,,,,,,,,,,,,,,,,
SENSOR,1789661836296,41566513589378,0.1582254,0.23659034,9.862318,-9.162971E-4,-0.0029016074,3.0543236E-4,-56.100002,-15.150001,4.7250004,,,,,,,,,,,,,,,,,,
SENSOR,1789661836305,41566564496097,0.1582254,0.23659034,9.862318,-7.635809E-4,-7.635809E-4,-3.0543236E-4,-56.100002,-15.150001,4.7250004,,,,,,,,,,,,,,,,,,
SENSOR,1789661836313,41566564496097,0.1582254,0.23659034,9.862318,-7.635809E-4,-7.635809E-4,-3.0543236E-4,-56.4,-14.625001,5.775,,,,,,,,,,,,,,,,,,
SENSOR,1789661836400,41566617768649,0.15314065,0.23988047,9.859626,-7.635809E-4,-7.635809E-4,-3.0543236E-4,-56.4,-14.625001,5.775,,,,,,,,,,,,,,,,,,
SENSOR,1789661836410,41566664496097,0.15314065,0.23988047,9.859626,-9.162971E-4,-0.0039706207,-7.635809E-4,-56.4,-14.625001,5.775,,,,,,,,,,,,,,,,,,
SENSOR,1789661836418,41566664496097,0.15314065,0.23988047,9.859626,-9.162971E-4,-0.0039706207,-7.635809E-4,-56.100002,-14.85,5.25,,,,,,,,,,,,,,,,,,
SENSOR,1789661836505,41566721947919,0.15553348,0.23659034,9.860523,-9.162971E-4,-0.0039706207,-7.635809E-4,-56.100002,-14.85,5.25,,,,,,,,,,,,,,,,,,
SENSOR,1789661836505,41566764496097,0.15553348,0.23659034,9.860523,0.001679878,0.0035124721,-7.635809E-4,-56.100002,-14.85,5.25,,,,,,,,,,,,,,,,,,
SENSOR,1789661836514,41566764496097,0.15553348,0.23659034,9.860523,0.001679878,0.0035124721,-7.635809E-4,-55.95,-15.225,4.425,,,,,,,,,,,,,,,,,,
SENSOR,1789661836610,41566826127190,0.15583257,0.23718855,9.862916,0.001679878,0.0035124721,-7.635809E-4,-55.95,-15.225,4.425,,,,,,,,,,,,,,,,,,
SENSOR,1789661836610,41566864496097,0.15583257,0.23718855,9.862916,-0.004886918,-0.0103847,3.0543236E-4,-55.95,-15.225,4.425,,,,,,,,,,,,,,,,,,
SENSOR,1789661836619,41566864496097,0.15583257,0.23718855,9.862916,-0.004886918,-0.0103847,3.0543236E-4,-55.95,-14.925,5.55,,,,,,,,,,,,,,,,,,
SENSOR,1789661836705,41566964496097,0.15583257,0.23718855,9.862916,-0.0045814854,-0.009621119,4.5814854E-4,-55.95,-14.925,5.55,,,,,,,,,,,,,,,,,,
SENSOR,1789661836714,41566930306461,0.15044872,0.23808585,9.861719,-0.0045814854,-0.009621119,4.5814854E-4,-55.95,-14.925,5.55,,,,,,,,,,,,,,,,,,
SENSOR,1789661836714,41566964496097,0.15044872,0.23808585,9.861719,-0.0045814854,-0.009621119,4.5814854E-4,-56.100002,-14.925,4.9500003,,,,,,,,,,,,,,,,,,
SENSOR,1789661836808,41567064496097,0.15044872,0.23808585,9.861719,0.0010690133,0.003359756,1.5271618E-4,-56.100002,-14.925,4.9500003,,,,,,,,,,,,,,,,,,
SENSOR,1789661836818,41567034485732,0.15314065,0.23898315,9.8632145,0.0010690133,0.003359756,1.5271618E-4,-56.100002,-14.925,4.9500003,,,,,,,,,,,,,,,,,,
SENSOR,1789661836818,41567064496097,0.15314065,0.23898315,9.8632145,0.0010690133,0.003359756,1.5271618E-4,-56.4,-14.625001,6.3,,,,,,,,,,,,,,,,,,
SENSOR,1789661836904,41567164496097,0.15314065,0.23898315,9.8632145,-0.0010690133,-0.0022907427,-4.5814854E-4,-56.4,-14.625001,6.3,,,,,,,,,,,,,,,,,,
SENSOR,1789661836913,41567164496097,0.15314065,0.23898315,9.8632145,-0.0010690133,-0.0022907427,-4.5814854E-4,-56.100002,-14.625001,4.875,,,,,,,,,,,,,,,,,,
SENSOR,1789661836922,41567138665003,0.15104693,0.24017957,9.861121,-0.0010690133,-0.0022907427,-4.5814854E-4,-56.100002,-14.625001,4.875,,,,,,,,,,,,,,,,,,
SENSOR,1789661837008,41567264496097,0.15104693,0.24017957,9.861121,-0.0012217294,-0.0039706207,-6.108647E-4,-56.100002,-14.625001,4.875,,,,,,,,,,,,,,,,,,
SENSOR,1789661837017,41567264496097,0.15104693,0.24017957,9.861121,-0.0012217294,-0.0039706207,-6.108647E-4,-56.025,-14.775001,4.9500003,,,,,,,,,,,,,,,,,,
SENSOR,1789661837025,41567242844326,0.15523437,0.23988047,9.8632145,-0.0012217294,-0.0039706207,-6.108647E-4,-56.025,-14.775001,4.9500003,,,,,,,,,,,,,,,,,,
SENSOR,1789661837104,41567364496097,0.15523437,0.23988047,9.8632145,-0.0022907427,-0.0039706207,4.5814854E-4,-56.025,-14.775001,4.9500003,,,,,,,,,,,,,,,,,,
SENSOR,1789661837112,41567364496097,0.15523437,0.23988047,9.8632145,-0.0022907427,-0.0039706207,4.5814854E-4,-56.325,-14.55,5.7000003,,,,,,,,,,,,,,,,,,
SENSOR,1789661837129,41567347023597,0.15523437,0.23718855,9.862617,-0.0022907427,-0.0039706207,4.5814854E-4,-56.325,-14.55,5.7000003,,,,,,,,,,,,,,,,,,
SENSOR,1789661837208,41567464496097,0.15523437,0.23718855,9.862617,-0.0032070398,-0.005345066,4.5814854E-4,-56.325,-14.55,5.7000003,,,,,,,,,,,,,,,,,,
SENSOR,1789661837217,41567464496097,0.15523437,0.23718855,9.862617,-0.0032070398,-0.005345066,4.5814854E-4,-55.95,-14.625001,5.1000004,,,,,,,,,,,,,,,,,,
SENSOR,1789661837234,41567451202867,0.15254244,0.24077778,9.859626,-0.0032070398,-0.005345066,4.5814854E-4,-55.95,-14.625001,5.1000004,,,,,,,,,,,,,,,,,,
SENSOR,1789661837303,41567564496097,0.15254244,0.24077778,9.859626,0.0013744456,0.0029016074,4.5814854E-4,-55.95,-14.625001,5.1000004,,,,,,,,,,,,,,,,,,
SENSOR,1789661837312,41567564496097,0.15254244,0.24077778,9.859626,0.0013744456,0.0029016074,4.5814854E-4,-56.025,-14.400001,5.4750004,,,,,,,,,,,,,,,,,,
SENSOR,1789661837337,41567555382138,0.15314065,0.24107689,9.862318,0.0013744456,0.0029016074,4.5814854E-4,-56.025,-14.400001,5.4750004,,,,,,,,,,,,,,,,,,
SENSOR,1789661837407,41567664496097,0.15314065,0.24107689,9.862318,1.5271618E-4,-3.0543236E-4,4.5814854E-4,-56.025,-14.400001,5.4750004,,,,,,,,,,,,,,,,,,
SENSOR,1789661837417,41567664496097,0.15314065,0.24107689,9.862318,1.5271618E-4,-3.0543236E-4,4.5814854E-4,-55.425003,-14.700001,4.425,,,,,,,,,,,,,,,,,,
SENSOR,1789661837442,41567659561409,0.15104693,0.23958136,9.864411,1.5271618E-4,-3.0543236E-4,4.5814854E-4,-55.425003,-14.700001,4.425,,,,,,,,,,,,,,,,,,
SENSOR,1789661837502,41567764496097,0.15104693,0.23958136,9.864411,0.001679878,0.0035124721,4.5814854E-4,-55.425003,-14.700001,4.425,,,,,,,,,,,,,,,,,,
SENSOR,1789661837512,41567764496097,0.15104693,0.23958136,9.864411,0.001679878,0.0035124721,4.5814854E-4,-55.95,-14.925,5.55,,,,,,,,,,,,,,,,,,
SENSOR,1789661837565,41567763740732,0.15284155,0.23868406,9.861121,0.001679878,0.0035124721,4.5814854E-4,-55.95,-14.925,5.55,,,,,,,,,,,,,,,,,,
SENSOR,1789661837607,41567864496097,0.15284155,0.23868406,9.861121,-0.0035124721,-0.008552106,4.5814854E-4,-55.95,-14.925,5.55,,,,,,,,,,,,,,,,,,
SENSOR,1789661837616,41567864496097,0.15284155,0.23868406,9.861121,-0.0035124721,-0.008552106,4.5814854E-4,-55.725002,-15.000001,4.65,,,,,,,,,,,,,,,,,,
SENSOR,1789661837650,41567867920003,0.1591227,0.23718855,9.860822,-0.0035124721,-0.008552106,4.5814854E-4,-55.725002,-15.000001,4.65,,,,,,,,,,,,,,,,,,
SENSOR,1789661837703,41567964496097,0.1591227,0.23718855,9.860822,6.108647E-4,3.0543236E-4,1.5271618E-4,-55.725002,-15.000001,4.65,,,,,,,,,,,,,,,,,,
SENSOR,1789661837711,41567964496097,0.1591227,0.23718855,9.860822,6.108647E-4,3.0543236E-4,1.5271618E-4,-55.275,-14.250001,4.3500004,,,,,,,,,,,,,,,,,,
SENSOR,1789661837754,41567972099274,0.15373886,0.23748764,9.863514,6.108647E-4,3.0543236E-4,1.5271618E-4,-55.275,-14.250001,4.3500004,,,,,,,,,,,,,,,,,,
SENSOR,1789661837807,41568064496097,0.15373886,0.23748764,9.863514,-6.108647E-4,-7.635809E-4,4.5814854E-4,-55.275,-14.250001,4.3500004,,,,,,,,,,,,,,,,,,
SENSOR,1789661837816,41568064496097,0.15373886,0.23748764,9.863514,-6.108647E-4,-7.635809E-4,4.5814854E-4,-55.725002,-15.000001,4.5750003,,,,,,,,,,,,,,,,,,
SENSOR,1789661837859,41568076278544,0.15433706,0.23958136,9.859626,-6.108647E-4,-7.635809E-4,4.5814854E-4,-55.725002,-15.000001,4.5750003,,,,,,,,,,,,,,,,,,
SENSOR,1789661837902,41568164496097,0.15433706,0.23958136,9.859626,-0.0,-1.5271618E-4,-6.108647E-4,-55.725002,-15.000001,4.5750003,,,,,,,,,,,,,,,,,,
SENSOR,1789661837920,41568164496097,0.15433706,0.23958136,9.859626,-0.0,-1.5271618E-4,-6.108647E-4,-56.250004,-15.150001,5.3250003,,,,,,,,,,,,,,,,,,
SENSOR,1789661837962,41568180457815,0.15373886,0.23958136,9.859925,-0.0,-1.5271618E-4,-6.108647E-4,-56.250004,-15.150001,5.3250003,,,,,,,,,,,,,,,,,,
SENSOR,1789661838007,41568264496097,0.15373886,0.23958136,9.859925,-4.5814854E-4,-0.0013744456,-7.635809E-4,-56.250004,-15.150001,5.3250003,,,,,,,,,,,,,,,,,,
SENSOR,1789661838015,41568264496097,0.15373886,0.23958136,9.859925,-4.5814854E-4,-0.0013744456,-7.635809E-4,-56.250004,-14.700001,5.55,,,,,,,,,,,,,,,,,,
SENSOR,1789661838066,41568284637138,0.15373886,0.24017957,9.861121,-4.5814854E-4,-0.0013744456,-7.635809E-4,-56.250004,-14.700001,5.55,,,,,,,,,,,,,,,,,,
SENSOR,1789661838101,41568364496097,0.15373886,0.24017957,9.861121,0.0013744456,0.0019853103,-7.635809E-4,-56.250004,-14.700001,5.55,,,,,,,,,,,,,,,,,,
SENSOR,1789661838120,41568364496097,0.15373886,0.24017957,9.861121,0.0013744456,0.0019853103,-7.635809E-4,-55.65,-14.700001,4.875,,,,,,,,,,,,,,,,,,
SENSOR,1789661838171,41568388816409,0.15284155,0.24107689,9.861719,0.0013744456,0.0019853103,-7.635809E-4,-55.65,-14.700001,4.875,,,,,,,,,,,,,,,,,,
SENSOR,1789661838206,41568464496097,0.15284155,0.24107689,9.861719,0.0012217294,0.002443459,4.5814854E-4,-55.65,-14.700001,4.875,,,,,,,,,,,,,,,,,,
SENSOR,1789661838215,41568464496097,0.15284155,0.24107689,9.861719,0.0012217294,0.002443459,4.5814854E-4,-55.2,-14.400001,3.7500002,,,,,,,,,,,,,,,,,,
SENSOR,1789661838275,41568492995680,0.15373886,0.23808585,9.861121,0.0012217294,0.002443459,4.5814854E-4,-55.2,-14.400001,3.7500002,,,,,,,,,,,,,,,,,,
SENSOR,1789661838301,41568564496097,0.15373886,0.23808585,9.861121,0.0022907427,0.0035124721,4.5814854E-4,-55.2,-14.400001,3.7500002,,,,,,,,,,,,,,,,,,
SENSOR,1789661838319,41568564496097,0.15373886,0.23808585,9.861121,0.0022907427,0.0035124721,4.5814854E-4,-56.250004,-14.85,5.4750004,,,,,,,,,,,,,,,,,,
SENSOR,1789661838379,41568597175003,0.15553348,0.23659034,9.860523,0.0022907427,0.0035124721,4.5814854E-4,-56.250004,-14.85,5.4750004,,,,,,,,,,,,,,,,,,
SENSOR,1789661838406,41568664496097,0.15553348,0.23659034,9.860523,3.0543236E-4,6.108647E-4,-3.0543236E-4,-56.250004,-14.85,5.4750004,,,,,,,,,,,,,,,,,,
SENSOR,1789661838415,41568664496097,0.15553348,0.23659034,9.860523,3.0543236E-4,6.108647E-4,-3.0543236E-4,-55.725002,-14.475,5.4750004,,,,,,,,,,,,,,,,,,
SENSOR,1789661838484,41568701354274,0.15343975,0.23808585,9.860523,3.0543236E-4,6.108647E-4,-3.0543236E-4,-55.725002,-14.475,5.4750004,,,,,,,,,,,,,,,,,,
SENSOR,1789661838501,41568764496097,0.15343975,0.23808585,9.860523,0.0013744456,0.0029016074,4.5814854E-4,-55.725002,-14.475,5.4750004,,,,,,,,,,,,,,,,,,
SENSOR,1789661838520,41568764496097,0.15343975,0.23808585,9.860523,0.0013744456,0.0029016074,4.5814854E-4,-55.500004,-14.250001,4.9500003,,,,,,,,,,,,,,,,,,
SENSOR,1789661838596,41568805533544,0.15613168,0.23838496,9.861121,0.0013744456,0.0029016074,4.5814854E-4,-55.500004,-14.250001,4.9500003,,,,,,,,,,,,,,,,,,
SENSOR,1789661838606,41568864496097,0.15613168,0.23838496,9.861121,0.002596175,0.0065667955,-1.5271618E-4,-55.500004,-14.250001,4.9500003,,,,,,,,,,,,,,,,,,
SENSOR,1789661838615,41568864496097,0.15613168,0.23838496,9.861121,0.002596175,0.0065667955,-1.5271618E-4,-55.725002,-14.700001,5.1000004,,,,,,,,,,,,,,,,,,
SENSOR,1789661838692,41568909712867,0.15134603,0.23838496,9.861719,0.002596175,0.0065667955,-1.5271618E-4,-55.725002,-14.700001,5.1000004,,,,,,,,,,,,,,,,,,
SENSOR,1789661838710,41568964496097,0.15134603,0.23838496,9.861719,0.0015271618,0.0032070398,-7.635809E-4,-55.725002,-14.700001,5.1000004,,,,,,,,,,,,,,,,,,
SENSOR,1789661838719,41568964496097,0.15134603,0.23838496,9.861719,0.0015271618,0.0032070398,-7.635809E-4,-56.025,-14.85,5.7000003,,,,,,,,,,,,,,,,,,
SENSOR,1789661838796,41569013892138,0.15254244,0.24047868,9.862318,0.0015271618,0.0032070398,-7.635809E-4,-56.025,-14.85,5.7000003,,,,,,,,,,,,,,,,,,
SENSOR,1789661838804,41569064496097,0.15254244,0.24047868,9.862318,-0.002596175,-0.005650499,-7.635809E-4,-56.025,-14.85,5.7000003,,,,,,,,,,,,,,,,,,
SENSOR,1789661838814,41569064496097,0.15254244,0.24047868,9.862318,-0.002596175,-0.005650499,-7.635809E-4,-55.65,-15.000001,4.2000003,,,,,,,,,,,,,,,,,,
SENSOR,1789661838901,41569118071409,0.15014961,0.24017957,9.860523,-0.002596175,-0.005650499,-7.635809E-4,-55.65,-15.000001,4.2000003,,,,,,,,,,,,,,,,,,
SENSOR,1789661838909,41569164496097,0.15014961,0.24017957,9.860523,-0.0012217294,-0.0047342014,4.5814854E-4,-55.65,-15.000001,4.2000003,,,,,,,,,,,,,,,,,,
SENSOR,1789661838919,41569164496097,0.15014961,0.24017957,9.860523,-0.0012217294,-0.0047342014,4.5814854E-4,-55.800003,-14.700001,4.05,,,,,,,,,,,,,,,,,,
SENSOR,1789661839005,41569222250680,0.15613168,0.23988047,9.859028,-0.0012217294,-0.0047342014,4.5814854E-4,-55.800003,-14.700001,4.05,,,,,,,,,,,,,,,,,,
SENSOR,1789661839005,41569264496097,0.15613168,0.23988047,9.859028,-7.635809E-4,-0.0019853103,4.5814854E-4,-55.800003,-14.700001,4.05,,,,,,,,,,,,,,,,,,
SENSOR,1789661839014,41569264496097,0.15613168,0.23988047,9.859028,-7.635809E-4,-0.0019853103,4.5814854E-4,-55.65,-14.85,4.275,,,,,,,,,,,,,,,,,,
SENSOR,1789661839109,41569326430003,0.15672988,0.23958136,9.861719,-7.635809E-4,-0.0019853103,4.5814854E-4,-55.65,-14.85,4.275,,,,,,,,,,,,,,,,,,
SENSOR,1789661839109,41569364496097,0.15672988,0.23958136,9.861719,-0.0015271618,-0.0027488912,3.0543236E-4,-55.65,-14.85,4.275,,,,,,,,,,,,,,,,,,
SENSOR,1789661839118,41569364496097,0.15672988,0.23958136,9.861719,-0.0015271618,-0.0027488912,3.0543236E-4,-55.725002,-14.400001,5.1000004,,,,,,,,,,,,,,,,,,
SENSOR,1789661839204,41569464496097,0.15672988,0.23958136,9.861719,6.108647E-4,0.0013744456,-7.635809E-4,-55.725002,-14.400001,5.1000004,,,,,,,,,,,,,,,,,,
SENSOR,1789661839213,41569430609274,0.15314065,0.23898315,9.861719,6.108647E-4,0.0013744456,-7.635809E-4,-55.725002,-14.400001,5.1000004,,,,,,,,,,,,,,,,,,
SENSOR,1789661839213,41569464496097,0.15314065,0.23898315,9.861719,6.108647E-4,0.0013744456,-7.635809E-4,-56.100002,-15.000001,5.025,,,,,,,,,,,,,,,,,,
SENSOR,1789661839311,41569564496097,0.15314065,0.23898315,9.861719,0.0019853103,0.0038179045,-7.635809E-4,-56.100002,-15.000001,5.025,,,,,,,,,,,,,,,,,,
SENSOR,1789661839317,41569534788544,0.15553348,0.23688944,9.862916,0.0019853103,0.0038179045,-7.635809E-4,-56.100002,-15.000001,5.025,,,,,,,,,,,,,,,,,,
SENSOR,1789661839319,41569564496097,0.15553348,0.23688944,9.862916,0.0019853103,0.0038179045,-7.635809E-4,-55.875004,-14.475,5.175,,,,,,,,,,,,,,,,,,
SENSOR,1789661839404,41569664496097,0.15553348,0.23688944,9.862916,0.002596175,0.0068722283,-4.5814854E-4,-55.875004,-14.475,5.175,,,,,,,,,,,,,,,,,,
SENSOR,1789661839413,41569664496097,0.15553348,0.23688944,9.862916,0.002596175,0.0068722283,-4.5814854E-4,-56.325,-14.400001,5.55,,,,,,,,,,,,,,,,,,
SENSOR,1789661839421,41569638967815,0.15284155,0.23838496,9.861121,0.002596175,0.0068722283,-4.5814854E-4,-56.325,-14.400001,5.55,,,,,,,,,,,,,,,,,,
SENSOR,1789661839510,41569764496097,0.15284155,0.23838496,9.861121,0.002596175,0.0044287695,-7.635809E-4,-56.325,-14.400001,5.55,,,,,,,,,,,,,,,,,,
SENSOR,1789661839517,41569764496097,0.15284155,0.23838496,9.861121,0.002596175,0.0044287695,-7.635809E-4,-55.95,-14.700001,4.9500003,,,,,,,,,,,,,,,,,,
SENSOR,1789661839525,41569743147086,0.15373886,0.23928227,9.862019,0.002596175,0.0044287695,-7.635809E-4,-55.95,-14.700001,4.9500003,,,,,,,,,,,,,,,,,,
SENSOR,1789661839603,41569864496097,0.15373886,0.23928227,9.862019,-0.0038179045,-0.0087048225,-4.5814854E-4,-55.95,-14.700001,4.9500003,,,,,,,,,,,,,,,,,,
SENSOR,1789661839622,41569864496097,0.15373886,0.23928227,9.862019,-0.0038179045,-0.0087048225,-4.5814854E-4,-56.025,-14.700001,5.25,,,,,,,,,,,,,,,,,,
SENSOR,1789661839629,41569847326357,0.15134603,0.24137598,9.861719,-0.0038179045,-0.0087048225,-4.5814854E-4,-56.025,-14.700001,5.25,,,,,,,,,,,,,,,,,,
SENSOR,1789661839708,41569964496097,0.15134603,0.24137598,9.861719,0.0047342014,0.011148281,-7.635809E-4,-56.025,-14.700001,5.25,,,,,,,,,,,,,,,,,,
SENSOR,1789661839718,41569964496097,0.15134603,0.24137598,9.861719,0.0047342014,0.011148281,-7.635809E-4,-55.65,-15.000001,4.125,,,,,,,,,,,,,,,,,,
SENSOR,1789661839735,41569951505628,0.15523437,0.23659034,9.862318,0.0047342014,0.011148281,-7.635809E-4,-55.65,-15.000001,4.125,,,,,,,,,,,,,,,,,,
SENSOR,1789661839804,41570064496097,0.15523437,0.23659034,9.862318,9.162971E-4,6.108647E-4,4.5814854E-4,-55.65,-15.000001,4.125,,,,,,,,,,,,,,,,,,
SENSOR,1789661839812,41570064496097,0.15523437,0.23659034,9.862318,9.162971E-4,6.108647E-4,4.5814854E-4,-56.175003,-14.475,4.7250004,,,,,,,,,,,,,,,,,,
SENSOR,1789661839839,41570055684899,0.15373886,0.23838496,9.863514,9.162971E-4,6.108647E-4,4.5814854E-4,-56.175003,-14.475,4.7250004,,,,,,,,,,,,,,,,,,
SENSOR,1789661839908,41570164496097,0.15373886,0.23838496,9.863514,9.162971E-4,0.0018325942,1.5271618E-4,-56.175003,-14.475,4.7250004,,,,,,,,,,,,,,,,,,
SENSOR,1789661839917,41570164496097,0.15373886,0.23838496,9.863514,9.162971E-4,0.0018325942,1.5271618E-4,-55.500004,-14.475,6.0,,,,,,,,,,,,,,,,,,
SENSOR,1789661839942,41570159864169,0.15672988,0.23688944,9.863514,9.162971E-4,0.0018325942,1.5271618E-4,-55.500004,-14.475,6.0,,,,,,,,,,,,,,,,,,
SENSOR,1789661840003,41570264496097,0.15672988,0.23688944,9.863514,-0.0032070398,-0.0062613636,-7.635809E-4,-55.500004,-14.475,6.0,,,,,,,,,,,,,,,,,,
SENSOR,1789661840012,41570264496097,0.15672988,0.23688944,9.863514,-0.0032070398,-0.0062613636,-7.635809E-4,-55.350002,-14.325001,3.2250001,,,,,,,,,,,,,,,,,,
SENSOR,1789661840047,41570264043388,0.15164514,0.24227329,9.860822,-0.0032070398,-0.0062613636,-7.635809E-4,-55.350002,-14.325001,3.2250001,,,,,,,,,,,,,,,,,,
SENSOR,1789661840107,41570364496097,0.15164514,0.24227329,9.860822,0.0010690133,0.0030543236,4.5814854E-4,-55.350002,-14.325001,3.2250001,,,,,,,,,,,,,,,,,,
SENSOR,1789661840116,41570364496097,0.15164514,0.24227329,9.860822,0.0010690133,0.0030543236,4.5814854E-4,-56.250004,-14.700001,5.3250003,,,,,,,,,,,,,,,,,,
SENSOR,1789661840150,41570368222659,0.15314065,0.23868406,9.863514,0.0010690133,0.0030543236,4.5814854E-4,-56.250004,-14.700001,5.3250003,,,,,,,,,,,,,,,,,,
SENSOR,1789661840202,41570464496097,0.15314065,0.23868406,9.863514,0.001679878,0.0047342014,-7.635809E-4,-56.250004,-14.700001,5.3250003,,,,,,,,,,,,,,,,,,
SENSOR,1789661840211,41570464496097,0.15314065,0.23868406,9.863514,0.001679878,0.0047342014,-7.635809E-4,-56.025,-14.475,5.55,,,,,,,,,,,,,,,,,,
SENSOR,1789661840255,41570472401930,0.14745769,0.24017957,9.859326,0.001679878,0.0047342014,-7.635809E-4,-56.025,-14.475,5.55,,,,,,,,,,,,,,,,,,
SENSOR,1789661840306,41570564496097,0.14745769,0.24017957,9.859326,-0.0018325942,-0.0035124721,-7.635809E-4,-56.025,-14.475,5.55,,,,,,,,,,,,,,,,,,
SENSOR,1789661840316,41570564496097,0.14745769,0.24017957,9.859326,-0.0018325942,-0.0035124721,-7.635809E-4,-56.325,-15.075001,5.7000003,,,,,,,,,,,,,,,,,,
SENSOR,1789661840359,41570576581149,0.15194423,0.24197419,9.861421,-0.0018325942,-0.0035124721,-7.635809E-4,-56.325,-15.075001,5.7000003,,,,,,,,,,,,,,,,,,
SENSOR,1789661840402,41570664496097,0.15194423,0.24197419,9.861421,1.5271618E-4,4.5814854E-4,4.5814854E-4,-56.325,-15.075001,5.7000003,,,,,,,,,,,,,,,,,,
SENSOR,1789661840411,41570664496097,0.15194423,0.24197419,9.861421,1.5271618E-4,4.5814854E-4,4.5814854E-4,-56.250004,-14.700001,5.775,,,,,,,,,,,,,,,,,,
SENSOR,1789661840463,41570680760419,0.15104693,0.24017957,9.863514,1.5271618E-4,4.5814854E-4,4.5814854E-4,-56.250004,-14.700001,5.775,,,,,,,,,,,,,,,,,,
SENSOR,1789661840507,41570764496097,0.15104693,0.24017957,9.863514,0.002596175,0.005650499,-3.0543236E-4,-56.250004,-14.700001,5.775,,,,,,,,,,,,,,,,,,
SENSOR,1789661840515,41570764496097,0.15104693,0.24017957,9.863514,0.002596175,0.005650499,-3.0543236E-4,-55.575,-14.250001,3.3000002,,,,,,,,,,,,,,,,,,
SENSOR,1789661840569,41570784939638,0.1486541,0.24077778,9.862318,0.002596175,0.005650499,-3.0543236E-4,-55.575,-14.250001,3.3000002,,,,,,,,,,,,,,,,,,
SENSOR,1789661840603,41570864496097,0.1486541,0.24077778,9.862318,0.0035124721,0.0070249443,-7.635809E-4,-55.575,-14.250001,3.3000002,,,,,,,,,,,,,,,,,,
SENSOR,1789661840621,41570864496097,0.1486541,0.24077778,9.862318,0.0035124721,0.0070249443,-7.635809E-4,-55.2,-14.700001,2.025,,,,,,,,,,,,,,,,,,
SENSOR,1789661840672,41570889118857,0.15014961,0.23958136,9.861121,0.0035124721,0.0070249443,-7.635809E-4,-55.2,-14.700001,2.025,,,,,,,,,,,,,,,,,,
SENSOR,1789661840707,41570964496097,0.15014961,0.23958136,9.861121,-0.0022907427,-0.004886918,4.5814854E-4,-55.2,-14.700001,2.025,,,,,,,,,,,,,,,,,,
SENSOR,1789661840715,41570964496097,0.15014961,0.23958136,9.861121,-0.0022907427,-0.004886918,4.5814854E-4,-55.050003,-14.85,2.9250002,,,,,,,,,,,,,,,,,,
SENSOR,1789661840776,41570993298076,0.15104693,0.23958136,9.864411,-0.0022907427,-0.004886918,4.5814854E-4,-55.050003,-14.85,2.9250002,,,,,,,,,,,,,,,,,,
SENSOR,1789661840802,41571064496097,0.15104693,0.23958136,9.864411,-0.0010690133,-0.0019853103,-7.635809E-4,-55.050003,-14.85,2.9250002,,,,,,,,,,,,,,,,,,
SENSOR,1789661840820,41571064496097,0.15104693,0.23958136,9.864411,-0.0010690133,-0.0019853103,-7.635809E-4,-55.2,-14.85,3.0,,,,,,,,,,,,,,,,,,
SENSOR,1789661840881,41571097477294,0.15463616,0.23778675,9.862916,-0.0010690133,-0.0019853103,-7.635809E-4,-55.2,-14.85,3.0,,,,,,,,,,,,,,,,,,
SENSOR,1789661840906,41571164496097,0.15463616,0.23778675,9.862916,-0.0015271618,-0.004276053,4.5814854E-4,-55.2,-14.85,3.0,,,,,,,,,,,,,,,,,,
SENSOR,1789661840915,41571164496097,0.15463616,0.23778675,9.862916,-0.0015271618,-0.004276053,4.5814854E-4,-55.95,-15.000001,4.5,,,,,,,,,,,,,,,,,,
SENSOR,1789661840984,41571201656513,0.15254244,0.23718855,9.862916,-0.0015271618,-0.004276053,4.5814854E-4,-55.95,-15.000001,4.5,,,,,,,,,,,,,,,,,,
SENSOR,1789661841001,41571264496097,0.15254244,0.23718855,9.862916,0.0013744456,6.108647E-4,-7.635809E-4,-55.95,-15.000001,4.5,,,,,,,,,,,,,,,,,,
SENSOR,1789661841019,41571264496097,0.15254244,0.23718855,9.862916,0.0013744456,6.108647E-4,-7.635809E-4,-56.325,-14.625001,5.025,,,,,,,,,,,,,,,,,,
SENSOR,1789661841088,41571305835732,0.15553348,0.24077778,9.862916,0.0013744456,6.108647E-4,-7.635809E-4,-56.325,-14.625001,5.025,,,,,,,,,,,,,,,,,,
SENSOR,1789661841107,41571364496097,0.15553348,0.24077778,9.862916,-4.5814854E-4,-0.0013744456,-7.635809E-4,-56.325,-14.625001,5.025,,,,,,,,,,,,,,,,,,
SENSOR,1789661841114,41571364496097,0.15553348,0.24077778,9.862916,-4.5814854E-4,-0.0013744456,-7.635809E-4,-55.725002,-15.000001,3.825,,,,,,,,,,,,,,,,,,
SENSOR,1789661841194,41571410014951,0.15373886,0.24017957,9.862916,-4.5814854E-4,-0.0013744456,-7.635809E-4,-55.725002,-15.000001,3.825,,,,,,,,,,,,,,,,,,
SENSOR,1789661841201,41571464496097,0.15373886,0.24017957,9.862916,-0.0010690133,-0.0032070398,-7.635809E-4,-55.725002,-15.000001,3.825,,,,,,,,,,,,,,,,,,
SENSOR,1789661841218,41571464496097,0.15373886,0.24017957,9.862916,-0.0010690133,-0.0032070398,-7.635809E-4,-55.425003,-15.225,3.2250001,,,,,,,,,,,,,,,,,,
SENSOR,1789661841296,41571514194169,0.15613168,0.23838496,9.862019,-0.0010690133,-0.0032070398,-7.635809E-4,-55.425003,-15.225,3.2250001,,,,,,,,,,,,,,,,,,
SENSOR,1789661841305,41571564496097,0.15613168,0.23838496,9.862019,0.0013744456,0.0041233366,-1.5271618E-4,-55.425003,-15.225,3.2250001,,,,,,,,,,,,,,,,,,
SENSOR,1789661841314,41571564496097,0.15613168,0.23838496,9.862019,0.0013744456,0.0041233366,-1.5271618E-4,-55.65,-14.775001,4.8,,,,,,,,,,,,,,,,,,
SENSOR,1789661841401,41571618373336,0.15254244,0.24107689,9.862019,0.0013744456,0.0041233366,-1.5271618E-4,-55.65,-14.775001,4.8,,,,,,,,,,,,,,,,,,
SENSOR,1789661841409,41571664496097,0.15254244,0.24107689,9.862019,0.01679878,0.038331762,-7.635809E-4,-55.65,-14.775001,4.8,,,,,,,,,,,,,,,,,,
SENSOR,1789661841419,41571664496097,0.15254244,0.24107689,9.862019,0.01679878,0.038331762,-7.635809E-4,-55.875004,-14.625001,4.875,,,,,,,,,,,,,,,,,,
SENSOR,1789661841505,41571722552555,0.15553348,0.23868406,9.862019,0.01679878,0.038331762,-7.635809E-4,-55.875004,-14.625001,4.875,,,,,,,,,,,,,,,,,,
SENSOR,1789661841506,41571764496097,0.15553348,0.23868406,9.862019,-0.0036651883,-0.008552106,4.5814854E-4,-55.875004,-14.625001,4.875,,,,,,,,,,,,,,,,,,
SENSOR,1789661841515,41571764496097,0.15553348,0.23868406,9.862019,-0.0036651883,-0.008552106,4.5814854E-4,-55.95,-14.700001,6.15,,,,,,,,,,,,,,,,,,
SENSOR,1789661841611,41571826731722,0.15164514,0.23958136,9.860822,-0.0036651883,-0.008552106,4.5814854E-4,-55.95,-14.700001,6.15,,,,,,,,,,,,,,,,,,
SENSOR,1789661841611,41571864496097,0.15164514,0.23958136,9.860822,3.0543236E-4,-6.108647E-4,4.5814854E-4,-55.95,-14.700001,6.15,,,,,,,,,,,,,,,,,,
SENSOR,1789661841619,41571864496097,0.15164514,0.23958136,9.860822,3.0543236E-4,-6.108647E-4,4.5814854E-4,-56.325,-14.400001,5.025,,,,,,,,,,,,,,,,,,
SENSOR,1789661841705,41571964496097,0.15164514,0.23958136,9.860822,0.0012217294,0.0013744456,-7.635809E-4,-56.325,-14.400001,5.025,,,,,,,,,,,,,,,,,,
SENSOR,1789661841714,41571930910940,0.15254244,0.23898315,9.860523,0.0012217294,0.0013744456,-7.635809E-4,-56.325,-14.400001,5.025,,,,,,,,,,,,,,,,,,
SENSOR,1789661841714,41571964496097,0.15254244,0.23898315,9.860523,0.0012217294,0.0013744456,-7.635809E-4,-55.95,-14.475,5.4750004,,,,,,,,,,,,,,,,,,
SENSOR,1789661841808,41572064496097,0.15254244,0.23898315,9.860523,-6.108647E-4,-0.0022907427,3.0543236E-4,-55.95,-14.475,5.4750004,,,,,,,,,,,,,,,,,,
SENSOR,1789661841818,41572035090107,0.15044872,0.23958136,9.862019,-6.108647E-4,-0.0022907427,3.0543236E-4,-55.95,-14.475,5.4750004,,,,,,,,,,,,,,,,,,
SENSOR,1789661841818,41572064496097,0.15044872,0.23958136,9.862019,-6.108647E-4,-0.0022907427,3.0543236E-4,-55.95,-14.925,5.175,,,,,,,,,,,,,,,,,,
SENSOR,1789661841904,41572164496097,0.15044872,0.23958136,9.862019,-1.5271618E-4,-1.5271618E-4,-0.0,-55.95,-14.925,5.175,,,,,,,,,,,,,,,,,,
SENSOR,1789661841912,41572164496097,0.15044872,0.23958136,9.862019,-1.5271618E-4,-1.5271618E-4,-0.0,-55.500004,-14.85,4.425,,,,,,,,,,,,,,,,,,
SENSOR,1789661841922,41572139269274,0.14356937,0.24197419,9.863514,-1.5271618E-4,-1.5271618E-4,-0.0,-55.500004,-14.85,4.425,,,,,,,,,,,,,,,,,,
SENSOR,1789661842008,41572264496097,0.14356937,0.24197419,9.863514,0.0062613636,0.014202605,-6.108647E-4,-55.500004,-14.85,4.425,,,,,,,,,,,,,,,,,,
SENSOR,1789661842018,41572264496097,0.14356937,0.24197419,9.863514,0.0062613636,0.014202605,-6.108647E-4,-56.025,-14.700001,5.25,,,,,,,,,,,,,,,,,,
SENSOR,1789661842026,41572243448492,0.17527425,0.22971097,9.862617,0.0062613636,0.014202605,-6.108647E-4,-56.025,-14.700001,5.25,,,,,,,,,,,,,,,,,,
SENSOR,1789661842104,41572364496097,0.17527425,0.22971097,9.862617,0.005039634,0.009926552,-0.0012217294,-56.025,-14.700001,5.25,,,,,,,,,,,,,,,,,,
SENSOR,1789661842113,41572364496097,0.17527425,0.22971097,9.862617,0.005039634,0.009926552,-0.0012217294,-56.025,-14.475,5.025,,,,,,,,,,,,,,,,,,
SENSOR,1789661842129,41572347627659,0.14356937,0.24197419,9.861121,0.005039634,0.009926552,-0.0012217294,-56.025,-14.475,5.025,,,,,,,,,,,,,,,,,,
SENSOR,1789661842209,41572464496097,0.14356937,0.24197419,9.861121,0.0010690133,0.0018325942,4.5814854E-4,-56.025,-14.475,5.025,,,,,,,,,,,,,,,,,,
SENSOR,1789661842218,41572464496097,0.14356937,0.24197419,9.861121,0.0010690133,0.0018325942,4.5814854E-4,-55.500004,-14.55,4.3500004,,,,,,,,,,,,,,,,,,
SENSOR,1789661842234,41572451806826,0.14356937,0.2434697,9.859326,0.0010690133,0.0018325942,4.5814854E-4,-55.500004,-14.55,4.3500004,,,,,,,,,,,,,,,,,,
SENSOR,1789661842303,41572564496097,0.14356937,0.2434697,9.859326,-0.004276053,-0.010079268,-4.5814854E-4,-55.500004,-14.55,4.3500004,,,,,,,,,,,,,,,,,,
SENSOR,1789661842313,41572564496097,0.14356937,0.2434697,9.859326,-0.004276053,-0.010079268,-4.5814854E-4,-55.95,-14.700001,5.7000003,,,,,,,,,,,,,,,,,,
SENSOR,1789661842338,41572555985992,0.1468595,0.24077778,9.861719,-0.004276053,-0.010079268,-4.5814854E-4,-55.95,-14.700001,5.7000003,,,,,,,,,,,,,,,,,,
SENSOR,1789661842408,41572664496097,0.1468595,0.24077778,9.861719,0.0012217294,0.0019853103,-6.108647E-4,-55.95,-14.700001,5.7000003,,,,,,,,,,,,,,,,,,
SENSOR,1789661842416,41572664496097,0.1468595,0.24077778,9.861719,0.0012217294,0.0019853103,-6.108647E-4,-55.725002,-14.700001,4.9500003,,,,,,,,,,,,,,,,,,
SENSOR,1789661842442,41572660165159,0.15343975,0.24047868,9.860523,0.0012217294,0.0019853103,-6.108647E-4,-55.725002,-14.700001,4.9500003,,,,,,,,,,,,,,,,,,
SENSOR,1789661842503,41572764496097,0.15343975,0.24047868,9.860523,0.002596175,0.0041233366,4.5814854E-4,-55.725002,-14.700001,4.9500003,,,,,,,,,,,,,,,,,,
SENSOR,1789661842512,41572764496097,0.15343975,0.24047868,9.860523,0.002596175,0.0041233366,4.5814854E-4,-56.250004,-14.85,5.8500004,,,,,,,,,,,,,,,,,,
SENSOR,1789661842546,41572764344326,0.15014961,0.24017957,9.862916,0.002596175,0.0041233366,4.5814854E-4,-56.250004,-14.85,5.8500004,,,,,,,,,,,,,,,,,,
SENSOR,1789661842607,41572864496097,0.15014961,0.24017957,9.862916,-0.0010690133,-0.0032070398,-4.5814854E-4,-56.250004,-14.85,5.8500004,,,,,,,,,,,,,,,,,,
SENSOR,1789661842617,41572864496097,0.15014961,0.24017957,9.862916,-0.0010690133,-0.0032070398,-4.5814854E-4,-55.875004,-14.475,5.1000004,,,,,,,,,,,,,,,,,,
SENSOR,1789661842651,41572868523492,0.14955142,0.24047868,9.862916,-0.0010690133,-0.0032070398,-4.5814854E-4,-55.875004,-14.475,5.1000004,,,,,,,,,,,,,,,,,,
SENSOR,1789661842704,41572964496097,0.14955142,0.24047868,9.862916,-0.0,3.0543236E-4,-6.108647E-4,-55.875004,-14.475,5.1000004,,,,,,,,,,,,,,,,,,
SENSOR,1789661842729,41572964496097,0.14955142,0.24047868,9.862916,-0.0,3.0543236E-4,-6.108647E-4,-56.325,-14.625001,4.275,,,,,,,,,,,,,,,,,,
SENSOR,1789661842755,41572972702659,0.15104693,0.23688944,9.864112,-0.0,3.0543236E-4,-6.108647E-4,-56.325,-14.625001,4.275,,,,,,,,,,,,,,,,,,
SENSOR,1789661842808,41573064496097,0.15104693,0.23688944,9.864112,0.0013744456,0.0029016074,-7.635809E-4,-56.325,-14.625001,4.275,,,,,,,,,,,,,,,,,,
SENSOR,1789661842816,41573064496097,0.15104693,0.23688944,9.864112,0.0013744456,0.0029016074,-7.635809E-4,-56.4,-14.925,5.775,,,,,,,,,,,,,,,,,,
SENSOR,1789661842860,41573076881826,0.1480559,0.24197419,9.861719,0.0013744456,0.0029016074,-7.635809E-4,-56.4,-14.925,5.775,,,,,,,,,,,,,,,,,,
SENSOR,1789661842903,41573164496097,0.1480559,0.24197419,9.861719,-0.0010690133,-0.0029016074,-6.108647E-4,-56.4,-14.925,5.775,,,,,,,,,,,,,,,,,,
SENSOR,1789661842912,41573164496097,0.1480559,0.24197419,9.861719,-0.0010690133,-0.0029016074,-6.108647E-4,-55.725002,-14.475,4.65,,,,,,,,,,,,,,,,,,
SENSOR,1789661842963,41573181060992,0.14895321,0.2431706,9.864112,-0.0010690133,-0.0029016074,-6.108647E-4,-55.725002,-14.475,4.65,,,,,,,,,,,,,,,,,,
SENSOR,1789661843007,41573264496097,0.14895321,0.2431706,9.864112,1.5271618E-4,-7.635809E-4,4.5814854E-4,-55.725002,-14.475,4.65,,,,,,,,,,,,,,,,,,
SENSOR,1789661843016,41573264496097,0.14895321,0.2431706,9.864112,1.5271618E-4,-7.635809E-4,4.5814854E-4,-55.875004,-14.625001,4.9500003,,,,,,,,,,,,,,,,,,
SENSOR,1789661843067,41573285240159,0.15074782,0.23659034,9.861719,1.5271618E-4,-7.635809E-4,4.5814854E-4,-55.875004,-14.625001,4.9500003,,,,,,,,,,,,,,,,,,
SENSOR,1789661843102,41573364496097,0.15074782,0.23659034,9.861719,0.0013744456,4.5814854E-4,-7.635809E-4,-55.875004,-14.625001,4.9500003,,,,,,,,,,,,,,,,,,
SENSOR,1789661843119,41573364496097,0.15074782,0.23659034,9.861719,0.0013744456,4.5814854E-4,-7.635809E-4,-56.325,-14.925,4.8,,,,,,,,,,,,,,,,,,
SENSOR,1789661843171,41573389419274,0.1477568,0.2440679,9.861121,0.0013744456,4.5814854E-4,-7.635809E-4,-56.325,-14.925,4.8,,,,,,,,,,,,,,,,,,
SENSOR,1789661843207,41573464496097,0.1477568,0.2440679,9.861121,6.108647E-4,1.5271618E-4,-0.0,-56.325,-14.925,4.8,,,,,,,,,,,,,,,,,,
SENSOR,1789661843215,41573464496097,0.1477568,0.2440679,9.861121,6.108647E-4,1.5271618E-4,-0.0,-55.875004,-15.450001,4.5,,,,,,,,,,,,,,,,,,
SENSOR,1789661843276,41573493598440,0.1477568,0.24436702,9.865309,6.108647E-4,1.5271618E-4,-0.0,-55.875004,-15.450001,4.5,,,,,,,,,,,,,,,,,,
SENSOR,1789661843302,41573564496097,0.1477568,0.24436702,9.865309,3.0543236E-4,6.108647E-4,4.5814854E-4,-55.875004,-15.450001,4.5,,,,,,,,,,,,,,,,,,
SENSOR,1789661843322,41573564496097,0.1477568,0.24436702,9.865309,3.0543236E-4,6.108647E-4,4.5814854E-4,-56.925003,-15.000001,5.625,,,,,,,,,,,,,,,,,,
SENSOR,1789661843380,41573597777607,0.15134603,0.23898315,9.858728,3.0543236E-4,6.108647E-4,4.5814854E-4,-56.925003,-15.000001,5.625,,,,,,,,,,,,,,,,,,
SENSOR,1789661843407,41573664496097,0.15134603,0.23898315,9.858728,-3.0543236E-4,-4.5814854E-4,4.5814854E-4,-56.925003,-15.000001,5.625,,,,,,,,,,,,,,,,,,
SENSOR,1789661843415,41573664496097,0.15134603,0.23898315,9.858728,-3.0543236E-4,-4.5814854E-4,4.5814854E-4,-56.175003,-14.400001,4.5,,,,,,,,,,,,,,,,,,
SENSOR,1789661843485,41573701956722,0.15074782,0.24436702,9.865309,-3.0543236E-4,-4.5814854E-4,4.5814854E-4,-56.175003,-14.400001,4.5,,,,,,,,,,,,,,,,,,
SENSOR,1789661843502,41573764496097,0.15074782,0.24436702,9.865309,-0.0010690133,-0.0018325942,-7.635809E-4,-56.175003,-14.400001,4.5,,,,,,,,,,,,,,,,,,
SENSOR,1789661843520,41573764496097,0.15074782,0.24436702,9.865309,-0.0010690133,-0.0018325942,-7.635809E-4,-56.625004,-14.475,6.3,,,,,,,,,,,,,,,,,,
SENSOR,1789661843588,41573806135888,0.15254244,0.23898315,9.859626,-0.0010690133,-0.0018325942,-7.635809E-4,-56.625004,-14.475,6.3,,,,,,,,,,,,,,,,,,
SENSOR,1789661843608,41573864496097,0.15254244,0.23898315,9.859626,-3.0543236E-4,1.5271618E-4,-7.635809E-4,-56.625004,-14.475,6.3,,,,,,,,,,,,,,,,,,
SENSOR,1789661843615,41573864496097,0.15254244,0.23898315,9.859626,-3.0543236E-4,1.5271618E-4,-7.635809E-4,-55.800003,-14.625001,5.25,,,,,,,,,,,,,,,,,,
SENSOR,1789661843692,41573910315003,0.1477568,0.24197419,9.859028,-3.0543236E-4,1.5271618E-4,-7.635809E-4,-55.800003,-14.625001,5.25,,,,,,,,,,,,,,,,,,
SENSOR,1789661843701,41573964496097,0.1477568,0.24197419,9.859028,3.0543236E-4,0.0018325942,4.5814854E-4,-55.800003,-14.625001,5.25,,,,,,,,,,,,,,,,,,
SENSOR,1789661843719,41573964496097,0.1477568,0.24197419,9.859028,3.0543236E-4,0.0018325942,4.5814854E-4,-56.025,-14.700001,5.175,,,,,,,,,,,,,,,,,,
SENSOR,1789661843797,41574014494117,0.15104693,0.2428715,9.861421,3.0543236E-4,0.0018325942,4.5814854E-4,-56.025,-14.700001,5.175,,,,,,,,,,,,,,,,,,
SENSOR,1789661843805,41574064496097,0.15104693,0.2428715,9.861421,7.635809E-4,0.0010690133,4.5814854E-4,-56.025,-14.700001,5.175,,,,,,,,,,,,,,,,,,
SENSOR,1789661843815,41574064496097,0.15104693,0.2428715,9.861421,7.635809E-4,0.0010690133,4.5814854E-4,-56.7,-14.55,5.25,,,,,,,,,,,,,,,,,,
SENSOR,1789661843900,41574118673232,0.14895321,0.24496523,9.863514,7.635809E-4,0.0010690133,4.5814854E-4,-56.7,-14.55,5.25,,,,,,,,,,,,,,,,,,
SENSOR,1789661843901,41574164496097,0.14895321,0.24496523,9.863514,-0.0010690133,-0.0019853103,4.5814854E-4,-56.7,-14.55,5.25,,,,,,,,,,,,,,,,,,
SENSOR,1789661843919,41574164496097,0.14895321,0.24496523,9.863514,-0.0010690133,-0.0019853103,4.5814854E-4,-56.100002,-15.000001,3.2250001,,,,,,,,,,,,,,,,,,
SENSOR,1789661844008,41574222852347,0.148355,0.23988047,9.859925,-0.0010690133,-0.0019853103,4.5814854E-4,-56.100002,-15.000001,3.2250001,,,,,,,,,,,,,,,,,,
SENSOR,1789661844008,41574264496097,0.148355,0.23988047,9.859925,-0.0010690133,-0.0032070398,4.5814854E-4,-56.100002,-15.000001,3.2250001,,,,,,,,,,,,,,,,,,
SENSOR,1789661844013,41574264496097,0.148355,0.23988047,9.859925,-0.0010690133,-0.0032070398,4.5814854E-4,-54.825,-14.55,2.325,,,,,,,,,,,,,,,,,,
SENSOR,1789661844109,41574327031461,0.14386846,0.25752753,9.865309,-0.0010690133,-0.0032070398,4.5814854E-4,-54.825,-14.55,2.325,,,,,,,,,,,,,,,,,,
SENSOR,1789661844109,41574364496097,0.14386846,0.25752753,9.865309,0.0,0.0038179045,4.5814854E-4,-54.825,-14.55,2.325,,,,,,,,,,,,,,,,,,
SENSOR,1789661844119,41574364496097,0.14386846,0.25752753,9.865309,0.0,0.0038179045,4.5814854E-4,-55.800003,-14.85,3.9,,,,,,,,,,,,,,,,,,
SENSOR,1789661844205,41574464496097,0.14386846,0.25752753,9.865309,1.5271618E-4,-0.0,4.5814854E-4,-55.800003,-14.85,3.9,,,,,,,,,,,,,,,,,,
SENSOR,1789661844215,41574431210576,0.15314065,0.22432712,9.85813,1.5271618E-4,-0.0,4.5814854E-4,-55.800003,-14.85,3.9,,,,,,,,,,,,,,,,,,
SENSOR,1789661844216,41574464496097,0.15314065,0.22432712,9.85813,1.5271618E-4,-0.0,4.5814854E-4,-55.95,-15.000001,4.125,,,,,,,,,,,,,,,,,,
SENSOR,1789661844310,41574564496097,0.15314065,0.22432712,9.85813,-9.162971E-4,-6.108647E-4,4.5814854E-4,-55.95,-15.000001,4.125,,,,,,,,,,,,,,,,,,
SENSOR,1789661844319,41574535389638,0.15044872,0.2428715,9.861421,-9.162971E-4,-6.108647E-4,4.5814854E-4,-55.95,-15.000001,4.125,,,,,,,,,,,,,,,,,,
SENSOR,1789661844319,41574564496097,0.15044872,0.2428715,9.861421,-9.162971E-4,-6.108647E-4,4.5814854E-4,-56.025,-14.85,5.925,,,,,,,,,,,,,,,,,,
SENSOR,1789661844404,41574664496097,0.15044872,0.2428715,9.861421,-3.0543236E-4,-0.0012217294,-3.0543236E-4,-56.025,-14.85,5.925,,,,,,,,,,,,,,,,,,
CELLULAR,1789661845915,,,,,,,,,,,,,,true,NR,4298047490,405,869,,75,403,634080,-108,NR_SS_RSRP,3,
SENSOR,1789661845979,41576234496097,0.15044872,0.2428715,9.861421,-0.0010690133,-0.0019853103,4.5814854E-4,-56.025,-14.85,5.925,,,,,,,,,,,,,,,,,,
SENSOR,1789661845993,41576244496097,0.15044872,0.2428715,9.861421,-0.0010690133,-0.0019853103,4.5814854E-4,-51.9,-14.325001,-1.95,,,,,,,,,,,,,,,,,,
SENSOR,1789661846054,41576271707659,0.14596218,0.23449662,9.855738,-0.0010690133,-0.0019853103,4.5814854E-4,-51.9,-14.325001,-1.95,,,,,,,,,,,,,,,,,,
SENSOR,1789661846070,41576334496097,0.14596218,0.23449662,9.855738,-9.162971E-4,-0.0018325942,3.0543236E-4,-51.9,-14.325001,-1.95,,,,,,,,,,,,,,,,,,
SENSOR,1789661846098,41576344496097,0.14596218,0.23449662,9.855738,-9.162971E-4,-0.0018325942,3.0543236E-4,-52.050003,-14.55,-3.3000002,,,,,,,,,,,,,,,,,,
GNSS,1789661846070,,true,11.0554046,76.9271183,374.70001220703125,100.0,,,94,45,,,,,,,,,,,,,
SENSOR,1789661846162,41576375886774,0.1480559,0.24556342,9.861121,-9.162971E-4,-0.0018325942,3.0543236E-4,-52.050003,-14.55,-3.3000002,,,,,,,,,,,,,,,,,,
SENSOR,1789661846175,41576434496097,0.1480559,0.24556342,9.861121,1.5271618E-4,4.5814854E-4,-1.5271618E-4,-52.050003,-14.55,-3.3000002,,,,,,,,,,,,,,,,,,
SENSOR,1789661846194,41576444496097,0.1480559,0.24556342,9.861121,1.5271618E-4,4.5814854E-4,-1.5271618E-4,-51.600002,-14.250001,-2.5500002,,,,,,,,,,,,,,,,,,
SENSOR,1789661846261,41576480065888,0.15104693,0.23928227,9.856934,1.5271618E-4,4.5814854E-4,-1.5271618E-4,-51.600002,-14.250001,-2.5500002,,,,,,,,,,,,,,,,,,
SENSOR,1789661846270,41576534496097,0.15104693,0.23928227,9.856934,-9.162971E-4,-7.635809E-4,4.5814854E-4,-51.600002,-14.250001,-2.5500002,,,,,,,,,,,,,,,,,,
SENSOR,1789661846296,41576544496097,0.15104693,0.23928227,9.856934,-9.162971E-4,-7.635809E-4,4.5814854E-4,-52.95,-14.1,-1.575,,,,,,,,,,,,,,,,,,
SENSOR,1789661846366,41576584244951,0.15134603,0.23868406,9.854541,-9.162971E-4,-7.635809E-4,4.5814854E-4,-52.95,-14.1,-1.575,,,,,,,,,,,,,,,,,,
SENSOR,1789661846374,41576634496097,0.15134603,0.23868406,9.854541,7.635809E-4,0.0036651883,-7.635809E-4,-52.95,-14.1,-1.575,,,,,,,,,,,,,,,,,,
SENSOR,1789661846392,41576644496097,0.15134603,0.23868406,9.854541,7.635809E-4,0.0036651883,-7.635809E-4,-54.9,-14.925,2.4,,,,,,,,,,,,,,,,,,
SENSOR,1789661846470,41576688424117,0.14985052,0.24616162,9.856036,7.635809E-4,0.0036651883,-7.635809E-4,-54.9,-14.925,2.4,,,,,,,,,,,,,,,,,,
SENSOR,1789661846478,41576734496097,0.14985052,0.24616162,9.856036,-9.162971E-4,-0.0018325942,4.5814854E-4,-54.9,-14.925,2.4,,,,,,,,,,,,,,,,,,
SENSOR,1789661846496,41576744496097,0.14985052,0.24616162,9.856036,-9.162971E-4,-0.0018325942,4.5814854E-4,-54.000004,-14.400001,0.90000004,,,,,,,,,,,,,,,,,,
SENSOR,1789661846574,41576792603232,0.1468595,0.23718855,9.853345,-9.162971E-4,-0.0018325942,4.5814854E-4,-54.000004,-14.400001,0.90000004,,,,,,,,,,,,,,,,,,
SENSOR,1789661846574,41576834496097,0.1468595,0.23718855,9.853345,7.635809E-4,3.0543236E-4,-7.635809E-4,-54.000004,-14.400001,0.90000004,,,,,,,,,,,,,,,,,,
SENSOR,1789661846592,41576844496097,0.1468595,0.23718855,9.853345,7.635809E-4,3.0543236E-4,-7.635809E-4,-55.725002,-14.775001,3.525,,,,,,,,,,,,,,,,,,
SENSOR,1789661846679,41576896782347,0.14955142,0.25034907,9.858429,7.635809E-4,3.0543236E-4,-7.635809E-4,-55.725002,-14.775001,3.525,,,,,,,,,,,,,,,,,,
SENSOR,1789661846679,41576934496097,0.14955142,0.25034907,9.858429,0.0013744456,0.0027488912,-7.635809E-4,-55.725002,-14.775001,3.525,,,,,,,,,,,,,,,,,,
SENSOR,1789661846696,41576944496097,0.14955142,0.25034907,9.858429,0.0013744456,0.0027488912,-7.635809E-4,-55.125004,-14.700001,2.4,,,,,,,,,,,,,,,,,,
SENSOR,1789661846774,41577034496097,0.14955142,0.25034907,9.858429,0.0013744456,7.635809E-4,-7.635809E-4,-55.125004,-14.700001,2.4,,,,,,,,,,,,,,,,,,
SENSOR,1789661846782,41577000961513,0.15284155,0.23330021,9.852746,0.0013744456,7.635809E-4,-7.635809E-4,-55.125004,-14.700001,2.4,,,,,,,,,,,,,,,,,,
SENSOR,1789661846791,41577044496097,0.15284155,0.23330021,9.852746,0.0013744456,7.635809E-4,-7.635809E-4,-54.975002,-14.700001,2.4,,,,,,,,,,,,,,,,,,
SENSOR,1789661846878,41577134496097,0.15284155,0.23330021,9.852746,1.5271618E-4,4.5814854E-4,-7.635809E-4,-54.975002,-14.700001,2.4,,,,,,,,,,,,,,,,,,
SENSOR,1789661846887,41577105140680,0.15044872,0.24556342,9.856336,1.5271618E-4,4.5814854E-4,-7.635809E-4,-54.975002,-14.700001,2.4,,,,,,,,,,,,,,,,,,
SENSOR,1789661846895,41577144496097,0.15044872,0.24556342,9.856336,1.5271618E-4,4.5814854E-4,-7.635809E-4,-55.125004,-14.925,2.25,,,,,,,,,,,,,,,,,,
CELLULAR,1789661846933,,,,,,,,,,,,,,true,NR,4298047490,405,869,,75,403,634080,-108,NR_SS_RSRP,3,
SENSOR,1789661846973,41577234496097,0.15044872,0.24556342,9.856336,-0.0010690133,-7.635809E-4,4.5814854E-4,-55.125004,-14.925,2.25,,,,,,,,,,,,,,,,,,
SENSOR,1789661846991,41577209319899,0.1480559,0.24436702,9.856336,-0.0010690133,-7.635809E-4,4.5814854E-4,-55.125004,-14.925,2.25,,,,,,,,,,,,,,,,,,
SENSOR,1789661846991,41577244496097,0.1480559,0.24436702,9.856336,-0.0010690133,-7.635809E-4,4.5814854E-4,-55.425003,-14.625001,3.3000002,,,,,,,,,,,,,,,,,,
SENSOR,1789661847080,41577334496097,0.1480559,0.24436702,9.856336,1.5271618E-4,-4.5814854E-4,-7.635809E-4,-55.425003,-14.625001,3.3000002,,,,,,,,,,,,,,,,,,
SENSOR,1789661847096,41577313499117,0.15254244,0.23330021,9.852148,1.5271618E-4,-4.5814854E-4,-7.635809E-4,-55.425003,-14.625001,3.3000002,,,,,,,,,,,,,,,,,,
SENSOR,1789661847098,41577344496097,0.15254244,0.23330021,9.852148,1.5271618E-4,-4.5814854E-4,-7.635809E-4,-55.425003,-15.075001,3.7500002,,,,,,,,,,,,,,,,,,
SENSOR,1789661847173,41577434496097,0.15254244,0.23330021,9.852148,1.5271618E-4,4.5814854E-4,-7.635809E-4,-55.425003,-15.075001,3.7500002,,,,,,,,,,,,,,,,,,
SENSOR,1789661847191,41577444496097,0.15254244,0.23330021,9.852148,1.5271618E-4,4.5814854E-4,-7.635809E-4,-55.125004,-15.000001,2.5500002,,,,,,,,,,,,,,,,,,
SENSOR,1789661847199,41577417678336,0.14955142,0.2542374,9.859326,1.5271618E-4,4.5814854E-4,-7.635809E-4,-55.125004,-15.000001,2.5500002,,,,,,,,,,,,,,,,,,
SENSOR,1789661847277,41577534496097,0.14955142,0.2542374,9.859326,-0.0010690133,-7.635809E-4,-7.635809E-4,-55.125004,-15.000001,2.5500002,,,,,,,,,,,,,,,,,,
SENSOR,1789661847295,41577544496097,0.14955142,0.2542374,9.859326,-0.0010690133,-7.635809E-4,-7.635809E-4,-55.65,-14.55,5.1000004,,,,,,,,,,,,,,,,,,
SENSOR,1789661847303,41577521857555,0.14596218,0.24496523,9.864411,-0.0010690133,-7.635809E-4,-7.635809E-4,-55.65,-14.55,5.1000004,,,,,,,,,,,,,,,,,,
SENSOR,1789661847374,41577634496097,0.14596218,0.24496523,9.864411,-0.0010690133,-0.0012217294,4.5814854E-4,-55.65,-14.55,5.1000004,,,,,,,,,,,,,,,,,,
SENSOR,1789661847391,41577644496097,0.14596218,0.24496523,9.864411,-0.0010690133,-0.0012217294,4.5814854E-4,-54.825,-14.475,2.4750001,,,,,,,,,,,,,,,,,,
SENSOR,1789661847409,41577626036826,0.15014961,0.2431706,9.843175,-0.0010690133,-0.0012217294,4.5814854E-4,-54.825,-14.475,2.4750001,,,,,,,,,,,,,,,,,,
SENSOR,1789661847479,41577734496097,0.15014961,0.2431706,9.843175,-0.008246673,-0.017562361,4.5814854E-4,-54.825,-14.475,2.4750001,,,,,,,,,,,,,,,,,,
SENSOR,1789661847495,41577744496097,0.15014961,0.2431706,9.843175,-0.008246673,-0.017562361,4.5814854E-4,-56.250004,-15.150001,4.275,,,,,,,,,,,,,,,,,,
SENSOR,1789661847512,41577730216097,0.1480559,0.24197419,9.855438,-0.008246673,-0.017562361,4.5814854E-4,-56.250004,-15.150001,4.275,,,,,,,,,,,,,,,,,,
SENSOR,1789661847573,41577834496097,0.1480559,0.24197419,9.855438,0.0018325942,0.0027488912,4.5814854E-4,-56.250004,-15.150001,4.275,,,,,,,,,,,,,,,,,,
SENSOR,1789661847599,41577844496097,0.1480559,0.24197419,9.855438,0.0018325942,0.0027488912,4.5814854E-4,-56.100002,-14.775001,3.9750001,,,,,,,,,,,,,,,,,,
SENSOR,1789661847616,41577834395419,0.1477568,0.24436702,9.856934,0.0018325942,0.0027488912,4.5814854E-4,-56.100002,-14.775001,3.9750001,,,,,,,,,,,,,,,,,,
SENSOR,1789661847677,41577934496097,0.1477568,0.24436702,9.856934,-0.0010690133,-0.002596175,4.5814854E-4,-56.100002,-14.775001,3.9750001,,,,,,,,,,,,,,,,,,
SENSOR,1789661847694,41577944496097,0.1477568,0.24436702,9.856934,-0.0010690133,-0.002596175,4.5814854E-4,-56.4,-14.925,4.5,,,,,,,,,,,,,,,,,,
SENSOR,1789661847721,41577938574690,0.14895321,0.2428715,9.855738,-0.0010690133,-0.002596175,4.5814854E-4,-56.4,-14.925,4.5,,,,,,,,,,,,,,,,,,
SENSOR,1789661847772,41578034496097,0.14895321,0.2428715,9.855738,1.5271618E-4,-4.5814854E-4,4.5814854E-4,-56.4,-14.925,4.5,,,,,,,,,,,,,,,,,,
SENSOR,1789661847799,41578044496097,0.14895321,0.2428715,9.855738,1.5271618E-4,-4.5814854E-4,4.5814854E-4,-55.125004,-14.475,2.9250002,,,,,,,,,,,,,,,,,,
SENSOR,1789661847825,41578042754013,0.15074782,0.24376881,9.857233,1.5271618E-4,-4.5814854E-4,4.5814854E-4,-55.125004,-14.475,2.9250002,,,,,,,,,,,,,,,,,,
GNSS,1789661847836,,true,11.0554046,76.9271183,374.70001220703125,100.0,,,54,0,,,,,,,,,,,,,
SENSOR,1789661847878,41578134496097,0.15074782,0.24376881,9.857233,-6.108647E-4,4.5814854E-4,-4.5814854E-4,-55.125004,-14.475,2.9250002,,,,,,,,,,,,,,,,,,
SENSOR,1789661847895,41578144496097,0.15074782,0.24376881,9.857233,-6.108647E-4,4.5814854E-4,-4.5814854E-4,-55.95,-14.775001,5.175,,,,,,,,,,,,,,,,,,
GNSS,1789661848000,,true,11.05530717,76.92708437,378.1207275390625,11.195118,0.0,,54,0,,,,,,,,,,,,,
SENSOR,1789661847928,41578146933336,0.15104693,0.2431706,9.858429,-6.108647E-4,4.5814854E-4,-4.5814854E-4,-55.95,-14.775001,5.175,,,,,,,,,,,,,,,,,,
CELLULAR,1789661847943,,,,,,,,,,,,,,true,NR,4298047490,405,869,,75,403,634080,-108,NR_SS_RSRP,3,
SENSOR,1789661847974,41578234496097,0.15104693,0.2431706,9.858429,-0.0010690133,3.0543236E-4,4.5814854E-4,-55.95,-14.775001,5.175,,,,,,,,,,,,,,,,,,
SENSOR,1789661847999,41578244496097,0.15104693,0.2431706,9.858429,-0.0010690133,3.0543236E-4,4.5814854E-4,-55.725002,-14.700001,4.7250004,,,,,,,,,,,,,,,,,,
SENSOR,1789661848036,41578251112711,0.14955142,0.24227329,9.859326,-0.0010690133,3.0543236E-4,4.5814854E-4,-55.725002,-14.700001,4.7250004,,,,,,,,,,,,,,,,,,
SENSOR,1789661848076,41578334496097,0.14955142,0.24227329,9.859326,1.5271618E-4,-3.0543236E-4,-7.635809E-4,-55.725002,-14.700001,4.7250004,,,,,,,,,,,,,,,,,,
SENSOR,1789661848094,41578344496097,0.14955142,0.24227329,9.859326,1.5271618E-4,-3.0543236E-4,-7.635809E-4,-55.800003,-14.475,3.825,,,,,,,,,,,,,,,,,,
SENSOR,1789661848138,41578355292034,0.1486541,0.2434697,9.855738,1.5271618E-4,-3.0543236E-4,-7.635809E-4,-55.800003,-14.475,3.825,,,,,,,,,,,,,,,,,,
SENSOR,1789661848172,41578434496097,0.1486541,0.2434697,9.855738,1.5271618E-4,-7.635809E-4,4.5814854E-4,-55.800003,-14.475,3.825,,,,,,,,,,,,,,,,,,
SENSOR,1789661848199,41578444496097,0.1486541,0.2434697,9.855738,1.5271618E-4,-7.635809E-4,4.5814854E-4,-54.9,-14.400001,3.2250001,,,,,,,,,,,,,,,,,,
SENSOR,1789661848241,41578459471357,0.15074782,0.24197419,9.856336,1.5271618E-4,-7.635809E-4,4.5814854E-4,-54.9,-14.400001,3.2250001,,,,,,,,,,,,,,,,,,
SENSOR,1789661848276,41578534496097,0.15074782,0.24197419,9.856336,1.5271618E-4,1.5271618E-4,-3.0543236E-4,-54.9,-14.400001,3.2250001,,,,,,,,,,,,,,,,,,
SENSOR,1789661848294,41578544496097,0.15074782,0.24197419,9.856336,1.5271618E-4,1.5271618E-4,-3.0543236E-4,-54.600002,-14.85,1.8750001,,,,,,,,,,,,,,,,,,
SENSOR,1789661848348,41578563650732,0.14925231,0.24526432,9.860224,1.5271618E-4,1.5271618E-4,-3.0543236E-4,-54.600002,-14.85,1.8750001,,,,,,,,,,,,,,,,,,
SENSOR,1789661848372,41578634496097,0.14925231,0.24526432,9.860224,1.5271618E-4,4.5814854E-4,4.5814854E-4,-54.600002,-14.85,1.8750001,,,,,,,,,,,,,,,,,,
SENSOR,1789661848399,41578644496097,0.14925231,0.24526432,9.860224,1.5271618E-4,4.5814854E-4,4.5814854E-4,-56.025,-14.925,4.3500004,,,,,,,,,,,,,,,,,,
SENSOR,1789661848450,41578667830107,0.15074782,0.2440679,9.857532,1.5271618E-4,4.5814854E-4,4.5814854E-4,-56.025,-14.925,4.3500004,,,,,,,,,,,,,,,,,,
SENSOR,1789661848477,41578734496097,0.15074782,0.2440679,9.857532,1.5271618E-4,4.5814854E-4,4.5814854E-4,-56.025,-14.925,4.3500004,,,,,,,,,,,,,,,,,,
SENSOR,1789661848493,41578744496097,0.15074782,0.2440679,9.857532,1.5271618E-4,4.5814854E-4,4.5814854E-4,-56.175003,-14.925,4.275,,,,,,,,,,,,,,,,,,
SENSOR,1789661848555,41578772009482,0.14895321,0.24496523,9.85813,1.5271618E-4,4.5814854E-4,4.5814854E-4,-56.175003,-14.925,4.275,,,,,,,,,,,,,,,,,,
SENSOR,1789661848572,41578834496097,0.14895321,0.24496523,9.85813,1.5271618E-4,-7.635809E-4,4.5814854E-4,-56.175003,-14.925,4.275,,,,,,,,,,,,,,,,,,
SENSOR,1789661848599,41578844496097,0.14895321,0.24496523,9.85813,1.5271618E-4,-7.635809E-4,4.5814854E-4,-56.325,-14.85,4.65,,,,,,,,,,,,,,,,,,
SENSOR,1789661848659,41578876188909,0.148355,0.2416751,9.859626,1.5271618E-4,-7.635809E-4,4.5814854E-4,-56.325,-14.85,4.65,,,,,,,,,,,,,,,,,,
SENSOR,1789661848676,41578934496097,0.148355,0.2416751,9.859626,1.5271618E-4,4.5814854E-4,4.5814854E-4,-56.325,-14.85,4.65,,,,,,,,,,,,,,,,,,
SENSOR,1789661848694,41578944496097,0.148355,0.2416751,9.859626,1.5271618E-4,4.5814854E-4,4.5814854E-4,-55.65,-14.475,5.1000004,,,,,,,,,,,,,,,,,,
SENSOR,1789661848762,41578980368284,0.15014961,0.2440679,9.860822,1.5271618E-4,4.5814854E-4,4.5814854E-4,-55.65,-14.475,5.1000004,,,,,,,,,,,,,,,,,,
SENSOR,1789661848770,41579034496097,0.15014961,0.2440679,9.860822,1.5271618E-4,4.5814854E-4,4.5814854E-4,-55.65,-14.475,5.1000004,,,,,,,,,,,,,,,,,,
SENSOR,1789661848798,41579044496097,0.15014961,0.2440679,9.860822,1.5271618E-4,4.5814854E-4,4.5814854E-4,-55.275,-14.55,3.2250001,,,,,,,,,,,,,,,,,,
SENSOR,1789661848867,41579084547659,0.14955142,0.24137598,9.857233,1.5271618E-4,4.5814854E-4,4.5814854E-4,-55.275,-14.55,3.2250001,,,,,,,,,,,,,,,,,,
SENSOR,1789661848876,41579134496097,0.14955142,0.24137598,9.857233,1.5271618E-4,0.0012217294,-7.635809E-4,-55.275,-14.55,3.2250001,,,,,,,,,,,,,,,,,,
SENSOR,1789661848894,41579144496097,0.14955142,0.24137598,9.857233,1.5271618E-4,0.0012217294,-7.635809E-4,-55.725002,-14.400001,4.65,,,,,,,,,,,,,,,,,,
GNSS,1789661848902,,true,11.05530717,76.92708437,378.1207275390625,11.195118,0.0,,94,7,,,,,,,,,,,,,
GNSS,1789661849000,,true,11.05530648,76.92708628,377.9324951171875,7.0732036,0.0,,94,7,,,,,,,,,,,,,
CELLULAR,1789661848957,,,,,,,,,,,,,,true,NR,4298047490,405,869,,75,403,634080,-108,NR_SS_RSRP,3,
SENSOR,1789661848971,41579188727086,0.15074782,0.24526432,9.862019,1.5271618E-4,0.0012217294,-7.635809E-4,-55.725002,-14.400001,4.65,,,,,,,,,,,,,,,,,,
SENSOR,1789661848972,41579234496097,0.15074782,0.24526432,9.862019,1.5271618E-4,4.5814854E-4,-7.635809E-4,-55.725002,-14.400001,4.65,,,,,,,,,,,,,,,,,,
SENSOR,1789661848999,41579244496097,0.15074782,0.24526432,9.862019,1.5271618E-4,4.5814854E-4,-7.635809E-4,-54.45,-14.85,0.52500004,,,,,,,,,,,,,,,,,,
SENSOR,1789661849074,41579292906513,0.15104693,0.24496523,9.860523,1.5271618E-4,4.5814854E-4,-7.635809E-4,-54.45,-14.85,0.52500004,,,,,,,,,,,,,,,,,,
SENSOR,1789661849075,41579334496097,0.15104693,0.24496523,9.860523,-3.0543236E-4,-0.0,-7.635809E-4,-54.45,-14.85,0.52500004,,,,,,,,,,,,,,,,,,
SENSOR,1789661849092,41579344496097,0.15104693,0.24496523,9.860523,-3.0543236E-4,-0.0,-7.635809E-4,-55.350002,-14.775001,4.3500004,,,,,,,,,,,,,,,,,,
SENSOR,1789661849179,41579397085940,0.148355,0.24436702,9.857831,-3.0543236E-4,-0.0,-7.635809E-4,-55.350002,-14.775001,4.3500004,,,,,,,,,,,,,,,,,,
SENSOR,1789661849180,41579434496097,0.148355,0.24436702,9.857831,1.5271618E-4,-7.635809E-4,4.5814854E-4,-55.350002,-14.775001,4.3500004,,,,,,,,,,,,,,,,,,
SENSOR,1789661849196,41579444496097,0.148355,0.24436702,9.857831,1.5271618E-4,-7.635809E-4,4.5814854E-4,-55.575,-14.400001,4.5750003,,,,,,,,,,,,,,,,,,
SENSOR,1789661849274,41579534496097,0.148355,0.24436702,9.857831,-0.0010690133,4.5814854E-4,4.5814854E-4,-55.575,-14.400001,4.5750003,,,,,,,,,,,,,,,,,,
SENSOR,1789661849283,41579501265367,0.14955142,0.2431706,9.857532,-0.0010690133,4.5814854E-4,4.5814854E-4,-55.575,-14.400001,4.5750003,,,,,,,,,,,,,,,,,,
SENSOR,1789661849292,41579544496097,0.14955142,0.2431706,9.857532,-0.0010690133,4.5814854E-4,4.5814854E-4,-55.425003,-14.85,4.125,,,,,,,,,,,,,,,,,,
SENSOR,1789661849378,41579634496097,0.14955142,0.2431706,9.857532,0.0013744456,0.0027488912,-0.012675443,-55.425003,-14.85,4.125,,,,,,,,,,,,,,,,,,
SENSOR,1789661849387,41579605444847,0.148355,0.24735804,9.857831,0.0013744456,0.0027488912,-0.012675443,-55.425003,-14.85,4.125,,,,,,,,,,,,,,,,,,
SENSOR,1789661849398,41579644496097,0.148355,0.24735804,9.857831,0.0013744456,0.0027488912,-0.012675443,-53.925003,-14.700001,1.4250001,,,,,,,,,,,,,,,,,,
SENSOR,1789661849474,41579734496097,0.148355,0.24735804,9.857831,-0.0010690133,-0.003359756,-0.020311251,-53.925003,-14.700001,1.4250001,,,,,,,,,,,,,,,,,,
SENSOR,1789661849491,41579709624274,0.15134603,0.23688944,9.852148,-0.0010690133,-0.003359756,-0.020311251,-53.925003,-14.700001,1.4250001,,,,,,,,,,,,,,,,,,
SENSOR,1789661849491,41579744496097,0.15134603,0.23688944,9.852148,-0.0010690133,-0.003359756,-0.020311251,-54.375004,-14.475,0.0,,,,,,,,,,,,,,,,,,
SENSOR,1789661849580,41579834496097,0.15134603,0.23688944,9.852148,0.002443459,0.005039634,3.0543236E-4,-54.375004,-14.475,0.0,,,,,,,,,,,,,,,,,,
SENSOR,1789661849595,41579813803753,0.1486541,0.24915266,9.861719,0.002443459,0.005039634,3.0543236E-4,-54.375004,-14.475,0.0,,,,,,,,,,,,,,,,,,
SENSOR,1789661849596,41579844496097,0.1486541,0.24915266,9.861719,0.002443459,0.005039634,3.0543236E-4,-52.500004,-14.625001,0.0,,,,,,,,,,,,,,,,,,
SENSOR,1789661849673,41579934496097,0.1486541,0.24915266,9.861719,6.108647E-4,0.0021380265,-7.635809E-4,-52.500004,-14.625001,0.0,,,,,,,,,,,,,,,,,,
SENSOR,1789661849691,41579944496097,0.1486541,0.24915266,9.861719,6.108647E-4,0.0021380265,-7.635809E-4,-53.325,-14.475,0.675,,,,,,,,,,,,,,,,,,
SENSOR,1789661849699,41579917983284,0.15134603,0.24077778,9.85484,6.108647E-4,0.0021380265,-7.635809E-4,-53.325,-14.475,0.675,,,,,,,,,,,,,,,,,,
SENSOR,1789661849777,41580034496097,0.15134603,0.24077778,9.85484,-0.0010690133,-0.0019853103,6.108647E-4,-53.325,-14.475,0.675,,,,,,,,,,,,,,,,,,
SENSOR,1789661849795,41580044496097,0.15134603,0.24077778,9.85484,-0.0010690133,-0.0019853103,6.108647E-4,-54.000004,-14.400001,0.975,,,,,,,,,,,,,,,,,,
SENSOR,1789661849803,41580022162763,0.14566308,0.25124636,9.855139,-0.0010690133,-0.0019853103,6.108647E-4,-54.000004,-14.400001,0.975,,,,,,,,,,,,,,,,,,
SENSOR,1789661849873,41580134496097,0.14566308,0.25124636,9.855139,0.0022907427,0.0065667955,-0.0,-54.000004,-14.400001,0.975,,,,,,,,,,,,,,,,,,
SENSOR,1789661849891,41580144496097,0.14566308,0.25124636,9.855139,0.0022907427,0.0065667955,-0.0,-54.000004,-14.925,0.45000002,,,,,,,,,,,,,,,,,,
GNSS,1789661849897,,true,11.05530648,76.92708628,377.9324951171875,7.0732036,0.0,,94,13,,,,,,,,,,,,,
GNSS,1789661850000,,true,11.05530382,76.92709127,378.25830078125,4.8135605,0.0,,94,13,,,,,,,,,,,,,
SENSOR,1789661849907,41580126342294,0.15014961,0.24107689,9.853643,0.0022907427,0.0065667955,-0.0,-54.000004,-14.925,0.45000002,,,,,,,,,,,,,,,,,,
CELLULAR,1789661849971,,,,,,,,,,,,,,true,NR,4298047490,405,869,,75,403,634080,-108,NR_SS_RSRP,3,
SENSOR,1789661849979,41580234496097,0.15014961,0.24107689,9.853643,-7.635809E-4,-0.0027488912,4.5814854E-4,-54.000004,-14.925,0.45000002,,,,,,,,,,,,,,,,,,
SENSOR,1789661849996,41580244496097,0.15014961,0.24107689,9.853643,-7.635809E-4,-0.0027488912,4.5814854E-4,-53.175003,-14.400001,-0.90000004,,,,,,,,,,,,,,,,,,
SENSOR,1789661850012,41580230521878,0.15074782,0.24795625,9.853345,-7.635809E-4,-0.0027488912,4.5814854E-4,-53.175003,-14.400001,-0.90000004,,,,,,,,,,,,,,,,,,
SENSOR,1789661850075,41580334496097,0.15074782,0.24795625,9.853345,0.0010690133,0.0013744456,4.5814854E-4,-53.175003,-14.400001,-0.90000004,,,,,,,,,,,,,,,,,,
SENSOR,1789661850099,41580344496097,0.15074782,0.24795625,9.853345,0.0010690133,0.0013744456,4.5814854E-4,-53.550003,-14.55,-0.15,,,,,,,,,,,,,,,,,,
SENSOR,1789661850116,41580334701461,0.15014961,0.24675983,9.855438,0.0010690133,0.0013744456,4.5814854E-4,-53.550003,-14.55,-0.15,,,,,,,,,,,,,,,,,,
SENSOR,1789661850177,41580434496097,0.15014961,0.24675983,9.855438,-0.0010690133,-7.635809E-4,4.5814854E-4,-53.550003,-14.55,-0.15,,,,,,,,,,,,,,,,,,
SENSOR,1789661850194,41580444496097,0.15014961,0.24675983,9.855438,-0.0010690133,-7.635809E-4,4.5814854E-4,-54.000004,-14.625001,0.0,,,,,,,,,,,,,,,,,,
SENSOR,1789661850220,41580438881044,0.15074782,0.24047868,9.853345,-0.0010690133,-7.635809E-4,4.5814854E-4,-54.000004,-14.625001,0.0,,,,,,,,,,,,,,,,,,
SENSOR,1789661850272,41580534496097,0.15074782,0.24047868,9.853345,1.5271618E-4,4.5814854E-4,-7.635809E-4,-54.000004,-14.625001,0.0,,,,,,,,,,,,,,,,,,
SENSOR,1789661850299,41580544496097,0.15074782,0.24047868,9.853345,1.5271618E-4,4.5814854E-4,-7.635809E-4,-54.45,-14.775001,2.7,,,,,,,,,,,,,,,,,,
SENSOR,1789661850324,41580543060680,0.15164514,0.24017957,9.850653,1.5271618E-4,4.5814854E-4,-7.635809E-4,-54.45,-14.775001,2.7,,,,,,,,,,,,,,,,,,
SENSOR,1789661850377,41580634496097,0.15164514,0.24017957,9.850653,1.5271618E-4,4.5814854E-4,1.5271618E-4,-54.45,-14.775001,2.7,,,,,,,,,,,,,,,,,,
SENSOR,1789661850394,41580644496097,0.15164514,0.24017957,9.850653,1.5271618E-4,4.5814854E-4,1.5271618E-4,-55.425003,-14.925,3.2250001,,,,,,,,,,,,,,,,,,
SENSOR,1789661850429,41580647240315,0.15134603,0.24197419,9.854541,1.5271618E-4,4.5814854E-4,1.5271618E-4,-55.425003,-14.925,3.2250001,,,,,,,,,,,,,,,,,,
SENSOR,1789661850472,41580734496097,0.15134603,0.24197419,9.854541,-0.011300998,-0.010842849,4.5814854E-4,-55.425003,-14.925,3.2250001,,,,,,,,,,,,,,,,,,
SENSOR,1789661850498,41580744496097,0.15134603,0.24197419,9.854541,-0.011300998,-0.010842849,4.5814854E-4,-55.2,-14.85,3.075,,,,,,,,,,,,,,,,,,
SENSOR,1789661850533,41580751419951,0.15702899,0.2431706,9.855738,-0.011300998,-0.010842849,4.5814854E-4,-55.2,-14.85,3.075,,,,,,,,,,,,,,,,,,
SENSOR,1789661850576,41580834496097,0.15702899,0.2431706,9.855738,0.015118902,0.026572615,-0.001679878,-55.2,-14.85,3.075,,,,,,,,,,,,,,,,,,
SENSOR,1789661850594,41580844496097,0.15702899,0.2431706,9.855738,0.015118902,0.026572615,-0.001679878,-55.425003,-15.075001,3.6000001,,,,,,,,,,,,,,,,,,
SENSOR,1789661850637,41580855599638,0.15254244,0.24077778,9.853045,0.015118902,0.026572615,-0.001679878,-55.425003,-15.075001,3.6000001,,,,,,,,,,,,,,,,,,
SENSOR,1789661850672,41580934496097,0.15254244,0.24077778,9.853045,0.0038179045,0.008093958,-7.635809E-4,-55.425003,-15.075001,3.6000001,,,,,,,,,,,,,,,,,,
SENSOR,1789661850698,41580944496097,0.15254244,0.24077778,9.853045,0.0038179045,0.008093958,-7.635809E-4,-55.95,-15.000001,4.9500003,,,,,,,,,,,,,,,,,,
SENSOR,1789661850741,41580959779326,0.15433706,0.24137598,9.852148,0.0038179045,0.008093958,-7.635809E-4,-55.95,-15.000001,4.9500003,,,,,,,,,,,,,,,,,,
SENSOR,1789661850776,41581034496097,0.15433706,0.24137598,9.852148,-6.108647E-4,-0.0022907427,4.5814854E-4,-55.95,-15.000001,4.9500003,,,,,,,,,,,,,,,,,,
SENSOR,1789661850794,41581044496097,0.15433706,0.24137598,9.852148,-6.108647E-4,-0.0022907427,4.5814854E-4,-55.800003,-14.85,4.125,,,,,,,,,,,,,,,,,,
SENSOR,1789661850846,41581063959065,0.14985052,0.2425724,9.853345,-6.108647E-4,-0.0022907427,4.5814854E-4,-55.800003,-14.85,4.125,,,,,,,,,,,,,,,,,,
SENSOR,1789661850871,41581134496097,0.14985052,0.2425724,9.853345,0.0012217294,4.5814854E-4,-7.635809E-4,-55.800003,-14.85,4.125,,,,,,,,,,,,,,,,,,
SENSOR,1789661850898,41581144496097,0.14985052,0.2425724,9.853345,0.0012217294,4.5814854E-4,-7.635809E-4,-55.65,-15.000001,4.2000003,,,,,,,,,,,,,,,,,,
GNSS,1789661850899,,true,11.05530382,76.92709127,378.25830078125,4.8135605,0.0,,94,20,,,,,,,,,,,,,
GNSS,1789661851000,,true,11.05530339,76.92709281,378.069091796875,4.4712787,0.0,,94,20,,,,,,,,,,,,,
SENSOR,1789661850950,41581168138805,0.14207384,0.2434697,9.859626,0.0012217294,4.5814854E-4,-7.635809E-4,-55.65,-15.000001,4.2000003,,,,,,,,,,,,,,,,,,
SENSOR,1789661850975,41581234496097,0.14207384,0.2434697,9.859626,0.0022907427,0.00519235,-4.5814854E-4,-55.65,-15.000001,4.2000003,,,,,,,,,,,,,,,,,,
CELLULAR,1789661850979,,,,,,,,,,,,,,true,NR,4298047490,405,869,,75,403,634080,-108,NR_SS_RSRP,3,
SENSOR,1789661850994,41581244496097,0.14207384,0.2434697,9.859626,0.0022907427,0.00519235,-4.5814854E-4,-55.800003,-14.775001,3.6000001,,,,,,,,,,,,,,,,,,
SENSOR,1789661851053,41581272318597,0.16091733,0.24765715,9.850055,0.0022907427,0.00519235,-4.5814854E-4,-55.800003,-14.775001,3.6000001,,,,,,,,,,,,,,,,,,
SENSOR,1789661851071,41581334496097,0.16091733,0.24765715,9.850055,-0.012370011,-0.02794706,4.5814854E-4,-55.800003,-14.775001,3.6000001,,,,,,,,,,,,,,,,,,
SENSOR,1789661851097,41581344496097,0.16091733,0.24765715,9.850055,-0.012370011,-0.02794706,4.5814854E-4,-54.45,-14.475,1.8000001,,,,,,,,,,,,,,,,,,
SENSOR,1789661851158,41581376498388,0.15433706,0.23868406,9.855139,-0.012370011,-0.02794706,4.5814854E-4,-54.45,-14.475,1.8000001,,,,,,,,,,,,,,,,,,
SENSOR,1789661851177,41581434496097,0.15433706,0.23868406,9.855139,0.0019853103,0.0032070398,4.5814854E-4,-54.45,-14.475,1.8000001,,,,,,,,,,,,,,,,,,
SENSOR,1789661851193,41581444496097,0.15433706,0.23868406,9.855139,0.0019853103,0.0032070398,4.5814854E-4,-55.95,-14.925,4.425,,,,,,,,,,,,,,,,,,
SENSOR,1789661851263,41581480678180,0.14955142,0.24227329,9.857831,0.0019853103,0.0032070398,4.5814854E-4,-55.95,-14.925,4.425,,,,,,,,,,,,,,,,,,
SENSOR,1789661851271,41581534496097,0.14955142,0.24227329,9.857831,-0.0019853103,-0.005039634,3.0543236E-4,-55.95,-14.925,4.425,,,,,,,,,,,,,,,,,,
SENSOR,1789661851298,41581544496097,0.14955142,0.24227329,9.857831,-0.0019853103,-0.005039634,3.0543236E-4,-55.65,-15.000001,4.125,,,,,,,,,,,,,,,,,,
SENSOR,1789661851367,41581584858024,0.148355,0.24556342,9.851849,-0.0019853103,-0.005039634,3.0543236E-4,-55.65,-15.000001,4.125,,,,,,,,,,,,,,,,,,
SENSOR,1789661851378,41581634496097,0.148355,0.24556342,9.851849,0.0012217294,0.0032070398,-3.0543236E-4,-55.65,-15.000001,4.125,,,,,,,,,,,,,,,,,,
SENSOR,1789661851394,41581644496097,0.148355,0.24556342,9.851849,0.0012217294,0.0032070398,-3.0543236E-4,-55.425003,-14.775001,4.275,,,,,,,,,,,,,,,,,,
SENSOR,1789661851471,41581734496097,0.148355,0.24556342,9.851849,4.5814854E-4,0.002443459,4.5814854E-4,-55.425003,-14.775001,4.275,,,,,,,,,,,,,,,,,,
SENSOR,1789661851471,41581689037919,0.1471586,0.24616162,9.85813,4.5814854E-4,0.002443459,4.5814854E-4,-55.425003,-14.775001,4.275,,,,,,,,,,,,,,,,,,
SENSOR,1789661851499,41581744496097,0.1471586,0.24616162,9.85813,4.5814854E-4,0.002443459,4.5814854E-4,-55.95,-14.700001,4.7250004,,,,,,,,,,,,,,,,,,
SENSOR,1789661851575,41581793217815,0.15254244,0.24017957,9.855139,4.5814854E-4,0.002443459,4.5814854E-4,-55.95,-14.700001,4.7250004,,,,,,,,,,,,,,,,,,
SENSOR,1789661851575,41581834496097,0.15254244,0.24017957,9.855139,7.635809E-4,0.0022907427,-7.635809E-4,-55.95,-14.700001,4.7250004,,,,,,,,,,,,,,,,,,
SENSOR,1789661851592,41581844496097,0.15254244,0.24017957,9.855139,7.635809E-4,0.0022907427,-7.635809E-4,-54.300003,-14.625001,1.575,,,,,,,,,,,,,,,,,,
SENSOR,1789661851671,41581934496097,0.15254244,0.24017957,9.855139,-0.0047342014,-0.009315687,4.5814854E-4,-54.300003,-14.625001,1.575,,,,,,,,,,,,,,,,,,
SENSOR,1789661851679,41581897397711,0.14536397,0.25004998,9.857233,-0.0047342014,-0.009315687,4.5814854E-4,-54.300003,-14.625001,1.575,,,,,,,,,,,,,,,,,,
SENSOR,1789661851696,41581944496097,0.14536397,0.25004998,9.857233,-0.0047342014,-0.009315687,4.5814854E-4,-54.225002,-14.775001,1.5,,,,,,,,,,,,,,,,,,
SENSOR,1789661851774,41582034496097,0.14536397,0.25004998,9.857233,9.162971E-4,0.0012217294,-7.635809E-4,-54.225002,-14.775001,1.5,,,,,,,,,,,,,,,,,,
SENSOR,1789661851783,41582001577607,0.15254244,0.2335993,9.853943,9.162971E-4,0.0012217294,-7.635809E-4,-54.225002,-14.775001,1.5,,,,,,,,,,,,,,,,,,
SENSOR,1789661851792,41582044496097,0.15254244,0.2335993,9.853943,9.162971E-4,0.0012217294,-7.635809E-4,-54.675003,-14.700001,1.95,,,,,,,,,,,,,,,,,,
SENSOR,1789661851878,41582134496097,0.15254244,0.2335993,9.853943,1.5271618E-4,-6.108647E-4,-9.162971E-4,-54.675003,-14.700001,1.95,,,,,,,,,,,,,,,,,,
SENSOR,1789661851888,41582105757555,0.15014961,0.24197419,9.856036,1.5271618E-4,-6.108647E-4,-9.162971E-4,-54.675003,-14.700001,1.95,,,,,,,,,,,,,,,,,,
GNSS,1789661851897,,true,11.05530339,76.92709281,378.069091796875,4.4712787,0.0,,94,25,,,,,,,,,,,,,
SENSOR,1789661851901,41582144496097,0.15014961,0.24197419,9.856036,1.5271618E-4,-6.108647E-4,-9.162971E-4,-54.675003,-14.475,2.4750001,,,,,,,,,,,,,,,,,,
GNSS,1789661852000,,true,11.05530189,76.92709314,377.97052001953125,4.276974,0.0,,94,25,,,,,,,,,,,,,
SENSOR,1789661851974,41582234496097,0.15014961,0.24197419,9.856036,1.5271618E-4,9.162971E-4,4.5814854E-4,-54.675003,-14.475,2.4750001,,,,,,,,,,,,,,,,,,
CELLULAR,1789661851987,,,,,,,,,,,,,,true,NR,4298047490,405,869,,75,403,634080,-108,NR_SS_RSRP,3,
SENSOR,1789661851992,41582209937503,0.14506488,0.2515455,9.85813,1.5271618E-4,9.162971E-4,4.5814854E-4,-54.675003,-14.475,2.4750001,,,,,,,,,,,,,,,,,,
SENSOR,1789661851992,41582244496097,0.14506488,0.2515455,9.85813,1.5271618E-4,9.162971E-4,4.5814854E-4,-51.375004,-14.55,-2.25,,,,,,,,,,,,,,,,,,
SENSOR,1789661852078,41582334496097,0.14506488,0.2515455,9.85813,-0.0029016074,-0.0044287695,4.5814854E-4,-51.375004,-14.55,-2.25,,,,,,,,,,,,,,,,,,
SENSOR,1789661852096,41582314117451,0.148355,0.2440679,9.859326,-0.0029016074,-0.0044287695,4.5814854E-4,-51.375004,-14.55,-2.25,,,,,,,,,,,,,,,,,,
SENSOR,1789661852096,41582344496097,0.148355,0.2440679,9.859326,-0.0029016074,-0.0044287695,4.5814854E-4,-52.95,-14.400001,-0.75,,,,,,,,,,,,,,,,,,
SENSOR,1789661852173,41582434496097,0.148355,0.2440679,9.859326,-4.5814854E-4,-0.0010690133,-3.0543236E-4,-52.95,-14.400001,-0.75,,,,,,,,,,,,,,,,,,
SENSOR,1789661852191,41582444496097,0.148355,0.2440679,9.859326,-4.5814854E-4,-0.0010690133,-3.0543236E-4,-54.000004,-14.55,0.975,,,,,,,,,,,,,,,,,,
SENSOR,1789661852200,41582418297451,0.14955142,0.24466611,9.859028,-4.5814854E-4,-0.0010690133,-3.0543236E-4,-54.000004,-14.55,0.975,,,,,,,,,,,,,,,,,,
SENSOR,1789661852278,41582534496097,0.14955142,0.24466611,9.859028,1.5271618E-4,-3.0543236E-4,-7.635809E-4,-54.000004,-14.55,0.975,,,,,,,,,,,,,,,,,,
SENSOR,1789661852296,41582544496097,0.14955142,0.24466611,9.859028,1.5271618E-4,-3.0543236E-4,-7.635809E-4,-55.500004,-14.55,3.3000002,,,,,,,,,,,,,,,,,,
SENSOR,1789661852305,41582522477399,0.14536397,0.24616162,9.845568,1.5271618E-4,-3.0543236E-4,-7.635809E-4,-55.500004,-14.55,3.3000002,,,,,,,,,,,,,,,,,,
SENSOR,1789661852380,41582634496097,0.14536397,0.24616162,9.845568,0.0012217294,0.0019853103,-3.0543236E-4,-55.500004,-14.55,3.3000002,,,,,,,,,,,,,,,,,,
SENSOR,1789661852393,41582644496097,0.14536397,0.24616162,9.845568,0.0012217294,0.0019853103,-3.0543236E-4,-49.65,-14.475,-5.7000003,,,,,,,,,,,,,,,,,,
SENSOR,1789661852422,41582626657399,0.15643078,0.23958136,9.8682995,0.0012217294,0.0019853103,-3.0543236E-4,-49.65,-14.475,-5.7000003,,,,,,,,,,,,,,,,,,
SENSOR,1789661852480,41582734496097,0.15643078,0.23958136,9.8682995,-0.002443459,-0.004886918,4.5814854E-4,-49.65,-14.475,-5.7000003,,,,,,,,,,,,,,,,,,
SENSOR,1789661852495,41582744496097,0.15643078,0.23958136,9.8682995,-0.002443459,-0.004886918,4.5814854E-4,-54.15,-14.400001,1.5,,,,,,,,,,,,,,,,,,
SENSOR,1789661852512,41582730837399,0.14895321,0.25064817,9.859028,-0.002443459,-0.004886918,4.5814854E-4,-54.15,-14.400001,1.5,,,,,,,,,,,,,,,,,,
SENSOR,1789661852573,41582834496097,0.14895321,0.25064817,9.859028,-6.108647E-4,-0.0015271618,7.635809E-4,-54.15,-14.400001,1.5,,,,,,,,,,,,,,,,,,
SENSOR,1789661852591,41582844496097,0.14895321,0.25064817,9.859028,-6.108647E-4,-0.0015271618,7.635809E-4,-52.500004,-14.775001,-2.325,,,,,,,,,,,,,,,,,,
SENSOR,1789661852617,41582835017451,0.15254244,0.23748764,9.856336,-6.108647E-4,-0.0015271618,7.635809E-4,-52.500004,-14.775001,-2.325,,,,,,,,,,,,,,,,,,
SENSOR,1789661852678,41582934496097,0.15254244,0.23748764,9.856336,0.0,-9.162971E-4,-6.108647E-4,-52.500004,-14.775001,-2.325,,,,,,,,,,,,,,,,,,
SENSOR,1789661852695,41582944496097,0.15254244,0.23748764,9.856336,0.0,-9.162971E-4,-6.108647E-4,-52.800003,-14.775001,-1.8000001,,,,,,,,,,,,,,,,,,
SENSOR,1789661852721,41582939197451,0.15134603,0.2431706,9.859925,0.0,-9.162971E-4,-6.108647E-4,-52.800003,-14.775001,-1.8000001,,,,,,,,,,,,,,,,,,
SENSOR,1789661852772,41583034496097,0.15134603,0.2431706,9.859925,0.0013744456,0.0013744456,0.0,-52.800003,-14.775001,-1.8000001,,,,,,,,,,,,,,,,,,
SENSOR,1789661852799,41583044496097,0.15134603,0.2431706,9.859925,0.0013744456,0.0013744456,0.0,-54.075,-15.075001,-0.6,,,,,,,,,,,,,,,,,,
SENSOR,1789661852826,41583043377503,0.15134603,0.24077778,9.861719,0.0013744456,0.0013744456,0.0,-54.075,-15.075001,-0.6,,,,,,,,,,,,,,,,,,
SENSOR,1789661852877,41583134496097,0.15134603,0.24077778,9.861719,0.0013744456,0.001679878,-7.635809E-4,-54.075,-15.075001,-0.6,,,,,,,,,,,,,,,,,,
SENSOR,1789661852895,41583144496097,0.15134603,0.24077778,9.861719,0.0013744456,0.001679878,-7.635809E-4,-53.175003,-14.475,-0.45000002,,,,,,,,,,,,,,,,,,
GNSS,1789661853000,,true,11.05530144,76.92709357,377.8870849609375,4.1098566,0.0,,94,25,,,,,,,,,,,,,
SENSOR,1789661852929,41583147557555,0.15074782,0.23898315,9.857532,0.0013744456,0.001679878,-7.635809E-4,-53.175003,-14.475,-0.45000002,,,,,,,,,,,,,,,,,,
SENSOR,1789661852972,41583234496097,0.15074782,0.23898315,9.857532,0.0010690133,0.0013744456,-0.0010690133,-53.175003,-14.475,-0.45000002,,,,,,,,,,,,,,,,,,
SENSOR,1789661852999,41583244496097,0.15074782,0.23898315,9.857532,0.0010690133,0.0013744456,-0.0010690133,-54.675003,-14.85,-0.15,,,,,,,,,,,,,,,,,,
CELLULAR,1789661853000,,,,,,,,,,,,,,true,NR,4298047490,405,869,,75,403,634080,-108,NR_SS_RSRP,3,
SENSOR,1789661853033,41583251737607,0.15074782,0.23958136,9.860523,0.0010690133,0.0013744456,-0.0010690133,-54.675003,-14.85,-0.15,,,,,,,,,,,,,,,,,,
SENSOR,1789661853077,41583334496097,0.15074782,0.23958136,9.860523,-1.5271618E-4,-0.0010690133,4.5814854E-4,-54.675003,-14.85,-0.15,,,,,,,,,,,,,,,,,,
SENSOR,1789661853101,41583344496097,0.15074782,0.23958136,9.860523,-1.5271618E-4,-0.0010690133,4.5814854E-4,-55.125004,-14.925,2.775,,,,,,,,,,,,,,,,,,
SENSOR,1789661853142,41583355917659,0.16031912,0.25094727,9.864112,-1.5271618E-4,-0.0010690133,4.5814854E-4,-55.125004,-14.925,2.775,,,,,,,,,,,,,,,,,,
SENSOR,1789661853186,41583434496097,0.16031912,0.25094727,9.864112,-0.010690132,-0.025656318,6.108647E-4,-55.125004,-14.925,2.775,,,,,,,,,,,,,,,,,,
SENSOR,1789661853210,41583444496097,0.16031912,0.25094727,9.864112,-0.010690132,-0.025656318,6.108647E-4,-50.775,-14.475,-6.2250004,,,,,,,,,,,,,,,,,,
SENSOR,1789661853244,41583460097763,0.14745769,0.23090738,9.853345,-0.010690132,-0.025656318,6.108647E-4,-50.775,-14.475,-6.2250004,,,,,,,,,,,,,,,,,,
SENSOR,1789661853276,41583534496097,0.14745769,0.23090738,9.853345,-0.008857539,-0.02000582,-7.635809E-4,-50.775,-14.475,-6.2250004,,,,,,,,,,,,,,,,,,
SENSOR,1789661853294,41583544496097,0.14745769,0.23090738,9.853345,-0.008857539,-0.02000582,-7.635809E-4,-50.025,-14.325001,-6.9,,,,,,,,,,,,,,,,,,
SENSOR,1789661853346,41583564277815,0.14596218,0.24436702,9.85813,-0.008857539,-0.02000582,-7.635809E-4,-50.025,-14.325001,-6.9,,,,,,,,,,,,,,,,,,
SENSOR,1789661853374,41583634496097,0.14596218,0.24436702,9.85813,1.5271618E-4,0.0015271618,4.5814854E-4,-50.025,-14.325001,-6.9,,,,,,,,,,,,,,,,,,
SENSOR,1789661853401,41583644496097,0.14596218,0.24436702,9.85813,1.5271618E-4,0.0015271618,4.5814854E-4,-51.15,-14.625001,-3.45,,,,,,,,,,,,,,,,,,
SENSOR,1789661853470,41583668457919,0.15314065,0.24137598,9.858728,1.5271618E-4,0.0015271618,4.5814854E-4,-51.15,-14.625001,-3.45,,,,,,,,,,,,,,,,,,
SENSOR,1789661853477,41583734496097,0.15314065,0.24137598,9.858728,0.0010690133,6.108647E-4,4.5814854E-4,-51.15,-14.625001,-3.45,,,,,,,,,,,,,,,,,,
SENSOR,1789661853494,41583744496097,0.15314065,0.24137598,9.858728,0.0010690133,6.108647E-4,4.5814854E-4,-52.050003,-14.55,-3.0,,,,,,,,,,,,,,,,,,
SENSOR,1789661853554,41583772638024,0.14745769,0.2545365,9.865309,0.0010690133,6.108647E-4,4.5814854E-4,-52.050003,-14.55,-3.0,,,,,,,,,,,,,,,,,,
SENSOR,1789661853572,41583834496097,0.14745769,0.2545365,9.865309,0.0010690133,0.002443459,4.5814854E-4,-52.050003,-14.55,-3.0,,,,,,,,,,,,,,,,,,
SENSOR,1789661853598,41583844496097,0.14745769,0.2545365,9.865309,0.0010690133,0.002443459,4.5814854E-4,-54.375004,-14.325001,0.82500005,,,,,,,,,,,,,,,,,,
SENSOR,1789661853660,41583876818076,0.15014961,0.2321038,9.852746,0.0010690133,0.002443459,4.5814854E-4,-54.375004,-14.325001,0.82500005,,,,,,,,,,,,,,,,,,
SENSOR,1789661853681,41583934496097,0.15014961,0.2321038,9.852746,1.5271618E-4,-0.0010690133,4.5814854E-4,-54.375004,-14.325001,0.82500005,,,,,,,,,,,,,,,,,,
SENSOR,1789661853693,41583944496097,0.15014961,0.2321038,9.852746,1.5271618E-4,-0.0010690133,4.5814854E-4,-52.575,-14.400001,-1.125,,,,,,,,,,,,,,,,,,
SENSOR,1789661853764,41583980998232,0.15224335,0.2425724,9.856635,1.5271618E-4,-0.0010690133,4.5814854E-4,-52.575,-14.400001,-1.125,,,,,,,,,,,,,,,,,,
SENSOR,1789661853772,41584034496097,0.15224335,0.2425724,9.856635,1.5271618E-4,-6.108647E-4,3.0543236E-4,-52.575,-14.400001,-1.125,,,,,,,,,,,,,,,,,,
SENSOR,1789661853799,41584044496097,0.15224335,0.2425724,9.856635,1.5271618E-4,-6.108647E-4,3.0543236E-4,-55.050003,-14.85,3.15,,,,,,,,,,,,,,,,,,
SENSOR,1789661853867,41584085178336,0.15224335,0.24077778,9.855139,1.5271618E-4,-6.108647E-4,3.0543236E-4,-55.050003,-14.85,3.15,,,,,,,,,,,,,,,,,,
SENSOR,1789661853875,41584134496097,0.15224335,0.24077778,9.855139,1.5271618E-4,4.5814854E-4,-7.635809E-4,-55.050003,-14.85,3.15,,,,,,,,,,,,,,,,,,
SENSOR,1789661853893,41584144496097,0.15224335,0.24077778,9.855139,1.5271618E-4,4.5814854E-4,-7.635809E-4,-53.325,-14.700001,0.375,,,,,,,,,,,,,,,,,,
SENSOR,1789661853971,41584189358440,0.14925231,0.24496523,9.859925,1.5271618E-4,4.5814854E-4,-7.635809E-4,-53.325,-14.700001,0.375,,,,,,,,,,,,,,,,,,
SENSOR,1789661853972,41584234496097,0.14925231,0.24496523,9.859925,1.5271618E-4,-7.635809E-4,4.5814854E-4,-53.325,-14.700001,0.375,,,,,,,,,,,,,,,,,,
SENSOR,1789661853998,41584244496097,0.14925231,0.24496523,9.859925,1.5271618E-4,-7.635809E-4,4.5814854E-4,-55.425003,-14.925,3.525,,,,,,,,,,,,,,,,,,
CELLULAR,1789661854018,,,,,,,,,,,,,,true,NR,4298047490,405,869,,75,403,634080,-108,NR_SS_RSRP,3,
SENSOR,1789661854077,41584293538597,0.15194423,0.23718855,9.857831,1.5271618E-4,-7.635809E-4,4.5814854E-4,-55.425003,-14.925,3.525,,,,,,,,,,,,,,,,,,
SENSOR,1789661854077,41584334496097,0.15194423,0.23718855,9.857831,1.5271618E-4,4.5814854E-4,-7.635809E-4,-55.425003,-14.925,3.525,,,,,,,,,,,,,,,,,,
SENSOR,1789661854093,41584344496097,0.15194423,0.23718855,9.857831,1.5271618E-4,4.5814854E-4,-7.635809E-4,-56.100002,-14.775001,4.7250004,,,,,,,,,,,,,,,,,,
SENSOR,1789661854171,41584434496097,0.15194423,0.23718855,9.857831,1.5271618E-4,4.5814854E-4,3.0543236E-4,-56.100002,-14.775001,4.7250004,,,,,,,,,,,,,,,,,,
SENSOR,1789661854180,41584397718753,0.15463616,0.2428715,9.853943,1.5271618E-4,4.5814854E-4,3.0543236E-4,-56.100002,-14.775001,4.7250004,,,,,,,,,,,,,,,,,,
SENSOR,1789661854197,41584444496097,0.15463616,0.2428715,9.853943,1.5271618E-4,4.5814854E-4,3.0543236E-4,-56.250004,-14.625001,5.4750004,,,,,,,,,,,,,,,,,,
SENSOR,1789661854276,41584534496097,0.15463616,0.2428715,9.853943,-0.0068722283,-0.014966186,-1.5271618E-4,-56.250004,-14.625001,5.4750004,,,,,,,,,,,,,,,,,,
SENSOR,1789661854283,41584501898909,0.15314065,0.23718855,9.860523,-0.0068722283,-0.014966186,-1.5271618E-4,-56.250004,-14.625001,5.4750004,,,,,,,,,,,,,,,,,,
SENSOR,1789661854292,41584544496097,0.15314065,0.23718855,9.860523,-0.0068722283,-0.014966186,-1.5271618E-4,-53.625004,-15.225,1.2,,,,,,,,,,,,,,,,,,
SENSOR,1789661854370,41584634496097,0.15314065,0.23718855,9.860523,0.0013744456,0.0041233366,-7.635809E-4,-53.625004,-15.225,1.2,,,,,,,,,,,,,,,,,,
SENSOR,1789661854388,41584606079117,0.1477568,0.24735804,9.855738,0.0013744456,0.0041233366,-7.635809E-4,-53.625004,-15.225,1.2,,,,,,,,,,,,,,,,,,
SENSOR,1789661854397,41584644496097,0.1477568,0.24735804,9.855738,0.0013744456,0.0041233366,-7.635809E-4,-54.600002,-14.475,2.625,,,,,,,,,,,,,,,,,,
SENSOR,1789661854474,41584734496097,0.1477568,0.24735804,9.855738,-0.0010690133,-0.0013744456,4.5814854E-4,-54.600002,-14.475,2.625,,,,,,,,,,,,,,,,,,
SENSOR,1789661854492,41584710259326,0.15254244,0.23928227,9.858728,-0.0010690133,-0.0013744456,4.5814854E-4,-54.600002,-14.475,2.625,,,,,,,,,,,,,,,,,,
SENSOR,1789661854492,41584744496097,0.15254244,0.23928227,9.858728,-0.0010690133,-0.0013744456,4.5814854E-4,-53.7,-14.700001,1.2,,,,,,,,,,,,,,,,,,
SENSOR,1789661854580,41584834496097,0.15254244,0.23928227,9.858728,0.0013744456,0.0029016074,3.0543236E-4,-53.7,-14.700001,1.2,,,,,,,,,,,,,,,,,,
SENSOR,1789661854596,41584814439534,0.15224335,0.2416751,9.855738,0.0013744456,0.0029016074,3.0543236E-4,-53.7,-14.700001,1.2,,,,,,,,,,,,,,,,,,
SENSOR,1789661854596,41584844496097,0.15224335,0.2416751,9.855738,0.0013744456,0.0029016074,3.0543236E-4,-54.525,-14.700001,2.325,,,,,,,,,,,,,,,,,,
SENSOR,1789661854675,41584934496097,0.15224335,0.2416751,9.855738,-3.0543236E-4,-0.0,4.5814854E-4,-54.525,-14.700001,2.325,,,,,,,,,,,,,,,,,,
SENSOR,1789661854692,41584944496097,0.15224335,0.2416751,9.855738,-3.0543236E-4,-0.0,4.5814854E-4,-55.500004,-14.85,3.2250001,,,,,,,,,,,,,,,,,,
SENSOR,1789661854700,41584918619742,0.15104693,0.24137598,9.857233,-3.0543236E-4,-0.0,4.5814854E-4,-55.500004,-14.85,3.2250001,,,,,,,,,,,,,,,,,,
SENSOR,1789661854779,41585034496097,0.15104693,0.24137598,9.857233,1.5271618E-4,4.5814854E-4,-7.635809E-4,-55.500004,-14.85,3.2250001,,,,,,,,,,,,,,,,,,
SENSOR,1789661854796,41585044496097,0.15104693,0.24137598,9.857233,1.5271618E-4,4.5814854E-4,-7.635809E-4,-54.9,-14.625001,2.9250002,,,,,,,,,,,,,,,,,,
SENSOR,1789661854804,41585022800003,0.15044872,0.2440679,9.85484,1.5271618E-4,4.5814854E-4,-7.635809E-4,-54.9,-14.625001,2.9250002,,,,,,,,,,,,,,,,,,
SENSOR,1789661854875,41585134496097,0.15044872,0.2440679,9.85484,-4.5814854E-4,-7.635809E-4,4.5814854E-4,-54.9,-14.625001,2.9250002,,,,,,,,,,,,,,,,,,
SENSOR,1789661854892,41585144496097,0.15044872,0.2440679,9.85484,-4.5814854E-4,-7.635809E-4,4.5814854E-4,-55.95,-15.150001,5.175,,,,,,,,,,,,,,,,,,
SENSOR,1789661854909,41585126980263,0.15314065,0.23569304,9.856934,-4.5814854E-4,-7.635809E-4,4.5814854E-4,-55.95,-15.150001,5.175,,,,,,,,,,,,,,,,,,
SENSOR,1789661854979,41585234496097,0.15314065,0.23569304,9.856934,1.5271618E-4,4.5814854E-4,3.0543236E-4,-55.95,-15.150001,5.175,,,,,,,,,,,,,,,,,,
SENSOR,1789661854996,41585244496097,0.15314065,0.23569304,9.856934,1.5271618E-4,4.5814854E-4,3.0543236E-4,-55.575,-15.000001,4.425,,,,,,,,,,,,,,,,,,
SENSOR,1789661855014,41585231160524,0.15194423,0.2416751,9.858429,1.5271618E-4,4.5814854E-4,3.0543236E-4,-55.575,-15.000001,4.425,,,,,,,,,,,,,,,,,,
CELLULAR,1789661855047,,,,,,,,,,,,,,true,NR,4298047490,405,869,,75,403,634080,-108,NR_SS_RSRP,3,
SENSOR,1789661855074,41585334496097,0.15194423,0.2416751,9.858429,9.162971E-4,0.0012217294,-0.0,-55.575,-15.000001,4.425,,,,,,,,,,,,,,,,,,
SENSOR,1789661855092,41585344496097,0.15194423,0.2416751,9.858429,9.162971E-4,0.0012217294,-0.0,-55.425003,-14.925,5.3250003,,,,,,,,,,,,,,,,,,
SENSOR,1789661855117,41585335340836,0.15104693,0.2425724,9.856336,9.162971E-4,0.0012217294,-0.0,-55.425003,-14.925,5.3250003,,,,,,,,,,,,,,,,,,
SENSOR,1789661855179,41585434496097,0.15104693,0.2425724,9.856336,1.5271618E-4,-4.5814854E-4,4.5814854E-4,-55.425003,-14.925,5.3250003,,,,,,,,,,,,,,,,,,
SENSOR,1789661855195,41585444496097,0.15104693,0.2425724,9.856336,1.5271618E-4,-4.5814854E-4,4.5814854E-4,-55.425003,-15.150001,3.7500002,,,,,,,,,,,,,,,,,,
SENSOR,1789661855222,41585439521149,0.15254244,0.2431706,9.856635,1.5271618E-4,-4.5814854E-4,4.5814854E-4,-55.425003,-15.150001,3.7500002,,,,,,,,,,,,,,,,,,
SENSOR,1789661855275,41585534496097,0.15254244,0.2431706,9.856635,-0.0013744456,-0.0019853103,4.5814854E-4,-55.425003,-15.150001,3.7500002,,,,,,,,,,,,,,,,,,
SENSOR,1789661855290,41585544496097,0.15254244,0.2431706,9.856635,-0.0013744456,-0.0019853103,4.5814854E-4,-55.125004,-14.85,2.9250002,,,,,,,,,,,,,,,,,,
SENSOR,1789661855331,41585543701513,0.14356937,0.24436702,9.856036,-0.0013744456,-0.0019853103,4.5814854E-4,-55.125004,-14.85,2.9250002,,,,,,,,,,,,,,,,,,
SENSOR,1789661855378,41585634496097,0.14356937,0.24436702,9.856036,-0.004276053,-0.009315687,4.5814854E-4,-55.125004,-14.85,2.9250002,,,,,,,,,,,,,,,,,,
SENSOR,1789661855395,41585644496097,0.14356937,0.24436702,9.856036,-0.004276053,-0.009315687,4.5814854E-4,-52.800003,-14.325001,-0.22500001,,,,,,,,,,,,,,,,,,
SENSOR,1789661855429,41585647881878,0.15254244,0.23718855,9.857532,-0.004276053,-0.009315687,4.5814854E-4,-52.800003,-14.325001,-0.22500001,,,,,,,,,,,,,,,,,,
SENSOR,1789661855474,41585734496097,0.15254244,0.23718855,9.857532,1.5271618E-4,0.0021380265,4.5814854E-4,-52.800003,-14.325001,-0.22500001,,,,,,,,,,,,,,,,,,
SENSOR,1789661855499,41585744496097,0.15254244,0.23718855,9.857532,1.5271618E-4,0.0021380265,4.5814854E-4,-55.350002,-14.85,3.3000002,,,,,,,,,,,,,,,,,,
SENSOR,1789661855534,41585752062242,0.15284155,0.2416751,9.857831,1.5271618E-4,0.0021380265,4.5814854E-4,-55.350002,-14.85,3.3000002,,,,,,,,,,,,,,,,,,
SENSOR,1789661855578,41585834496097,0.15284155,0.2416751,9.857831,1.5271618E-4,-9.162971E-4,1.5271618E-4,-55.350002,-14.85,3.3000002,,,,,,,,,,,,,,,,,,
SENSOR,1789661855595,41585844496097,0.15284155,0.2416751,9.857831,1.5271618E-4,-9.162971E-4,1.5271618E-4,-55.050003,-14.85,3.9750001,,,,,,,,,,,,,,,,,,
SENSOR,1789661855641,41585856242607,0.15134603,0.24197419,9.856934,1.5271618E-4,-9.162971E-4,1.5271618E-4,-55.050003,-14.85,3.9750001,,,,,,,,,,,,,,,,,,
SENSOR,1789661855672,41585934496097,0.15134603,0.24197419,9.856934,0.0013744456,9.162971E-4,-7.635809E-4,-55.050003,-14.85,3.9750001,,,,,,,,,,,,,,,,,,
SENSOR,1789661855699,41585944496097,0.15134603,0.24197419,9.856934,0.0013744456,9.162971E-4,-7.635809E-4,-55.2,-14.475,2.4,,,,,,,,,,,,,,,,,,
SENSOR,1789661855743,41585960423024,0.15224335,0.23958136,9.857532,0.0013744456,9.162971E-4,-7.635809E-4,-55.2,-14.475,2.4,,,,,,,,,,,,,,,,,,
SENSOR,1789661855777,41586034496097,0.15224335,0.23958136,9.857532,1.5271618E-4,4.5814854E-4,-4.5814854E-4,-55.2,-14.475,2.4,,,,,,,,,,,,,,,,,,
SENSOR,1789661855795,41586044496097,0.15224335,0.23958136,9.857532,1.5271618E-4,4.5814854E-4,-4.5814854E-4,-55.95,-15.3,4.65,,,,,,,,,,,,,,,,,,
SENSOR,1789661855847,41586064603440,0.15104693,0.23898315,9.85484,1.5271618E-4,4.5814854E-4,-4.5814854E-4,-55.95,-15.3,4.65,,,,,,,,,,,,,,,,,,
SENSOR,1789661855872,41586134496097,0.15104693,0.23898315,9.85484,0.0029016074,0.0062613636,1.5271618E-4,-55.95,-15.3,4.65,,,,,,,,,,,,,,,,,,
SENSOR,1789661855899,41586144496097,0.15104693,0.23898315,9.85484,0.0029016074,0.0062613636,1.5271618E-4,-55.65,-15.150001,3.6750002,,,,,,,,,,,,,,,,,,
SENSOR,1789661855951,41586168783909,0.15224335,0.2434697,9.855438,0.0029016074,0.0062613636,1.5271618E-4,-55.65,-15.150001,3.6750002,,,,,,,,,,,,,,,,,,
SENSOR,1789661855977,41586234496097,0.15224335,0.2434697,9.855438,0.0021380265,0.005039634,0.0,-55.65,-15.150001,3.6750002,,,,,,,,,,,,,,,,,,
SENSOR,1789661855995,41586244496097,0.15224335,0.2434697,9.855438,0.0021380265,0.005039634,0.0,-56.250004,-14.85,6.0750003,,,,,,,,,,,,,,,,,,
SENSOR,1789661856055,41586272964326,0.15104693,0.24197419,9.856036,0.0021380265,0.005039634,0.0,-56.250004,-14.85,6.0750003,,,,,,,,,,,,,,,,,,
SENSOR,1789661856073,41586334496097,0.15104693,0.24197419,9.856036,0.0013744456,0.0015271618,4.5814854E-4,-56.250004,-14.85,6.0750003,,,,,,,,,,,,,,,,,,
CELLULAR,1789661856073,,,,,,,,,,,,,,true,NR,4298047490,405,869,,75,403,634080,-108,NR_SS_RSRP,3,
SENSOR,1789661856099,41586344496097,0.15104693,0.24197419,9.856036,0.0013744456,0.0015271618,4.5814854E-4,-56.100002,-14.85,5.175,,,,,,,,,,,,,,,,,,
SENSOR,1789661856160,41586377144794,0.1477568,0.2425724,9.856934,0.0013744456,0.0015271618,4.5814854E-4,-56.100002,-14.85,5.175,,,,,,,,,,,,,,,,,,
SENSOR,1789661856176,41586434496097,0.1477568,0.2425724,9.856934,1.5271618E-4,4.5814854E-4,-7.635809E-4,-56.100002,-14.85,5.175,,,,,,,,,,,,,,,,,,
SENSOR,1789661856195,41586444496097,0.1477568,0.2425724,9.856934,1.5271618E-4,4.5814854E-4,-7.635809E-4,-55.425003,-14.85,3.0,,,,,,,,,,,,,,,,,,
SENSOR,1789661856264,41586481325263,0.148355,0.2428715,9.860822,1.5271618E-4,4.5814854E-4,-7.635809E-4,-55.425003,-14.85,3.0,,,,,,,,,,,,,,,,,,
SENSOR,1789661856272,41586534496097,0.148355,0.2428715,9.860822,1.5271618E-4,-4.5814854E-4,4.5814854E-4,-55.425003,-14.85,3.0,,,,,,,,,,,,,,,,,,
SENSOR,1789661856299,41586544496097,0.148355,0.2428715,9.860822,1.5271618E-4,-4.5814854E-4,4.5814854E-4,-55.125004,-15.450001,2.7,,,,,,,,,,,,,,,,,,
SENSOR,1789661856368,41586585505784,0.148355,0.2416751,9.856934,1.5271618E-4,-4.5814854E-4,4.5814854E-4,-55.125004,-15.450001,2.7,,,,,,,,,,,,,,,,,,
SENSOR,1789661856376,41586634496097,0.148355,0.2416751,9.856934,1.5271618E-4,4.5814854E-4,4.5814854E-4,-55.125004,-15.450001,2.7,,,,,,,,,,,,,,,,,,
SENSOR,1789661856394,41586644496097,0.148355,0.2416751,9.856934,1.5271618E-4,4.5814854E-4,4.5814854E-4,-56.250004,-15.075001,5.7000003,,,,,,,,,,,,,,,,,,
SENSOR,1789661856472,41586689686305,0.14895321,0.24586253,9.861719,1.5271618E-4,4.5814854E-4,4.5814854E-4,-56.250004,-15.075001,5.7000003,,,,,,,,,,,,,,,,,,
SENSOR,1789661856472,41586734496097,0.14895321,0.24586253,9.861719,-9.162971E-4,-6.108647E-4,4.5814854E-4,-56.250004,-15.075001,5.7000003,,,,,,,,,,,,,,,,,,
SENSOR,1789661856498,41586744496097,0.14895321,0.24586253,9.861719,-9.162971E-4,-6.108647E-4,4.5814854E-4,-55.65,-14.775001,4.5750003,,,,,,,,,,,,,,,,,,
SENSOR,1789661856576,41586793866826,0.14596218,0.2431706,9.857532,-9.162971E-4,-6.108647E-4,4.5814854E-4,-55.65,-14.775001,4.5750003,,,,,,,,,,,,,,,,,,
SENSOR,1789661856577,41586834496097,0.14596218,0.2431706,9.857532,-0.0010690133,-7.635809E-4,-1.5271618E-4,-55.65,-14.775001,4.5750003,,,,,,,,,,,,,,,,,,
SENSOR,1789661856594,41586844496097,0.14596218,0.2431706,9.857532,-0.0010690133,-7.635809E-4,-1.5271618E-4,-56.025,-14.925,5.4750004,,,,,,,,,,,,,,,,,,
SENSOR,1789661856671,41586934496097,0.14596218,0.2431706,9.857532,1.5271618E-4,-6.108647E-4,4.5814854E-4,-56.025,-14.925,5.4750004,,,,,,,,,,,,,,,,,,
SENSOR,1789661856679,41586898047347,0.14895321,0.2425724,9.85813,1.5271618E-4,-6.108647E-4,4.5814854E-4,-56.025,-14.925,5.4750004,,,,,,,,,,,,,,,,,,
SENSOR,1789661856698,41586944496097,0.14895321,0.2425724,9.85813,1.5271618E-4,-6.108647E-4,4.5814854E-4,-55.425003,-15.075001,3.3000002,,,,,,,,,,,,,,,,,,
SENSOR,1789661856775,41587034496097,0.14895321,0.2425724,9.85813,1.5271618E-4,-1.5271618E-4,-1.5271618E-4,-55.425003,-15.075001,3.3000002,,,,,,,,,,,,,,,,,,
SENSOR,1789661856784,41587002227867,0.14745769,0.24705894,9.862916,1.5271618E-4,-1.5271618E-4,-1.5271618E-4,-55.425003,-15.075001,3.3000002,,,,,,,,,,,,,,,,,,
SENSOR,1789661856794,41587044496097,0.14745769,0.24705894,9.862916,1.5271618E-4,-1.5271618E-4,-1.5271618E-4,-55.800003,-15.150001,3.3750002,,,,,,,,,,,,,,,,,,
SENSOR,1789661856873,41587134496097,0.14745769,0.24705894,9.862916,3.0543236E-4,-6.108647E-4,-7.635809E-4,-55.800003,-15.150001,3.3750002,,,,,,,,,,,,,,,,,,
SENSOR,1789661856888,41587106408440,0.1477568,0.24496523,9.859925,3.0543236E-4,-6.108647E-4,-7.635809E-4,-55.800003,-15.150001,3.3750002,,,,,,,,,,,,,,,,,,
SENSOR,1789661856897,41587144496097,0.1477568,0.24496523,9.859925,3.0543236E-4,-6.108647E-4,-7.635809E-4,-55.95,-15.000001,4.2000003,,,,,,,,,,,,,,,,,,
SENSOR,1789661856975,41587234496097,0.1477568,0.24496523,9.859925,-4.5814854E-4,-7.635809E-4,4.5814854E-4,-55.95,-15.000001,4.2000003,,,,,,,,,,,,,,,,,,
SENSOR,1789661856993,41587210589013,0.14745769,0.2440679,9.856934,-4.5814854E-4,-7.635809E-4,4.5814854E-4,-55.95,-15.000001,4.2000003,,,,,,,,,,,,,,,,,,
SENSOR,1789661856994,41587244496097,0.14745769,0.2440679,9.856934,-4.5814854E-4,-7.635809E-4,4.5814854E-4,-56.025,-14.775001,4.5,,,,,,,,,,,,,,,,,,
SENSOR,1789661857070,41587334496097,0.14745769,0.2440679,9.856934,1.5271618E-4,4.5814854E-4,4.5814854E-4,-56.025,-14.775001,4.5,,,,,,,,,,,,,,,,,,
SENSOR,1789661857097,41587314769586,0.1480559,0.24376881,9.862318,1.5271618E-4,4.5814854E-4,4.5814854E-4,-56.025,-14.775001,4.5,,,,,,,,,,,,,,,,,,
CELLULAR,1789661857097,,,,,,,,,,,,,,true,NR,4298047490,405,869,,75,403,634080,-108,NR_SS_RSRP,3,
SENSOR,1789661857112,41587344496097,0.1480559,0.24376881,9.862318,1.5271618E-4,4.5814854E-4,4.5814854E-4,-54.9,-14.700001,2.7,,,,,,,,,,,,,,,,,,
SENSOR,1789661857174,41587434496097,0.1480559,0.24376881,9.862318,-3.0543236E-4,-0.0,4.5814854E-4,-54.9,-14.700001,2.7,,,,,,,,,,,,,,,,,,
SENSOR,1789661857192,41587444496097,0.1480559,0.24376881,9.862318,-3.0543236E-4,-0.0,4.5814854E-4,-54.600002,-14.700001,1.95,,,,,,,,,,,,,,,,,,
SENSOR,1789661857201,41587418950107,0.14955142,0.23958136,9.85813,-3.0543236E-4,-0.0,4.5814854E-4,-54.600002,-14.700001,1.95,,,,,,,,,,,,,,,,,,
SENSOR,1789661857279,41587534496097,0.14955142,0.23958136,9.85813,1.5271618E-4,4.5814854E-4,4.5814854E-4,-54.600002,-14.700001,1.95,,,,,,,,,,,,,,,,,,
SENSOR,1789661857297,41587544496097,0.14955142,0.23958136,9.85813,1.5271618E-4,4.5814854E-4,4.5814854E-4,-55.800003,-14.925,4.65,,,,,,,,,,,,,,,,,,
SENSOR,1789661857305,41587523130732,0.14895321,0.24675983,9.861719,1.5271618E-4,4.5814854E-4,4.5814854E-4,-55.800003,-14.925,4.65,,,,,,,,,,,,,,,,,,
SENSOR,1789661857375,41587634496097,0.14895321,0.24675983,9.861719,1.5271618E-4,0.0022907427,-3.0543236E-4,-55.800003,-14.925,4.65,,,,,,,,,,,,,,,,,,
SENSOR,1789661857392,41587644496097,0.14895321,0.24675983,9.861719,1.5271618E-4,0.0022907427,-3.0543236E-4,-56.775,-15.375001,5.3250003,,,,,,,,,,,,,,,,,,
SENSOR,1789661857409,41587627311305,0.14895321,0.2428715,9.859925,1.5271618E-4,0.0022907427,-3.0543236E-4,-56.775,-15.375001,5.3250003,,,,,,,,,,,,,,,,,,
SENSOR,1789661857478,41587734496097,0.14895321,0.2428715,9.859925,1.5271618E-4,4.5814854E-4,-7.635809E-4,-56.775,-15.375001,5.3250003,,,,,,,,,,,,,,,,,,
SENSOR,1789661857496,41587744496097,0.14895321,0.2428715,9.859925,1.5271618E-4,4.5814854E-4,-7.635809E-4,-55.875004,-15.000001,4.7250004,,,,,,,,,,,,,,,,,,
SENSOR,1789661857514,41587731491930,0.14925231,0.24526432,9.85813,1.5271618E-4,4.5814854E-4,-7.635809E-4,-55.875004,-15.000001,4.7250004,,,,,,,,,,,,,,,,,,
SENSOR,1789661857574,41587834496097,0.14925231,0.24526432,9.85813,1.5271618E-4,0.0012217294,4.5814854E-4,-55.875004,-15.000001,4.7250004,,,,,,,,,,,,,,,,,,
SENSOR,1789661857593,41587844496097,0.14925231,0.24526432,9.85813,1.5271618E-4,0.0012217294,4.5814854E-4,-55.725002,-14.625001,5.4750004,,,,,,,,,,,,,,,,,,
SENSOR,1789661857618,41587835672555,0.15014961,0.24137598,9.85813,1.5271618E-4,0.0012217294,4.5814854E-4,-55.725002,-14.625001,5.4750004,,,,,,,,,,,,,,,,,,
SENSOR,1789661857678,41587934496097,0.15014961,0.24137598,9.85813,1.5271618E-4,-7.635809E-4,4.5814854E-4,-55.725002,-14.625001,5.4750004,,,,,,,,,,,,,,,,,,
SENSOR,1789661857696,41587944496097,0.15014961,0.24137598,9.85813,1.5271618E-4,-7.635809E-4,4.5814854E-4,-55.725002,-15.075001,4.7250004,,,,,,,,,,,,,,,,,,
SENSOR,1789661857722,41587939853180,0.14895321,0.24556342,9.860224,1.5271618E-4,-7.635809E-4,4.5814854E-4,-55.725002,-15.075001,4.7250004,,,,,,,,,,,,,,,,,,
SENSOR,1789661857774,41588034496097,0.14895321,0.24556342,9.860224,-6.108647E-4,-7.635809E-4,4.5814854E-4,-55.725002,-15.075001,4.7250004,,,,,,,,,,,,,,,,,,
SENSOR,1789661857792,41588044496097,0.14895321,0.24556342,9.860224,-6.108647E-4,-7.635809E-4,4.5814854E-4,-56.250004,-14.700001,5.3250003,,,,,,,,,,,,,,,,,,
SENSOR,1789661857826,41588044033805,0.14745769,0.24227329,9.859326,-6.108647E-4,-7.635809E-4,4.5814854E-4,-56.250004,-14.700001,5.3250003,,,,,,,,,,,,,,,,,,
SENSOR,1789661857878,41588134496097,0.14745769,0.24227329,9.859326,1.5271618E-4,-7.635809E-4,4.5814854E-4,-56.250004,-14.700001,5.3250003,,,,,,,,,,,,,,,,,,
SENSOR,1789661857896,41588144496097,0.14745769,0.24227329,9.859326,1.5271618E-4,-7.635809E-4,4.5814854E-4,-56.4,-14.925,5.4750004,,,,,,,,,,,,,,,,,,
SENSOR,1789661857931,41588148214430,0.14895321,0.2431706,9.85813,1.5271618E-4,-7.635809E-4,4.5814854E-4,-56.4,-14.925,5.4750004,,,,,,,,,,,,,,,,,,
SENSOR,1789661857974,41588234496097,0.14895321,0.2431706,9.85813,1.5271618E-4,4.5814854E-4,4.5814854E-4,-56.4,-14.925,5.4750004,,,,,,,,,,,,,,,,,,
SENSOR,1789661857992,41588244496097,0.14895321,0.2431706,9.85813,1.5271618E-4,4.5814854E-4,4.5814854E-4,-55.350002,-14.85,4.125,,,,,,,,,,,,,,,,,,
SENSOR,1789661858035,41588252395055,0.14596218,0.24675983,9.860224,1.5271618E-4,4.5814854E-4,4.5814854E-4,-55.350002,-14.85,4.125,,,,,,,,,,,,,,,,,,
SENSOR,1789661858078,41588334496097,0.14596218,0.24675983,9.860224,-7.635809E-4,-7.635809E-4,1.5271618E-4,-55.350002,-14.85,4.125,,,,,,,,,,,,,,,,,,
SENSOR,1789661858096,41588344496097,0.14596218,0.24675983,9.860224,-7.635809E-4,-7.635809E-4,1.5271618E-4,-55.800003,-15.225,5.4,,,,,,,,,,,,,,,,,,
SENSOR,1789661858152,41588356575732,0.15014961,0.2434697,9.859925,-7.635809E-4,-7.635809E-4,1.5271618E-4,-55.800003,-15.225,5.4,,,,,,,,,,,,,,,,,,
SENSOR,1789661858173,41588434496097,0.15014961,0.2434697,9.859925,1.5271618E-4,-3.0543236E-4,4.5814854E-4,-55.800003,-15.225,5.4,,,,,,,,,,,,,,,,,,
SENSOR,1789661858190,41588444496097,0.15014961,0.2434697,9.859925,1.5271618E-4,-3.0543236E-4,4.5814854E-4,-55.425003,-15.150001,2.325,,,,,,,,,,,,,,,,,,
SENSOR,1789661858243,41588460756409,0.14895321,0.24646074,9.859326,1.5271618E-4,-3.0543236E-4,4.5814854E-4,-55.425003,-15.150001,2.325,,,,,,,,,,,,,,,,,,
SENSOR,1789661858278,41588534496097,0.14895321,0.24646074,9.859326,1.5271618E-4,7.635809E-4,4.5814854E-4,-55.425003,-15.150001,2.325,,,,,,,,,,,,,,,,,,
SENSOR,1789661858295,41588544496097,0.14895321,0.24646074,9.859326,1.5271618E-4,7.635809E-4,4.5814854E-4,-56.4,-15.225,4.5750003,,,,,,,,,,,,,,,,,,
SENSOR,1789661858347,41588564937086,0.1471586,0.2428715,9.857831,1.5271618E-4,7.635809E-4,4.5814854E-4,-56.4,-15.225,4.5750003,,,,,,,,,,,,,,,,,,
SENSOR,1789661858373,41588634496097,0.1471586,0.2428715,9.857831,1.5271618E-4,-3.0543236E-4,4.5814854E-4,-56.4,-15.225,4.5750003,,,,,,,,,,,,,,,,,,
SENSOR,1789661858400,41588644496097,0.1471586,0.2428715,9.857831,1.5271618E-4,-3.0543236E-4,4.5814854E-4,-56.100002,-14.925,4.5,,,,,,,,,,,,,,,,,,
SENSOR,1789661858451,41588669117763,0.1477568,0.2434697,9.858728,1.5271618E-4,-3.0543236E-4,4.5814854E-4,-56.100002,-14.925,4.5,,,,,,,,,,,,,,,,,,
SENSOR,1789661858477,41588734496097,0.1477568,0.2434697,9.858728,-1.5271618E-4,-7.635809E-4,4.5814854E-4,-56.100002,-14.925,4.5,,,,,,,,,,,,,,,,,,
SENSOR,1789661858494,41588744496097,0.1477568,0.2434697,9.858728,-1.5271618E-4,-7.635809E-4,4.5814854E-4,-56.625004,-15.525001,4.5,,,,,,,,,,,,,,,,,,
SENSOR,1789661858555,41588773298440,0.14955142,0.24466611,9.861719,-1.5271618E-4,-7.635809E-4,4.5814854E-4,-56.625004,-15.525001,4.5,,,,,,,,,,,,,,,,,,
SENSOR,1789661858572,41588834496097,0.14955142,0.24466611,9.861719,-7.635809E-4,4.5814854E-4,-4.5814854E-4,-56.625004,-15.525001,4.5,,,,,,,,,,,,,,,,,,
SENSOR,1789661858600,41588844496097,0.14955142,0.24466611,9.861719,-7.635809E-4,4.5814854E-4,-4.5814854E-4,-55.95,-14.700001,5.025,,,,,,,,,,,,,,,,,,
SENSOR,1789661858660,41588877479169,0.14745769,0.24855445,9.859925,-7.635809E-4,4.5814854E-4,-4.5814854E-4,-55.95,-14.700001,5.025,,,,,,,,,,,,,,,,,,
SENSOR,1789661858676,41588934496097,0.14745769,0.24855445,9.859925,-0.0010690133,-0.0010690133,4.5814854E-4,-55.95,-14.700001,5.025,,,,,,,,,,,,,,,,,,
SENSOR,1789661858695,41588944496097,0.14745769,0.24855445,9.859925,-0.0010690133,-0.0010690133,4.5814854E-4,-55.95,-15.000001,3.6750002,,,,,,,,,,,,,,,,,,
SENSOR,1789661858763,41588981659847,0.14955142,0.2335993,9.856336,-0.0010690133,-0.0010690133,4.5814854E-4,-55.95,-15.000001,3.6750002,,,,,,,,,,,,,,,,,,
SENSOR,1789661858772,41589034496097,0.14955142,0.2335993,9.856336,4.5814854E-4,4.5814854E-4,-7.635809E-4,-55.95,-15.000001,3.6750002,,,,,,,,,,,,,,,,,,
SENSOR,1789661858799,41589044496097,0.14955142,0.2335993,9.856336,4.5814854E-4,4.5814854E-4,-7.635809E-4,-54.975002,-15.075001,3.9750001,,,,,,,,,,,,,,,,,,
SENSOR,1789661858868,41589085840576,0.14745769,0.24945176,9.860224,4.5814854E-4,4.5814854E-4,-7.635809E-4,-54.975002,-15.075001,3.9750001,,,,,,,,,,,,,,,,,,
SENSOR,1789661858876,41589134496097,0.14745769,0.24945176,9.860224,1.5271618E-4,-7.635809E-4,4.5814854E-4,-54.975002,-15.075001,3.9750001,,,,,,,,,,,,,,,,,,
SENSOR,1789661858894,41589144496097,0.14745769,0.24945176,9.860224,1.5271618E-4,-7.635809E-4,4.5814854E-4,-56.625004,-15.3,5.4,,,,,,,,,,,,,,,,,,
SENSOR,1789661858972,41589190021305,0.15104693,0.232702,9.860523,1.5271618E-4,-7.635809E-4,4.5814854E-4,-56.625004,-15.3,5.4,,,,,,,,,,,,,,,,,,
SENSOR,1789661858973,41589234496097,0.15104693,0.232702,9.860523,1.5271618E-4,0.0019853103,-7.635809E-4,-56.625004,-15.3,5.4,,,,,,,,,,,,,,,,,,
SENSOR,1789661859000,41589244496097,0.15104693,0.232702,9.860523,1.5271618E-4,0.0019853103,-7.635809E-4,-55.725002,-15.000001,4.9500003,,,,,,,,,,,,,,,,,,
SENSOR,1789661859076,41589294202034,0.14536397,0.24586253,9.859326,1.5271618E-4,0.0019853103,-7.635809E-4,-55.725002,-15.000001,4.9500003,,,,,,,,,,,,,,,,,,
SENSOR,1789661859076,41589334496097,0.14536397,0.24586253,9.859326,6.108647E-4,9.162971E-4,-7.635809E-4,-55.725002,-15.000001,4.9500003,,,,,,,,,,,,,,,,,,
SENSOR,1789661859094,41589344496097,0.14536397,0.24586253,9.859326,6.108647E-4,9.162971E-4,-7.635809E-4,-55.425003,-14.85,4.125,,,,,,,,,,,,,,,,,,
SENSOR,1789661859180,41589434496097,0.14536397,0.24586253,9.859326,1.5271618E-4,4.5814854E-4,3.0543236E-4,-55.425003,-14.85,4.125,,,,,,,,,,,,,,,,,,
SENSOR,1789661859180,41589398382763,0.14536397,0.24616162,9.859326,1.5271618E-4,4.5814854E-4,3.0543236E-4,-55.425003,-14.85,4.125,,,,,,,,,,,,,,,,,,
SENSOR,1789661859199,41589444496097,0.14536397,0.24616162,9.859326,1.5271618E-4,4.5814854E-4,3.0543236E-4,-56.025,-15.3,4.9500003,,,,,,,,,,,,,,,,,,
SENSOR,1789661859277,41589534496097,0.14536397,0.24616162,9.859326,1.5271618E-4,4.5814854E-4,4.5814854E-4,-56.025,-15.3,4.9500003,,,,,,,,,,,,,,,,,,
SENSOR,1789661859285,41589502563492,0.14656039,0.24436702,9.859925,1.5271618E-4,4.5814854E-4,4.5814854E-4,-56.025,-15.3,4.9500003,,,,,,,,,,,,,,,,,,
SENSOR,1789661859294,41589544496097,0.14656039,0.24436702,9.859925,1.5271618E-4,4.5814854E-4,4.5814854E-4,-56.100002,-14.625001,4.875,,,,,,,,,,,,,,,,,,
SENSOR,1789661859372,41589634496097,0.14656039,0.24436702,9.859925,1.5271618E-4,4.5814854E-4,3.0543236E-4,-56.100002,-14.625001,4.875,,,,,,,,,,,,,,,,,,
SENSOR,1789661859389,41589606744222,0.14446667,0.2431706,9.859925,1.5271618E-4,4.5814854E-4,3.0543236E-4,-56.100002,-14.625001,4.875,,,,,,,,,,,,,,,,,,
SENSOR,1789661859399,41589644496097,0.14446667,0.2431706,9.859925,1.5271618E-4,4.5814854E-4,3.0543236E-4,-55.800003,-15.000001,4.65,,,,,,,,,,,,,,,,,,
SENSOR,1789661859476,41589734496097,0.14446667,0.2431706,9.859925,1.5271618E-4,4.5814854E-4,4.5814854E-4,-55.800003,-15.000001,4.65,,,,,,,,,,,,,,,,,,
SENSOR,1789661859494,41589710924951,0.14476576,0.2425724,9.859626,1.5271618E-4,4.5814854E-4,4.5814854E-4,-55.800003,-15.000001,4.65,,,,,,,,,,,,,,,,,,
SENSOR,1789661859494,41589744496097,0.14476576,0.2425724,9.859626,1.5271618E-4,4.5814854E-4,4.5814854E-4,-56.100002,-14.775001,4.65,,,,,,,,,,,,,,,,,,
SENSOR,1789661859571,41589834496097,0.14476576,0.2425724,9.859626,1.5271618E-4,4.5814854E-4,4.5814854E-4,-56.100002,-14.775001,4.65,,,,,,,,,,,,,,,,,,
SENSOR,1789661859599,41589815105732,0.14536397,0.24227329,9.860224,1.5271618E-4,4.5814854E-4,4.5814854E-4,-56.100002,-14.775001,4.65,,,,,,,,,,,,,,,,,,
SENSOR,1789661859599,41589844496097,0.14536397,0.24227329,9.860224,1.5271618E-4,4.5814854E-4,4.5814854E-4,-56.025,-15.075001,6.0,,,,,,,,,,,,,,,,,,
SENSOR,1789661859675,41589934496097,0.14536397,0.24227329,9.860224,1.5271618E-4,-7.635809E-4,4.5814854E-4,-56.025,-15.075001,6.0,,,,,,,,,,,,,,,,,,
SENSOR,1789661859693,41589944496097,0.14536397,0.24227329,9.860224,1.5271618E-4,-7.635809E-4,4.5814854E-4,-56.325,-14.85,6.0,,,,,,,,,,,,,,,,,,
SENSOR,1789661859701,41589919286461,0.14506488,0.24017957,9.858728,1.5271618E-4,-7.635809E-4,4.5814854E-4,-56.325,-14.85,6.0,,,,,,,,,,,,,,,,,,
SENSOR,1789661859771,41590034496097,0.14506488,0.24017957,9.858728,-9.162971E-4,-7.635809E-4,-7.635809E-4,-56.325,-14.85,6.0,,,,,,,,,,,,,,,,,,
SENSOR,1789661859797,41590044496097,0.14506488,0.24017957,9.858728,-9.162971E-4,-7.635809E-4,-7.635809E-4,-55.65,-14.775001,4.65,,,,,,,,,,,,,,,,,,
SENSOR,1789661859806,41590023467242,0.14416756,0.2434697,9.857831,-9.162971E-4,-7.635809E-4,-7.635809E-4,-55.65,-14.775001,4.65,,,,,,,,,,,,,,,,,,
SENSOR,1789661859875,41590134496097,0.14416756,0.2434697,9.857831,-4.5814854E-4,-7.635809E-4,-7.635809E-4,-55.65,-14.775001,4.65,,,,,,,,,,,,,,,,,,
SENSOR,1789661859892,41590144496097,0.14416756,0.2434697,9.857831,-4.5814854E-4,-7.635809E-4,-7.635809E-4,-56.025,-15.3,4.2000003,,,,,,,,,,,,,,,,,,
SENSOR,1789661859910,41590127648024,0.14626129,0.24436702,9.860523,-4.5814854E-4,-7.635809E-4,-7.635809E-4,-56.025,-15.3,4.2000003,,,,,,,,,,,,,,,,,,
SENSOR,1789661859979,41590234496097,0.14626129,0.24436702,9.860523,1.5271618E-4,-6.108647E-4,-7.635809E-4,-56.025,-15.3,4.2000003,,,,,,,,,,,,,,,,,,
SENSOR,1789661859998,41590244496097,0.14626129,0.24436702,9.860523,1.5271618E-4,-6.108647E-4,-7.635809E-4,-56.625004,-14.700001,4.8,,,,,,,,,,,,,,,,,,
SENSOR,1789661860015,41590231828805,0.14506488,0.2428715,9.861719,1.5271618E-4,-6.108647E-4,-7.635809E-4,-56.625004,-14.700001,4.8,,,,,,,,,,,,,,,,,,
SENSOR,1789661860076,41590334496097,0.14506488,0.2428715,9.861719,1.5271618E-4,4.5814854E-4,4.5814854E-4,-56.625004,-14.700001,4.8,,,,,,,,,,,,,,,,,,
SENSOR,1789661860094,41590344496097,0.14506488,0.2428715,9.861719,1.5271618E-4,4.5814854E-4,4.5814854E-4,-56.325,-15.000001,4.7250004,,,,,,,,,,,,,,,,,,
SENSOR,1789661860119,41590336009586,0.1477568,0.24436702,9.862916,1.5271618E-4,4.5814854E-4,4.5814854E-4,-56.325,-15.000001,4.7250004,,,,,,,,,,,,,,,,,,
SENSOR,1789661860179,41590434496097,0.1477568,0.24436702,9.862916,1.5271618E-4,-6.108647E-4,4.5814854E-4,-56.325,-15.000001,4.7250004,,,,,,,,,,,,,,,,,,
SENSOR,1789661860198,41590444496097,0.1477568,0.24436702,9.862916,1.5271618E-4,-6.108647E-4,4.5814854E-4,-54.375004,-14.775001,1.5,,,,,,,,,,,,,,,,,,
SENSOR,1789661860221,41590440190367,0.14536397,0.24436702,9.860523,1.5271618E-4,-6.108647E-4,4.5814854E-4,-54.375004,-14.775001,1.5,,,,,,,,,,,,,,,,,,
SENSOR,1789661860274,41590534496097,0.14536397,0.24436702,9.860523,1.5271618E-4,4.5814854E-4,4.5814854E-4,-54.375004,-14.775001,1.5,,,,,,,,,,,,,,,,,,
SENSOR,1789661860291,41590544496097,0.14536397,0.24436702,9.860523,1.5271618E-4,4.5814854E-4,4.5814854E-4,-53.775,-14.625001,0.75,,,,,,,,,,,,,,,,,,
SENSOR,1789661860326,41590544371149,0.1471586,0.2425724,9.859925,1.5271618E-4,4.5814854E-4,4.5814854E-4,-53.775,-14.625001,0.75,,,,,,,,,,,,,,,,,,
SENSOR,1789661860379,41590634496097,0.1471586,0.2425724,9.859925,1.5271618E-4,-7.635809E-4,4.5814854E-4,-53.775,-14.625001,0.75,,,,,,,,,,,,,,,,,,
SENSOR,1789661860396,41590644496097,0.1471586,0.2425724,9.859925,1.5271618E-4,-7.635809E-4,4.5814854E-4,-54.600002,-15.000001,1.4250001,,,,,,,,,,,,,,,,,,
SENSOR,1789661860431,41590648551982,0.14566308,0.24227329,9.861719,1.5271618E-4,-7.635809E-4,4.5814854E-4,-54.600002,-15.000001,1.4250001,,,,,,,,,,,,,,,,,,
SENSOR,1789661860473,41590734496097,0.14566308,0.24227329,9.861719,1.5271618E-4,4.5814854E-4,4.5814854E-4,-54.600002,-15.000001,1.4250001,,,,,,,,,,,,,,,,,,
SENSOR,1789661860491,41590744496097,0.14566308,0.24227329,9.861719,1.5271618E-4,4.5814854E-4,4.5814854E-4,-55.275,-14.85,2.775,,,,,,,,,,,,,,,,,,
SENSOR,1789661860535,41590752732763,0.14596218,0.24376881,9.859326,1.5271618E-4,4.5814854E-4,4.5814854E-4,-55.275,-14.85,2.775,,,,,,,,,,,,,,,,,,
SENSOR,1789661860578,41590834496097,0.14596218,0.24376881,9.859326,1.5271618E-4,-4.5814854E-4,-7.635809E-4,-55.275,-14.85,2.775,,,,,,,,,,,,,,,,,,
SENSOR,1789661860595,41590844496097,0.14596218,0.24376881,9.859326,1.5271618E-4,-4.5814854E-4,-7.635809E-4,-55.800003,-14.1,5.4750004,,,,,,,,,,,,,,,,,,
SENSOR,1789661860639,41590856913597,0.1477568,0.2428715,9.861719,1.5271618E-4,-4.5814854E-4,-7.635809E-4,-55.800003,-14.1,5.4750004,,,,,,,,,,,,,,,,,,
SENSOR,1789661860673,41590934496097,0.1477568,0.2428715,9.861719,1.5271618E-4,4.5814854E-4,4.5814854E-4,-55.800003,-14.1,5.4750004,,,,,,,,,,,,,,,,,,
SENSOR,1789661860691,41590944496097,0.1477568,0.2428715,9.861719,1.5271618E-4,4.5814854E-4,4.5814854E-4,-55.2,-14.625001,4.275,,,,,,,,,,,,,,,,,,
SENSOR,1789661860744,41590961094430,0.14596218,0.2431706,9.858728,1.5271618E-4,4.5814854E-4,4.5814854E-4,-55.2,-14.625001,4.275,,,,,,,,,,,,,,,,,,
SENSOR,1789661860778,41591034496097,0.14596218,0.2431706,9.858728,-7.635809E-4,-4.5814854E-4,4.5814854E-4,-55.2,-14.625001,4.275,,,,,,,,,,,,,,,,,,
SENSOR,1789661860795,41591044496097,0.14596218,0.2431706,9.858728,-7.635809E-4,-4.5814854E-4,4.5814854E-4,-55.95,-15.375001,5.55,,,,,,,,,,,,,,,,,,
SENSOR,1789661860847,41591065275211,0.1471586,0.24526432,9.860822,-7.635809E-4,-4.5814854E-4,4.5814854E-4,-55.95,-15.375001,5.55,,,,,,,,,,,,,,,,,,
SENSOR,1789661860873,41591134496097,0.1471586,0.24526432,9.860822,1.5271618E-4,1.5271618E-4,-4.5814854E-4,-55.95,-15.375001,5.55,,,,,,,,,,,,,,,,,,
SENSOR,1789661860890,41591144496097,0.1471586,0.24526432,9.860822,1.5271618E-4,1.5271618E-4,-4.5814854E-4,-55.425003,-14.85,3.3750002,,,,,,,,,,,,,,,,,,
SENSOR,1789661860951,41591169456044,0.14745769,0.2434697,9.861121,1.5271618E-4,1.5271618E-4,-4.5814854E-4,-55.425003,-14.85,3.3750002,,,,,,,,,,,,,,,,,,
SENSOR,1789661860977,41591234496097,0.14745769,0.2434697,9.861121,1.5271618E-4,3.0543236E-4,4.5814854E-4,-55.425003,-14.85,3.3750002,,,,,,,,,,,,,,,,,,
SENSOR,1789661860995,41591244496097,0.14745769,0.2434697,9.861121,1.5271618E-4,3.0543236E-4,4.5814854E-4,-54.225002,-14.700001,1.0500001,,,,,,,,,,,,,,,,,,
SENSOR,1789661861056,41591273636878,0.14536397,0.2440679,9.859925,1.5271618E-4,3.0543236E-4,4.5814854E-4,-54.225002,-14.700001,1.0500001,,,,,,,,,,,,,,,,,,
SENSOR,1789661861073,41591334496097,0.14536397,0.2440679,9.859925,1.5271618E-4,1.5271618E-4,4.5814854E-4,-54.225002,-14.700001,1.0500001,,,,,,,,,,,,,,,,,,
SENSOR,1789661861100,41591344496097,0.14536397,0.2440679,9.859925,1.5271618E-4,1.5271618E-4,4.5814854E-4,-56.250004,-15.000001,4.425,,,,,,,,,,,,,,,,,,
SENSOR,1789661861160,41591377817711,0.1477568,0.2425724,9.860523,1.5271618E-4,1.5271618E-4,4.5814854E-4,-56.250004,-15.000001,4.425,,,,,,,,,,,,,,,,,,
SENSOR,1789661861177,41591434496097,0.1477568,0.2425724,9.860523,1.5271618E-4,-4.5814854E-4,4.5814854E-4,-56.250004,-15.000001,4.425,,,,,,,,,,,,,,,,,,
SENSOR,1789661861195,41591444496097,0.1477568,0.2425724,9.860523,1.5271618E-4,-4.5814854E-4,4.5814854E-4,-55.800003,-15.3,2.625,,,,,,,,,,,,,,,,,,
SENSOR,1789661861264,41591481998544,0.1477568,0.2425724,9.85813,1.5271618E-4,-4.5814854E-4,4.5814854E-4,-55.800003,-15.3,2.625,,,,,,,,,,,,,,,,,,
SENSOR,1789661861272,41591534496097,0.1477568,0.2425724,9.85813,1.5271618E-4,3.0543236E-4,4.5814854E-4,-55.800003,-15.3,2.625,,,,,,,,,,,,,,,,,,
SENSOR,1789661861299,41591544496097,0.1477568,0.2425724,9.85813,1.5271618E-4,3.0543236E-4,4.5814854E-4,-55.275,-14.85,2.9250002,,,,,,,,,,,,,,,,,,
SENSOR,1789661861368,41591586179378,0.14416756,0.24227329,9.85813,1.5271618E-4,3.0543236E-4,4.5814854E-4,-55.275,-14.85,2.9250002,,,,,,,,,,,,,,,,,,
SENSOR,1789661861376,41591634496097,0.14416756,0.24227329,9.85813,1.5271618E-4,4.5814854E-4,0.0,-55.275,-14.85,2.9250002,,,,,,,,,,,,,,,,,,
SENSOR,1789661861394,41591644496097,0.14416756,0.24227329,9.85813,1.5271618E-4,4.5814854E-4,0.0,-54.9,-15.000001,3.15,,,,,,,,,,,,,,,,,,
SENSOR,1789661861472,41591690360263,0.148355,0.24376881,9.858728,1.5271618E-4,4.5814854E-4,0.0,-54.9,-15.000001,3.15,,,,,,,,,,,,,,,,,,
SENSOR,1789661861473,41591734496097,0.148355,0.24376881,9.858728,1.5271618E-4,-4.5814854E-4,4.5814854E-4,-54.9,-15.000001,3.15,,,,,,,,,,,,,,,,,,
SENSOR,1789661861499,41591744496097,0.148355,0.24376881,9.858728,1.5271618E-4,-4.5814854E-4,4.5814854E-4,-56.025,-14.775001,4.125,,,,,,,,,,,,,,,,,,
SENSOR,1789661861578,41591794541097,0.14416756,0.2428715,9.861719,1.5271618E-4,-4.5814854E-4,4.5814854E-4,-56.025,-14.775001,4.125,,,,,,,,,,,,,,,,,,
SENSOR,1789661861578,41591834496097,0.14416756,0.2428715,9.861719,1.5271618E-4,-3.0543236E-4,-4.5814854E-4,-56.025,-14.775001,4.125,,,,,,,,,,,,,,,,,,
SENSOR,1789661861595,41591844496097,0.14416756,0.2428715,9.861719,1.5271618E-4,-3.0543236E-4,-4.5814854E-4,-55.800003,-15.075001,4.125,,,,,,,,,,,,,,,,,,
SENSOR,1789661861671,41591934496097,0.14416756,0.2428715,9.861719,1.5271618E-4,3.0543236E-4,4.5814854E-4,-55.800003,-15.075001,4.125,,,,,,,,,,,,,,,,,,
SENSOR,1789661861681,41591898721982,0.1468595,0.2425724,9.858429,1.5271618E-4,3.0543236E-4,4.5814854E-4,-55.800003,-15.075001,4.125,,,,,,,,,,,,,,,,,,
SENSOR,1789661861698,41591944496097,0.1468595,0.2425724,9.858429,1.5271618E-4,3.0543236E-4,4.5814854E-4,-55.875004,-14.85,3.3000002,,,,,,,,,,,,,,,,,,
SENSOR,1789661861776,41592034496097,0.1468595,0.2425724,9.858429,-6.108647E-4,-3.0543236E-4,4.5814854E-4,-55.875004,-14.85,3.3000002,,,,,,,,,,,,,,,,,,
SENSOR,1789661861785,41592002902815,0.14566308,0.2440679,9.857532,-6.108647E-4,-3.0543236E-4,4.5814854E-4,-55.875004,-14.85,3.3000002,,,,,,,,,,,,,,,,,,
SENSOR,1789661861796,41592044496097,0.14566308,0.2440679,9.857532,-6.108647E-4,-3.0543236E-4,4.5814854E-4,-55.95,-14.85,5.4,,,,,,,,,,,,,,,,,,
SENSOR,1789661861871,41592134496097,0.14566308,0.2440679,9.857532,1.5271618E-4,4.5814854E-4,-6.108647E-4,-55.95,-14.85,5.4,,,,,,,,,,,,,,,,,,
SENSOR,1789661861889,41592107083701,0.14536397,0.2425724,9.860523,1.5271618E-4,4.5814854E-4,-6.108647E-4,-55.95,-14.85,5.4,,,,,,,,,,,,,,,,,,
SENSOR,1789661861898,41592144496097,0.14536397,0.2425724,9.860523,1.5271618E-4,4.5814854E-4,-6.108647E-4,-55.575,-14.700001,4.05,,,,,,,,,,,,,,,,,,
SENSOR,1789661861976,41592234496097,0.14536397,0.2425724,9.860523,1.5271618E-4,-7.635809E-4,4.5814854E-4,-55.575,-14.700001,4.05,,,,,,,,,,,,,,,,,,
SENSOR,1789661861994,41592211264534,0.14536397,0.2416751,9.860224,1.5271618E-4,-7.635809E-4,4.5814854E-4,-55.575,-14.700001,4.05,,,,,,,,,,,,,,,,,,
SENSOR,1789661861994,41592244496097,0.14536397,0.2416751,9.860224,1.5271618E-4,-7.635809E-4,4.5814854E-4,-55.725002,-14.775001,3.825,,,,,,,,,,,,,,,,,,
SENSOR,1789661862071,41592334496097,0.14536397,0.2416751,9.860224,1.5271618E-4,4.5814854E-4,-7.635809E-4,-55.725002,-14.775001,3.825,,,,,,,,,,,,,,,,,,
SENSOR,1789661862098,41592315445419,0.14446667,0.2428715,9.860523,1.5271618E-4,4.5814854E-4,-7.635809E-4,-55.725002,-14.775001,3.825,,,,,,,,,,,,,,,,,,
SENSOR,1789661862099,41592344496097,0.14446667,0.2428715,9.860523,1.5271618E-4,4.5814854E-4,-7.635809E-4,-56.7,-15.225,4.7250004,,,,,,,,,,,,,,,,,,
SENSOR,1789661862176,41592434496097,0.14446667,0.2428715,9.860523,-3.0543236E-4,-1.5271618E-4,4.5814854E-4,-56.7,-15.225,4.7250004,,,,,,,,,,,,,,,,,,
SENSOR,1789661862193,41592444496097,0.14446667,0.2428715,9.860523,-3.0543236E-4,-1.5271618E-4,4.5814854E-4,-56.550003,-15.075001,4.9500003,,,,,,,,,,,,,,,,,,
SENSOR,1789661862203,41592419626305,0.14536397,0.24376881,9.857831,-3.0543236E-4,-1.5271618E-4,4.5814854E-4,-56.550003,-15.075001,4.9500003,,,,,,,,,,,,,,,,,,
SENSOR,1789661862270,41592534496097,0.14536397,0.24376881,9.857831,-0.0022907427,-7.635809E-4,4.5814854E-4,-56.550003,-15.075001,4.9500003,,,,,,,,,,,,,,,,,,
SENSOR,1789661862298,41592544496097,0.14536397,0.24376881,9.857831,-0.0022907427,-7.635809E-4,4.5814854E-4,-54.675003,-14.925,3.9,,,,,,,,,,,,,,,,,,
SENSOR,1789661862306,41592523807190,0.14416756,0.25633112,9.859925,-0.0022907427,-7.635809E-4,4.5814854E-4,-54.675003,-14.925,3.9,,,,,,,,,,,,,,,,,,
SENSOR,1789661862376,41592634496097,0.14416756,0.25633112,9.859925,-0.005803215,-0.012217294,4.5814854E-4,-54.675003,-14.925,3.9,,,,,,,,,,,,,,,,,,
SENSOR,1789661862394,41592644496097,0.14416756,0.25633112,9.859925,-0.005803215,-0.012217294,4.5814854E-4,-56.550003,-15.225,5.4750004,,,,,,,,,,,,,,,,,,
SENSOR,1789661862410,41592627988076,0.15074782,0.22462623,9.855738,-0.005803215,-0.012217294,4.5814854E-4,-56.550003,-15.225,5.4750004,,,,,,,,,,,,,,,,,,
SENSOR,1789661862471,41592734496097,0.15074782,0.22462623,9.855738,0.0038179045,0.007635809,-7.635809E-4,-56.550003,-15.225,5.4750004,,,,,,,,,,,,,,,,,,
SENSOR,1789661862498,41592744496097,0.15074782,0.22462623,9.855738,0.0038179045,0.007635809,-7.635809E-4,-56.325,-14.625001,5.4750004,,,,,,,,,,,,,,,,,,
SENSOR,1789661862515,41592732168961,0.15104693,0.23868406,9.860523,0.0038179045,0.007635809,-7.635809E-4,-56.325,-14.625001,5.4750004,,,,,,,,,,,,,,,,,,
SENSOR,1789661862575,41592834496097,0.15104693,0.23868406,9.860523,-0.001679878,-0.002596175,4.5814854E-4,-56.325,-14.625001,5.4750004,,,,,,,,,,,,,,,,,,
SENSOR,1789661862593,41592844496097,0.15104693,0.23868406,9.860523,-0.001679878,-0.002596175,4.5814854E-4,-55.800003,-14.775001,4.875,,,,,,,,,,,,,,,,,,
SENSOR,1789661862619,41592836349899,0.15014961,0.24197419,9.859925,-0.001679878,-0.002596175,4.5814854E-4,-55.800003,-14.775001,4.875,,,,,,,,,,,,,,,,,,
SENSOR,1789661862679,41592934496097,0.15014961,0.24197419,9.859925,1.5271618E-4,4.5814854E-4,4.5814854E-4,-55.800003,-14.775001,4.875,,,,,,,,,,,,,,,,,,
SENSOR,1789661862697,41592944496097,0.15014961,0.24197419,9.859925,1.5271618E-4,4.5814854E-4,4.5814854E-4,-55.425003,-15.000001,4.125,,,,,,,,,,,,,,,,,,
SENSOR,1789661862723,41592940530784,0.15014961,0.24077778,9.856635,1.5271618E-4,4.5814854E-4,4.5814854E-4,-55.425003,-15.000001,4.125,,,,,,,,,,,,,,,,,,
SENSOR,1789661862774,41593034496097,0.15014961,0.24077778,9.856635,1.5271618E-4,-3.0543236E-4,-7.635809E-4,-55.425003,-15.000001,4.125,,,,,,,,,,,,,,,,,,
SENSOR,1789661862792,41593044496097,0.15014961,0.24077778,9.856635,1.5271618E-4,-3.0543236E-4,-7.635809E-4,-56.025,-15.000001,4.5,,,,,,,,,,,,,,,,,,
SENSOR,1789661862827,41593044711722,0.15104693,0.2428715,9.862617,1.5271618E-4,-3.0543236E-4,-7.635809E-4,-56.025,-15.000001,4.5,,,,,,,,,,,,,,,,,,
SENSOR,1789661862879,41593134496097,0.15104693,0.2428715,9.862617,-0.0010690133,-0.0019853103,4.5814854E-4,-56.025,-15.000001,4.5,,,,,,,,,,,,,,,,,,
SENSOR,1789661862896,41593144496097,0.15104693,0.2428715,9.862617,-0.0010690133,-0.0019853103,4.5814854E-4,-54.975002,-14.625001,2.4,,,,,,,,,,,,,,,,,,
SENSOR,1789661862930,41593148892607,0.1468595,0.23808585,9.859326,-0.0010690133,-0.0019853103,4.5814854E-4,-54.975002,-14.625001,2.4,,,,,,,,,,,,,,,,,,
SENSOR,1789661862974,41593234496097,0.1468595,0.23808585,9.859326,1.5271618E-4,4.5814854E-4,-7.635809E-4,-54.975002,-14.625001,2.4,,,,,,,,,,,,,,,,,,
SENSOR,1789661862992,41593244496097,0.1468595,0.23808585,9.859326,1.5271618E-4,4.5814854E-4,-7.635809E-4,-55.425003,-14.85,3.825,,,,,,,,,,,,,,,,,,
SENSOR,1789661863034,41593253073544,0.14356937,0.24675983,9.858429,1.5271618E-4,4.5814854E-4,-7.635809E-4,-55.425003,-14.85,3.825,,,,,,,,,,,,,,,,,,
SENSOR,1789661863080,41593334496097,0.14356937,0.24675983,9.858429,0.007941241,0.018325942,4.5814854E-4,-55.425003,-14.85,3.825,,,,,,,,,,,,,,,,,,
SENSOR,1789661863095,41593344496097,0.14356937,0.24675983,9.858429,0.007941241,0.018325942,4.5814854E-4,-55.125004,-15.000001,4.275,,,,,,,,,,,,,,,,,,
SENSOR,1789661863139,41593357254482,0.15373886,0.23389842,9.859028,0.007941241,0.018325942,4.5814854E-4,-55.125004,-15.000001,4.275,,,,,,,,,,,,,,,,,,
SENSOR,1789661863173,41593434496097,0.15373886,0.23389842,9.859028,-7.635809E-4,-0.0032070398,-7.635809E-4,-55.125004,-15.000001,4.275,,,,,,,,,,,,,,,,,,
SENSOR,1789661863191,41593444496097,0.15373886,0.23389842,9.859028,-7.635809E-4,-0.0032070398,-7.635809E-4,-53.175003,-14.700001,0.075,,,,,,,,,,,,,,,,,,
SENSOR,1789661863243,41593461435419,0.14955142,0.24197419,9.861121,-7.635809E-4,-0.0032070398,-7.635809E-4,-53.175003,-14.700001,0.075,,,,,,,,,,,,,,,,,,
SENSOR,1789661863278,41593534496097,0.14955142,0.24197419,9.861121,1.5271618E-4,0.002443459,-7.635809E-4,-53.175003,-14.700001,0.075,,,,,,,,,,,,,,,,,,
SENSOR,1789661863295,41593544496097,0.14955142,0.24197419,9.861121,1.5271618E-4,0.002443459,-7.635809E-4,-54.9,-14.700001,1.6500001,,,,,,,,,,,,,,,,,,
SENSOR,1789661863348,41593565616357,0.1477568,0.24675983,9.864112,1.5271618E-4,0.002443459,-7.635809E-4,-54.9,-14.700001,1.6500001,,,,,,,,,,,,,,,,,,
SENSOR,1789661863373,41593634496097,0.1477568,0.24675983,9.864112,-3.0543236E-4,-0.0012217294,4.5814854E-4,-54.9,-14.700001,1.6500001,,,,,,,,,,,,,,,,,,
SENSOR,1789661863390,41593644496097,0.1477568,0.24675983,9.864112,-3.0543236E-4,-0.0012217294,4.5814854E-4,-54.000004,-14.625001,1.2750001,,,,,,,,,,,,,,,,,,
SENSOR,1789661863453,41593669797294,0.14955142,0.23868406,9.858429,-3.0543236E-4,-0.0012217294,4.5814854E-4,-54.000004,-14.625001,1.2750001,,,,,,,,,,,,,,,,,,
SENSOR,1789661863477,41593734496097,0.14955142,0.23868406,9.858429,1.5271618E-4,1.5271618E-4,4.5814854E-4,-54.000004,-14.625001,1.2750001,,,,,,,,,,,,,,,,,,
SENSOR,1789661863495,41593744496097,0.14955142,0.23868406,9.858429,1.5271618E-4,1.5271618E-4,4.5814854E-4,-55.425003,-15.075001,3.9,,,,,,,,,,,,,,,,,,
SENSOR,1789661863556,41593773978232,0.1480559,0.24197419,9.861121,1.5271618E-4,1.5271618E-4,4.5814854E-4,-55.425003,-15.075001,3.9,,,,,,,,,,,,,,,,,,
SENSOR,1789661863573,41593834496097,0.1480559,0.24197419,9.861121,1.5271618E-4,4.5814854E-4,4.5814854E-4,-55.425003,-15.075001,3.9,,,,,,,,,,,,,,,,,,
SENSOR,1789661863594,41593844496097,0.1480559,0.24197419,9.861121,1.5271618E-4,4.5814854E-4,4.5814854E-4,-54.300003,-14.925,0.075,,,,,,,,,,,,,,,,,,
SENSOR,1789661863661,41593878159222,0.14925231,0.24017957,9.858429,1.5271618E-4,4.5814854E-4,4.5814854E-4,-54.300003,-14.925,0.075,,,,,,,,,,,,,,,,,,
SENSOR,1789661863680,41593934496097,0.14925231,0.24017957,9.858429,1.5271618E-4,-7.635809E-4,-7.635809E-4,-54.300003,-14.925,0.075,,,,,,,,,,,,,,,,,,
SENSOR,1789661863698,41593944496097,0.14925231,0.24017957,9.858429,1.5271618E-4,-7.635809E-4,-7.635809E-4,-56.325,-15.525001,3.7500002,,,,,,,,,,,,,,,,,,
SENSOR,1789661863764,41593982340159,0.148355,0.23808585,9.861719,1.5271618E-4,-7.635809E-4,-7.635809E-4,-56.325,-15.525001,3.7500002,,,,,,,,,,,,,,,,,,
SENSOR,1789661863773,41594034496097,0.148355,0.23808585,9.861719,0.0032070398,0.006719512,-4.5814854E-4,-56.325,-15.525001,3.7500002,,,,,,,,,,,,,,,,,,
SENSOR,1789661863801,41594044496097,0.148355,0.23808585,9.861719,0.0032070398,0.006719512,-4.5814854E-4,-56.025,-15.075001,4.2000003,,,,,,,,,,,,,,,,,,
SENSOR,1789661863868,41594086521097,0.14925231,0.24376881,9.862916,0.0032070398,0.006719512,-4.5814854E-4,-56.025,-15.075001,4.2000003,,,,,,,,,,,,,,,,,,
SENSOR,1789661863878,41594134496097,0.14925231,0.24376881,9.862916,-7.635809E-4,-0.0022907427,4.5814854E-4,-56.025,-15.075001,4.2000003,,,,,,,,,,,,,,,,,,
SENSOR,1789661863896,41594144496097,0.14925231,0.24376881,9.862916,-7.635809E-4,-0.0022907427,4.5814854E-4,-54.9,-15.000001,2.4,,,,,,,,,,,,,,,,,,
SENSOR,1789661863973,41594234496097,0.14925231,0.24376881,9.862916,1.5271618E-4,4.5814854E-4,1.5271618E-4,-54.9,-15.000001,2.4,,,,,,,,,,,,,,,,,,
SENSOR,1789661863973,41594190702034,0.1480559,0.23958136,9.862318,1.5271618E-4,4.5814854E-4,1.5271618E-4,-54.9,-15.000001,2.4,,,,,,,,,,,,,,,,,,
SENSOR,1789661864000,41594244496097,0.1480559,0.23958136,9.862318,1.5271618E-4,4.5814854E-4,1.5271618E-4,-53.100002,-14.925,-0.90000004,,,,,,,,,,,,,,,,,,
SENSOR,1789661864078,41594294882972,0.15164514,0.24077778,9.860224,1.5271618E-4,4.5814854E-4,1.5271618E-4,-53.100002,-14.925,-0.90000004,,,,,,,,,,,,,,,,,,
SENSOR,1789661864079,41594334496097,0.15164514,0.24077778,9.860224,1.5271618E-4,-4.5814854E-4,-4.5814854E-4,-53.100002,-14.925,-0.90000004,,,,,,,,,,,,,,,,,,
SENSOR,1789661864096,41594344496097,0.15164514,0.24077778,9.860224,1.5271618E-4,-4.5814854E-4,-4.5814854E-4,-53.175003,-14.55,-1.725,,,,,,,,,,,,,,,,,,
SENSOR,1789661864172,41594434496097,0.15164514,0.24077778,9.860224,-7.635809E-4,1.5271618E-4,4.5814854E-4,-53.175003,-14.55,-1.725,,,,,,,,,,,,,,,,,,
SENSOR,1789661864180,41594399063961,0.148355,0.24047868,9.861719,-7.635809E-4,1.5271618E-4,4.5814854E-4,-53.175003,-14.55,-1.725,,,,,,,,,,,,,,,,,,
SENSOR,1789661864198,41594444496097,0.148355,0.24047868,9.861719,-7.635809E-4,1.5271618E-4,4.5814854E-4,-53.325,-14.775001,-0.22500001,,,,,,,,,,,,,,,,,,
SENSOR,1789661864277,41594534496097,0.148355,0.24047868,9.861719,1.5271618E-4,0.0,-4.5814854E-4,-53.325,-14.775001,-0.22500001,,,,,,,,,,,,,,,,,,
SENSOR,1789661864284,41594503244899,0.15224335,0.24107689,9.861121,1.5271618E-4,0.0,-4.5814854E-4,-53.325,-14.775001,-0.22500001,,,,,,,,,,,,,,,,,,
SENSOR,1789661864294,41594544496097,0.15224335,0.24107689,9.861121,1.5271618E-4,0.0,-4.5814854E-4,-53.475002,-14.55,0.15,,,,,,,,,,,,,,,,,,
SENSOR,1789661864373,41594636384638,0.15224335,0.24107689,9.861121,1.5271618E-4,4.5814854E-4,-7.635809E-4,-53.475002,-14.55,0.15,,,,,,,,,,,,,,,,,,
SENSOR,1789661864386,41594646189690,0.15224335,0.24107689,9.861121,1.5271618E-4,4.5814854E-4,-7.635809E-4,-53.4,-14.700001,0.45000002,,,,,,,,,,,,,,,,,,
SENSOR,1789661864461,41594675679794,0.15014961,0.2416751,9.862916,1.5271618E-4,4.5814854E-4,-7.635809E-4,-53.4,-14.700001,0.45000002,,,,,,,,,,,,,,,,,,
SENSOR,1789661864470,41594734482607,0.15014961,0.2416751,9.862916,1.5271618E-4,4.5814854E-4,-0.0012217294,-53.4,-14.700001,0.45000002,,,,,,,,,,,,,,,,,,
SENSOR,1789661864486,41594744289690,0.15014961,0.2416751,9.862916,1.5271618E-4,4.5814854E-4,-0.0012217294,-54.675003,-14.475,1.35,,,,,,,,,,,,,,,,,,
SENSOR,1789661864558,41594773781149,0.14955142,0.2431706,9.860822,1.5271618E-4,4.5814854E-4,-0.0012217294,-54.675003,-14.475,1.35,,,,,,,,,,,,,,,,,,
SENSOR,1789661864568,41594832582503,0.14955142,0.2431706,9.860822,9.162971E-4,-1.5271618E-4,3.0543236E-4,-54.675003,-14.475,1.35,,,,,,,,,,,,,,,,,,
SENSOR,1789661864585,41594842387347,0.14955142,0.2431706,9.860822,9.162971E-4,-1.5271618E-4,3.0543236E-4,-53.925003,-14.775001,0.0,,,,,,,,,,,,,,,,,,
SENSOR,1789661864659,41594871884847,0.15074782,0.2428715,9.858429,9.162971E-4,-1.5271618E-4,3.0543236E-4,-53.925003,-14.775001,0.0,,,,,,,,,,,,,,,,,,
SENSOR,1789661864669,41594930692763,0.15074782,0.2428715,9.858429,-1.5271618E-4,-7.635809E-4,0.0013744456,-53.925003,-14.775001,0.0,,,,,,,,,,,,,,,,,,
SENSOR,1789661864685,41594940511982,0.15074782,0.2428715,9.858429,-1.5271618E-4,-7.635809E-4,0.0013744456,-52.350002,-14.55,-1.8000001,,,,,,,,,,,,,,,,,,
SENSOR,1789661864755,41594970041097,0.15373886,0.23001008,9.856635,-1.5271618E-4,-7.635809E-4,0.0013744456,-52.350002,-14.55,-1.8000001,,,,,,,,,,,,,,,,,,
SENSOR,1789661864765,41595028848076,0.15373886,0.23001008,9.856635,-7.635809E-4,-0.0012217294,-6.108647E-4,-52.350002,-14.55,-1.8000001,,,,,,,,,,,,,,,,,,
SENSOR,1789661864777,41595038664742,0.15373886,0.23001008,9.856635,-7.635809E-4,-0.0012217294,-6.108647E-4,-53.775,-14.475,-0.90000004,,,,,,,,,,,,,,,,,,
SENSOR,1789661864853,41595068201774,0.14895321,0.2533401,9.861121,-7.635809E-4,-0.0012217294,-6.108647E-4,-53.775,-14.475,-0.90000004,,,,,,,,,,,,,,,,,,
SENSOR,1789661864864,41595127011669,0.14895321,0.2533401,9.861121,-1.5271618E-4,-6.108647E-4,3.0543236E-4,-53.775,-14.475,-0.90000004,,,,,,,,,,,,,,,,,,
SENSOR,1789661864876,41595136831669,0.14895321,0.2533401,9.861121,-1.5271618E-4,-6.108647E-4,3.0543236E-4,-54.525,-14.775001,1.6500001,,,,,,,,,,,,,,,,,,
SENSOR,1789661864952,41595166340472,0.17467605,0.22492532,9.856635,-1.5271618E-4,-6.108647E-4,3.0543236E-4,-54.525,-14.775001,1.6500001,,,,,,,,,,,,,,,,,,
SENSOR,1789661864962,41595225153649,0.17467605,0.22492532,9.856635,0.0015271618,-0.045356706,0.0013744456,-54.525,-14.775001,1.6500001,,,,,,,,,,,,,,,,,,
SENSOR,1789661864979,41595234955003,0.17467605,0.22492532,9.856635,0.0015271618,-0.045356706,0.0013744456,-55.350002,-14.625001,2.1750002,,,,,,,,,,,,,,,,,,
SENSOR,1789661865050,41595264491617,0.1369891,0.24197419,9.855738,0.0015271618,-0.045356706,0.0013744456,-55.350002,-14.625001,2.1750002,,,,,,,,,,,,,,,,,,
SENSOR,1789661865059,41595323290628,0.1369891,0.24197419,9.855738,-0.003359756,-0.010231984,-0.0018325942,-55.350002,-14.625001,2.1750002,,,,,,,,,,,,,,,,,,
SENSOR,1789661865075,41595333102972,0.1369891,0.24197419,9.855738,-0.003359756,-0.010231984,-0.0018325942,-53.175003,-14.55,0.15,,,,,,,,,,,,,,,,,,
SENSOR,1789661865162,41595424496097,0.1369891,0.24197419,9.855738,-0.0010690133,-0.0013744456,4.5814854E-4,-53.175003,-14.55,0.15,,,,,,,,,,,,,,,,,,
SENSOR,1789661865188,41595434496097,0.1369891,0.24197419,9.855738,-0.0010690133,-0.0013744456,4.5814854E-4,-52.875004,-14.175,-1.2,,,,,,,,,,,,,,,,,,
SENSOR,1789661865205,41595423509951,0.14297116,0.25244278,9.82493,-0.0010690133,-0.0013744456,4.5814854E-4,-52.875004,-14.175,-1.2,,,,,,,,,,,,,,,,,,
SENSOR,1789661865265,41595524496097,0.14297116,0.25244278,9.82493,1.5271618E-4,-7.635809E-4,4.5814854E-4,-52.875004,-14.175,-1.2,,,,,,,,,,,,,,,,,,
SENSOR,1789661865288,41595534496097,0.14297116,0.25244278,9.82493,1.5271618E-4,-7.635809E-4,4.5814854E-4,-54.225002,-14.85,1.0500001,,,,,,,,,,,,,,,,,,
SENSOR,1789661865309,41595527690940,0.15014961,0.24077778,9.858728,1.5271618E-4,-7.635809E-4,4.5814854E-4,-54.225002,-14.85,1.0500001,,,,,,,,,,,,,,,,,,
SENSOR,1789661865362,41595624496097,0.15014961,0.24077778,9.858728,-0.0012217294,-0.0010690133,4.5814854E-4,-54.225002,-14.85,1.0500001,,,,,,,,,,,,,,,,,,
SENSOR,1789661865388,41595634496097,0.15014961,0.24077778,9.858728,-0.0012217294,-0.0010690133,4.5814854E-4,-55.350002,-15.150001,3.075,,,,,,,,,,,,,,,,,,
SENSOR,1789661865414,41595631871982,0.14955142,0.2416751,9.855139,-0.0012217294,-0.0010690133,4.5814854E-4,-55.350002,-15.150001,3.075,,,,,,,,,,,,,,,,,,
SENSOR,1789661865465,41595724496097,0.14955142,0.2416751,9.855139,1.5271618E-4,-0.0,-0.0,-55.350002,-15.150001,3.075,,,,,,,,,,,,,,,,,,
SENSOR,1789661865483,41595734496097,0.14955142,0.2416751,9.855139,1.5271618E-4,-0.0,-0.0,-55.500004,-15.075001,2.775,,,,,,,,,,,,,,,,,,
SENSOR,1789661865518,41595736052972,0.14955142,0.24137598,9.860822,1.5271618E-4,-0.0,-0.0,-55.500004,-15.075001,2.775,,,,,,,,,,,,,,,,,,
SENSOR,1789661865561,41595824496097,0.14955142,0.24137598,9.860822,1.5271618E-4,0.0015271618,4.5814854E-4,-55.500004,-15.075001,2.775,,,,,,,,,,,,,,,,,,
SENSOR,1789661865587,41595834496097,0.14955142,0.24137598,9.860822,1.5271618E-4,0.0015271618,4.5814854E-4,-55.725002,-15.150001,3.075,,,,,,,,,,,,,,,,,,
SENSOR,1789661865621,41595840233961,0.14895321,0.24047868,9.859626,1.5271618E-4,0.0015271618,4.5814854E-4,-55.725002,-15.150001,3.075,,,,,,,,,,,,,,,,,,
SENSOR,1789661865665,41595924496097,0.14895321,0.24047868,9.859626,-0.0010690133,-7.635809E-4,4.5814854E-4,-55.725002,-15.150001,3.075,,,,,,,,,,,,,,,,,,
SENSOR,1789661865682,41595934496097,0.14895321,0.24047868,9.859626,-0.0010690133,-7.635809E-4,4.5814854E-4,-55.65,-15.225,4.5750003,,,,,,,,,,,,,,,,,,
SENSOR,1789661865726,41595944414951,0.15014961,0.23659034,9.858728,-0.0010690133,-7.635809E-4,4.5814854E-4,-55.65,-15.225,4.5750003,,,,,,,,,,,,,,,,,,
SENSOR,1789661865760,41596024496097,0.15014961,0.23659034,9.858728,1.5271618E-4,4.5814854E-4,4.5814854E-4,-55.65,-15.225,4.5750003,,,,,,,,,,,,,,,,,,
SENSOR,1789661865786,41596034496097,0.15014961,0.23659034,9.858728,1.5271618E-4,4.5814854E-4,4.5814854E-4,-56.025,-15.000001,5.175,,,,,,,,,,,,,,,,,,
SENSOR,1789661865830,41596048595992,0.15014961,0.2425724,9.862617,1.5271618E-4,4.5814854E-4,4.5814854E-4,-56.025,-15.000001,5.175,,,,,,,,,,,,,,,,,,
SENSOR,1789661865865,41596124496097,0.15014961,0.2425724,9.862617,1.5271618E-4,4.5814854E-4,4.5814854E-4,-56.025,-15.000001,5.175,,,,,,,,,,,,,,,,,,
SENSOR,1789661865882,41596134496097,0.15014961,0.2425724,9.862617,1.5271618E-4,4.5814854E-4,4.5814854E-4,-56.100002,-14.925,3.9,,,,,,,,,,,,,,,,,,
SENSOR,1789661865934,41596152776982,0.15074782,0.23659034,9.861421,1.5271618E-4,4.5814854E-4,4.5814854E-4,-56.100002,-14.925,3.9,,,,,,,,,,,,,,,,,,
SENSOR,1789661865961,41596224496097,0.15074782,0.23659034,9.861421,1.5271618E-4,-7.635809E-4,4.5814854E-4,-56.100002,-14.925,3.9,,,,,,,,,,,,,,,,,,
SENSOR,1789661865986,41596234496097,0.15074782,0.23659034,9.861421,1.5271618E-4,-7.635809E-4,4.5814854E-4,-54.600002,-14.925,2.4750001,,,,,,,,,,,,,,,,,,
SENSOR,1789661866038,41596256957972,0.15014961,0.23688944,9.864112,1.5271618E-4,-7.635809E-4,4.5814854E-4,-54.600002,-14.925,2.4750001,,,,,,,,,,,,,,,,,,
SENSOR,1789661866065,41596324496097,0.15014961,0.23688944,9.864112,-4.5814854E-4,4.5814854E-4,4.5814854E-4,-54.600002,-14.925,2.4750001,,,,,,,,,,,,,,,,,,
SENSOR,1789661866082,41596334496097,0.15014961,0.23688944,9.864112,-4.5814854E-4,4.5814854E-4,4.5814854E-4,-54.600002,-14.475,3.15,,,,,,,,,,,,,,,,,,
SENSOR,1789661866142,41596361138961,0.15224335,0.23958136,9.862318,-4.5814854E-4,4.5814854E-4,4.5814854E-4,-54.600002,-14.475,3.15,,,,,,,,,,,,,,,,,,
SENSOR,1789661866169,41596424496097,0.15224335,0.23958136,9.862318,1.5271618E-4,4.5814854E-4,-7.635809E-4,-54.600002,-14.475,3.15,,,,,,,,,,,,,,,,,,
SENSOR,1789661866186,41596434496097,0.15224335,0.23958136,9.862318,1.5271618E-4,4.5814854E-4,-7.635809E-4,-54.600002,-14.625001,1.575,,,,,,,,,,,,,,,,,,
SENSOR,1789661866248,41596465320003,0.14566308,0.24915266,9.859626,1.5271618E-4,4.5814854E-4,-7.635809E-4,-54.600002,-14.625001,1.575,,,,,,,,,,,,,,,,,,
SENSOR,1789661866264,41596524496097,0.14566308,0.24915266,9.859626,-0.019547671,-0.04199695,0.0010690133,-54.600002,-14.625001,1.575,,,,,,,,,,,,,,,,,,
SENSOR,1789661866281,41596534496097,0.14566308,0.24915266,9.859626,-0.019547671,-0.04199695,0.0010690133,-52.95,-15.000001,0.22500001,,,,,,,,,,,,,,,,,,
SENSOR,1789661866351,41596569500992,0.15553348,0.23150559,9.864112,-0.019547671,-0.04199695,0.0010690133,-52.95,-15.000001,0.22500001,,,,,,,,,,,,,,,,,,
SENSOR,1789661866368,41596624496097,0.15553348,0.23150559,9.864112,9.162971E-4,0.0027488912,-7.635809E-4,-52.95,-15.000001,0.22500001,,,,,,,,,,,,,,,,,,
SENSOR,1789661866387,41596634496097,0.15553348,0.23150559,9.864112,9.162971E-4,0.0027488912,-7.635809E-4,-53.175003,-14.55,0.52500004,,,,,,,,,,,,,,,,,,
SENSOR,1789661866455,41596673681982,0.15074782,0.2425724,9.861719,9.162971E-4,0.0027488912,-7.635809E-4,-53.175003,-14.55,0.52500004,,,,,,,,,,,,,,,,,,
SENSOR,1789661866464,41596724496097,0.15074782,0.2425724,9.861719,-0.0015271618,-0.0018325942,-7.635809E-4,-53.175003,-14.55,0.52500004,,,,,,,,,,,,,,,,,,
SENSOR,1789661866502,41596734496097,0.15074782,0.2425724,9.861719,-0.0015271618,-0.0018325942,-7.635809E-4,-54.300003,-14.55,0.75,,,,,,,,,,,,,,,,,,
SENSOR,1789661866586,41596824496097,0.15074782,0.2425724,9.861719,0.0010690133,0.0022907427,-7.635809E-4,-54.300003,-14.55,0.75,,,,,,,,,,,,,,,,,,
SENSOR,1789661866586,41596834496097,0.15074782,0.2425724,9.861719,0.0010690133,0.0022907427,-7.635809E-4,-51.750004,-14.250001,-2.9250002,,,,,,,,,,,,,,,,,,
SENSOR,1789661866586,41596777862972,0.1471586,0.24197419,9.861421,0.0010690133,0.0022907427,-7.635809E-4,-51.750004,-14.250001,-2.9250002,,,,,,,,,,,,,,,,,,
SENSOR,1789661866668,41596924496097,0.1471586,0.24197419,9.861421,-3.0543236E-4,1.5271618E-4,-3.0543236E-4,-51.750004,-14.250001,-2.9250002,,,,,,,,,,,,,,,,,,
SENSOR,1789661866669,41596882043961,0.14955142,0.23778675,9.860523,-3.0543236E-4,1.5271618E-4,-3.0543236E-4,-51.750004,-14.250001,-2.9250002,,,,,,,,,,,,,,,,,,
SENSOR,1789661866682,41596934496097,0.14955142,0.23778675,9.860523,-3.0543236E-4,1.5271618E-4,-3.0543236E-4,-51.750004,-14.250001,-2.1750002,,,,,,,,,,,,,,,,,,
SENSOR,1789661866767,41596986224951,0.148355,0.2431706,9.862318,-3.0543236E-4,1.5271618E-4,-3.0543236E-4,-51.750004,-14.250001,-2.1750002,,,,,,,,,,,,,,,,,,
SENSOR,1789661866767,41597024496097,0.148355,0.2431706,9.862318,-9.162971E-4,-6.108647E-4,4.5814854E-4,-51.750004,-14.250001,-2.1750002,,,,,,,,,,,,,,,,,,
SENSOR,1789661866785,41597034496097,0.148355,0.2431706,9.862318,-9.162971E-4,-6.108647E-4,4.5814854E-4,-54.600002,-14.85,0.3,,,,,,,,,,,,,,,,,,
SENSOR,1789661866863,41597124496097,0.148355,0.2431706,9.862318,-6.108647E-4,4.5814854E-4,-3.0543236E-4,-54.600002,-14.85,0.3,,,,,,,,,,,,,,,,,,
SENSOR,1789661866872,41597090405940,0.14955142,0.23479572,9.861121,-6.108647E-4,4.5814854E-4,-3.0543236E-4,-54.600002,-14.85,0.3,,,,,,,,,,,,,,,,,,
SENSOR,1789661866880,41597134496097,0.14955142,0.23479572,9.861121,-6.108647E-4,4.5814854E-4,-3.0543236E-4,-54.600002,-14.775001,1.8000001,,,,,,,,,,,,,,,,,,
SENSOR,1789661866967,41597224496097,0.14955142,0.23479572,9.861121,1.5271618E-4,4.5814854E-4,-7.635809E-4,-54.600002,-14.775001,1.8000001,,,,,,,,,,,,,,,,,,
SENSOR,1789661866976,41597194586930,0.14955142,0.23958136,9.860523,1.5271618E-4,4.5814854E-4,-7.635809E-4,-54.600002,-14.775001,1.8000001,,,,,,,,,,,,,,,,,,
SENSOR,1789661866985,41597234496097,0.14955142,0.23958136,9.860523,1.5271618E-4,4.5814854E-4,-7.635809E-4,-54.600002,-15.000001,2.325,,,,,,,,,,,,,,,,,,
SENSOR,1789661867063,41597324496097,0.14955142,0.23958136,9.860523,1.5271618E-4,-4.5814854E-4,0.0,-54.600002,-15.000001,2.325,,,,,,,,,,,,,,,,,,
SENSOR,1789661867080,41597298767919,0.14895321,0.24556342,9.860523,1.5271618E-4,-4.5814854E-4,0.0,-54.600002,-15.000001,2.325,,,,,,,,,,,,,,,,,,
SENSOR,1789661867080,41597334496097,0.14895321,0.24556342,9.860523,1.5271618E-4,-4.5814854E-4,0.0,-54.675003,-15.150001,0.82500005,,,,,,,,,,,,,,,,,,
SENSOR,1789661867167,41597424496097,0.14895321,0.24556342,9.860523,1.5271618E-4,1.5271618E-4,4.5814854E-4,-54.675003,-15.150001,0.82500005,,,,,,,,,,,,,,,,,,
SENSOR,1789661867185,41597402948909,0.15014961,0.23988047,9.857532,1.5271618E-4,1.5271618E-4,4.5814854E-4,-54.675003,-15.150001,0.82500005,,,,,,,,,,,,,,,,,,
SENSOR,1789661867185,41597434496097,0.15014961,0.23988047,9.857532,1.5271618E-4,1.5271618E-4,4.5814854E-4,-54.225002,-14.775001,1.2,,,,,,,,,,,,,,,,,,
SENSOR,1789661867262,41597524496097,0.15014961,0.23988047,9.857532,1.5271618E-4,0.0012217294,-7.635809E-4,-54.225002,-14.775001,1.2,,,,,,,,,,,,,,,,,,
SENSOR,1789661867288,41597507129899,0.14895321,0.23898315,9.860523,1.5271618E-4,0.0012217294,-7.635809E-4,-54.225002,-14.775001,1.2,,,,,,,,,,,,,,,,,,
SENSOR,1789661867288,41597534496097,0.14895321,0.23898315,9.860523,1.5271618E-4,0.0012217294,-7.635809E-4,-54.750004,-15.075001,2.1000001,,,,,,,,,,,,,,,,,,
