stream_type,timestamp_ms,sensor_nanos,accel_x,accel_y,accel_z,gyro_x,gyro_y,gyro_z,mag_x,mag_y,mag_z,has_fix,latitude,longitude,altitude,accuracy,speed,bearing,sats_view,sats_used,registered,cell_type,cell_id,mcc,mnc,lac,tac,pci,arfcn,signal_dbm,signal_metric,signal_level,operator
SENSOR,1789661118741,40848979496259,0.15403795,0.2009971,9.863813,,,,,,,,,,,,,,,,,,,,,,,,
SENSOR,1789661118747,40849004496259,0.15403795,0.2009971,9.863813,0.0,3.0543236E-4,1.5271618E-4,,,,,,,,,,,,,,,,,,,,,
SENSOR,1789661118751,40848999498237,0.15732808,0.20697916,9.867104,0.0,3.0543236E-4,1.5271618E-4,,,,,,,,,,,,,,,,,,,,,
CELLULAR,1789661118751,,,,,,,,,,,,,,true,NR,4298047506,405,869,,75,486,156510,-80,NR_SS_RSRP,4,
SENSOR,1789661118768,40849014498237,0.15732808,0.20697916,9.867104,0.0,3.0543236E-4,1.5271618E-4,-47.7,3.7500002,4.05,,,,,,,,,,,,,,,,,,
SENSOR,1789661118831,40849019498237,0.15373886,0.20129621,9.870692,0.0,3.0543236E-4,1.5271618E-4,-47.7,3.7500002,4.05,,,,,,,,,,,,,,,,,,
SENSOR,1789661118831,40849039498237,0.1591227,0.20368902,9.867402,0.0,3.0543236E-4,1.5271618E-4,-47.7,3.7500002,4.05,,,,,,,,,,,,,,,,,,
SENSOR,1789661118831,40849059498237,0.15613168,0.20279172,9.870394,0.0,3.0543236E-4,1.5271618E-4,-47.7,3.7500002,4.05,,,,,,,,,,,,,,,,,,
SENSOR,1789661118831,40849079498237,0.15403795,0.19860429,9.870394,0.0,3.0543236E-4,1.5271618E-4,-47.7,3.7500002,4.05,,,,,,,,,,,,,,,,,,
SENSOR,1789661118849,40849104498237,0.15403795,0.19860429,9.870394,0.0,3.0543236E-4,1.5271618E-4,-47.7,3.7500002,4.05,,,,,,,,,,,,,,,,,,
SENSOR,1789661118865,40849114498237,0.15403795,0.19860429,9.870394,0.0,3.0543236E-4,1.5271618E-4,-48.225002,3.9750001,5.4750004,,,,,,,,,,,,,,,,,,
SENSOR,1789661118933,40849099498237,0.15792629,0.19710876,9.874282,0.0,3.0543236E-4,1.5271618E-4,-48.225002,3.9750001,5.4750004,,,,,,,,,,,,,,,,,,
SENSOR,1789661118933,40849119498237,0.1576272,0.19980069,9.866206,0.0,3.0543236E-4,1.5271618E-4,-48.225002,3.9750001,5.4750004,,,,,,,,,,,,,,,,,,
SENSOR,1789661118933,40849139498237,0.15792629,0.200698,9.8727865,0.0,3.0543236E-4,1.5271618E-4,-48.225002,3.9750001,5.4750004,,,,,,,,,,,,,,,,,,
SENSOR,1789661118933,40849159498237,0.15972091,0.20309082,9.868001,0.0,3.0543236E-4,1.5271618E-4,-48.225002,3.9750001,5.4750004,,,,,,,,,,,,,,,,,,
SENSOR,1789661118934,40849179498237,0.15702899,0.20249261,9.870394,0.0,3.0543236E-4,1.5271618E-4,-48.225002,3.9750001,5.4750004,,,,,,,,,,,,,,,,,,
SENSOR,1789661118942,40849204498237,0.15702899,0.20249261,9.870394,0.0,3.0543236E-4,-7.635809E-4,-48.225002,3.9750001,5.4750004,,,,,,,,,,,,,,,,,,
SENSOR,1789661118968,40849214498237,0.15702899,0.20249261,9.870394,0.0,3.0543236E-4,-7.635809E-4,-49.125004,4.275,6.2250004,,,,,,,,,,,,,,,,,,
SENSOR,1789661119031,40849199498237,0.15343975,0.20219351,9.871889,0.0,3.0543236E-4,-7.635809E-4,-49.125004,4.275,6.2250004,,,,,,,,,,,,,,,,,,
SENSOR,1789661119032,40849219498237,0.15672988,0.20398813,9.869795,0.0,3.0543236E-4,-7.635809E-4,-49.125004,4.275,6.2250004,,,,,,,,,,,,,,,,,,
SENSOR,1789661119032,40849239498237,0.15972091,0.19890338,9.870692,0.0,3.0543236E-4,-7.635809E-4,-49.125004,4.275,6.2250004,,,,,,,,,,,,,,,,,,
SENSOR,1789661119032,40849259498237,0.15702899,0.2009971,9.869795,0.0,3.0543236E-4,-7.635809E-4,-49.125004,4.275,6.2250004,,,,,,,,,,,,,,,,,,
SENSOR,1789661119032,40849279498237,0.15403795,0.20309082,9.870394,0.0,3.0543236E-4,-7.635809E-4,-49.125004,4.275,6.2250004,,,,,,,,,,,,,,,,,,
SENSOR,1789661119047,40849304498237,0.15403795,0.20309082,9.870394,0.0,9.162971E-4,1.5271618E-4,-49.125004,4.275,6.2250004,,,,,,,,,,,,,,,,,,
SENSOR,1789661119064,40849314498237,0.15403795,0.20309082,9.870394,0.0,9.162971E-4,1.5271618E-4,-48.375004,4.2000003,5.625,,,,,,,,,,,,,,,,,,
SENSOR,1789661119131,40849299498237,0.15732808,0.20219351,9.865907,0.0,9.162971E-4,1.5271618E-4,-48.375004,4.2000003,5.625,,,,,,,,,,,,,,,,,,
SENSOR,1789661119132,40849319498237,0.15493527,0.19950159,9.868897,0.0,9.162971E-4,1.5271618E-4,-48.375004,4.2000003,5.625,,,,,,,,,,,,,,,,,,
SENSOR,1789661119132,40849339498237,0.15493527,0.20309082,9.863514,0.0,9.162971E-4,1.5271618E-4,-48.375004,4.2000003,5.625,,,,,,,,,,,,,,,,,,
SENSOR,1789661119132,40849359498237,0.15732808,0.20518455,9.870394,0.0,9.162971E-4,1.5271618E-4,-48.375004,4.2000003,5.625,,,,,,,,,,,,,,,,,,
SENSOR,1789661119132,40849379498237,0.1582254,0.20488544,9.870394,0.0,9.162971E-4,1.5271618E-4,-48.375004,4.2000003,5.625,,,,,,,,,,,,,,,,,,
SENSOR,1789661119141,40849404498237,0.1582254,0.20488544,9.870394,0.0,-9.162971E-4,1.5271618E-4,-48.375004,4.2000003,5.625,,,,,,,,,,,,,,,,,,
SENSOR,1789661119168,40849414498237,0.1582254,0.20488544,9.870394,0.0,-9.162971E-4,1.5271618E-4,-48.975002,3.825,5.4,,,,,,,,,,,,,,,,,,
SENSOR,1789661119231,40849399498237,0.15792629,0.19890338,9.869496,0.0,-9.162971E-4,1.5271618E-4,-48.975002,3.825,5.4,,,,,,,,,,,,,,,,,,
SENSOR,1789661119232,40849419498237,0.1582254,0.20338993,9.871291,0.0,-9.162971E-4,1.5271618E-4,-48.975002,3.825,5.4,,,,,,,,,,,,,,,,,,
SENSOR,1789661119232,40849439498237,0.15463616,0.2015953,9.867702,0.0,-9.162971E-4,1.5271618E-4,-48.975002,3.825,5.4,,,,,,,,,,,,,,,,,,
SENSOR,1789661119232,40849459498237,0.15732808,0.20039889,9.875179,0.0,-9.162971E-4,1.5271618E-4,-48.975002,3.825,5.4,,,,,,,,,,,,,,,,,,
SENSOR,1789661119232,40849479498237,0.15553348,0.19531415,9.863514,0.0,-9.162971E-4,1.5271618E-4,-48.975002,3.825,5.4,,,,,,,,,,,,,,,,,,
SENSOR,1789661119247,40849504498237,0.15553348,0.19531415,9.863514,0.0,-9.162971E-4,-4.5814854E-4,-48.975002,3.825,5.4,,,,,,,,,,,,,,,,,,
SENSOR,1789661119264,40849514498237,0.15553348,0.19531415,9.863514,0.0,-9.162971E-4,-4.5814854E-4,-48.825,3.7500002,5.925,,,,,,,,,,,,,,,,,,
SENSOR,1789661119331,40849499498237,0.15672988,0.20488544,9.864711,0.0,-9.162971E-4,-4.5814854E-4,-48.825,3.7500002,5.925,,,,,,,,,,,,,,,,,,
SENSOR,1789661119331,40849519498237,0.15882361,0.19531415,9.874282,0.0,-9.162971E-4,-4.5814854E-4,-48.825,3.7500002,5.925,,,,,,,,,,,,,,,,,,
SENSOR,1789661119332,40849539498237,0.1576272,0.20279172,9.871291,0.0,-9.162971E-4,-4.5814854E-4,-48.825,3.7500002,5.925,,,,,,,,,,,,,,,,,,
SENSOR,1789661119332,40849559498237,0.1591227,0.20428723,9.868599,0.0,-9.162971E-4,-4.5814854E-4,-48.825,3.7500002,5.925,,,,,,,,,,,,,,,,,,
SENSOR,1789661119332,40849579498237,0.15553348,0.20578274,9.871291,0.0,-9.162971E-4,-4.5814854E-4,-48.825,3.7500002,5.925,,,,,,,,,,,,,,,,,,
SENSOR,1789661119341,40849604498237,0.15553348,0.20578274,9.871291,0.0,3.0543236E-4,1.5271618E-4,-48.825,3.7500002,5.925,,,,,,,,,,,,,,,,,,
SENSOR,1789661119367,40849614498237,0.15553348,0.20578274,9.871291,0.0,3.0543236E-4,1.5271618E-4,-48.750004,3.7500002,6.3,,,,,,,,,,,,,,,,,,
SENSOR,1789661119431,40849599498237,0.15433706,0.20608185,9.873384,0.0,3.0543236E-4,1.5271618E-4,-48.750004,3.7500002,6.3,,,,,,,,,,,,,,,,,,
SENSOR,1789661119431,40849619498237,0.16091733,0.20338993,9.873982,0.0,3.0543236E-4,1.5271618E-4,-48.750004,3.7500002,6.3,,,,,,,,,,,,,,,,,,
SENSOR,1789661119433,40849639498237,0.1591227,0.19980069,9.870992,0.0,3.0543236E-4,1.5271618E-4,-48.750004,3.7500002,6.3,,,,,,,,,,,,,,,,,,
SENSOR,1789661119434,40849659498237,0.16151553,0.20368902,9.870394,0.0,3.0543236E-4,1.5271618E-4,-48.750004,3.7500002,6.3,,,,,,,,,,,,,,,,,,
SENSOR,1789661119434,40849679498237,0.16031912,0.2009971,9.871889,0.0,3.0543236E-4,1.5271618E-4,-48.750004,3.7500002,6.3,,,,,,,,,,,,,,,,,,
SENSOR,1789661119447,40849704498237,0.16031912,0.2009971,9.871889,0.0,-4.5814854E-4,-0.0010690133,-48.750004,3.7500002,6.3,,,,,,,,,,,,,,,,,,
SENSOR,1789661119465,40849714498237,0.16031912,0.2009971,9.871889,0.0,-4.5814854E-4,-0.0010690133,-49.725002,3.9750001,6.7500005,,,,,,,,,,,,,,,,,,
SENSOR,1789661119531,40849699498237,0.15613168,0.20578274,9.870394,0.0,-4.5814854E-4,-0.0010690133,-49.725002,3.9750001,6.7500005,,,,,,,,,,,,,,,,,,
SENSOR,1789661119543,40849719498237,0.1582254,0.20219351,9.865309,0.0,-4.5814854E-4,-0.0010690133,-49.725002,3.9750001,6.7500005,,,,,,,,,,,,,,,,,,
SENSOR,1789661119543,40849739498237,0.15164514,0.20189442,9.869197,0.0,-4.5814854E-4,-0.0010690133,-49.725002,3.9750001,6.7500005,,,,,,,,,,,,,,,,,,
SENSOR,1789661119543,40849759498237,0.15314065,0.2009971,9.867402,0.0,-4.5814854E-4,-0.0010690133,-49.725002,3.9750001,6.7500005,,,,,,,,,,,,,,,,,,
SENSOR,1789661119543,40849779498237,0.15583257,0.2015953,9.869795,0.0,-4.5814854E-4,-0.0010690133,-49.725002,3.9750001,6.7500005,,,,,,,,,,,,,,,,,,
SENSOR,1789661119543,40849804498237,0.15583257,0.2015953,9.869795,0.0,1.5271618E-4,1.5271618E-4,-49.725002,3.9750001,6.7500005,,,,,,,,,,,,,,,,,,
SENSOR,1789661119567,40849814498237,0.15583257,0.2015953,9.869795,0.0,1.5271618E-4,1.5271618E-4,-49.425003,3.9750001,6.675,,,,,,,,,,,,,,,,,,
SENSOR,1789661119631,40849799498237,0.15643078,0.19980069,9.870992,0.0,1.5271618E-4,1.5271618E-4,-49.425003,3.9750001,6.675,,,,,,,,,,,,,,,,,,
SENSOR,1789661119632,40849819498237,0.1585245,0.2000998,9.870394,0.0,1.5271618E-4,1.5271618E-4,-49.425003,3.9750001,6.675,,,,,,,,,,,,,,,,,,
SENSOR,1789661119632,40849839498237,0.15523437,0.20548365,9.871889,0.0,1.5271618E-4,1.5271618E-4,-49.425003,3.9750001,6.675,,,,,,,,,,,,,,,,,,
SENSOR,1789661119633,40849859498237,0.15343975,0.20129621,9.870992,0.0,1.5271618E-4,1.5271618E-4,-49.425003,3.9750001,6.675,,,,,,,,,,,,,,,,,,
SENSOR,1789661119633,40849879498237,0.15972091,0.20219351,9.867402,0.0,1.5271618E-4,1.5271618E-4,-49.425003,3.9750001,6.675,,,,,,,,,,,,,,,,,,
SENSOR,1789661119646,40849904498237,0.15972091,0.20219351,9.867402,0.0,3.0543236E-4,-4.5814854E-4,-49.425003,3.9750001,6.675,,,,,,,,,,,,,,,,,,
SENSOR,1789661119665,40849914498237,0.15972091,0.20219351,9.867402,0.0,3.0543236E-4,-4.5814854E-4,-49.725002,4.125,6.6000004,,,,,,,,,,,,,,,,,,
SENSOR,1789661119731,40849899498237,0.15643078,0.2009971,9.865309,0.0,3.0543236E-4,-4.5814854E-4,-49.725002,4.125,6.6000004,,,,,,,,,,,,,,,,,,
SENSOR,1789661119732,40849919498237,0.15224335,0.2015953,9.864112,0.0,3.0543236E-4,-4.5814854E-4,-49.725002,4.125,6.6000004,,,,,,,,,,,,,,,,,,
SENSOR,1789661119732,40849939498237,0.15373886,0.19950159,9.869795,0.0,3.0543236E-4,-4.5814854E-4,-49.725002,4.125,6.6000004,,,,,,,,,,,,,,,,,,
SENSOR,1789661119732,40849959498237,0.15403795,0.20219351,9.862916,0.0,3.0543236E-4,-4.5814854E-4,-49.725002,4.125,6.6000004,,,,,,,,,,,,,,,,,,
SENSOR,1789661119733,40849979498237,0.15613168,0.20189442,9.869197,0.0,3.0543236E-4,-4.5814854E-4,-49.725002,4.125,6.6000004,,,,,,,,,,,,,,,,,,
SENSOR,1789661119750,40850004498237,0.15613168,0.20189442,9.869197,0.0,3.0543236E-4,1.5271618E-4,-49.725002,4.125,6.6000004,,,,,,,,,,,,,,,,,,
CELLULAR,1789661119763,,,,,,,,,,,,,,true,NR,4298047490,405,869,,75,403,634080,-106,NR_SS_RSRP,3,
SENSOR,1789661119779,40850014498237,0.15613168,0.20189442,9.869197,0.0,3.0543236E-4,1.5271618E-4,-49.575,3.6750002,7.3500004,,,,,,,,,,,,,,,,,,
SENSOR,1789661119832,40849999498237,0.15373886,0.200698,9.868599,0.0,3.0543236E-4,1.5271618E-4,-49.575,3.6750002,7.3500004,,,,,,,,,,,,,,,,,,
SENSOR,1789661119832,40850019498237,0.15972091,0.20039889,9.867702,0.0,3.0543236E-4,1.5271618E-4,-49.575,3.6750002,7.3500004,,,,,,,,,,,,,,,,,,
SENSOR,1789661119832,40850039498237,0.1585245,0.20219351,9.867104,0.0,3.0543236E-4,1.5271618E-4,-49.575,3.6750002,7.3500004,,,,,,,,,,,,,,,,,,
SENSOR,1789661119833,40850059498237,0.15702899,0.19710876,9.865907,0.0,3.0543236E-4,1.5271618E-4,-49.575,3.6750002,7.3500004,,,,,,,,,,,,,,,,,,
SENSOR,1789661119833,40850079498237,0.16091733,0.19950159,9.868599,0.0,3.0543236E-4,1.5271618E-4,-49.575,3.6750002,7.3500004,,,,,,,,,,,,,,,,,,
SENSOR,1789661119844,40850104498237,0.16091733,0.19950159,9.868599,0.0,3.0543236E-4,1.5271618E-4,-49.575,3.6750002,7.3500004,,,,,,,,,,,,,,,,,,
SENSOR,1789661119862,40850114498237,0.16091733,0.19950159,9.868599,0.0,3.0543236E-4,1.5271618E-4,-48.300003,3.9,4.5,,,,,,,,,,,,,,,,,,
SENSOR,1789661119932,40850099498237,0.15732808,0.20578274,9.866804,0.0,3.0543236E-4,1.5271618E-4,-48.300003,3.9,4.5,,,,,,,,,,,,,,,,,,
SENSOR,1789661119932,40850119498237,0.15433706,0.200698,9.870692,0.0,3.0543236E-4,1.5271618E-4,-48.300003,3.9,4.5,,,,,,,,,,,,,,,,,,
SENSOR,1789661119932,40850139498237,0.15014961,0.20279172,9.866206,0.0,3.0543236E-4,1.5271618E-4,-48.300003,3.9,4.5,,,,,,,,,,,,,,,,,,
SENSOR,1789661119932,40850159498237,0.15463616,0.200698,9.8682995,0.0,3.0543236E-4,1.5271618E-4,-48.300003,3.9,4.5,,,,,,,,,,,,,,,,,,
SENSOR,1789661119932,40850179498237,0.15373886,0.20338993,9.865608,0.0,3.0543236E-4,1.5271618E-4,-48.300003,3.9,4.5,,,,,,,,,,,,,,,,,,
SENSOR,1789661119949,40850204498237,0.15373886,0.20338993,9.865608,0.0,3.0543236E-4,1.5271618E-4,-48.300003,3.9,4.5,,,,,,,,,,,,,,,,,,
SENSOR,1789661119967,40850214498237,0.15373886,0.20338993,9.865608,0.0,3.0543236E-4,1.5271618E-4,-49.350002,4.3500004,5.625,,,,,,,,,,,,,,,,,,
SENSOR,1789661120031,40850199498237,0.15463616,0.19740787,9.868897,0.0,3.0543236E-4,1.5271618E-4,-49.350002,4.3500004,5.625,,,,,,,,,,,,,,,,,,
SENSOR,1789661120032,40850219498237,0.15314065,0.20129621,9.8682995,0.0,3.0543236E-4,1.5271618E-4,-49.350002,4.3500004,5.625,,,,,,,,,,,,,,,,,,
SENSOR,1789661120032,40850239498237,0.15882361,0.19830517,9.871889,0.0,3.0543236E-4,1.5271618E-4,-49.350002,4.3500004,5.625,,,,,,,,,,,,,,,,,,
SENSOR,1789661120032,40850259498237,0.15314065,0.20189442,9.8682995,0.0,3.0543236E-4,1.5271618E-4,-49.350002,4.3500004,5.625,,,,,,,,,,,,,,,,,,
SENSOR,1789661120032,40850279498237,0.15882361,0.19920248,9.8682995,0.0,3.0543236E-4,1.5271618E-4,-49.350002,4.3500004,5.625,,,,,,,,,,,,,,,,,,
SENSOR,1789661120045,40850304498237,0.15882361,0.19920248,9.8682995,0.0,3.0543236E-4,1.5271618E-4,-49.350002,4.3500004,5.625,,,,,,,,,,,,,,,,,,
SENSOR,1789661120062,40850314498237,0.15882361,0.19920248,9.8682995,0.0,3.0543236E-4,1.5271618E-4,-49.2,4.2000003,6.675,,,,,,,,,,,,,,,,,,
SENSOR,1789661120131,40850299498237,0.15583257,0.20428723,9.870692,0.0,3.0543236E-4,1.5271618E-4,-49.2,4.2000003,6.675,,,,,,,,,,,,,,,,,,
SENSOR,1789661120132,40850319498237,0.15463616,0.2000998,9.870094,0.0,3.0543236E-4,1.5271618E-4,-49.2,4.2000003,6.675,,,,,,,,,,,,,,,,,,
SENSOR,1789661120132,40850339498237,0.1582254,0.20129621,9.866505,0.0,3.0543236E-4,1.5271618E-4,-49.2,4.2000003,6.675,,,,,,,,,,,,,,,,,,
SENSOR,1789661120132,40850359498237,0.15343975,0.19770697,9.867104,0.0,3.0543236E-4,1.5271618E-4,-49.2,4.2000003,6.675,,,,,,,,,,,,,,,,,,
SENSOR,1789661120132,40850379498237,0.15194423,0.20458634,9.871291,0.0,3.0543236E-4,1.5271618E-4,-49.2,4.2000003,6.675,,,,,,,,,,,,,,,,,,
SENSOR,1789661120148,40850404498237,0.15194423,0.20458634,9.871291,0.0,-9.162971E-4,1.5271618E-4,-49.2,4.2000003,6.675,,,,,,,,,,,,,,,,,,
GNSS,1789661119286,,true,11.0554049,76.9271175,374.70001220703125,20.0,,,0,0,,,,,,,,,,,,,
SENSOR,1789661120170,40850414498237,0.15194423,0.20458634,9.871291,0.0,-9.162971E-4,1.5271618E-4,-47.7,4.275,3.6000001,,,,,,,,,,,,,,,,,,
SENSOR,1789661120231,40850399498237,0.15583257,0.19980069,9.869197,0.0,-9.162971E-4,1.5271618E-4,-47.7,4.275,3.6000001,,,,,,,,,,,,,,,,,,
SENSOR,1789661120231,40850419498237,0.15732808,0.2009971,9.8632145,0.0,-9.162971E-4,1.5271618E-4,-47.7,4.275,3.6000001,,,,,,,,,,,,,,,,,,
SENSOR,1789661120231,40850439498237,0.15343975,0.20368902,9.868001,0.0,-9.162971E-4,1.5271618E-4,-47.7,4.275,3.6000001,,,,,,,,,,,,,,,,,,
SENSOR,1789661120231,40850459498237,0.15463616,0.19980069,9.866804,0.0,-9.162971E-4,1.5271618E-4,-47.7,4.275,3.6000001,,,,,,,,,,,,,,,,,,
SENSOR,1789661120231,40850479498237,0.15463616,0.19860429,9.865907,0.0,-9.162971E-4,1.5271618E-4,-47.7,4.275,3.6000001,,,,,,,,,,,,,,,,,,
SENSOR,1789661120245,40850504498237,0.15463616,0.19860429,9.865907,-4.5814854E-4,3.0543236E-4,-3.0543236E-4,-47.7,4.275,3.6000001,,,,,,,,,,,,,,,,,,
SENSOR,1789661120262,40850514498237,0.15463616,0.19860429,9.865907,-4.5814854E-4,3.0543236E-4,-3.0543236E-4,-48.525,4.05,5.775,,,,,,,,,,,,,,,,,,
GNSS,1789661120285,,true,11.0554049,76.9271175,374.70001220703125,27.021,,,0,0,,,,,,,,,,,,,
SENSOR,1789661120332,40850499498237,0.15672988,0.2000998,9.866804,-4.5814854E-4,3.0543236E-4,-3.0543236E-4,-48.525,4.05,5.775,,,,,,,,,,,,,,,,,,
SENSOR,1789661120333,40850519498237,0.1582254,0.20219351,9.869496,-4.5814854E-4,3.0543236E-4,-3.0543236E-4,-48.525,4.05,5.775,,,,,,,,,,,,,,,,,,
SENSOR,1789661120333,40850539498237,0.15702899,0.20249261,9.87159,-4.5814854E-4,3.0543236E-4,-3.0543236E-4,-48.525,4.05,5.775,,,,,,,,,,,,,,,,,,
SENSOR,1789661120333,40850559498237,0.15583257,0.19950159,9.869197,-4.5814854E-4,3.0543236E-4,-3.0543236E-4,-48.525,4.05,5.775,,,,,,,,,,,,,,,,,,
SENSOR,1789661120334,40850579498237,0.16121642,0.20398813,9.865309,-4.5814854E-4,3.0543236E-4,-3.0543236E-4,-48.525,4.05,5.775,,,,,,,,,,,,,,,,,,
SENSOR,1789661120348,40850604498237,0.16121642,0.20398813,9.865309,0.0,3.0543236E-4,-0.0010690133,-48.525,4.05,5.775,,,,,,,,,,,,,,,,,,
SENSOR,1789661120366,40850614498237,0.16121642,0.20398813,9.865309,0.0,3.0543236E-4,-0.0010690133,-49.800003,4.05,7.05,,,,,,,,,,,,,,,,,,
SENSOR,1789661120431,40850599498237,0.15553348,0.20129621,9.865009,0.0,3.0543236E-4,-0.0010690133,-49.800003,4.05,7.05,,,,,,,,,,,,,,,,,,
SENSOR,1789661120432,40850619498237,0.15702899,0.20458634,9.866505,0.0,3.0543236E-4,-0.0010690133,-49.800003,4.05,7.05,,,,,,,,,,,,,,,,,,
SENSOR,1789661120432,40850639498237,0.15523437,0.20189442,9.863514,0.0,3.0543236E-4,-0.0010690133,-49.800003,4.05,7.05,,,,,,,,,,,,,,,,,,
SENSOR,1789661120432,40850659498237,0.15254244,0.20428723,9.872188,0.0,3.0543236E-4,-0.0010690133,-49.800003,4.05,7.05,,,,,,,,,,,,,,,,,,
SENSOR,1789661120432,40850679498237,0.15613168,0.20398813,9.865907,0.0,3.0543236E-4,-0.0010690133,-49.800003,4.05,7.05,,,,,,,,,,,,,,,,,,
SENSOR,1789661120443,40850704498237,0.15613168,0.20398813,9.865907,0.0,-9.162971E-4,1.5271618E-4,-49.800003,4.05,7.05,,,,,,,,,,,,,,,,,,
SENSOR,1789661120463,40850714498237,0.15613168,0.20398813,9.865907,0.0,-9.162971E-4,1.5271618E-4,-49.800003,3.7500002,7.5750003,,,,,,,,,,,,,,,,,,
SENSOR,1789661120531,40850699498237,0.15493527,0.19980069,9.870692,0.0,-9.162971E-4,1.5271618E-4,-49.800003,3.7500002,7.5750003,,,,,,,,,,,,,,,,,,
SENSOR,1789661120531,40850719498237,0.15403795,0.20309082,9.866804,0.0,-9.162971E-4,1.5271618E-4,-49.800003,3.7500002,7.5750003,,,,,,,,,,,,,,,,,,
SENSOR,1789661120531,40850739498237,0.15523437,0.19621146,9.868599,0.0,-9.162971E-4,1.5271618E-4,-49.800003,3.7500002,7.5750003,,,,,,,,,,,,,,,,,,
SENSOR,1789661120532,40850759498237,0.15553348,0.20458634,9.865907,0.0,-9.162971E-4,1.5271618E-4,-49.800003,3.7500002,7.5750003,,,,,,,,,,,,,,,,,,
SENSOR,1789661120532,40850779498237,0.1594218,0.19860429,9.871291,0.0,-9.162971E-4,1.5271618E-4,-49.800003,3.7500002,7.5750003,,,,,,,,,,,,,,,,,,
SENSOR,1789661120548,40850804498237,0.1594218,0.19860429,9.871291,0.0,0.0,1.5271618E-4,-49.800003,3.7500002,7.5750003,,,,,,,,,,,,,,,,,,
SENSOR,1789661120566,40850814498237,0.1594218,0.19860429,9.871291,0.0,0.0,1.5271618E-4,-49.800003,3.525,7.275,,,,,,,,,,,,,,,,,,
SENSOR,1789661120631,40850799498237,0.15373886,0.20189442,9.867104,0.0,0.0,1.5271618E-4,-49.800003,3.525,7.275,,,,,,,,,,,,,,,,,,
SENSOR,1789661120631,40850819498237,0.16031912,0.2015953,9.870094,0.0,0.0,1.5271618E-4,-49.800003,3.525,7.275,,,,,,,,,,,,,,,,,,
SENSOR,1789661120631,40850839498237,0.15493527,0.19920248,9.872487,0.0,0.0,1.5271618E-4,-49.800003,3.525,7.275,,,,,,,,,,,,,,,,,,
SENSOR,1789661120631,40850859498237,0.15463616,0.20189442,9.873085,0.0,0.0,1.5271618E-4,-49.800003,3.525,7.275,,,,,,,,,,,,,,,,,,
SENSOR,1789661120631,40850879498237,0.1576272,0.20279172,9.869795,0.0,0.0,1.5271618E-4,-49.800003,3.525,7.275,,,,,,,,,,,,,,,,,,
SENSOR,1789661120644,40850904498237,0.1576272,0.20279172,9.869795,0.0,3.0543236E-4,1.5271618E-4,-49.800003,3.525,7.275,,,,,,,,,,,,,,,,,,
SENSOR,1789661120663,40850914498237,0.1576272,0.20279172,9.869795,0.0,3.0543236E-4,1.5271618E-4,-49.125004,3.6000001,6.15,,,,,,,,,,,,,,,,,,
GNSS,1789661120685,,true,11.0554049,76.9271175,374.70001220703125,27.021,,,51,0,,,,,,,,,,,,,
SENSOR,1789661120731,40850899498237,0.15284155,0.20368902,9.868897,0.0,3.0543236E-4,1.5271618E-4,-49.125004,3.6000001,6.15,,,,,,,,,,,,,,,,,,
SENSOR,1789661120731,40850919498237,0.15882361,0.19860429,9.873684,0.0,3.0543236E-4,1.5271618E-4,-49.125004,3.6000001,6.15,,,,,,,,,,,,,,,,,,
SENSOR,1789661120731,40850939498237,0.15403795,0.19890338,9.8682995,0.0,3.0543236E-4,1.5271618E-4,-49.125004,3.6000001,6.15,,,,,,,,,,,,,,,,,,
SENSOR,1789661120731,40850959498237,0.15224335,0.20219351,9.868001,0.0,3.0543236E-4,1.5271618E-4,-49.125004,3.6000001,6.15,,,,,,,,,,,,,,,,,,
SENSOR,1789661120731,40850979498237,0.15672988,0.19621146,9.87488,0.0,3.0543236E-4,1.5271618E-4,-49.125004,3.6000001,6.15,,,,,,,,,,,,,,,,,,
SENSOR,1789661120747,40851004498237,0.15672988,0.19621146,9.87488,0.0,3.0543236E-4,-7.635809E-4,-49.125004,3.6000001,6.15,,,,,,,,,,,,,,,,,,
SENSOR,1789661120766,40851014498237,0.15672988,0.19621146,9.87488,0.0,3.0543236E-4,-7.635809E-4,-49.875004,3.3750002,7.5750003,,,,,,,,,,,,,,,,,,
CELLULAR,1789661120779,,,,,,,,,,,,,,true,NR,4298047490,405,869,,75,403,634080,-106,NR_SS_RSRP,3,
SENSOR,1789661120831,40850999498237,0.15792629,0.20039889,9.871291,0.0,3.0543236E-4,-7.635809E-4,-49.875004,3.3750002,7.5750003,,,,,,,,,,,,,,,,,,
SENSOR,1789661120832,40851019498237,0.15643078,0.2000998,9.871889,0.0,3.0543236E-4,-7.635809E-4,-49.875004,3.3750002,7.5750003,,,,,,,,,,,,,,,,,,
SENSOR,1789661120832,40851039498237,0.15882361,0.19890338,9.866505,0.0,3.0543236E-4,-7.635809E-4,-49.875004,3.3750002,7.5750003,,,,,,,,,,,,,,,,,,
SENSOR,1789661120832,40851059498237,0.15732808,0.20039889,9.865009,0.0,3.0543236E-4,-7.635809E-4,-49.875004,3.3750002,7.5750003,,,,,,,,,,,,,,,,,,
SENSOR,1789661120832,40851079498237,0.15343975,0.2000998,9.864711,0.0,3.0543236E-4,-7.635809E-4,-49.875004,3.3750002,7.5750003,,,,,,,,,,,,,,,,,,
SENSOR,1789661120843,40851104498237,0.15343975,0.2000998,9.864711,0.0,-1.5271618E-4,1.5271618E-4,-49.875004,3.3750002,7.5750003,,,,,,,,,,,,,,,,,,
SENSOR,1789661120870,40851114498237,0.15343975,0.2000998,9.864711,0.0,-1.5271618E-4,1.5271618E-4,-49.875004,4.05,6.9,,,,,,,,,,,,,,,,,,
SENSOR,1789661120931,40851099498237,0.15433706,0.20129621,9.866505,0.0,-1.5271618E-4,1.5271618E-4,-49.875004,4.05,6.9,,,,,,,,,,,,,,,,,,
SENSOR,1789661120932,40851119498237,0.1594218,0.20608185,9.864411,0.0,-1.5271618E-4,1.5271618E-4,-49.875004,4.05,6.9,,,,,,,,,,,,,,,,,,
SENSOR,1789661120932,40851139498237,0.15433706,0.20578274,9.870692,0.0,-1.5271618E-4,1.5271618E-4,-49.875004,4.05,6.9,,,,,,,,,,,,,,,,,,
SENSOR,1789661120932,40851159498237,0.15553348,0.20548365,9.8682995,0.0,-1.5271618E-4,1.5271618E-4,-49.875004,4.05,6.9,,,,,,,,,,,,,,,,,,
SENSOR,1789661120932,40851179498237,0.15523437,0.19950159,9.867104,0.0,-1.5271618E-4,1.5271618E-4,-49.875004,4.05,6.9,,,,,,,,,,,,,,,,,,
SENSOR,1789661120948,40851204498237,0.15523437,0.19950159,9.867104,-9.162971E-4,3.0543236E-4,1.5271618E-4,-49.875004,4.05,6.9,,,,,,,,,,,,,,,,,,
SENSOR,1789661120965,40851214498237,0.15523437,0.19950159,9.867104,-9.162971E-4,3.0543236E-4,1.5271618E-4,-49.425003,3.9750001,7.2000003,,,,,,,,,,,,,,,,,,
SENSOR,1789661121031,40851199498237,0.15463616,0.20398813,9.87159,-9.162971E-4,3.0543236E-4,1.5271618E-4,-49.425003,3.9750001,7.2000003,,,,,,,,,,,,,,,,,,
SENSOR,1789661121032,40851219498237,0.15882361,0.20129621,9.868001,-9.162971E-4,3.0543236E-4,1.5271618E-4,-49.425003,3.9750001,7.2000003,,,,,,,,,,,,,,,,,,
SENSOR,1789661121032,40851239498237,0.15882361,0.19950159,9.867402,-9.162971E-4,3.0543236E-4,1.5271618E-4,-49.425003,3.9750001,7.2000003,,,,,,,,,,,,,,,,,,
SENSOR,1789661121032,40851259498237,0.16061822,0.2015953,9.869197,-9.162971E-4,3.0543236E-4,1.5271618E-4,-49.425003,3.9750001,7.2000003,,,,,,,,,,,,,,,,,,
SENSOR,1789661121032,40851279498237,0.15613168,0.19770697,9.872487,-9.162971E-4,3.0543236E-4,1.5271618E-4,-49.425003,3.9750001,7.2000003,,,,,,,,,,,,,,,,,,
SENSOR,1789661121043,40851304498237,0.15613168,0.19770697,9.872487,-1.5271618E-4,3.0543236E-4,1.5271618E-4,-49.425003,3.9750001,7.2000003,,,,,,,,,,,,,,,,,,
SENSOR,1789661121069,40851314498237,0.15613168,0.19770697,9.872487,-1.5271618E-4,3.0543236E-4,1.5271618E-4,-48.825,4.05,5.625,,,,,,,,,,,,,,,,,,
SENSOR,1789661121130,40851299498237,0.15194423,0.20249261,9.868897,-1.5271618E-4,3.0543236E-4,1.5271618E-4,-48.825,4.05,5.625,,,,,,,,,,,,,,,,,,
SENSOR,1789661121131,40851319498237,0.15732808,0.20219351,9.869795,-1.5271618E-4,3.0543236E-4,1.5271618E-4,-48.825,4.05,5.625,,,,,,,,,,,,,,,,,,
SENSOR,1789661121131,40851339498237,0.15463616,0.20458634,9.865009,-1.5271618E-4,3.0543236E-4,1.5271618E-4,-48.825,4.05,5.625,,,,,,,,,,,,,,,,,,
SENSOR,1789661121131,40851359498237,0.1585245,0.19591236,9.864411,-1.5271618E-4,3.0543236E-4,1.5271618E-4,-48.825,4.05,5.625,,,,,,,,,,,,,,,,,,
SENSOR,1789661121131,40851379498237,0.15493527,0.20129621,9.870094,-1.5271618E-4,3.0543236E-4,1.5271618E-4,-48.825,4.05,5.625,,,,,,,,,,,,,,,,,,
SENSOR,1789661121148,40851404498237,0.15493527,0.20129621,9.870094,0.0,3.0543236E-4,1.5271618E-4,-48.825,4.05,5.625,,,,,,,,,,,,,,,,,,
SENSOR,1789661121165,40851414498237,0.15493527,0.20129621,9.870094,0.0,3.0543236E-4,1.5271618E-4,-49.350002,3.6000001,6.7500005,,,,,,,,,,,,,,,,,,
SENSOR,1789661121231,40851399498237,0.14985052,0.20309082,9.868599,0.0,3.0543236E-4,1.5271618E-4,-49.350002,3.6000001,6.7500005,,,,,,,,,,,,,,,,,,
SENSOR,1789661121232,40851419498237,0.1591227,0.20428723,9.868001,0.0,3.0543236E-4,1.5271618E-4,-49.350002,3.6000001,6.7500005,,,,,,,,,,,,,,,,,,
SENSOR,1789661121232,40851439498237,0.15403795,0.19830517,9.8682995,0.0,3.0543236E-4,1.5271618E-4,-49.350002,3.6000001,6.7500005,,,,,,,,,,,,,,,,,,
SENSOR,1789661121232,40851459498237,0.15493527,0.20039889,9.864711,0.0,3.0543236E-4,1.5271618E-4,-49.350002,3.6000001,6.7500005,,,,,,,,,,,,,,,,,,
SENSOR,1789661121232,40851479498237,0.15523437,0.200698,9.872487,0.0,3.0543236E-4,1.5271618E-4,-49.350002,3.6000001,6.7500005,,,,,,,,,,,,,,,,,,
SENSOR,1789661121243,40851504498237,0.15523437,0.200698,9.872487,0.0,3.0543236E-4,1.5271618E-4,-49.350002,3.6000001,6.7500005,,,,,,,,,,,,,,,,,,
SENSOR,1789661121272,40851514498237,0.15523437,0.200698,9.872487,0.0,3.0543236E-4,1.5271618E-4,-49.800003,4.05,8.1,,,,,,,,,,,,,,,,,,
SENSOR,1789661121331,40851499498237,0.15493527,0.20458634,9.864711,0.0,3.0543236E-4,1.5271618E-4,-49.800003,4.05,8.1,,,,,,,,,,,,,,,,,,
SENSOR,1789661121332,40851519498237,0.15463616,0.20129621,9.867402,0.0,3.0543236E-4,1.5271618E-4,-49.800003,4.05,8.1,,,,,,,,,,,,,,,,,,
SENSOR,1789661121332,40851539498237,0.1576272,0.20428723,9.861719,0.0,3.0543236E-4,1.5271618E-4,-49.800003,4.05,8.1,,,,,,,,,,,,,,,,,,
SENSOR,1789661121332,40851559498237,0.15463616,0.20368902,9.867402,0.0,3.0543236E-4,1.5271618E-4,-49.800003,4.05,8.1,,,,,,,,,,,,,,,,,,
SENSOR,1789661121332,40851579498237,0.15643078,0.19980069,9.867402,0.0,3.0543236E-4,1.5271618E-4,-49.800003,4.05,8.1,,,,,,,,,,,,,,,,,,
SENSOR,1789661121346,40851604498237,0.15643078,0.19980069,9.867402,0.0,3.0543236E-4,1.5271618E-4,-49.800003,4.05,8.1,,,,,,,,,,,,,,,,,,
SENSOR,1789661121364,40851614498237,0.15643078,0.19980069,9.867402,0.0,3.0543236E-4,1.5271618E-4,-49.2,3.825,6.3750005,,,,,,,,,,,,,,,,,,
SENSOR,1789661121432,40851599498237,0.1576272,0.20219351,9.870394,0.0,3.0543236E-4,1.5271618E-4,-49.2,3.825,6.3750005,,,,,,,,,,,,,,,,,,
SENSOR,1789661121432,40851619498237,0.15343975,0.19950159,9.869795,0.0,3.0543236E-4,1.5271618E-4,-49.2,3.825,6.3750005,,,,,,,,,,,,,,,,,,
SENSOR,1789661121432,40851639498237,0.15074782,0.19890338,9.867402,0.0,3.0543236E-4,1.5271618E-4,-49.2,3.825,6.3750005,,,,,,,,,,,,,,,,,,
SENSOR,1789661121433,40851659498237,0.15643078,0.20189442,9.865009,0.0,3.0543236E-4,1.5271618E-4,-49.2,3.825,6.3750005,,,,,,,,,,,,,,,,,,
SENSOR,1789661121433,40851679498237,0.15583257,0.20608185,9.8727865,0.0,3.0543236E-4,1.5271618E-4,-49.2,3.825,6.3750005,,,,,,,,,,,,,,,,,,
SENSOR,1789661121442,40851704498237,0.15583257,0.20608185,9.8727865,0.0,3.0543236E-4,0.0,-49.2,3.825,6.3750005,,,,,,,,,,,,,,,,,,
SENSOR,1789661121468,40851714498237,0.15583257,0.20608185,9.8727865,0.0,3.0543236E-4,0.0,-48.750004,3.825,5.925,,,,,,,,,,,,,,,,,,
SENSOR,1789661121531,40851699498237,0.15672988,0.20398813,9.870094,0.0,3.0543236E-4,0.0,-48.750004,3.825,5.925,,,,,,,,,,,,,,,,,,
SENSOR,1789661121545,40851719498237,0.16091733,0.20368902,9.872487,0.0,3.0543236E-4,0.0,-48.750004,3.825,5.925,,,,,,,,,,,,,,,,,,
SENSOR,1789661121545,40851739498237,0.15672988,0.19830517,9.865309,0.0,3.0543236E-4,0.0,-48.750004,3.825,5.925,,,,,,,,,,,,,,,,,,
SENSOR,1789661121545,40851759498237,0.15284155,0.20189442,9.872188,0.0,3.0543236E-4,0.0,-48.750004,3.825,5.925,,,,,,,,,,,,,,,,,,
SENSOR,1789661121545,40851779498237,0.15702899,0.20309082,9.865907,0.0,3.0543236E-4,0.0,-48.750004,3.825,5.925,,,,,,,,,,,,,,,,,,
SENSOR,1789661121546,40851804498237,0.15702899,0.20309082,9.865907,0.0,3.0543236E-4,-6.108647E-4,-48.750004,3.825,5.925,,,,,,,,,,,,,,,,,,
SENSOR,1789661121563,40851814498237,0.15702899,0.20309082,9.865907,0.0,3.0543236E-4,-6.108647E-4,-49.350002,3.825,6.9750004,,,,,,,,,,,,,,,,,,
SENSOR,1789661121631,40851799498237,0.15314065,0.200698,9.859626,0.0,3.0543236E-4,-6.108647E-4,-49.350002,3.825,6.9750004,,,,,,,,,,,,,,,,,,
SENSOR,1789661121631,40851819498237,0.15134603,0.19770697,9.868897,0.0,3.0543236E-4,-6.108647E-4,-49.350002,3.825,6.9750004,,,,,,,,,,,,,,,,,,
SENSOR,1789661121631,40851839498237,0.15254244,0.20039889,9.868001,0.0,3.0543236E-4,-6.108647E-4,-49.350002,3.825,6.9750004,,,,,,,,,,,,,,,,,,
SENSOR,1789661121631,40851859498237,0.15224335,0.19980069,9.869496,0.0,3.0543236E-4,-6.108647E-4,-49.350002,3.825,6.9750004,,,,,,,,,,,,,,,,,,
SENSOR,1789661121631,40851879498237,0.15284155,0.2000998,9.871889,0.0,3.0543236E-4,-6.108647E-4,-49.350002,3.825,6.9750004,,,,,,,,,,,,,,,,,,
SENSOR,1789661121642,40851904498237,0.15284155,0.2000998,9.871889,0.0,3.0543236E-4,1.5271618E-4,-49.350002,3.825,6.9750004,,,,,,,,,,,,,,,,,,
SENSOR,1789661121667,40851914498237,0.15284155,0.2000998,9.871889,0.0,3.0543236E-4,1.5271618E-4,-49.125004,4.125,5.925,,,,,,,,,,,,,,,,,,
GNSS,1789661121682,,true,11.0554049,76.9271175,374.70001220703125,27.021,,,51,0,,,,,,,,,,,,,
SENSOR,1789661121731,40851899498237,0.15583257,0.20279172,9.865608,0.0,3.0543236E-4,1.5271618E-4,-49.125004,4.125,5.925,,,,,,,,,,,,,,,,,,
SENSOR,1789661121731,40851919498237,0.15523437,0.2015953,9.867402,0.0,3.0543236E-4,1.5271618E-4,-49.125004,4.125,5.925,,,,,,,,,,,,,,,,,,
SENSOR,1789661121731,40851939498237,0.15792629,0.19890338,9.862019,0.0,3.0543236E-4,1.5271618E-4,-49.125004,4.125,5.925,,,,,,,,,,,,,,,,,,
SENSOR,1789661121731,40851959498237,0.1585245,0.20428723,9.8632145,0.0,3.0543236E-4,1.5271618E-4,-49.125004,4.125,5.925,,,,,,,,,,,,,,,,,,
SENSOR,1789661121731,40851979498237,0.15433706,0.2000998,9.869795,0.0,3.0543236E-4,1.5271618E-4,-49.125004,4.125,5.925,,,,,,,,,,,,,,,,,,
SENSOR,1789661121747,40852004498237,0.15433706,0.2000998,9.869795,0.0,3.0543236E-4,1.5271618E-4,-49.125004,4.125,5.925,,,,,,,,,,,,,,,,,,
SENSOR,1789661121763,40852014498237,0.15433706,0.2000998,9.869795,0.0,3.0543236E-4,1.5271618E-4,-48.825,3.825,6.4500003,,,,,,,,,,,,,,,,,,
CELLULAR,1789661121793,,,,,,,,,,,,,,true,NR,4298047490,405,869,,75,403,634080,-106,NR_SS_RSRP,3,
SENSOR,1789661121831,40851999498237,0.1594218,0.20458634,9.865309,0.0,3.0543236E-4,1.5271618E-4,-48.825,3.825,6.4500003,,,,,,,,,,,,,,,,,,
SENSOR,1789661121831,40852019498237,0.16031912,0.19830517,9.865309,0.0,3.0543236E-4,1.5271618E-4,-48.825,3.825,6.4500003,,,,,,,,,,,,,,,,,,
SENSOR,1789661121832,40852039498237,0.16061822,0.2015953,9.867702,0.0,3.0543236E-4,1.5271618E-4,-48.825,3.825,6.4500003,,,,,,,,,,,,,,,,,,
SENSOR,1789661121832,40852059498237,0.15583257,0.2009971,9.868897,0.0,3.0543236E-4,1.5271618E-4,-48.825,3.825,6.4500003,,,,,,,,,,,,,,,,,,
SENSOR,1789661121832,40852079498237,0.15343975,0.20279172,9.865608,0.0,3.0543236E-4,1.5271618E-4,-48.825,3.825,6.4500003,,,,,,,,,,,,,,,,,,
SENSOR,1789661121842,40852104498237,0.15343975,0.20279172,9.865608,0.0,3.0543236E-4,1.5271618E-4,-48.825,3.825,6.4500003,,,,,,,,,,,,,,,,,,
SENSOR,1789661121867,40852114498237,0.15343975,0.20279172,9.865608,0.0,3.0543236E-4,1.5271618E-4,-49.800003,3.9,7.3500004,,,,,,,,,,,,,,,,,,
SENSOR,1789661121932,40852099498237,0.16002001,0.20219351,9.865009,0.0,3.0543236E-4,1.5271618E-4,-49.800003,3.9,7.3500004,,,,,,,,,,,,,,,,,,
SENSOR,1789661121932,40852119498237,0.1582254,0.20129621,9.868599,0.0,3.0543236E-4,1.5271618E-4,-49.800003,3.9,7.3500004,,,,,,,,,,,,,,,,,,
SENSOR,1789661121933,40852139498237,0.1585245,0.200698,9.868001,0.0,3.0543236E-4,1.5271618E-4,-49.800003,3.9,7.3500004,,,,,,,,,,,,,,,,,,
SENSOR,1789661121933,40852159498237,0.15553348,0.20249261,9.872487,0.0,3.0543236E-4,1.5271618E-4,-49.800003,3.9,7.3500004,,,,,,,,,,,,,,,,,,
SENSOR,1789661121933,40852179498237,0.15613168,0.20309082,9.867104,0.0,3.0543236E-4,1.5271618E-4,-49.800003,3.9,7.3500004,,,,,,,,,,,,,,,,,,
SENSOR,1789661121945,40852204498237,0.15613168,0.20309082,9.867104,0.0,3.0543236E-4,-4.5814854E-4,-49.800003,3.9,7.3500004,,,,,,,,,,,,,,,,,,
SENSOR,1789661121963,40852214498237,0.15613168,0.20309082,9.867104,0.0,3.0543236E-4,-4.5814854E-4,-50.025,3.7500002,7.5750003,,,,,,,,,,,,,,,,,,
SENSOR,1789661122032,40852199498237,0.15702899,0.20129621,9.865608,0.0,3.0543236E-4,-4.5814854E-4,-50.025,3.7500002,7.5750003,,,,,,,,,,,,,,,,,,
SENSOR,1789661122032,40852219498237,0.16061822,0.20338993,9.870394,0.0,3.0543236E-4,-4.5814854E-4,-50.025,3.7500002,7.5750003,,,,,,,,,,,,,,,,,,
SENSOR,1789661122032,40852239498237,0.15672988,0.20458634,9.8727865,0.0,3.0543236E-4,-4.5814854E-4,-50.025,3.7500002,7.5750003,,,,,,,,,,,,,,,,,,
SENSOR,1789661122032,40852259498237,0.15403795,0.20548365,9.868897,0.0,3.0543236E-4,-4.5814854E-4,-50.025,3.7500002,7.5750003,,,,,,,,,,,,,,,,,,
SENSOR,1789661122033,40852279498237,0.15672988,0.20398813,9.862916,0.0,3.0543236E-4,-4.5814854E-4,-50.025,3.7500002,7.5750003,,,,,,,,,,,,,,,,,,
SENSOR,1789661122042,40852304498237,0.15672988,0.20398813,9.862916,0.0,3.0543236E-4,-9.162971E-4,-50.025,3.7500002,7.5750003,,,,,,,,,,,,,,,,,,
SENSOR,1789661122068,40852314498237,0.15672988,0.20398813,9.862916,0.0,3.0543236E-4,-9.162971E-4,-49.425003,3.9750001,7.5750003,,,,,,,,,,,,,,,,,,
SENSOR,1789661122131,40852299498237,0.15643078,0.20249261,9.873384,0.0,3.0543236E-4,-9.162971E-4,-49.425003,3.9750001,7.5750003,,,,,,,,,,,,,,,,,,
SENSOR,1789661122131,40852319498237,0.15433706,0.2009971,9.871291,0.0,3.0543236E-4,-9.162971E-4,-49.425003,3.9750001,7.5750003,,,,,,,,,,,,,,,,,,
SENSOR,1789661122131,40852339498237,0.15972091,0.19980069,9.869496,0.0,3.0543236E-4,-9.162971E-4,-49.425003,3.9750001,7.5750003,,,,,,,,,,,,,,,,,,
SENSOR,1789661122131,40852359498237,0.1582254,0.2009971,9.8632145,0.0,3.0543236E-4,-9.162971E-4,-49.425003,3.9750001,7.5750003,,,,,,,,,,,,,,,,,,
SENSOR,1789661122131,40852379498237,0.15493527,0.20249261,9.867702,0.0,3.0543236E-4,-9.162971E-4,-49.425003,3.9750001,7.5750003,,,,,,,,,,,,,,,,,,
SENSOR,1789661122145,40852404498237,0.15493527,0.20249261,9.867702,-6.108647E-4,-3.0543236E-4,1.5271618E-4,-49.425003,3.9750001,7.5750003,,,,,,,,,,,,,,,,,,
SENSOR,1789661122163,40852414498237,0.15493527,0.20249261,9.867702,-6.108647E-4,-3.0543236E-4,1.5271618E-4,-49.425003,4.125,7.05,,,,,,,,,,,,,,,,,,
SENSOR,1789661122231,40852399498237,0.15672988,0.19800608,9.866804,-6.108647E-4,-3.0543236E-4,1.5271618E-4,-49.425003,4.125,7.05,,,,,,,,,,,,,,,,,,
SENSOR,1789661122231,40852419498237,0.1585245,0.20039889,9.870394,-6.108647E-4,-3.0543236E-4,1.5271618E-4,-49.425003,4.125,7.05,,,,,,,,,,,,,,,,,,
SENSOR,1789661122231,40852439498237,0.15553348,0.20428723,9.866206,-6.108647E-4,-3.0543236E-4,1.5271618E-4,-49.425003,4.125,7.05,,,,,,,,,,,,,,,,,,
SENSOR,1789661122232,40852459498237,0.16181463,0.20428723,9.873085,-6.108647E-4,-3.0543236E-4,1.5271618E-4,-49.425003,4.125,7.05,,,,,,,,,,,,,,,,,,
SENSOR,1789661122232,40852479498237,0.15672988,0.20338993,9.872188,-6.108647E-4,-3.0543236E-4,1.5271618E-4,-49.425003,4.125,7.05,,,,,,,,,,,,,,,,,,
SENSOR,1789661122250,40852504498237,0.15672988,0.20338993,9.872188,0.0,3.0543236E-4,1.5271618E-4,-49.425003,4.125,7.05,,,,,,,,,,,,,,,,,,
SENSOR,1789661122268,40852514498237,0.15672988,0.20338993,9.872188,0.0,3.0543236E-4,1.5271618E-4,-49.800003,3.9,6.6000004,,,,,,,,,,,,,,,,,,
SENSOR,1789661122331,40852499498237,0.1576272,0.20309082,9.870992,0.0,3.0543236E-4,1.5271618E-4,-49.800003,3.9,6.6000004,,,,,,,,,,,,,,,,,,
SENSOR,1789661122332,40852519498237,0.15343975,0.20039889,9.870394,0.0,3.0543236E-4,1.5271618E-4,-49.800003,3.9,6.6000004,,,,,,,,,,,,,,,,,,
SENSOR,1789661122332,40852539498237,0.15284155,0.19950159,9.865907,0.0,3.0543236E-4,1.5271618E-4,-49.800003,3.9,6.6000004,,,,,,,,,,,,,,,,,,
SENSOR,1789661122332,40852559498237,0.15702899,0.19471595,9.868599,0.0,3.0543236E-4,1.5271618E-4,-49.800003,3.9,6.6000004,,,,,,,,,,,,,,,,,,
SENSOR,1789661122332,40852579498237,0.16091733,0.19770697,9.869496,0.0,3.0543236E-4,1.5271618E-4,-49.800003,3.9,6.6000004,,,,,,,,,,,,,,,,,,
SENSOR,1789661122345,40852604498237,0.16091733,0.19770697,9.869496,0.0,3.0543236E-4,1.5271618E-4,-49.800003,3.9,6.6000004,,,,,,,,,,,,,,,,,,
SENSOR,1789661122363,40852614498237,0.16091733,0.19770697,9.869496,0.0,3.0543236E-4,1.5271618E-4,-49.65,3.7500002,7.3500004,,,,,,,,,,,,,,,,,,
SENSOR,1789661122431,40852599498237,0.15643078,0.20518455,9.869197,0.0,3.0543236E-4,1.5271618E-4,-49.65,3.7500002,7.3500004,,,,,,,,,,,,,,,,,,
SENSOR,1789661122431,40852619498237,0.15403795,0.20668006,9.868599,0.0,3.0543236E-4,1.5271618E-4,-49.65,3.7500002,7.3500004,,,,,,,,,,,,,,,,,,
SENSOR,1789661122431,40852639498237,0.15493527,0.200698,9.870394,0.0,3.0543236E-4,1.5271618E-4,-49.65,3.7500002,7.3500004,,,,,,,,,,,,,,,,,,
SENSOR,1789661122432,40852659498237,0.16002001,0.20189442,9.87159,0.0,3.0543236E-4,1.5271618E-4,-49.65,3.7500002,7.3500004,,,,,,,,,,,,,,,,,,
SENSOR,1789661122432,40852679498237,0.15314065,0.20398813,9.871889,0.0,3.0543236E-4,1.5271618E-4,-49.65,3.7500002,7.3500004,,,,,,,,,,,,,,,,,,
SENSOR,1789661122450,40852704498237,0.15314065,0.20398813,9.871889,0.0,1.5271618E-4,-9.162971E-4,-49.65,3.7500002,7.3500004,,,,,,,,,,,,,,,,,,
SENSOR,1789661122467,40852714498237,0.15314065,0.20398813,9.871889,0.0,1.5271618E-4,-9.162971E-4,-49.65,3.6000001,6.9750004,,,,,,,,,,,,,,,,,,
SENSOR,1789661122531,40852699498237,0.15403795,0.20338993,9.870992,0.0,1.5271618E-4,-9.162971E-4,-49.65,3.6000001,6.9750004,,,,,,,,,,,,,,,,,,
SENSOR,1789661122541,40852719498237,0.15583257,0.20279172,9.866206,0.0,1.5271618E-4,-9.162971E-4,-49.65,3.6000001,6.9750004,,,,,,,,,,,,,,,,,,
SENSOR,1789661122541,40852739498237,0.15643078,0.20338993,9.864411,0.0,1.5271618E-4,-9.162971E-4,-49.65,3.6000001,6.9750004,,,,,,,,,,,,,,,,,,
SENSOR,1789661122541,40852759498237,0.15284155,0.20309082,9.867402,0.0,1.5271618E-4,-9.162971E-4,-49.65,3.6000001,6.9750004,,,,,,,,,,,,,,,,,,
SENSOR,1789661122541,40852779498237,0.1576272,0.20428723,9.870692,0.0,1.5271618E-4,-9.162971E-4,-49.65,3.6000001,6.9750004,,,,,,,,,,,,,,,,,,
SENSOR,1789661122544,40852804498237,0.1576272,0.20428723,9.870692,0.0,-3.0543236E-4,-0.0010690133,-49.65,3.6000001,6.9750004,,,,,,,,,,,,,,,,,,
SENSOR,1789661122563,40852814498237,0.1576272,0.20428723,9.870692,0.0,-3.0543236E-4,-0.0010690133,-49.425003,3.9750001,6.525,,,,,,,,,,,,,,,,,,
SENSOR,1789661122631,40852799498237,0.15433706,0.20129621,9.866206,0.0,-3.0543236E-4,-0.0010690133,-49.425003,3.9750001,6.525,,,,,,,,,,,,,,,,,,
SENSOR,1789661122632,40852819498237,0.15732808,0.19830517,9.873085,0.0,-3.0543236E-4,-0.0010690133,-49.425003,3.9750001,6.525,,,,,,,,,,,,,,,,,,
SENSOR,1789661122632,40852839498237,0.15343975,0.19980069,9.867702,0.0,-3.0543236E-4,-0.0010690133,-49.425003,3.9750001,6.525,,,,,,,,,,,,,,,,,,
SENSOR,1789661122632,40852859498237,0.15702899,0.2000998,9.867702,0.0,-3.0543236E-4,-0.0010690133,-49.425003,3.9750001,6.525,,,,,,,,,,,,,,,,,,
SENSOR,1789661122632,40852879498237,0.15373886,0.20488544,9.8632145,0.0,-3.0543236E-4,-0.0010690133,-49.425003,3.9750001,6.525,,,,,,,,,,,,,,,,,,
SENSOR,1789661122648,40852904498237,0.15373886,0.20488544,9.8632145,0.0,-9.162971E-4,1.5271618E-4,-49.425003,3.9750001,6.525,,,,,,,,,,,,,,,,,,
SENSOR,1789661122668,40852914498237,0.15373886,0.20488544,9.8632145,0.0,-9.162971E-4,1.5271618E-4,-49.425003,3.9750001,7.05,,,,,,,,,,,,,,,,,,
SENSOR,1789661122731,40852899498237,0.15373886,0.20309082,9.868897,0.0,-9.162971E-4,1.5271618E-4,-49.425003,3.9750001,7.05,,,,,,,,,,,,,,,,,,
SENSOR,1789661122731,40852919498237,0.15553348,0.19950159,9.8727865,0.0,-9.162971E-4,1.5271618E-4,-49.425003,3.9750001,7.05,,,,,,,,,,,,,,,,,,
SENSOR,1789661122731,40852939498237,0.15732808,0.19950159,9.868001,0.0,-9.162971E-4,1.5271618E-4,-49.425003,3.9750001,7.05,,,,,,,,,,,,,,,,,,
SENSOR,1789661122731,40852959498237,0.15732808,0.20548365,9.865608,0.0,-9.162971E-4,1.5271618E-4,-49.425003,3.9750001,7.05,,,,,,,,,,,,,,,,,,
SENSOR,1789661122731,40852979498237,0.15343975,0.20189442,9.868897,0.0,-9.162971E-4,1.5271618E-4,-49.425003,3.9750001,7.05,,,,,,,,,,,,,,,,,,
SENSOR,1789661122745,40853004498237,0.15343975,0.20189442,9.868897,0.0,-3.0543236E-4,1.5271618E-4,-49.425003,3.9750001,7.05,,,,,,,,,,,,,,,,,,
SENSOR,1789661122763,40853014498237,0.15343975,0.20189442,9.868897,0.0,-3.0543236E-4,1.5271618E-4,-49.65,3.9,6.9750004,,,,,,,,,,,,,,,,,,
CELLULAR,1789661122812,,,,,,,,,,,,,,true,NR,4298047490,405,869,,75,403,634080,-106,NR_SS_RSRP,3,
SENSOR,1789661122831,40852999498237,0.15613168,0.20219351,9.870394,0.0,-3.0543236E-4,1.5271618E-4,-49.65,3.9,6.9750004,,,,,,,,,,,,,,,,,,
SENSOR,1789661122831,40853019498237,0.15643078,0.20488544,9.868599,0.0,-3.0543236E-4,1.5271618E-4,-49.65,3.9,6.9750004,,,,,,,,,,,,,,,,,,
SENSOR,1789661122831,40853039498237,0.15613168,0.20578274,9.87159,0.0,-3.0543236E-4,1.5271618E-4,-49.65,3.9,6.9750004,,,,,,,,,,,,,,,,,,
SENSOR,1789661122832,40853059498237,0.15732808,0.200698,9.868599,0.0,-3.0543236E-4,1.5271618E-4,-49.65,3.9,6.9750004,,,,,,,,,,,,,,,,,,
SENSOR,1789661122832,40853079498237,0.15463616,0.20249261,9.868897,0.0,-3.0543236E-4,1.5271618E-4,-49.65,3.9,6.9750004,,,,,,,,,,,,,,,,,,
SENSOR,1789661122849,40853104498237,0.15463616,0.20249261,9.868897,0.0,-7.635809E-4,1.5271618E-4,-49.65,3.9,6.9750004,,,,,,,,,,,,,,,,,,
SENSOR,1789661122867,40853114498237,0.15463616,0.20249261,9.868897,0.0,-7.635809E-4,1.5271618E-4,-49.800003,3.7500002,7.5000005,,,,,,,,,,,,,,,,,,
SENSOR,1789661122932,40853099498237,0.15583257,0.20279172,9.873684,0.0,-7.635809E-4,1.5271618E-4,-49.800003,3.7500002,7.5000005,,,,,,,,,,,,,,,,,,
SENSOR,1789661122933,40853119498237,0.1576272,0.19980069,9.868897,0.0,-7.635809E-4,1.5271618E-4,-49.800003,3.7500002,7.5000005,,,,,,,,,,,,,,,,,,
SENSOR,1789661122933,40853139498237,0.15643078,0.20129621,9.87458,0.0,-7.635809E-4,1.5271618E-4,-49.800003,3.7500002,7.5000005,,,,,,,,,,,,,,,,,,
SENSOR,1789661122933,40853159498237,0.15433706,0.19651055,9.866206,0.0,-7.635809E-4,1.5271618E-4,-49.800003,3.7500002,7.5000005,,,,,,,,,,,,,,,,,,
SENSOR,1789661122934,40853179498237,0.15523437,0.20368902,9.869197,0.0,-7.635809E-4,1.5271618E-4,-49.800003,3.7500002,7.5000005,,,,,,,,,,,,,,,,,,
SENSOR,1789661122945,40853204498237,0.15523437,0.20368902,9.869197,0.0,3.0543236E-4,1.5271618E-4,-49.800003,3.7500002,7.5000005,,,,,,,,,,,,,,,,,,
SENSOR,1789661122962,40853214498237,0.15523437,0.20368902,9.869197,0.0,3.0543236E-4,1.5271618E-4,-49.800003,3.6000001,6.525,,,,,,,,,,,,,,,,,,
SENSOR,1789661123032,40853199498237,0.15343975,0.20039889,9.8682995,0.0,3.0543236E-4,1.5271618E-4,-49.800003,3.6000001,6.525,,,,,,,,,,,,,,,,,,
SENSOR,1789661123032,40853219498237,0.15134603,0.20398813,9.866804,0.0,3.0543236E-4,1.5271618E-4,-49.800003,3.6000001,6.525,,,,,,,,,,,,,,,,,,
SENSOR,1789661123032,40853239498237,0.1582254,0.20309082,9.869496,0.0,3.0543236E-4,1.5271618E-4,-49.800003,3.6000001,6.525,,,,,,,,,,,,,,,,,,
SENSOR,1789661123032,40853259498237,0.15463616,0.20338993,9.8727865,0.0,3.0543236E-4,1.5271618E-4,-49.800003,3.6000001,6.525,,,,,,,,,,,,,,,,,,
SENSOR,1789661123032,40853279498237,0.1594218,0.20249261,9.870692,0.0,3.0543236E-4,1.5271618E-4,-49.800003,3.6000001,6.525,,,,,,,,,,,,,,,,,,
SENSOR,1789661123048,40853304498237,0.1594218,0.20249261,9.870692,0.0,3.0543236E-4,1.5271618E-4,-49.800003,3.6000001,6.525,,,,,,,,,,,,,,,,,,
SENSOR,1789661123066,40853314498237,0.1594218,0.20249261,9.870692,0.0,3.0543236E-4,1.5271618E-4,-49.350002,3.9,6.9750004,,,,,,,,,,,,,,,,,,
SENSOR,1789661123131,40853299498237,0.16091733,0.20338993,9.8682995,0.0,3.0543236E-4,1.5271618E-4,-49.350002,3.9,6.9750004,,,,,,,,,,,,,,,,,,
SENSOR,1789661123131,40853319498237,0.15732808,0.20219351,9.868897,0.0,3.0543236E-4,1.5271618E-4,-49.350002,3.9,6.9750004,,,,,,,,,,,,,,,,,,
SENSOR,1789661123131,40853339498237,0.15553348,0.20039889,9.872188,0.0,3.0543236E-4,1.5271618E-4,-49.350002,3.9,6.9750004,,,,,,,,,,,,,,,,,,
SENSOR,1789661123131,40853359498237,0.15613168,0.20338993,9.870992,0.0,3.0543236E-4,1.5271618E-4,-49.350002,3.9,6.9750004,,,,,,,,,,,,,,,,,,
SENSOR,1789661123131,40853379498237,0.15882361,0.20548365,9.870094,0.0,3.0543236E-4,1.5271618E-4,-49.350002,3.9,6.9750004,,,,,,,,,,,,,,,,,,
SENSOR,1789661123143,40853404498237,0.15882361,0.20548365,9.870094,0.0,3.0543236E-4,1.5271618E-4,-49.350002,3.9,6.9750004,,,,,,,,,,,,,,,,,,
SENSOR,1789661123162,40853414498237,0.15882361,0.20548365,9.870094,0.0,3.0543236E-4,1.5271618E-4,-49.500004,3.9750001,7.8750005,,,,,,,,,,,,,,,,,,
SENSOR,1789661123232,40853399498237,0.16061822,0.20279172,9.876077,0.0,3.0543236E-4,1.5271618E-4,-49.500004,3.9750001,7.8750005,,,,,,,,,,,,,,,,,,
SENSOR,1789661123233,40853419498237,0.15553348,0.2015953,9.867402,0.0,3.0543236E-4,1.5271618E-4,-49.500004,3.9750001,7.8750005,,,,,,,,,,,,,,,,,,
SENSOR,1789661123233,40853439498237,0.15403795,0.19920248,9.870394,0.0,3.0543236E-4,1.5271618E-4,-49.500004,3.9750001,7.8750005,,,,,,,,,,,,,,,,,,
SENSOR,1789661123233,40853459498237,0.15643078,0.19980069,9.868599,0.0,3.0543236E-4,1.5271618E-4,-49.500004,3.9750001,7.8750005,,,,,,,,,,,,,,,,,,
SENSOR,1789661123233,40853479498237,0.15972091,0.20279172,9.868897,0.0,3.0543236E-4,1.5271618E-4,-49.500004,3.9750001,7.8750005,,,,,,,,,,,,,,,,,,
SENSOR,1789661123249,40853504498237,0.15972091,0.20279172,9.868897,0.0,-9.162971E-4,1.5271618E-4,-49.500004,3.9750001,7.8750005,,,,,,,,,,,,,,,,,,
SENSOR,1789661123267,40853514498237,0.15972091,0.20279172,9.868897,0.0,-9.162971E-4,1.5271618E-4,-49.65,3.6000001,6.6000004,,,,,,,,,,,,,,,,,,
SENSOR,1789661123332,40853499498237,0.1582254,0.20877378,9.867104,0.0,-9.162971E-4,1.5271618E-4,-49.65,3.6000001,6.6000004,,,,,,,,,,,,,,,,,,
SENSOR,1789661123332,40853519498237,0.15493527,0.19860429,9.87159,0.0,-9.162971E-4,1.5271618E-4,-49.65,3.6000001,6.6000004,,,,,,,,,,,,,,,,,,
SENSOR,1789661123332,40853539498237,0.1591227,0.20309082,9.869496,0.0,-9.162971E-4,1.5271618E-4,-49.65,3.6000001,6.6000004,,,,,,,,,,,,,,,,,,
SENSOR,1789661123332,40853559498237,0.16061822,0.19651055,9.8682995,0.0,-9.162971E-4,1.5271618E-4,-49.65,3.6000001,6.6000004,,,,,,,,,,,,,,,,,,
SENSOR,1789661123333,40853579498237,0.15463616,0.20697916,9.8727865,0.0,-9.162971E-4,1.5271618E-4,-49.65,3.6000001,6.6000004,,,,,,,,,,,,,,,,,,
SENSOR,1789661123343,40853604498237,0.15463616,0.20697916,9.8727865,-3.0543236E-4,-6.108647E-4,1.5271618E-4,-49.65,3.6000001,6.6000004,,,,,,,,,,,,,,,,,,
SENSOR,1789661123370,40853614498237,0.15463616,0.20697916,9.8727865,-3.0543236E-4,-6.108647E-4,1.5271618E-4,-49.425003,3.9,6.9750004,,,,,,,,,,,,,,,,,,
SENSOR,1789661123431,40853599498237,0.15074782,0.20518455,9.870094,-3.0543236E-4,-6.108647E-4,1.5271618E-4,-49.425003,3.9,6.9750004,,,,,,,,,,,,,,,,,,
SENSOR,1789661123431,40853619498237,0.15583257,0.2000998,9.868001,-3.0543236E-4,-6.108647E-4,1.5271618E-4,-49.425003,3.9,6.9750004,,,,,,,,,,,,,,,,,,
SENSOR,1789661123431,40853639498237,0.15643078,0.19830517,9.873982,-3.0543236E-4,-6.108647E-4,1.5271618E-4,-49.425003,3.9,6.9750004,,,,,,,,,,,,,,,,,,
SENSOR,1789661123431,40853659498237,0.15523437,0.2000998,9.867402,-3.0543236E-4,-6.108647E-4,1.5271618E-4,-49.425003,3.9,6.9750004,,,,,,,,,,,,,,,,,,
SENSOR,1789661123431,40853679498237,0.15553348,0.20338993,9.864112,-3.0543236E-4,-6.108647E-4,1.5271618E-4,-49.425003,3.9,6.9750004,,,,,,,,,,,,,,,,,,
SENSOR,1789661123448,40853704498237,0.15553348,0.20338993,9.864112,0.0,3.0543236E-4,1.5271618E-4,-49.425003,3.9,6.9750004,,,,,,,,,,,,,,,,,,
SENSOR,1789661123467,40853714498237,0.15553348,0.20338993,9.864112,0.0,3.0543236E-4,1.5271618E-4,-49.65,3.6750002,7.8750005,,,,,,,,,,,,,,,,,,
SENSOR,1789661123533,40853699498237,0.16121642,0.19800608,9.867104,0.0,3.0543236E-4,1.5271618E-4,-49.65,3.6750002,7.8750005,,,,,,,,,,,,,,,,,,
SENSOR,1789661123548,40853719498237,0.15433706,0.20398813,9.873982,0.0,3.0543236E-4,1.5271618E-4,-49.65,3.6750002,7.8750005,,,,,,,,,,,,,,,,,,
SENSOR,1789661123548,40853739498237,0.15463616,0.19740787,9.8727865,0.0,3.0543236E-4,1.5271618E-4,-49.65,3.6750002,7.8750005,,,,,,,,,,,,,,,,,,
SENSOR,1789661123549,40853759498237,0.15523437,0.20727827,9.867402,0.0,3.0543236E-4,1.5271618E-4,-49.65,3.6750002,7.8750005,,,,,,,,,,,,,,,,,,
SENSOR,1789661123549,40853779498237,0.15732808,0.19860429,9.869197,0.0,3.0543236E-4,1.5271618E-4,-49.65,3.6750002,7.8750005,,,,,,,,,,,,,,,,,,
SENSOR,1789661123549,40853804498237,0.15732808,0.19860429,9.869197,0.0,-0.0,1.5271618E-4,-49.65,3.6750002,7.8750005,,,,,,,,,,,,,,,,,,
SENSOR,1789661123570,40853814498237,0.15732808,0.19860429,9.869197,0.0,-0.0,1.5271618E-4,-49.875004,3.45,7.8750005,,,,,,,,,,,,,,,,,,
SENSOR,1789661123633,40853799498237,0.15583257,0.20727827,9.870394,0.0,-0.0,1.5271618E-4,-49.875004,3.45,7.8750005,,,,,,,,,,,,,,,,,,
SENSOR,1789661123634,40853819498237,0.15523437,0.19471595,9.8682995,0.0,-0.0,1.5271618E-4,-49.875004,3.45,7.8750005,,,,,,,,,,,,,,,,,,
SENSOR,1789661123634,40853839498237,0.15972091,0.20578274,9.872188,0.0,-0.0,1.5271618E-4,-49.875004,3.45,7.8750005,,,,,,,,,,,,,,,,,,
SENSOR,1789661123634,40853859498237,0.15613168,0.19860429,9.873684,0.0,-0.0,1.5271618E-4,-49.875004,3.45,7.8750005,,,,,,,,,,,,,,,,,,
SENSOR,1789661123634,40853879498237,0.15523437,0.20697916,9.869795,0.0,-0.0,1.5271618E-4,-49.875004,3.45,7.8750005,,,,,,,,,,,,,,,,,,
SENSOR,1789661123648,40853904498237,0.15523437,0.20697916,9.869795,0.0,3.0543236E-4,1.5271618E-4,-49.875004,3.45,7.8750005,,,,,,,,,,,,,,,,,,
SENSOR,1789661123666,40853914498237,0.15523437,0.20697916,9.869795,0.0,3.0543236E-4,1.5271618E-4,-49.875004,4.05,7.8750005,,,,,,,,,,,,,,,,,,
GNSS,1789661123684,,true,11.0554049,76.9271175,374.70001220703125,27.021,,,52,0,,,,,,,,,,,,,
SENSOR,1789661123733,40853899498237,0.1585245,0.19531415,9.872487,0.0,3.0543236E-4,1.5271618E-4,-49.875004,4.05,7.8750005,,,,,,,,,,,,,,,,,,
SENSOR,1789661123734,40853919498237,0.15583257,0.2015953,9.874282,0.0,3.0543236E-4,1.5271618E-4,-49.875004,4.05,7.8750005,,,,,,,,,,,,,,,,,,
SENSOR,1789661123734,40853939498237,0.15702899,0.20458634,9.866505,0.0,3.0543236E-4,1.5271618E-4,-49.875004,4.05,7.8750005,,,,,,,,,,,,,,,,,,
SENSOR,1789661123734,40853959498237,0.15882361,0.19531415,9.867402,0.0,3.0543236E-4,1.5271618E-4,-49.875004,4.05,7.8750005,,,,,,,,,,,,,,,,,,
SENSOR,1789661123734,40853979498237,0.15613168,0.20608185,9.871889,0.0,3.0543236E-4,1.5271618E-4,-49.875004,4.05,7.8750005,,,,,,,,,,,,,,,,,,
SENSOR,1789661123744,40854004498237,0.15613168,0.20608185,9.871889,0.0,-0.0,1.5271618E-4,-49.875004,4.05,7.8750005,,,,,,,,,,,,,,,,,,
SENSOR,1789661123769,40854014498237,0.15613168,0.20608185,9.871889,0.0,-0.0,1.5271618E-4,-49.800003,4.275,6.9750004,,,,,,,,,,,,,,,,,,
SENSOR,1789661123832,40853999498237,0.15433706,0.20338993,9.867402,0.0,-0.0,1.5271618E-4,-49.800003,4.275,6.9750004,,,,,,,,,,,,,,,,,,
SENSOR,1789661123832,40854019498237,0.15433706,0.20518455,9.864711,0.0,-0.0,1.5271618E-4,-49.800003,4.275,6.9750004,,,,,,,,,,,,,,,,,,
SENSOR,1789661123833,40854039498237,0.15643078,0.19800608,9.869496,0.0,-0.0,1.5271618E-4,-49.800003,4.275,6.9750004,,,,,,,,,,,,,,,,,,
SENSOR,1789661123833,40854059498237,0.15553348,0.19890338,9.864112,0.0,-0.0,1.5271618E-4,-49.800003,4.275,6.9750004,,,,,,,,,,,,,,,,,,
SENSOR,1789661123833,40854079498237,0.16031912,0.19950159,9.870394,0.0,-0.0,1.5271618E-4,-49.800003,4.275,6.9750004,,,,,,,,,,,,,,,,,,
CELLULAR,1789661123833,,,,,,,,,,,,,,true,NR,4298047490,405,869,,75,403,634080,-106,NR_SS_RSRP,3,
SENSOR,1789661123858,40854104498237,0.16031912,0.19950159,9.870394,-0.0012217294,3.0543236E-4,1.5271618E-4,-49.800003,4.275,6.9750004,,,,,,,,,,,,,,,,,,
SENSOR,1789661123864,40854114498237,0.16031912,0.19950159,9.870394,-0.0012217294,3.0543236E-4,1.5271618E-4,-49.65,3.6000001,7.1250005,,,,,,,,,,,,,,,,,,
SENSOR,1789661123932,40854099498237,0.1591227,0.20309082,9.871291,-0.0012217294,3.0543236E-4,1.5271618E-4,-49.65,3.6000001,7.1250005,,,,,,,,,,,,,,,,,,
SENSOR,1789661123932,40854119498237,0.15493527,0.20309082,9.870094,-0.0012217294,3.0543236E-4,1.5271618E-4,-49.65,3.6000001,7.1250005,,,,,,,,,,,,,,,,,,
SENSOR,1789661123932,40854139498237,0.15194423,0.200698,9.865309,-0.0012217294,3.0543236E-4,1.5271618E-4,-49.65,3.6000001,7.1250005,,,,,,,,,,,,,,,,,,
SENSOR,1789661123933,40854159498237,0.15643078,0.2009971,9.876675,-0.0012217294,3.0543236E-4,1.5271618E-4,-49.65,3.6000001,7.1250005,,,,,,,,,,,,,,,,,,
SENSOR,1789661123933,40854179498237,0.15523437,0.20518455,9.869496,-0.0012217294,3.0543236E-4,1.5271618E-4,-49.65,3.6000001,7.1250005,,,,,,,,,,,,,,,,,,
SENSOR,1789661123942,40854204498237,0.15523437,0.20518455,9.869496,0.0,0.0,1.5271618E-4,-49.65,3.6000001,7.1250005,,,,,,,,,,,,,,,,,,
SENSOR,1789661123969,40854214498237,0.15523437,0.20518455,9.869496,0.0,0.0,1.5271618E-4,-49.725002,3.7500002,7.1250005,,,,,,,,,,,,,,,,,,
SENSOR,1789661124032,40854199498237,0.1576272,0.2015953,9.869197,0.0,0.0,1.5271618E-4,-49.725002,3.7500002,7.1250005,,,,,,,,,,,,,,,,,,
SENSOR,1789661124032,40854219498237,0.15732808,0.19830517,9.867402,0.0,0.0,1.5271618E-4,-49.725002,3.7500002,7.1250005,,,,,,,,,,,,,,,,,,
SENSOR,1789661124032,40854239498237,0.15523437,0.20129621,9.870992,0.0,0.0,1.5271618E-4,-49.725002,3.7500002,7.1250005,,,,,,,,,,,,,,,,,,
SENSOR,1789661124032,40854259498237,0.15702899,0.2009971,9.8682995,0.0,0.0,1.5271618E-4,-49.725002,3.7500002,7.1250005,,,,,,,,,,,,,,,,,,
SENSOR,1789661124032,40854279498237,0.15732808,0.19980069,9.865009,0.0,0.0,1.5271618E-4,-49.725002,3.7500002,7.1250005,,,,,,,,,,,,,,,,,,
SENSOR,1789661124048,40854304498237,0.15732808,0.19980069,9.865009,-4.5814854E-4,-1.5271618E-4,1.5271618E-4,-49.725002,3.7500002,7.1250005,,,,,,,,,,,,,,,,,,
SENSOR,1789661124064,40854314498237,0.15732808,0.19980069,9.865009,-4.5814854E-4,-1.5271618E-4,1.5271618E-4,-49.050003,4.125,7.1250005,,,,,,,,,,,,,,,,,,
SENSOR,1789661124132,40854299498237,0.15583257,0.20458634,9.873384,-4.5814854E-4,-1.5271618E-4,1.5271618E-4,-49.050003,4.125,7.1250005,,,,,,,,,,,,,,,,,,
SENSOR,1789661124132,40854319498237,0.15613168,0.20309082,9.87159,-4.5814854E-4,-1.5271618E-4,1.5271618E-4,-49.050003,4.125,7.1250005,,,,,,,,,,,,,,,,,,
SENSOR,1789661124132,40854339498237,0.15643078,0.19950159,9.875478,-4.5814854E-4,-1.5271618E-4,1.5271618E-4,-49.050003,4.125,7.1250005,,,,,,,,,,,,,,,,,,
SENSOR,1789661124132,40854359498237,0.15792629,0.20279172,9.8727865,-4.5814854E-4,-1.5271618E-4,1.5271618E-4,-49.050003,4.125,7.1250005,,,,,,,,,,,,,,,,,,
SENSOR,1789661124132,40854379498237,0.16091733,0.20189442,9.876077,-4.5814854E-4,-1.5271618E-4,1.5271618E-4,-49.050003,4.125,7.1250005,,,,,,,,,,,,,,,,,,
SENSOR,1789661124143,40854404498237,0.16091733,0.20189442,9.876077,0.0,-9.162971E-4,1.5271618E-4,-49.050003,4.125,7.1250005,,,,,,,,,,,,,,,,,,
SENSOR,1789661124168,40854414498237,0.16091733,0.20189442,9.876077,0.0,-9.162971E-4,1.5271618E-4,-49.2,3.3750002,6.9750004,,,,,,,,,,,,,,,,,,
SENSOR,1789661124233,40854399498237,0.15882361,0.2009971,9.866505,0.0,-9.162971E-4,1.5271618E-4,-49.2,3.3750002,6.9750004,,,,,,,,,,,,,,,,,,
SENSOR,1789661124233,40854419498237,0.15643078,0.19950159,9.873684,0.0,-9.162971E-4,1.5271618E-4,-49.2,3.3750002,6.9750004,,,,,,,,,,,,,,,,,,
SENSOR,1789661124234,40854439498237,0.15553348,0.19800608,9.868599,0.0,-9.162971E-4,1.5271618E-4,-49.2,3.3750002,6.9750004,,,,,,,,,,,,,,,,,,
SENSOR,1789661124234,40854459498237,0.15553348,0.20129621,9.869795,0.0,-9.162971E-4,1.5271618E-4,-49.2,3.3750002,6.9750004,,,,,,,,,,,,,,,,,,
SENSOR,1789661124234,40854479498237,0.1582254,0.19322042,9.869496,0.0,-9.162971E-4,1.5271618E-4,-49.2,3.3750002,6.9750004,,,,,,,,,,,,,,,,,,
SENSOR,1789661124246,40854504498237,0.1582254,0.19322042,9.869496,0.0,-9.162971E-4,-4.5814854E-4,-49.2,3.3750002,6.9750004,,,,,,,,,,,,,,,,,,
SENSOR,1789661124263,40854514498237,0.1582254,0.19322042,9.869496,0.0,-9.162971E-4,-4.5814854E-4,-49.95,3.6750002,7.3500004,,,,,,,,,,,,,,,,,,
SENSOR,1789661124332,40854499498237,0.15403795,0.20488544,9.866505,0.0,-9.162971E-4,-4.5814854E-4,-49.95,3.6750002,7.3500004,,,,,,,,,,,,,,,,,,
SENSOR,1789661124333,40854519498237,0.15373886,0.19860429,9.868599,0.0,-9.162971E-4,-4.5814854E-4,-49.95,3.6750002,7.3500004,,,,,,,,,,,,,,,,,,
SENSOR,1789661124333,40854539498237,0.15523437,0.20518455,9.870992,0.0,-9.162971E-4,-4.5814854E-4,-49.95,3.6750002,7.3500004,,,,,,,,,,,,,,,,,,
SENSOR,1789661124333,40854559498237,0.1594218,0.20039889,9.873085,0.0,-9.162971E-4,-4.5814854E-4,-49.95,3.6750002,7.3500004,,,,,,,,,,,,,,,,,,
SENSOR,1789661124333,40854579498237,0.15284155,0.20279172,9.870094,0.0,-9.162971E-4,-4.5814854E-4,-49.95,3.6750002,7.3500004,,,,,,,,,,,,,,,,,,
SENSOR,1789661124342,40854604498237,0.15284155,0.20279172,9.870094,-0.0,-9.162971E-4,1.5271618E-4,-49.95,3.6750002,7.3500004,,,,,,,,,,,,,,,,,,
SENSOR,1789661124368,40854614498237,0.15284155,0.20279172,9.870094,-0.0,-9.162971E-4,1.5271618E-4,-50.100002,3.7500002,7.8750005,,,,,,,,,,,,,,,,,,
SENSOR,1789661124431,40854599498237,0.15463616,0.20398813,9.867702,-0.0,-9.162971E-4,1.5271618E-4,-50.100002,3.7500002,7.8750005,,,,,,,,,,,,,,,,,,
SENSOR,1789661124432,40854619498237,0.15314065,0.19591236,9.870992,-0.0,-9.162971E-4,1.5271618E-4,-50.100002,3.7500002,7.8750005,,,,,,,,,,,,,,,,,,
SENSOR,1789661124432,40854639498237,0.15672988,0.20219351,9.869496,-0.0,-9.162971E-4,1.5271618E-4,-50.100002,3.7500002,7.8750005,,,,,,,,,,,,,,,,,,
SENSOR,1789661124432,40854659498237,0.15523437,0.20129621,9.869496,-0.0,-9.162971E-4,1.5271618E-4,-50.100002,3.7500002,7.8750005,,,,,,,,,,,,,,,,,,
SENSOR,1789661124433,40854679498237,0.1585245,0.20309082,9.865309,-0.0,-9.162971E-4,1.5271618E-4,-50.100002,3.7500002,7.8750005,,,,,,,,,,,,,,,,,,
SENSOR,1789661124447,40854704498237,0.1585245,0.20309082,9.865309,0.0,3.0543236E-4,1.5271618E-4,-50.100002,3.7500002,7.8750005,,,,,,,,,,,,,,,,,,
SENSOR,1789661124464,40854714498237,0.1585245,0.20309082,9.865309,0.0,3.0543236E-4,1.5271618E-4,-50.250004,3.6750002,7.425,,,,,,,,,,,,,,,,,,
SENSOR,1789661124533,40854699498237,0.1585245,0.20368902,9.867402,0.0,3.0543236E-4,1.5271618E-4,-50.250004,3.6750002,7.425,,,,,,,,,,,,,,,,,,
SENSOR,1789661124533,40854719498237,0.15583257,0.2000998,9.866505,0.0,3.0543236E-4,1.5271618E-4,-50.250004,3.6750002,7.425,,,,,,,,,,,,,,,,,,
SENSOR,1789661124533,40854739498237,0.15972091,0.20279172,9.873684,0.0,3.0543236E-4,1.5271618E-4,-50.250004,3.6750002,7.425,,,,,,,,,,,,,,,,,,
SENSOR,1789661124534,40854759498237,0.15403795,0.20129621,9.873982,0.0,3.0543236E-4,1.5271618E-4,-50.250004,3.6750002,7.425,,,,,,,,,,,,,,,,,,
SENSOR,1789661124534,40854779498237,0.15583257,0.20338993,9.866505,0.0,3.0543236E-4,1.5271618E-4,-50.250004,3.6750002,7.425,,,,,,,,,,,,,,,,,,
SENSOR,1789661124541,40854804498237,0.15583257,0.20338993,9.866505,0.0,3.0543236E-4,1.5271618E-4,-50.250004,3.6750002,7.425,,,,,,,,,,,,,,,,,,
SENSOR,1789661124567,40854814498237,0.15583257,0.20338993,9.866505,0.0,3.0543236E-4,1.5271618E-4,-49.2,4.2000003,7.5750003,,,,,,,,,,,,,,,,,,
SENSOR,1789661124632,40854799498237,0.15403795,0.19980069,9.8727865,0.0,3.0543236E-4,1.5271618E-4,-49.2,4.2000003,7.5750003,,,,,,,,,,,,,,,,,,
SENSOR,1789661124632,40854819498237,0.15672988,0.20219351,9.868599,0.0,3.0543236E-4,1.5271618E-4,-49.2,4.2000003,7.5750003,,,,,,,,,,,,,,,,,,
SENSOR,1789661124632,40854839498237,0.15463616,0.20189442,9.867402,0.0,3.0543236E-4,1.5271618E-4,-49.2,4.2000003,7.5750003,,,,,,,,,,,,,,,,,,
SENSOR,1789661124632,40854859498237,0.15254244,0.200698,9.865907,0.0,3.0543236E-4,1.5271618E-4,-49.2,4.2000003,7.5750003,,,,,,,,,,,,,,,,,,
SENSOR,1789661124632,40854879498237,0.1576272,0.20338993,9.87159,0.0,3.0543236E-4,1.5271618E-4,-49.2,4.2000003,7.5750003,,,,,,,,,,,,,,,,,,
SENSOR,1789661124647,40854904498237,0.1576272,0.20338993,9.87159,0.0,-9.162971E-4,1.5271618E-4,-49.2,4.2000003,7.5750003,,,,,,,,,,,,,,,,,,
SENSOR,1789661124663,40854914498237,0.1576272,0.20338993,9.87159,0.0,-9.162971E-4,1.5271618E-4,-49.425003,3.9,7.05,,,,,,,,,,,,,,,,,,
GNSS,1789661124685,,true,11.0554049,76.9271175,374.70001220703125,27.021,,,53,0,,,,,,,,,,,,,
SENSOR,1789661124731,40854899498237,0.15433706,0.2015953,9.870394,0.0,-9.162971E-4,1.5271618E-4,-49.425003,3.9,7.05,,,,,,,,,,,,,,,,,,
SENSOR,1789661124732,40854919498237,0.15643078,0.19800608,9.867402,0.0,-9.162971E-4,1.5271618E-4,-49.425003,3.9,7.05,,,,,,,,,,,,,,,,,,
SENSOR,1789661124732,40854939498237,0.15284155,0.19770697,9.862318,0.0,-9.162971E-4,1.5271618E-4,-49.425003,3.9,7.05,,,,,,,,,,,,,,,,,,
SENSOR,1789661124733,40854959498237,0.1576272,0.20279172,9.867104,0.0,-9.162971E-4,1.5271618E-4,-49.425003,3.9,7.05,,,,,,,,,,,,,,,,,,
SENSOR,1789661124733,40854979498237,0.15732808,0.20368902,9.869795,0.0,-9.162971E-4,1.5271618E-4,-49.425003,3.9,7.05,,,,,,,,,,,,,,,,,,
SENSOR,1789661124740,40855004498237,0.15732808,0.20368902,9.869795,0.0,3.0543236E-4,1.5271618E-4,-49.425003,3.9,7.05,,,,,,,,,,,,,,,,,,
SENSOR,1789661124767,40855014498237,0.15732808,0.20368902,9.869795,0.0,3.0543236E-4,1.5271618E-4,-50.025,3.9750001,7.8750005,,,,,,,,,,,,,,,,,,
SENSOR,1789661124831,40854999498237,0.15882361,0.20129621,9.872487,0.0,3.0543236E-4,1.5271618E-4,-50.025,3.9750001,7.8750005,,,,,,,,,,,,,,,,,,
SENSOR,1789661124831,40855019498237,0.15194423,0.20458634,9.873085,0.0,3.0543236E-4,1.5271618E-4,-50.025,3.9750001,7.8750005,,,,,,,,,,,,,,,,,,
SENSOR,1789661124831,40855039498237,0.1585245,0.20129621,9.867402,0.0,3.0543236E-4,1.5271618E-4,-50.025,3.9750001,7.8750005,,,,,,,,,,,,,,,,,,
SENSOR,1789661124831,40855059498237,0.15882361,0.20189442,9.869795,0.0,3.0543236E-4,1.5271618E-4,-50.025,3.9750001,7.8750005,,,,,,,,,,,,,,,,,,
SENSOR,1789661124831,40855079498237,0.1576272,0.2000998,9.869795,0.0,3.0543236E-4,1.5271618E-4,-50.025,3.9750001,7.8750005,,,,,,,,,,,,,,,,,,
SENSOR,1789661124845,40855104498237,0.1576272,0.2000998,9.869795,0.0,-4.5814854E-4,1.5271618E-4,-50.025,3.9750001,7.8750005,,,,,,,,,,,,,,,,,,
CELLULAR,1789661124858,,,,,,,,,,,,,,true,NR,4298047490,405,869,,75,403,634080,-106,NR_SS_RSRP,3,
SENSOR,1789661124868,40855114498237,0.1576272,0.2000998,9.869795,0.0,-4.5814854E-4,1.5271618E-4,-48.975002,4.05,5.925,,,,,,,,,,,,,,,,,,
SENSOR,1789661124931,40855099498237,0.16061822,0.20338993,9.870094,0.0,-4.5814854E-4,1.5271618E-4,-48.975002,4.05,5.925,,,,,,,,,,,,,,,,,,
SENSOR,1789661124931,40855119498237,0.15583257,0.19920248,9.869496,0.0,-4.5814854E-4,1.5271618E-4,-48.975002,4.05,5.925,,,,,,,,,,,,,,,,,,
SENSOR,1789661124931,40855139498237,0.15523437,0.20129621,9.8682995,0.0,-4.5814854E-4,1.5271618E-4,-48.975002,4.05,5.925,,,,,,,,,,,,,,,,,,
SENSOR,1789661124931,40855159498237,0.15792629,0.2000998,9.87488,0.0,-4.5814854E-4,1.5271618E-4,-48.975002,4.05,5.925,,,,,,,,,,,,,,,,,,
SENSOR,1789661124931,40855179498237,0.1582254,0.20279172,9.871889,0.0,-4.5814854E-4,1.5271618E-4,-48.975002,4.05,5.925,,,,,,,,,,,,,,,,,,
SENSOR,1789661124949,40855204498237,0.1582254,0.20279172,9.871889,-0.0010690133,1.5271618E-4,1.5271618E-4,-48.975002,4.05,5.925,,,,,,,,,,,,,,,,,,
SENSOR,1789661124967,40855214498237,0.1582254,0.20279172,9.871889,-0.0010690133,1.5271618E-4,1.5271618E-4,-49.125004,4.125,5.925,,,,,,,,,,,,,,,,,,
SENSOR,1789661125031,40855199498237,0.15284155,0.20428723,9.862916,-0.0010690133,1.5271618E-4,1.5271618E-4,-49.125004,4.125,5.925,,,,,,,,,,,,,,,,,,
SENSOR,1789661125031,40855219498237,0.15463616,0.20279172,9.869197,-0.0010690133,1.5271618E-4,1.5271618E-4,-49.125004,4.125,5.925,,,,,,,,,,,,,,,,,,
SENSOR,1789661125031,40855239498237,0.15433706,0.20877378,9.873085,-0.0010690133,1.5271618E-4,1.5271618E-4,-49.125004,4.125,5.925,,,,,,,,,,,,,,,,,,
SENSOR,1789661125031,40855259498237,0.15493527,0.19890338,9.870992,-0.0010690133,1.5271618E-4,1.5271618E-4,-49.125004,4.125,5.925,,,,,,,,,,,,,,,,,,
SENSOR,1789661125031,40855279498237,0.15882361,0.20309082,9.867402,-0.0010690133,1.5271618E-4,1.5271618E-4,-49.125004,4.125,5.925,,,,,,,,,,,,,,,,,,
SENSOR,1789661125045,40855304498237,0.15882361,0.20309082,9.867402,0.0,1.5271618E-4,-0.0010690133,-49.125004,4.125,5.925,,,,,,,,,,,,,,,,,,
SENSOR,1789661125062,40855314498237,0.15882361,0.20309082,9.867402,0.0,1.5271618E-4,-0.0010690133,-48.0,4.05,3.6000001,,,,,,,,,,,,,,,,,,
SENSOR,1789661125132,40855299498237,0.15702899,0.20039889,9.866505,0.0,1.5271618E-4,-0.0010690133,-48.0,4.05,3.6000001,,,,,,,,,,,,,,,,,,
SENSOR,1789661125132,40855319498237,0.15672988,0.20458634,9.873085,0.0,1.5271618E-4,-0.0010690133,-48.0,4.05,3.6000001,,,,,,,,,,,,,,,,,,
SENSOR,1789661125132,40855339498237,0.15433706,0.20548365,9.869197,0.0,1.5271618E-4,-0.0010690133,-48.0,4.05,3.6000001,,,,,,,,,,,,,,,,,,
SENSOR,1789661125132,40855359498237,0.16031912,0.20338993,9.875478,0.0,1.5271618E-4,-0.0010690133,-48.0,4.05,3.6000001,,,,,,,,,,,,,,,,,,
SENSOR,1789661125132,40855379498237,0.15254244,0.20548365,9.871889,0.0,1.5271618E-4,-0.0010690133,-48.0,4.05,3.6000001,,,,,,,,,,,,,,,,,,
SENSOR,1789661125149,40855404498237,0.15254244,0.20548365,9.871889,0.0,1.5271618E-4,-9.162971E-4,-48.0,4.05,3.6000001,,,,,,,,,,,,,,,,,,
SENSOR,1789661125166,40855414498237,0.15254244,0.20548365,9.871889,0.0,1.5271618E-4,-9.162971E-4,-48.975002,4.2000003,5.3250003,,,,,,,,,,,,,,,,,,
SENSOR,1789661125231,40855399498237,0.16151553,0.20189442,9.864112,0.0,1.5271618E-4,-9.162971E-4,-48.975002,4.2000003,5.3250003,,,,,,,,,,,,,,,,,,
SENSOR,1789661125231,40855419498237,0.15433706,0.20219351,9.87159,0.0,1.5271618E-4,-9.162971E-4,-48.975002,4.2000003,5.3250003,,,,,,,,,,,,,,,,,,
SENSOR,1789661125231,40855439498237,0.15672988,0.20338993,9.867702,0.0,1.5271618E-4,-9.162971E-4,-48.975002,4.2000003,5.3250003,,,,,,,,,,,,,,,,,,
SENSOR,1789661125231,40855459498237,0.1576272,0.20338993,9.870094,0.0,1.5271618E-4,-9.162971E-4,-48.975002,4.2000003,5.3250003,,,,,,,,,,,,,,,,,,
SENSOR,1789661125231,40855479498237,0.16002001,0.2015953,9.873384,0.0,1.5271618E-4,-9.162971E-4,-48.975002,4.2000003,5.3250003,,,,,,,,,,,,,,,,,,
SENSOR,1789661125244,40855504498237,0.16002001,0.2015953,9.873384,0.0,-6.108647E-4,1.5271618E-4,-48.975002,4.2000003,5.3250003,,,,,,,,,,,,,,,,,,
SENSOR,1789661125261,40855514498237,0.16002001,0.2015953,9.873384,0.0,-6.108647E-4,1.5271618E-4,-49.275,3.525,6.7500005,,,,,,,,,,,,,,,,,,
SENSOR,1789661125331,40855499498237,0.16301104,0.20488544,9.873982,0.0,-6.108647E-4,1.5271618E-4,-49.275,3.525,6.7500005,,,,,,,,,,,,,,,,,,
SENSOR,1789661125331,40855519498237,0.15672988,0.18843478,9.893126,0.0,-6.108647E-4,1.5271618E-4,-49.275,3.525,6.7500005,,,,,,,,,,,,,,,,,,
SENSOR,1789661125331,40855539498237,0.15194423,0.23150559,9.8524475,0.0,-6.108647E-4,1.5271618E-4,-49.275,3.525,6.7500005,,,,,,,,,,,,,,,,,,
SENSOR,1789661125331,40855559498237,0.16121642,0.18215363,9.863514,0.0,-6.108647E-4,1.5271618E-4,-49.275,3.525,6.7500005,,,,,,,,,,,,,,,,,,
SENSOR,1789661125332,40855579498237,0.15882361,0.21565314,9.870394,0.0,-6.108647E-4,1.5271618E-4,-49.275,3.525,6.7500005,,,,,,,,,,,,,,,,,,
SENSOR,1789661125349,40855604498237,0.15882361,0.21565314,9.870394,0.0,1.5271618E-4,1.5271618E-4,-49.275,3.525,6.7500005,,,,,,,,,,,,,,,,,,
SENSOR,1789661125366,40855614498237,0.15882361,0.21565314,9.870394,0.0,1.5271618E-4,1.5271618E-4,-49.425003,4.2000003,7.275,,,,,,,,,,,,,,,,,,
SENSOR,1789661125431,40855599498237,0.15613168,0.1905285,9.875179,0.0,1.5271618E-4,1.5271618E-4,-49.425003,4.2000003,7.275,,,,,,,,,,,,,,,,,,
SENSOR,1789661125431,40855619498237,0.15373886,0.20368902,9.873085,0.0,1.5271618E-4,1.5271618E-4,-49.425003,4.2000003,7.275,,,,,,,,,,,,,,,,,,
SENSOR,1789661125431,40855639498237,0.1591227,0.20309082,9.873085,0.0,1.5271618E-4,1.5271618E-4,-49.425003,4.2000003,7.275,,,,,,,,,,,,,,,,,,
SENSOR,1789661125431,40855659498237,0.1591227,0.19950159,9.87159,0.0,1.5271618E-4,1.5271618E-4,-49.425003,4.2000003,7.275,,,,,,,,,,,,,,,,,,
SENSOR,1789661125432,40855679498237,0.15194423,0.20578274,9.868001,0.0,1.5271618E-4,1.5271618E-4,-49.425003,4.2000003,7.275,,,,,,,,,,,,,,,,,,
SENSOR,1789661125445,40855704498237,0.15194423,0.20578274,9.868001,4.5814854E-4,-6.108647E-4,1.5271618E-4,-49.425003,4.2000003,7.275,,,,,,,,,,,,,,,,,,
SENSOR,1789661125462,40855714498237,0.15194423,0.20578274,9.868001,4.5814854E-4,-6.108647E-4,1.5271618E-4,-49.425003,3.825,5.175,,,,,,,,,,,,,,,,,,
SENSOR,1789661125531,40855699498237,0.15702899,0.19531415,9.868001,4.5814854E-4,-6.108647E-4,1.5271618E-4,-49.425003,3.825,5.175,,,,,,,,,,,,,,,,,,
SENSOR,1789661125531,40855719498237,0.1576272,0.2108675,9.869795,4.5814854E-4,-6.108647E-4,1.5271618E-4,-49.425003,3.825,5.175,,,,,,,,,,,,,,,,,,
SENSOR,1789661125531,40855739498237,0.16061822,0.19172491,9.866206,4.5814854E-4,-6.108647E-4,1.5271618E-4,-49.425003,3.825,5.175,,,,,,,,,,,,,,,,,,
SENSOR,1789661125532,40855759498237,0.15523437,0.20967108,9.87458,4.5814854E-4,-6.108647E-4,1.5271618E-4,-49.425003,3.825,5.175,,,,,,,,,,,,,,,,,,
SENSOR,1789661125532,40855779498237,0.15373886,0.2000998,9.870992,4.5814854E-4,-6.108647E-4,1.5271618E-4,-49.425003,3.825,5.175,,,,,,,,,,,,,,,,,,
SENSOR,1789661125548,40855804498237,0.15373886,0.2000998,9.870992,0.0,1.5271618E-4,-0.0010690133,-49.425003,3.825,5.175,,,,,,,,,,,,,,,,,,
SENSOR,1789661125566,40855814498237,0.15373886,0.2000998,9.870992,0.0,1.5271618E-4,-0.0010690133,-49.350002,3.6000001,6.15,,,,,,,,,,,,,,,,,,
SENSOR,1789661125631,40855799498237,0.15224335,0.20967108,9.866505,0.0,1.5271618E-4,-0.0010690133,-49.350002,3.6000001,6.15,,,,,,,,,,,,,,,,,,
SENSOR,1789661125631,40855819498237,0.1576272,0.19830517,9.866206,0.0,1.5271618E-4,-0.0010690133,-49.350002,3.6000001,6.15,,,,,,,,,,,,,,,,,,
SENSOR,1789661125631,40855839498237,0.1585245,0.20757736,9.864711,0.0,1.5271618E-4,-0.0010690133,-49.350002,3.6000001,6.15,,,,,,,,,,,,,,,,,,
SENSOR,1789661125631,40855859498237,0.15403795,0.20338993,9.865907,0.0,1.5271618E-4,-0.0010690133,-49.350002,3.6000001,6.15,,,,,,,,,,,,,,,,,,
SENSOR,1789661125631,40855879498237,0.15493527,0.20039889,9.867402,0.0,1.5271618E-4,-0.0010690133,-49.350002,3.6000001,6.15,,,,,,,,,,,,,,,,,,
SENSOR,1789661125644,40855904498237,0.15493527,0.20039889,9.867402,0.0,1.5271618E-4,1.5271618E-4,-49.350002,3.6000001,6.15,,,,,,,,,,,,,,,,,,
SENSOR,1789661125661,40855914498237,0.15493527,0.20039889,9.867402,0.0,1.5271618E-4,1.5271618E-4,-48.9,4.05,6.2250004,,,,,,,,,,,,,,,,,,
GNSS,1789661125690,,true,11.0554049,76.9271175,374.70001220703125,27.021,,,53,0,,,,,,,,,,,,,
GNSS,1789661125782,,true,11.05533727,76.92723889,311.5296630859375,19.40318,0.33,191.8,53,0,,,,,,,,,,,,,
SENSOR,1789661125732,40855899498237,0.15583257,0.20189442,9.873085,0.0,1.5271618E-4,1.5271618E-4,-48.9,4.05,6.2250004,,,,,,,,,,,,,,,,,,
SENSOR,1789661125732,40855919498237,0.15433706,0.19890338,9.865907,0.0,1.5271618E-4,1.5271618E-4,-48.9,4.05,6.2250004,,,,,,,,,,,,,,,,,,
SENSOR,1789661125732,40855939498237,0.15702899,0.20458634,9.867402,0.0,1.5271618E-4,1.5271618E-4,-48.9,4.05,6.2250004,,,,,,,,,,,,,,,,,,
SENSOR,1789661125732,40855959498237,0.15732808,0.19860429,9.872487,0.0,1.5271618E-4,1.5271618E-4,-48.9,4.05,6.2250004,,,,,,,,,,,,,,,,,,
SENSOR,1789661125732,40855979498237,0.15583257,0.20279172,9.866206,0.0,1.5271618E-4,1.5271618E-4,-48.9,4.05,6.2250004,,,,,,,,,,,,,,,,,,
SENSOR,1789661125747,40856004498237,0.15583257,0.20279172,9.866206,0.0,1.5271618E-4,1.5271618E-4,-48.9,4.05,6.2250004,,,,,,,,,,,,,,,,,,
SENSOR,1789661125765,40856014498237,0.15583257,0.20279172,9.866206,0.0,1.5271618E-4,1.5271618E-4,-48.600002,4.05,5.3250003,,,,,,,,,,,,,,,,,,
SENSOR,1789661125830,40855999498237,0.15254244,0.20309082,9.865309,0.0,1.5271618E-4,1.5271618E-4,-48.600002,4.05,5.3250003,,,,,,,,,,,,,,,,,,
SENSOR,1789661125830,40856019498237,0.15254244,0.20548365,9.865309,0.0,1.5271618E-4,1.5271618E-4,-48.600002,4.05,5.3250003,,,,,,,,,,,,,,,,,,
SENSOR,1789661125830,40856039498237,0.1576272,0.19680966,9.870394,0.0,1.5271618E-4,1.5271618E-4,-48.600002,4.05,5.3250003,,,,,,,,,,,,,,,,,,
SENSOR,1789661125830,40856059498237,0.15792629,0.19980069,9.867702,0.0,1.5271618E-4,1.5271618E-4,-48.600002,4.05,5.3250003,,,,,,,,,,,,,,,,,,
SENSOR,1789661125830,40856079498237,0.15343975,0.20219351,9.866206,0.0,1.5271618E-4,1.5271618E-4,-48.600002,4.05,5.3250003,,,,,,,,,,,,,,,,,,
SENSOR,1789661125842,40856104498237,0.15343975,0.20219351,9.866206,0.0,1.5271618E-4,1.5271618E-4,-48.600002,4.05,5.3250003,,,,,,,,,,,,,,,,,,
CELLULAR,1789661125868,,,,,,,,,,,,,,true,NR,4298047490,405,869,,75,403,634080,-106,NR_SS_RSRP,3,
SENSOR,1789661125877,40856114498237,0.15343975,0.20219351,9.866206,0.0,1.5271618E-4,1.5271618E-4,-48.0,4.05,4.125,,,,,,,,,,,,,,,,,,
SENSOR,1789661125930,40856099498237,0.15104693,0.20129621,9.873684,0.0,1.5271618E-4,1.5271618E-4,-48.0,4.05,4.125,,,,,,,,,,,,,,,,,,
SENSOR,1789661125930,40856119498237,0.15732808,0.20309082,9.873085,0.0,1.5271618E-4,1.5271618E-4,-48.0,4.05,4.125,,,,,,,,,,,,,,,,,,
SENSOR,1789661125930,40856139498237,0.15882361,0.19950159,9.872188,0.0,1.5271618E-4,1.5271618E-4,-48.0,4.05,4.125,,,,,,,,,,,,,,,,,,
SENSOR,1789661125930,40856159498237,0.15792629,0.20488544,9.868897,0.0,1.5271618E-4,1.5271618E-4,-48.0,4.05,4.125,,,,,,,,,,,,,,,,,,
SENSOR,1789661125930,40856179498237,0.15403795,0.19920248,9.865608,0.0,1.5271618E-4,1.5271618E-4,-48.0,4.05,4.125,,,,,,,,,,,,,,,,,,
SENSOR,1789661125947,40856204498237,0.15403795,0.19920248,9.865608,0.0,1.5271618E-4,1.5271618E-4,-48.0,4.05,4.125,,,,,,,,,,,,,,,,,,
SENSOR,1789661125964,40856214498237,0.15403795,0.19920248,9.865608,0.0,1.5271618E-4,1.5271618E-4,-48.375004,3.9750001,4.5750003,,,,,,,,,,,,,,,,,,
SENSOR,1789661126031,40856199498237,0.15613168,0.20309082,9.867402,0.0,1.5271618E-4,1.5271618E-4,-48.375004,3.9750001,4.5750003,,,,,,,,,,,,,,,,,,
SENSOR,1789661126031,40856219498237,0.15792629,0.19860429,9.864112,0.0,1.5271618E-4,1.5271618E-4,-48.375004,3.9750001,4.5750003,,,,,,,,,,,,,,,,,,
SENSOR,1789661126031,40856239498237,0.15702899,0.20518455,9.872487,0.0,1.5271618E-4,1.5271618E-4,-48.375004,3.9750001,4.5750003,,,,,,,,,,,,,,,,,,
SENSOR,1789661126031,40856259498237,0.15403795,0.20309082,9.864411,0.0,1.5271618E-4,1.5271618E-4,-48.375004,3.9750001,4.5750003,,,,,,,,,,,,,,,,,,
SENSOR,1789661126031,40856279498237,0.15403795,0.20279172,9.872487,0.0,1.5271618E-4,1.5271618E-4,-48.375004,3.9750001,4.5750003,,,,,,,,,,,,,,,,,,
SENSOR,1789661126042,40856304498237,0.15403795,0.20279172,9.872487,0.0,1.5271618E-4,-7.635809E-4,-48.375004,3.9750001,4.5750003,,,,,,,,,,,,,,,,,,
SENSOR,1789661126068,40856314498237,0.15403795,0.20279172,9.872487,0.0,1.5271618E-4,-7.635809E-4,-48.9,4.275,5.55,,,,,,,,,,,,,,,,,,
SENSOR,1789661126130,40856299498237,0.15403795,0.2009971,9.866804,0.0,1.5271618E-4,-7.635809E-4,-48.9,4.275,5.55,,,,,,,,,,,,,,,,,,
SENSOR,1789661126130,40856319498237,0.15613168,0.20398813,9.8727865,0.0,1.5271618E-4,-7.635809E-4,-48.9,4.275,5.55,,,,,,,,,,,,,,,,,,
SENSOR,1789661126131,40856339498237,0.1591227,0.2009971,9.870692,0.0,1.5271618E-4,-7.635809E-4,-48.9,4.275,5.55,,,,,,,,,,,,,,,,,,
SENSOR,1789661126131,40856359498237,0.1582254,0.20279172,9.869197,0.0,1.5271618E-4,-7.635809E-4,-48.9,4.275,5.55,,,,,,,,,,,,,,,,,,
SENSOR,1789661126131,40856379498237,0.15732808,0.20428723,9.869795,0.0,1.5271618E-4,-7.635809E-4,-48.9,4.275,5.55,,,,,,,,,,,,,,,,,,
SENSOR,1789661126146,40856404498237,0.15732808,0.20428723,9.869795,0.0,1.5271618E-4,1.5271618E-4,-48.9,4.275,5.55,,,,,,,,,,,,,,,,,,
SENSOR,1789661126164,40856414498237,0.15732808,0.20428723,9.869795,0.0,1.5271618E-4,1.5271618E-4,-47.550003,3.825,3.9,,,,,,,,,,,,,,,,,,
SENSOR,1789661126230,40856399498237,0.15643078,0.20428723,9.87458,0.0,1.5271618E-4,1.5271618E-4,-47.550003,3.825,3.9,,,,,,,,,,,,,,,,,,
SENSOR,1789661126230,40856419498237,0.1591227,0.19920248,9.870394,0.0,1.5271618E-4,1.5271618E-4,-47.550003,3.825,3.9,,,,,,,,,,,,,,,,,,
SENSOR,1789661126230,40856439498237,0.1576272,0.20129621,9.867402,0.0,1.5271618E-4,1.5271618E-4,-47.550003,3.825,3.9,,,,,,,,,,,,,,,,,,
SENSOR,1789661126230,40856459498237,0.16301104,0.19860429,9.8727865,0.0,1.5271618E-4,1.5271618E-4,-47.550003,3.825,3.9,,,,,,,,,,,,,,,,,,
SENSOR,1789661126230,40856479498237,0.15792629,0.20219351,9.873085,0.0,1.5271618E-4,1.5271618E-4,-47.550003,3.825,3.9,,,,,,,,,,,,,,,,,,
SENSOR,1789661126242,40856504498237,0.15792629,0.20219351,9.873085,0.0,-7.635809E-4,1.5271618E-4,-47.550003,3.825,3.9,,,,,,,,,,,,,,,,,,
SENSOR,1789661126269,40856514498237,0.15792629,0.20219351,9.873085,0.0,-7.635809E-4,1.5271618E-4,-48.300003,3.7500002,4.9500003,,,,,,,,,,,,,,,,,,
SENSOR,1789661126332,40856499498237,0.15314065,0.20338993,9.871889,0.0,-7.635809E-4,1.5271618E-4,-48.300003,3.7500002,4.9500003,,,,,,,,,,,,,,,,,,
SENSOR,1789661126332,40856519498237,0.15702899,0.20518455,9.870692,0.0,-7.635809E-4,1.5271618E-4,-48.300003,3.7500002,4.9500003,,,,,,,,,,,,,,,,,,
SENSOR,1789661126332,40856539498237,0.15433706,0.19770697,9.870394,0.0,-7.635809E-4,1.5271618E-4,-48.300003,3.7500002,4.9500003,,,,,,,,,,,,,,,,,,
SENSOR,1789661126332,40856559498237,0.15583257,0.20129621,9.873085,0.0,-7.635809E-4,1.5271618E-4,-48.300003,3.7500002,4.9500003,,,,,,,,,,,,,,,,,,
SENSOR,1789661126332,40856579498237,0.15553348,0.20518455,9.868897,0.0,-7.635809E-4,1.5271618E-4,-48.300003,3.7500002,4.9500003,,,,,,,,,,,,,,,,,,
SENSOR,1789661126346,40856604498237,0.15553348,0.20518455,9.868897,-7.635809E-4,1.5271618E-4,-6.108647E-4,-48.300003,3.7500002,4.9500003,,,,,,,,,,,,,,,,,,
SENSOR,1789661126364,40856614498237,0.15553348,0.20518455,9.868897,-7.635809E-4,1.5271618E-4,-6.108647E-4,-49.575,3.3750002,6.675,,,,,,,,,,,,,,,,,,
SENSOR,1789661126431,40856599498237,0.15224335,0.20309082,9.868001,-7.635809E-4,1.5271618E-4,-6.108647E-4,-49.575,3.3750002,6.675,,,,,,,,,,,,,,,,,,
SENSOR,1789661126432,40856619498237,0.15343975,0.2000998,9.869197,-7.635809E-4,1.5271618E-4,-6.108647E-4,-49.575,3.3750002,6.675,,,,,,,,,,,,,,,,,,
SENSOR,1789661126432,40856639498237,0.14895321,0.200698,9.872188,-7.635809E-4,1.5271618E-4,-6.108647E-4,-49.575,3.3750002,6.675,,,,,,,,,,,,,,,,,,
SENSOR,1789661126432,40856659498237,0.1582254,0.20189442,9.865907,-7.635809E-4,1.5271618E-4,-6.108647E-4,-49.575,3.3750002,6.675,,,,,,,,,,,,,,,,,,
SENSOR,1789661126432,40856679498237,0.15343975,0.2009971,9.867104,-7.635809E-4,1.5271618E-4,-6.108647E-4,-49.575,3.3750002,6.675,,,,,,,,,,,,,,,,,,
SENSOR,1789661126442,40856704498237,0.15343975,0.2009971,9.867104,0.0,1.5271618E-4,1.5271618E-4,-49.575,3.3750002,6.675,,,,,,,,,,,,,,,,,,
SENSOR,1789661126469,40856714498237,0.15343975,0.2009971,9.867104,0.0,1.5271618E-4,1.5271618E-4,-49.275,4.125,6.2250004,,,,,,,,,,,,,,,,,,
SENSOR,1789661126530,40856699498237,0.1576272,0.20309082,9.870692,0.0,1.5271618E-4,1.5271618E-4,-49.275,4.125,6.2250004,,,,,,,,,,,,,,,,,,
SENSOR,1789661126531,40856719498237,0.15613168,0.2009971,9.87817,0.0,1.5271618E-4,1.5271618E-4,-49.275,4.125,6.2250004,,,,,,,,,,,,,,,,,,
SENSOR,1789661126531,40856739498237,0.16031912,0.20428723,9.875179,0.0,1.5271618E-4,1.5271618E-4,-49.275,4.125,6.2250004,,,,,,,,,,,,,,,,,,
SENSOR,1789661126531,40856759498237,0.1585245,0.20249261,9.869496,0.0,1.5271618E-4,1.5271618E-4,-49.275,4.125,6.2250004,,,,,,,,,,,,,,,,,,
SENSOR,1789661126531,40856779498237,0.15493527,0.19950159,9.862617,0.0,1.5271618E-4,1.5271618E-4,-49.275,4.125,6.2250004,,,,,,,,,,,,,,,,,,
SENSOR,1789661126546,40856804498237,0.15493527,0.19950159,9.862617,0.0,1.5271618E-4,1.5271618E-4,-49.275,4.125,6.2250004,,,,,,,,,,,,,,,,,,
SENSOR,1789661126564,40856814498237,0.15493527,0.19950159,9.862617,0.0,1.5271618E-4,1.5271618E-4,-49.2,3.9,6.9,,,,,,,,,,,,,,,,,,
SENSOR,1789661126631,40856799498237,0.15672988,0.20249261,9.873085,0.0,1.5271618E-4,1.5271618E-4,-49.2,3.9,6.9,,,,,,,,,,,,,,,,,,
SENSOR,1789661126631,40856819498237,0.1576272,0.20249261,9.866505,0.0,1.5271618E-4,1.5271618E-4,-49.2,3.9,6.9,,,,,,,,,,,,,,,,,,
SENSOR,1789661126631,40856839498237,0.15672988,0.19860429,9.877273,0.0,1.5271618E-4,1.5271618E-4,-49.2,3.9,6.9,,,,,,,,,,,,,,,,,,
SENSOR,1789661126632,40856859498237,0.15643078,0.20249261,9.870094,0.0,1.5271618E-4,1.5271618E-4,-49.2,3.9,6.9,,,,,,,,,,,,,,,,,,
SENSOR,1789661126632,40856879498237,0.15672988,0.20458634,9.87159,0.0,1.5271618E-4,1.5271618E-4,-49.2,3.9,6.9,,,,,,,,,,,,,,,,,,
SENSOR,1789661126642,40856904498237,0.15672988,0.20458634,9.87159,0.0,1.5271618E-4,1.5271618E-4,-49.2,3.9,6.9,,,,,,,,,,,,,,,,,,
SENSOR,1789661126668,40856914498237,0.15672988,0.20458634,9.87159,0.0,1.5271618E-4,1.5271618E-4,-49.500004,4.2000003,8.400001,,,,,,,,,,,,,,,,,,
GNSS,1789661126680,,true,11.05533727,76.92723889,311.5296630859375,19.40318,0.33,191.8,55,13,,,,,,,,,,,,,
GNSS,1789661126779,,true,11.05535069,76.92706502,346.8836669921875,12.035707,0.51,191.8,55,13,,,,,,,,,,,,,
SENSOR,1789661126731,40856899498237,0.15493527,0.20488544,9.872487,0.0,1.5271618E-4,1.5271618E-4,-49.500004,4.2000003,8.400001,,,,,,,,,,,,,,,,,,
SENSOR,1789661126731,40856919498237,0.1585245,0.2015953,9.87159,0.0,1.5271618E-4,1.5271618E-4,-49.500004,4.2000003,8.400001,,,,,,,,,,,,,,,,,,
SENSOR,1789661126732,40856939498237,0.15882361,0.20129621,9.869795,0.0,1.5271618E-4,1.5271618E-4,-49.500004,4.2000003,8.400001,,,,,,,,,,,,,,,,,,
SENSOR,1789661126732,40856959498237,0.15493527,0.20488544,9.870094,0.0,1.5271618E-4,1.5271618E-4,-49.500004,4.2000003,8.400001,,,,,,,,,,,,,,,,,,
SENSOR,1789661126732,40856979498237,0.15493527,0.19980069,9.865907,0.0,1.5271618E-4,1.5271618E-4,-49.500004,4.2000003,8.400001,,,,,,,,,,,,,,,,,,
SENSOR,1789661126746,40857004498237,0.15493527,0.19980069,9.865907,0.0,1.5271618E-4,1.5271618E-4,-49.500004,4.2000003,8.400001,,,,,,,,,,,,,,,,,,
SENSOR,1789661126763,40857014498237,0.15493527,0.19980069,9.865907,0.0,1.5271618E-4,1.5271618E-4,-48.975002,3.9750001,5.7000003,,,,,,,,,,,,,,,,,,
SENSOR,1789661126831,40856999498237,0.15523437,0.20039889,9.875777,0.0,1.5271618E-4,1.5271618E-4,-48.975002,3.9750001,5.7000003,,,,,,,,,,,,,,,,,,
SENSOR,1789661126831,40857019498237,0.15672988,0.20368902,9.870094,0.0,1.5271618E-4,1.5271618E-4,-48.975002,3.9750001,5.7000003,,,,,,,,,,,,,,,,,,
SENSOR,1789661126831,40857039498237,0.15613168,0.20398813,9.865009,0.0,1.5271618E-4,1.5271618E-4,-48.975002,3.9750001,5.7000003,,,,,,,,,,,,,,,,,,
SENSOR,1789661126831,40857059498237,0.15314065,0.20458634,9.872188,0.0,1.5271618E-4,1.5271618E-4,-48.975002,3.9750001,5.7000003,,,,,,,,,,,,,,,,,,
SENSOR,1789661126831,40857079498237,0.15433706,0.20368902,9.873384,0.0,1.5271618E-4,1.5271618E-4,-48.975002,3.9750001,5.7000003,,,,,,,,,,,,,,,,,,
SENSOR,1789661126841,40857104498237,0.15433706,0.20368902,9.873384,0.0,1.5271618E-4,1.5271618E-4,-48.975002,3.9750001,5.7000003,,,,,,,,,,,,,,,,,,
SENSOR,1789661126868,40857114498237,0.15433706,0.20368902,9.873384,0.0,1.5271618E-4,1.5271618E-4,-49.050003,3.825,6.3750005,,,,,,,,,,,,,,,,,,
CELLULAR,1789661126877,,,,,,,,,,,,,,true,NR,4298047490,405,869,,75,403,634080,-106,NR_SS_RSRP,3,
SENSOR,1789661126930,40857099498237,0.15044872,0.20249261,9.870992,0.0,1.5271618E-4,1.5271618E-4,-49.050003,3.825,6.3750005,,,,,,,,,,,,,,,,,,
SENSOR,1789661126930,40857119498237,0.1585245,0.20428723,9.864411,0.0,1.5271618E-4,1.5271618E-4,-49.050003,3.825,6.3750005,,,,,,,,,,,,,,,,,,
SENSOR,1789661126931,40857139498237,0.15373886,0.20219351,9.871291,0.0,1.5271618E-4,1.5271618E-4,-49.050003,3.825,6.3750005,,,,,,,,,,,,,,,,,,
SENSOR,1789661126931,40857159498237,0.15433706,0.20249261,9.865907,0.0,1.5271618E-4,1.5271618E-4,-49.050003,3.825,6.3750005,,,,,,,,,,,,,,,,,,
SENSOR,1789661126931,40857179498237,0.15194423,0.200698,9.867402,0.0,1.5271618E-4,1.5271618E-4,-49.050003,3.825,6.3750005,,,,,,,,,,,,,,,,,,
SENSOR,1789661126945,40857204498237,0.15194423,0.200698,9.867402,-6.108647E-4,1.5271618E-4,1.5271618E-4,-49.050003,3.825,6.3750005,,,,,,,,,,,,,,,,,,
SENSOR,1789661126963,40857214498237,0.15194423,0.200698,9.867402,-6.108647E-4,1.5271618E-4,1.5271618E-4,-49.050003,4.275,5.55,,,,,,,,,,,,,,,,,,
SENSOR,1789661127031,40857199498237,0.15882361,0.20129621,9.870692,-6.108647E-4,1.5271618E-4,1.5271618E-4,-49.050003,4.275,5.55,,,,,,,,,,,,,,,,,,
SENSOR,1789661127031,40857219498237,0.15403795,0.20338993,9.868599,-6.108647E-4,1.5271618E-4,1.5271618E-4,-49.050003,4.275,5.55,,,,,,,,,,,,,,,,,,
SENSOR,1789661127031,40857239498237,0.15373886,0.20279172,9.870692,-6.108647E-4,1.5271618E-4,1.5271618E-4,-49.050003,4.275,5.55,,,,,,,,,,,,,,,,,,
SENSOR,1789661127032,40857259498237,0.1591227,0.19830517,9.871291,-6.108647E-4,1.5271618E-4,1.5271618E-4,-49.050003,4.275,5.55,,,,,,,,,,,,,,,,,,
SENSOR,1789661127032,40857279498237,0.15493527,0.20368902,9.873982,-6.108647E-4,1.5271618E-4,1.5271618E-4,-49.050003,4.275,5.55,,,,,,,,,,,,,,,,,,
SENSOR,1789661127042,40857304498237,0.15493527,0.20368902,9.873982,0.0,-0.0010690133,1.5271618E-4,-49.050003,4.275,5.55,,,,,,,,,,,,,,,,,,
SENSOR,1789661127069,40857314498237,0.15493527,0.20368902,9.873982,0.0,-0.0010690133,1.5271618E-4,-49.125004,3.9750001,5.3250003,,,,,,,,,,,,,,,,,,
SENSOR,1789661127131,40857299498237,0.15643078,0.20309082,9.870992,0.0,-0.0010690133,1.5271618E-4,-49.125004,3.9750001,5.3250003,,,,,,,,,,,,,,,,,,
SENSOR,1789661127131,40857319498237,0.15463616,0.20219351,9.873085,0.0,-0.0010690133,1.5271618E-4,-49.125004,3.9750001,5.3250003,,,,,,,,,,,,,,,,,,
SENSOR,1789661127132,40857339498237,0.15523437,0.20279172,9.869496,0.0,-0.0010690133,1.5271618E-4,-49.125004,3.9750001,5.3250003,,,,,,,,,,,,,,,,,,
SENSOR,1789661127132,40857359498237,0.1585245,0.20189442,9.869795,0.0,-0.0010690133,1.5271618E-4,-49.125004,3.9750001,5.3250003,,,,,,,,,,,,,,,,,,
SENSOR,1789661127132,40857379498237,0.16211374,0.19740787,9.872487,0.0,-0.0010690133,1.5271618E-4,-49.125004,3.9750001,5.3250003,,,,,,,,,,,,,,,,,,
SENSOR,1789661127145,40857404498237,0.16211374,0.19740787,9.872487,0.0,1.5271618E-4,-4.5814854E-4,-49.125004,3.9750001,5.3250003,,,,,,,,,,,,,,,,,,
SENSOR,1789661127163,40857414498237,0.16211374,0.19740787,9.872487,0.0,1.5271618E-4,-4.5814854E-4,-48.750004,3.9,6.6000004,,,,,,,,,,,,,,,,,,
SENSOR,1789661127230,40857399498237,0.1582254,0.2009971,9.870094,0.0,1.5271618E-4,-4.5814854E-4,-48.750004,3.9,6.6000004,,,,,,,,,,,,,,,,,,
SENSOR,1789661127231,40857419498237,0.15672988,0.20249261,9.873085,0.0,1.5271618E-4,-4.5814854E-4,-48.750004,3.9,6.6000004,,,,,,,,,,,,,,,,,,
SENSOR,1789661127231,40857439498237,0.15613168,0.20039889,9.861719,0.0,1.5271618E-4,-4.5814854E-4,-48.750004,3.9,6.6000004,,,,,,,,,,,,,,,,,,
SENSOR,1789661127231,40857459498237,0.15463616,0.19800608,9.872487,0.0,1.5271618E-4,-4.5814854E-4,-48.750004,3.9,6.6000004,,,,,,,,,,,,,,,,,,
SENSOR,1789661127231,40857479498237,0.15553348,0.2009971,9.867104,0.0,1.5271618E-4,-4.5814854E-4,-48.750004,3.9,6.6000004,,,,,,,,,,,,,,,,,,
SENSOR,1789661127240,40857504498237,0.15553348,0.2009971,9.867104,-0.0010690133,1.5271618E-4,1.5271618E-4,-48.750004,3.9,6.6000004,,,,,,,,,,,,,,,,,,
SENSOR,1789661127267,40857514498237,0.15553348,0.2009971,9.867104,-0.0010690133,1.5271618E-4,1.5271618E-4,-49.350002,3.825,6.525,,,,,,,,,,,,,,,,,,
SENSOR,1789661127330,40857499498237,0.15194423,0.20309082,9.866206,-0.0010690133,1.5271618E-4,1.5271618E-4,-49.350002,3.825,6.525,,,,,,,,,,,,,,,,,,
SENSOR,1789661127331,40857519498237,0.15493527,0.19770697,9.870394,-0.0010690133,1.5271618E-4,1.5271618E-4,-49.350002,3.825,6.525,,,,,,,,,,,,,,,,,,
SENSOR,1789661127332,40857539498237,0.15792629,0.20578274,9.866505,-0.0010690133,1.5271618E-4,1.5271618E-4,-49.350002,3.825,6.525,,,,,,,,,,,,,,,,,,
SENSOR,1789661127332,40857559498237,0.1585245,0.20428723,9.870094,-0.0010690133,1.5271618E-4,1.5271618E-4,-49.350002,3.825,6.525,,,,,,,,,,,,,,,,,,
SENSOR,1789661127332,40857579498237,0.15194423,0.20428723,9.87159,-0.0010690133,1.5271618E-4,1.5271618E-4,-49.350002,3.825,6.525,,,,,,,,,,,,,,,,,,
SENSOR,1789661127345,40857604498237,0.15194423,0.20428723,9.87159,0.0,1.5271618E-4,1.5271618E-4,-49.350002,3.825,6.525,,,,,,,,,,,,,,,,,,
SENSOR,1789661127363,40857614498237,0.15194423,0.20428723,9.87159,0.0,1.5271618E-4,1.5271618E-4,-48.750004,3.525,5.4,,,,,,,,,,,,,,,,,,
SENSOR,1789661127431,40857599498237,0.15433706,0.19561325,9.873684,0.0,1.5271618E-4,1.5271618E-4,-48.750004,3.525,5.4,,,,,,,,,,,,,,,,,,
SENSOR,1789661127431,40857619498237,0.16061822,0.19920248,9.8727865,0.0,1.5271618E-4,1.5271618E-4,-48.750004,3.525,5.4,,,,,,,,,,,,,,,,,,
SENSOR,1789661127431,40857639498237,0.15732808,0.19980069,9.866505,0.0,1.5271618E-4,1.5271618E-4,-48.750004,3.525,5.4,,,,,,,,,,,,,,,,,,
SENSOR,1789661127431,40857659498237,0.1576272,0.20279172,9.869197,0.0,1.5271618E-4,1.5271618E-4,-48.750004,3.525,5.4,,,,,,,,,,,,,,,,,,
SENSOR,1789661127431,40857679498237,0.15613168,0.20279172,9.869197,0.0,1.5271618E-4,1.5271618E-4,-48.750004,3.525,5.4,,,,,,,,,,,,,,,,,,
SENSOR,1789661127450,40857704498237,0.15613168,0.20279172,9.869197,0.0,1.5271618E-4,-0.0010690133,-48.750004,3.525,5.4,,,,,,,,,,,,,,,,,,
SENSOR,1789661127466,40857714498237,0.15613168,0.20279172,9.869197,0.0,1.5271618E-4,-0.0010690133,-48.9,4.275,6.0750003,,,,,,,,,,,,,,,,,,
SENSOR,1789661127531,40857699498237,0.15224335,0.20428723,9.87159,0.0,1.5271618E-4,-0.0010690133,-48.9,4.275,6.0750003,,,,,,,,,,,,,,,,,,
SENSOR,1789661127531,40857719498237,0.15672988,0.20039889,9.871291,0.0,1.5271618E-4,-0.0010690133,-48.9,4.275,6.0750003,,,,,,,,,,,,,,,,,,
SENSOR,1789661127531,40857739498237,0.15732808,0.20638095,9.8682995,0.0,1.5271618E-4,-0.0010690133,-48.9,4.275,6.0750003,,,,,,,,,,,,,,,,,,
SENSOR,1789661127532,40857759498237,0.15433706,0.2009971,9.87159,0.0,1.5271618E-4,-0.0010690133,-48.9,4.275,6.0750003,,,,,,,,,,,,,,,,,,
SENSOR,1789661127532,40857779498237,0.15553348,0.20458634,9.868599,0.0,1.5271618E-4,-0.0010690133,-48.9,4.275,6.0750003,,,,,,,,,,,,,,,,,,
SENSOR,1789661127544,40857804498237,0.15553348,0.20458634,9.868599,0.0,-3.0543236E-4,-0.0010690133,-48.9,4.275,6.0750003,,,,,,,,,,,,,,,,,,
SENSOR,1789661127563,40857814498237,0.15553348,0.20458634,9.868599,0.0,-3.0543236E-4,-0.0010690133,-48.825,4.05,5.3250003,,,,,,,,,,,,,,,,,,
SENSOR,1789661127631,40857799498237,0.15972091,0.200698,9.869197,0.0,-3.0543236E-4,-0.0010690133,-48.825,4.05,5.3250003,,,,,,,,,,,,,,,,,,
SENSOR,1789661127641,40857819498237,0.15792629,0.20458634,9.867402,0.0,-3.0543236E-4,-0.0010690133,-48.825,4.05,5.3250003,,,,,,,,,,,,,,,,,,
SENSOR,1789661127642,40857839498237,0.15613168,0.20428723,9.866206,0.0,-3.0543236E-4,-0.0010690133,-48.825,4.05,5.3250003,,,,,,,,,,,,,,,,,,
SENSOR,1789661127642,40857859498237,0.15702899,0.20338993,9.869197,0.0,-3.0543236E-4,-0.0010690133,-48.825,4.05,5.3250003,,,,,,,,,,,,,,,,,,
SENSOR,1789661127642,40857879498237,0.15672988,0.20548365,9.864711,0.0,-3.0543236E-4,-0.0010690133,-48.825,4.05,5.3250003,,,,,,,,,,,,,,,,,,
SENSOR,1789661127649,40857904498237,0.15672988,0.20548365,9.864711,0.0,1.5271618E-4,1.5271618E-4,-48.825,4.05,5.3250003,,,,,,,,,,,,,,,,,,
SENSOR,1789661127667,40857914498237,0.15672988,0.20548365,9.864711,0.0,1.5271618E-4,1.5271618E-4,-48.600002,3.6750002,5.4,,,,,,,,,,,,,,,,,,
GNSS,1789661127681,,true,11.05535069,76.92706502,346.8836669921875,12.035707,0.51,191.8,91,16,,,,,,,,,,,,,
GNSS,1789661127000,,true,11.05534059,76.92710477,356.77691650390625,11.805022,0.71,191.8,91,16,,,,,,,,,,,,,
SENSOR,1789661127731,40857899498237,0.1576272,0.20219351,9.868001,0.0,1.5271618E-4,1.5271618E-4,-48.600002,3.6750002,5.4,,,,,,,,,,,,,,,,,,
SENSOR,1789661127731,40857919498237,0.15553348,0.19890338,9.870394,0.0,1.5271618E-4,1.5271618E-4,-48.600002,3.6750002,5.4,,,,,,,,,,,,,,,,,,
SENSOR,1789661127731,40857939498237,0.15643078,0.20219351,9.870692,0.0,1.5271618E-4,1.5271618E-4,-48.600002,3.6750002,5.4,,,,,,,,,,,,,,,,,,
SENSOR,1789661127731,40857959498237,0.15732808,0.20368902,9.870992,0.0,1.5271618E-4,1.5271618E-4,-48.600002,3.6750002,5.4,,,,,,,,,,,,,,,,,,
SENSOR,1789661127731,40857979498237,0.15613168,0.19950159,9.871291,0.0,1.5271618E-4,1.5271618E-4,-48.600002,3.6750002,5.4,,,,,,,,,,,,,,,,,,
SENSOR,1789661127744,40858004498237,0.15613168,0.19950159,9.871291,0.0,1.5271618E-4,1.5271618E-4,-48.600002,3.6750002,5.4,,,,,,,,,,,,,,,,,,
SENSOR,1789661127762,40858014498237,0.15613168,0.19950159,9.871291,0.0,1.5271618E-4,1.5271618E-4,-48.9,3.825,5.55,,,,,,,,,,,,,,,,,,
SENSOR,1789661127831,40857999498237,0.15613168,0.2009971,9.870094,0.0,1.5271618E-4,1.5271618E-4,-48.9,3.825,5.55,,,,,,,,,,,,,,,,,,
SENSOR,1789661127832,40858019498237,0.15613168,0.20458634,9.869795,0.0,1.5271618E-4,1.5271618E-4,-48.9,3.825,5.55,,,,,,,,,,,,,,,,,,
SENSOR,1789661127832,40858039498237,0.15882361,0.20309082,9.870992,0.0,1.5271618E-4,1.5271618E-4,-48.9,3.825,5.55,,,,,,,,,,,,,,,,,,
SENSOR,1789661127832,40858059498237,0.1591227,0.2009971,9.866804,0.0,1.5271618E-4,1.5271618E-4,-48.9,3.825,5.55,,,,,,,,,,,,,,,,,,
SENSOR,1789661127832,40858079498237,0.15343975,0.20279172,9.8727865,0.0,1.5271618E-4,1.5271618E-4,-48.9,3.825,5.55,,,,,,,,,,,,,,,,,,
SENSOR,1789661127848,40858104498237,0.15343975,0.20279172,9.8727865,0.0,1.5271618E-4,1.5271618E-4,-48.9,3.825,5.55,,,,,,,,,,,,,,,,,,
SENSOR,1789661127867,40858114498237,0.15343975,0.20279172,9.8727865,0.0,1.5271618E-4,1.5271618E-4,-48.825,3.9750001,5.3250003,,,,,,,,,,,,,,,,,,
CELLULAR,1789661127898,,,,,,,,,,,,,,true,NR,4298047490,405,869,,75,403,634080,-106,NR_SS_RSRP,3,
SENSOR,1789661127931,40858099498237,0.15583257,0.20368902,9.868001,0.0,1.5271618E-4,1.5271618E-4,-48.825,3.9750001,5.3250003,,,,,,,,,,,,,,,,,,
SENSOR,1789661127931,40858119498237,0.15403795,0.20398813,9.872487,0.0,1.5271618E-4,1.5271618E-4,-48.825,3.9750001,5.3250003,,,,,,,,,,,,,,,,,,
SENSOR,1789661127931,40858139498237,0.15343975,0.200698,9.868897,0.0,1.5271618E-4,1.5271618E-4,-48.825,3.9750001,5.3250003,,,,,,,,,,,,,,,,,,
SENSOR,1789661127931,40858159498237,0.15463616,0.20608185,9.870394,0.0,1.5271618E-4,1.5271618E-4,-48.825,3.9750001,5.3250003,,,,,,,,,,,,,,,,,,
SENSOR,1789661127931,40858179498237,0.15463616,0.20249261,9.867402,0.0,1.5271618E-4,1.5271618E-4,-48.825,3.9750001,5.3250003,,,,,,,,,,,,,,,,,,
SENSOR,1789661127944,40858204498237,0.15463616,0.20249261,9.867402,-7.635809E-4,1.5271618E-4,1.5271618E-4,-48.825,3.9750001,5.3250003,,,,,,,,,,,,,,,,,,
SENSOR,1789661127962,40858214498237,0.15463616,0.20249261,9.867402,-7.635809E-4,1.5271618E-4,1.5271618E-4,-49.125004,3.9750001,5.625,,,,,,,,,,,,,,,,,,
SENSOR,1789661128032,40858199498237,0.15463616,0.19980069,9.866505,-7.635809E-4,1.5271618E-4,1.5271618E-4,-49.125004,3.9750001,5.625,,,,,,,,,,,,,,,,,,
SENSOR,1789661128032,40858219498237,0.15463616,0.20129621,9.8682995,-7.635809E-4,1.5271618E-4,1.5271618E-4,-49.125004,3.9750001,5.625,,,,,,,,,,,,,,,,,,
SENSOR,1789661128032,40858239498237,0.1576272,0.20368902,9.869795,-7.635809E-4,1.5271618E-4,1.5271618E-4,-49.125004,3.9750001,5.625,,,,,,,,,,,,,,,,,,
SENSOR,1789661128032,40858259498237,0.15463616,0.20219351,9.871291,-7.635809E-4,1.5271618E-4,1.5271618E-4,-49.125004,3.9750001,5.625,,,,,,,,,,,,,,,,,,
SENSOR,1789661128032,40858279498237,0.15732808,0.2009971,9.869197,-7.635809E-4,1.5271618E-4,1.5271618E-4,-49.125004,3.9750001,5.625,,,,,,,,,,,,,,,,,,
SENSOR,1789661128049,40858304498237,0.15732808,0.2009971,9.869197,0.0,1.5271618E-4,0.0,-49.125004,3.9750001,5.625,,,,,,,,,,,,,,,,,,
SENSOR,1789661128066,40858314498237,0.15732808,0.2009971,9.869197,0.0,1.5271618E-4,0.0,-49.2,3.9,5.925,,,,,,,,,,,,,,,,,,
SENSOR,1789661128131,40858299498237,0.1582254,0.20787647,9.870094,0.0,1.5271618E-4,0.0,-49.2,3.9,5.925,,,,,,,,,,,,,,,,,,
SENSOR,1789661128131,40858319498237,0.15732808,0.20279172,9.864711,0.0,1.5271618E-4,0.0,-49.2,3.9,5.925,,,,,,,,,,,,,,,,,,
SENSOR,1789661128131,40858339498237,0.1591227,0.200698,9.873384,0.0,1.5271618E-4,0.0,-49.2,3.9,5.925,,,,,,,,,,,,,,,,,,
SENSOR,1789661128132,40858359498237,0.15074782,0.2425724,9.880263,0.0,1.5271618E-4,0.0,-49.2,3.9,5.925,,,,,,,,,,,,,,,,,,
SENSOR,1789661128132,40858379498237,0.1591227,0.17168503,9.859925,0.0,1.5271618E-4,0.0,-49.2,3.9,5.925,,,,,,,,,,,,,,,,,,
SENSOR,1789661128143,40858404498237,0.1591227,0.17168503,9.859925,0.0,1.5271618E-4,-6.108647E-4,-49.2,3.9,5.925,,,,,,,,,,,,,,,,,,
SENSOR,1789661128161,40858414498237,0.1591227,0.17168503,9.859925,0.0,1.5271618E-4,-6.108647E-4,-49.800003,4.125,6.525,,,,,,,,,,,,,,,,,,
SENSOR,1789661128232,40858399498237,0.15972091,0.18155542,9.860822,0.0,1.5271618E-4,-6.108647E-4,-49.800003,4.125,6.525,,,,,,,,,,,,,,,,,,
SENSOR,1789661128232,40858419498237,0.15463616,0.21774685,9.870394,0.0,1.5271618E-4,-6.108647E-4,-49.800003,4.125,6.525,,,,,,,,,,,,,,,,,,
SENSOR,1789661128232,40858439498237,0.15702899,0.18215363,9.862318,0.0,1.5271618E-4,-6.108647E-4,-49.800003,4.125,6.525,,,,,,,,,,,,,,,,,,
SENSOR,1789661128232,40858459498237,0.15493527,0.23001008,9.87817,0.0,1.5271618E-4,-6.108647E-4,-49.800003,4.125,6.525,,,,,,,,,,,,,,,,,,
SENSOR,1789661128233,40858479498237,0.15702899,0.17527425,9.857831,0.0,1.5271618E-4,-6.108647E-4,-49.800003,4.125,6.525,,,,,,,,,,,,,,,,,,
SENSOR,1789661128248,40858504498237,0.15702899,0.17527425,9.857831,0.0,1.5271618E-4,-0.0010690133,-49.800003,4.125,6.525,,,,,,,,,,,,,,,,,,
SENSOR,1789661128265,40858514498237,0.15702899,0.17527425,9.857831,0.0,1.5271618E-4,-0.0010690133,-49.275,4.05,6.15,,,,,,,,,,,,,,,,,,
SENSOR,1789661128332,40858499498237,0.14955142,0.21864417,9.873982,0.0,1.5271618E-4,-0.0010690133,-49.275,4.05,6.15,,,,,,,,,,,,,,,,,,
SENSOR,1789661128332,40858519498237,0.15613168,0.2009971,9.8682995,0.0,1.5271618E-4,-0.0010690133,-49.275,4.05,6.15,,,,,,,,,,,,,,,,,,
SENSOR,1789661128332,40858539498237,0.15643078,0.2015953,9.87159,0.0,1.5271618E-4,-0.0010690133,-49.275,4.05,6.15,,,,,,,,,,,,,,,,,,
SENSOR,1789661128332,40858559498237,0.15523437,0.2117648,9.867104,0.0,1.5271618E-4,-0.0010690133,-49.275,4.05,6.15,,,,,,,,,,,,,,,,,,
SENSOR,1789661128332,40858579498237,0.15583257,0.19172491,9.871291,0.0,1.5271618E-4,-0.0010690133,-49.275,4.05,6.15,,,,,,,,,,,,,,,,,,
SENSOR,1789661128343,40858604498237,0.15583257,0.19172491,9.871291,-7.635809E-4,1.5271618E-4,1.5271618E-4,-49.275,4.05,6.15,,,,,,,,,,,,,,,,,,
SENSOR,1789661128371,40858614498237,0.15583257,0.19172491,9.871291,-7.635809E-4,1.5271618E-4,1.5271618E-4,-48.825,3.6000001,6.0750003,,,,,,,,,,,,,,,,,,
SENSOR,1789661128431,40858599498237,0.15493527,0.22253251,9.876974,-7.635809E-4,1.5271618E-4,1.5271618E-4,-48.825,3.6000001,6.0750003,,,,,,,,,,,,,,,,,,
SENSOR,1789661128431,40858619498237,0.15972091,0.18454644,9.865608,-7.635809E-4,1.5271618E-4,1.5271618E-4,-48.825,3.6000001,6.0750003,,,,,,,,,,,,,,,,,,
SENSOR,1789661128431,40858639498237,0.15583257,0.20638095,9.8727865,-7.635809E-4,1.5271618E-4,1.5271618E-4,-48.825,3.6000001,6.0750003,,,,,,,,,,,,,,,,,,
SENSOR,1789661128431,40858659498237,0.1585245,0.21505493,9.87159,-7.635809E-4,1.5271618E-4,1.5271618E-4,-48.825,3.6000001,6.0750003,,,,,,,,,,,,,,,,,,
SENSOR,1789661128432,40858679498237,0.16121642,0.16959131,9.865907,-7.635809E-4,1.5271618E-4,1.5271618E-4,-48.825,3.6000001,6.0750003,,,,,,,,,,,,,,,,,,
SENSOR,1789661128447,40858704498237,0.16121642,0.16959131,9.865907,0.0,1.5271618E-4,1.5271618E-4,-48.825,3.6000001,6.0750003,,,,,,,,,,,,,,,,,,
SENSOR,1789661128466,40858714498237,0.16121642,0.16959131,9.865907,0.0,1.5271618E-4,1.5271618E-4,-49.2,3.825,5.8500004,,,,,,,,,,,,,,,,,,
SENSOR,1789661128531,40858699498237,0.14985052,0.22372891,9.877572,0.0,1.5271618E-4,1.5271618E-4,-49.2,3.825,5.8500004,,,,,,,,,,,,,,,,,,
SENSOR,1789661128531,40858719498237,0.16211374,0.19441684,9.8682995,0.0,1.5271618E-4,1.5271618E-4,-49.2,3.825,5.8500004,,,,,,,,,,,,,,,,,,
SENSOR,1789661128531,40858739498237,0.16301104,0.18454644,9.864411,0.0,1.5271618E-4,1.5271618E-4,-49.2,3.825,5.8500004,,,,,,,,,,,,,,,,,,
SENSOR,1789661128531,40858759498237,0.15284155,0.22013968,9.882358,0.0,1.5271618E-4,1.5271618E-4,-49.2,3.825,5.8500004,,,,,,,,,,,,,,,,,,
SENSOR,1789661128531,40858779498237,0.1585245,0.18723837,9.8632145,0.0,1.5271618E-4,1.5271618E-4,-49.2,3.825,5.8500004,,,,,,,,,,,,,,,,,,
SENSOR,1789661128542,40858804498237,0.1585245,0.18723837,9.8632145,4.5814854E-4,1.5271618E-4,1.5271618E-4,-49.2,3.825,5.8500004,,,,,,,,,,,,,,,,,,
SENSOR,1789661128569,40858814498237,0.1585245,0.18723837,9.8632145,4.5814854E-4,1.5271618E-4,1.5271618E-4,-48.600002,4.05,5.1000004,,,,,,,,,,,,,,,,,,
SENSOR,1789661128631,40858799498237,0.15403795,0.21475583,9.871889,4.5814854E-4,1.5271618E-4,1.5271618E-4,-48.600002,4.05,5.1000004,,,,,,,,,,,,,,,,,,
SENSOR,1789661128640,40858819498237,0.15702899,0.19351953,9.869496,4.5814854E-4,1.5271618E-4,1.5271618E-4,-48.600002,4.05,5.1000004,,,,,,,,,,,,,,,,,,
SENSOR,1789661128640,40858839498237,0.15702899,0.2015953,9.87159,4.5814854E-4,1.5271618E-4,1.5271618E-4,-48.600002,4.05,5.1000004,,,,,,,,,,,,,,,,,,
SENSOR,1789661128640,40858859498237,0.1585245,0.20518455,9.8682995,4.5814854E-4,1.5271618E-4,1.5271618E-4,-48.600002,4.05,5.1000004,,,,,,,,,,,,,,,,,,
SENSOR,1789661128640,40858879498237,0.15523437,0.20039889,9.873384,4.5814854E-4,1.5271618E-4,1.5271618E-4,-48.600002,4.05,5.1000004,,,,,,,,,,,,,,,,,,
SENSOR,1789661128647,40858904498237,0.15523437,0.20039889,9.873384,0.0,1.5271618E-4,1.5271618E-4,-48.600002,4.05,5.1000004,,,,,,,,,,,,,,,,,,
SENSOR,1789661128664,40858914498237,0.15523437,0.20039889,9.873384,0.0,1.5271618E-4,1.5271618E-4,-46.800003,4.3500004,2.9250002,,,,,,,,,,,,,,,,,,
SENSOR,1789661128730,40858899498237,0.15254244,0.2105684,9.875777,0.0,1.5271618E-4,1.5271618E-4,-46.800003,4.3500004,2.9250002,,,,,,,,,,,,,,,,,,
SENSOR,1789661128730,40858919498237,0.15314065,0.19710876,9.869795,0.0,1.5271618E-4,1.5271618E-4,-46.800003,4.3500004,2.9250002,,,,,,,,,,,,,,,,,,
SENSOR,1789661128730,40858939498237,0.15553348,0.20578274,9.870992,0.0,1.5271618E-4,1.5271618E-4,-46.800003,4.3500004,2.9250002,,,,,,,,,,,,,,,,,,
SENSOR,1789661128730,40858959498237,0.15732808,0.19890338,9.870094,0.0,1.5271618E-4,1.5271618E-4,-46.800003,4.3500004,2.9250002,,,,,,,,,,,,,,,,,,
SENSOR,1789661128731,40858979498237,0.1591227,0.200698,9.866505,0.0,1.5271618E-4,1.5271618E-4,-46.800003,4.3500004,2.9250002,,,,,,,,,,,,,,,,,,
SENSOR,1789661128742,40859004498237,0.1591227,0.200698,9.866505,0.0,1.5271618E-4,-7.635809E-4,-46.800003,4.3500004,2.9250002,,,,,,,,,,,,,,,,,,
SENSOR,1789661128768,40859014498237,0.1591227,0.200698,9.866505,0.0,1.5271618E-4,-7.635809E-4,-45.825,4.425,0.45000002,,,,,,,,,,,,,,,,,,
SENSOR,1789661128831,40858999498237,0.15463616,0.20309082,9.875478,0.0,1.5271618E-4,-7.635809E-4,-45.825,4.425,0.45000002,,,,,,,,,,,,,,,,,,
SENSOR,1789661128831,40859019498237,0.16061822,0.2009971,9.871889,0.0,1.5271618E-4,-7.635809E-4,-45.825,4.425,0.45000002,,,,,,,,,,,,,,,,,,
SENSOR,1789661128831,40859039498237,0.15433706,0.20578274,9.87159,0.0,1.5271618E-4,-7.635809E-4,-45.825,4.425,0.45000002,,,,,,,,,,,,,,,,,,
SENSOR,1789661128831,40859059498237,0.15553348,0.19591236,9.872188,0.0,1.5271618E-4,-7.635809E-4,-45.825,4.425,0.45000002,,,,,,,,,,,,,,,,,,
SENSOR,1789661128831,40859079498237,0.1576272,0.20189442,9.864711,0.0,1.5271618E-4,-7.635809E-4,-45.825,4.425,0.45000002,,,,,,,,,,,,,,,,,,
SENSOR,1789661128847,40859104498237,0.1576272,0.20189442,9.864711,-7.635809E-4,1.5271618E-4,1.5271618E-4,-45.825,4.425,0.45000002,,,,,,,,,,,,,,,,,,
SENSOR,1789661128864,40859114498237,0.1576272,0.20189442,9.864711,-7.635809E-4,1.5271618E-4,1.5271618E-4,-47.25,4.5,2.775,,,,,,,,,,,,,,,,,,
GNSS,1789661128898,,true,11.05534059,76.92710477,356.77691650390625,11.805022,0.71,191.8,94,27,,,,,,,,,,,,,
GNSS,1789661129000,,true,11.0552843,76.92699582,365.16265869140625,7.3955626,0.15,191.8,94,27,,,,,,,,,,,,,
CELLULAR,1789661128919,,,,,,,,,,,,,,true,NR,4298047490,405,869,,75,403,634080,-106,NR_SS_RSRP,3,
SENSOR,1789661128931,40859099498237,0.15224335,0.19800608,9.870992,-7.635809E-4,1.5271618E-4,1.5271618E-4,-47.25,4.5,2.775,,,,,,,,,,,,,,,,,,
SENSOR,1789661128931,40859119498237,0.15403795,0.20697916,9.870992,-7.635809E-4,1.5271618E-4,1.5271618E-4,-47.25,4.5,2.775,,,,,,,,,,,,,,,,,,
SENSOR,1789661128931,40859139498237,0.16211374,0.1905285,9.8682995,-7.635809E-4,1.5271618E-4,1.5271618E-4,-47.25,4.5,2.775,,,,,,,,,,,,,,,,,,
SENSOR,1789661128931,40859159498237,0.15254244,0.20039889,9.8632145,-7.635809E-4,1.5271618E-4,1.5271618E-4,-47.25,4.5,2.775,,,,,,,,,,,,,,,,,,
SENSOR,1789661128932,40859179498237,0.1576272,0.19292133,9.867402,-7.635809E-4,1.5271618E-4,1.5271618E-4,-47.25,4.5,2.775,,,,,,,,,,,,,,,,,,
SENSOR,1789661128942,40859204498237,0.1576272,0.19292133,9.867402,0.0,1.5271618E-4,1.5271618E-4,-47.25,4.5,2.775,,,,,,,,,,,,,,,,,,
SENSOR,1789661128968,40859214498237,0.1576272,0.19292133,9.867402,0.0,1.5271618E-4,1.5271618E-4,-48.0,4.3500004,3.825,,,,,,,,,,,,,,,,,,
SENSOR,1789661129030,40859199498237,0.15403795,0.20787647,9.873384,0.0,1.5271618E-4,1.5271618E-4,-48.0,4.3500004,3.825,,,,,,,,,,,,,,,,,,
SENSOR,1789661129030,40859219498237,0.15433706,0.20518455,9.865309,0.0,1.5271618E-4,1.5271618E-4,-48.0,4.3500004,3.825,,,,,,,,,,,,,,,,,,
SENSOR,1789661129030,40859239498237,0.15972091,0.19980069,9.872487,0.0,1.5271618E-4,1.5271618E-4,-48.0,4.3500004,3.825,,,,,,,,,,,,,,,,,,
SENSOR,1789661129030,40859259498237,0.15792629,0.20638095,9.8682995,0.0,1.5271618E-4,1.5271618E-4,-48.0,4.3500004,3.825,,,,,,,,,,,,,,,,,,
SENSOR,1789661129030,40859279498237,0.15792629,0.20428723,9.871291,0.0,1.5271618E-4,1.5271618E-4,-48.0,4.3500004,3.825,,,,,,,,,,,,,,,,,,
SENSOR,1789661129046,40859304498237,0.15792629,0.20428723,9.871291,0.0,1.5271618E-4,1.5271618E-4,-48.0,4.3500004,3.825,,,,,,,,,,,,,,,,,,
SENSOR,1789661129064,40859314498237,0.15792629,0.20428723,9.871291,0.0,1.5271618E-4,1.5271618E-4,-46.875,4.425,2.775,,,,,,,,,,,,,,,,,,
SENSOR,1789661129131,40859299498237,0.15373886,0.20249261,9.8682995,0.0,1.5271618E-4,1.5271618E-4,-46.875,4.425,2.775,,,,,,,,,,,,,,,,,,
SENSOR,1789661129131,40859319498237,0.15463616,0.19860429,9.870692,0.0,1.5271618E-4,1.5271618E-4,-46.875,4.425,2.775,,,,,,,,,,,,,,,,,,
SENSOR,1789661129131,40859339498237,0.15463616,0.20548365,9.87458,0.0,1.5271618E-4,1.5271618E-4,-46.875,4.425,2.775,,,,,,,,,,,,,,,,,,
SENSOR,1789661129131,40859359498237,0.15672988,0.2009971,9.870992,0.0,1.5271618E-4,1.5271618E-4,-46.875,4.425,2.775,,,,,,,,,,,,,,,,,,
SENSOR,1789661129131,40859379498237,0.1594218,0.2000998,9.863813,0.0,1.5271618E-4,1.5271618E-4,-46.875,4.425,2.775,,,,,,,,,,,,,,,,,,
SENSOR,1789661129141,40859404498237,0.1594218,0.2000998,9.863813,0.0,1.5271618E-4,-9.162971E-4,-46.875,4.425,2.775,,,,,,,,,,,,,,,,,,
SENSOR,1789661129168,40859414498237,0.1594218,0.2000998,9.863813,0.0,1.5271618E-4,-9.162971E-4,-47.625,3.7500002,4.65,,,,,,,,,,,,,,,,,,
SENSOR,1789661129230,40859399498237,0.16211374,0.20279172,9.870394,0.0,1.5271618E-4,-9.162971E-4,-47.625,3.7500002,4.65,,,,,,,,,,,,,,,,,,
SENSOR,1789661129230,40859419498237,0.14955142,0.2009971,9.870692,0.0,1.5271618E-4,-9.162971E-4,-47.625,3.7500002,4.65,,,,,,,,,,,,,,,,,,
SENSOR,1789661129231,40859439498237,0.15643078,0.20668006,9.867402,0.0,1.5271618E-4,-9.162971E-4,-47.625,3.7500002,4.65,,,,,,,,,,,,,,,,,,
SENSOR,1789661129231,40859459498237,0.15643078,0.2015953,9.8682995,0.0,1.5271618E-4,-9.162971E-4,-47.625,3.7500002,4.65,,,,,,,,,,,,,,,,,,
SENSOR,1789661129231,40859479498237,0.1585245,0.18305093,9.862617,0.0,1.5271618E-4,-9.162971E-4,-47.625,3.7500002,4.65,,,,,,,,,,,,,,,,,,
SENSOR,1789661129245,40859504498237,0.1585245,0.18305093,9.862617,-4.5814854E-4,1.5271618E-4,1.5271618E-4,-47.625,3.7500002,4.65,,,,,,,,,,,,,,,,,,
SENSOR,1789661129263,40859514498237,0.1585245,0.18305093,9.862617,-4.5814854E-4,1.5271618E-4,1.5271618E-4,-47.925003,3.825,5.4,,,,,,,,,,,,,,,,,,
SENSOR,1789661129332,40859499498237,0.1585245,0.212363,9.864411,-4.5814854E-4,1.5271618E-4,1.5271618E-4,-47.925003,3.825,5.4,,,,,,,,,,,,,,,,,,
SENSOR,1789661129332,40859519498237,0.15643078,0.20668006,9.865309,-4.5814854E-4,1.5271618E-4,1.5271618E-4,-47.925003,3.825,5.4,,,,,,,,,,,,,,,,,,
SENSOR,1789661129332,40859539498237,0.15643078,0.19740787,9.865608,-4.5814854E-4,1.5271618E-4,1.5271618E-4,-47.925003,3.825,5.4,,,,,,,,,,,,,,,,,,
SENSOR,1789661129332,40859559498237,0.15104693,0.20668006,9.869197,-4.5814854E-4,1.5271618E-4,1.5271618E-4,-47.925003,3.825,5.4,,,,,,,,,,,,,,,,,,
SENSOR,1789661129332,40859579498237,0.15672988,0.19890338,9.868897,-4.5814854E-4,1.5271618E-4,1.5271618E-4,-47.925003,3.825,5.4,,,,,,,,,,,,,,,,,,
SENSOR,1789661129342,40859604498237,0.15672988,0.19890338,9.868897,0.0,1.5271618E-4,1.5271618E-4,-47.925003,3.825,5.4,,,,,,,,,,,,,,,,,,
SENSOR,1789661129367,40859614498237,0.15672988,0.19890338,9.868897,0.0,1.5271618E-4,1.5271618E-4,-48.525,3.9,4.425,,,,,,,,,,,,,,,,,,
SENSOR,1789661129431,40859599498237,0.15732808,0.20548365,9.865608,0.0,1.5271618E-4,1.5271618E-4,-48.525,3.9,4.425,,,,,,,,,,,,,,,,,,
SENSOR,1789661129431,40859619498237,0.15972091,0.20398813,9.866505,0.0,1.5271618E-4,1.5271618E-4,-48.525,3.9,4.425,,,,,,,,,,,,,,,,,,
SENSOR,1789661129431,40859639498237,0.15672988,0.20279172,9.873085,0.0,1.5271618E-4,1.5271618E-4,-48.525,3.9,4.425,,,,,,,,,,,,,,,,,,
SENSOR,1789661129432,40859659498237,0.15403795,0.20039889,9.867402,0.0,1.5271618E-4,1.5271618E-4,-48.525,3.9,4.425,,,,,,,,,,,,,,,,,,
SENSOR,1789661129432,40859679498237,0.15403795,0.2009971,9.865309,0.0,1.5271618E-4,1.5271618E-4,-48.525,3.9,4.425,,,,,,,,,,,,,,,,,,
SENSOR,1789661129445,40859704498237,0.15403795,0.2009971,9.865309,0.0,-0.0010690133,1.5271618E-4,-48.525,3.9,4.425,,,,,,,,,,,,,,,,,,
SENSOR,1789661129463,40859714498237,0.15403795,0.2009971,9.865309,0.0,-0.0010690133,1.5271618E-4,-47.100002,4.125,2.775,,,,,,,,,,,,,,,,,,
SENSOR,1789661129530,40859699498237,0.15583257,0.20309082,9.863514,0.0,-0.0010690133,1.5271618E-4,-47.100002,4.125,2.775,,,,,,,,,,,,,,,,,,
SENSOR,1789661129530,40859719498237,0.15433706,0.2000998,9.868001,0.0,-0.0010690133,1.5271618E-4,-47.100002,4.125,2.775,,,,,,,,,,,,,,,,,,
SENSOR,1789661129530,40859739498237,0.1591227,0.20458634,9.866804,0.0,-0.0010690133,1.5271618E-4,-47.100002,4.125,2.775,,,,,,,,,,,,,,,,,,
SENSOR,1789661129530,40859759498237,0.15672988,0.20129621,9.865009,0.0,-0.0010690133,1.5271618E-4,-47.100002,4.125,2.775,,,,,,,,,,,,,,,,,,
SENSOR,1789661129531,40859779498237,0.16091733,0.20638095,9.864112,0.0,-0.0010690133,1.5271618E-4,-47.100002,4.125,2.775,,,,,,,,,,,,,,,,,,
SENSOR,1789661129541,40859804498237,0.16091733,0.20638095,9.864112,0.0,1.5271618E-4,1.5271618E-4,-47.100002,4.125,2.775,,,,,,,,,,,,,,,,,,
SENSOR,1789661129567,40859814498237,0.16091733,0.20638095,9.864112,0.0,1.5271618E-4,1.5271618E-4,-48.750004,3.825,5.4,,,,,,,,,,,,,,,,,,
SENSOR,1789661129631,40859799498237,0.15792629,0.2009971,9.866804,0.0,1.5271618E-4,1.5271618E-4,-48.750004,3.825,5.4,,,,,,,,,,,,,,,,,,
SENSOR,1789661129639,40859819498237,0.15134603,0.19830517,9.867104,0.0,1.5271618E-4,1.5271618E-4,-48.750004,3.825,5.4,,,,,,,,,,,,,,,,,,
SENSOR,1789661129639,40859839498237,0.15403795,0.20189442,9.870992,0.0,1.5271618E-4,1.5271618E-4,-48.750004,3.825,5.4,,,,,,,,,,,,,,,,,,
SENSOR,1789661129639,40859859498237,0.15254244,0.20548365,9.868001,0.0,1.5271618E-4,1.5271618E-4,-48.750004,3.825,5.4,,,,,,,,,,,,,,,,,,
SENSOR,1789661129639,40859879498237,0.16121642,0.20338993,9.866505,0.0,1.5271618E-4,1.5271618E-4,-48.750004,3.825,5.4,,,,,,,,,,,,,,,,,,
SENSOR,1789661129645,40859904498237,0.16121642,0.20338993,9.866505,0.0,1.5271618E-4,1.5271618E-4,-48.750004,3.825,5.4,,,,,,,,,,,,,,,,,,
SENSOR,1789661129663,40859914498237,0.16121642,0.20338993,9.866505,0.0,1.5271618E-4,1.5271618E-4,-49.350002,3.7500002,7.5000005,,,,,,,,,,,,,,,,,,
SENSOR,1789661129731,40859899498237,0.1585245,0.20638095,9.8682995,0.0,1.5271618E-4,1.5271618E-4,-49.350002,3.7500002,7.5000005,,,,,,,,,,,,,,,,,,
SENSOR,1789661129731,40859919498237,0.16031912,0.19830517,9.869795,0.0,1.5271618E-4,1.5271618E-4,-49.350002,3.7500002,7.5000005,,,,,,,,,,,,,,,,,,
SENSOR,1789661129731,40859939498237,0.1576272,0.2015953,9.870394,0.0,1.5271618E-4,1.5271618E-4,-49.350002,3.7500002,7.5000005,,,,,,,,,,,,,,,,,,
SENSOR,1789661129731,40859959498237,0.1582254,0.20249261,9.870094,0.0,1.5271618E-4,1.5271618E-4,-49.350002,3.7500002,7.5000005,,,,,,,,,,,,,,,,,,
SENSOR,1789661129731,40859979498237,0.15463616,0.20309082,9.865907,0.0,1.5271618E-4,1.5271618E-4,-49.350002,3.7500002,7.5000005,,,,,,,,,,,,,,,,,,
SENSOR,1789661129740,40860004498237,0.15463616,0.20309082,9.865907,0.0,-0.0010690133,1.5271618E-4,-49.350002,3.7500002,7.5000005,,,,,,,,,,,,,,,,,,
SENSOR,1789661129767,40860014498237,0.15463616,0.20309082,9.865907,0.0,-0.0010690133,1.5271618E-4,-49.350002,3.7500002,7.425,,,,,,,,,,,,,,,,,,
SENSOR,1789661129832,40859999498237,0.1576272,0.20189442,9.868001,0.0,-0.0010690133,1.5271618E-4,-49.350002,3.7500002,7.425,,,,,,,,,,,,,,,,,,
SENSOR,1789661129833,40860019498237,0.15553348,0.20129621,9.870394,0.0,-0.0010690133,1.5271618E-4,-49.350002,3.7500002,7.425,,,,,,,,,,,,,,,,,,
SENSOR,1789661129833,40860039498237,0.15463616,0.20548365,9.866206,0.0,-0.0010690133,1.5271618E-4,-49.350002,3.7500002,7.425,,,,,,,,,,,,,,,,,,
SENSOR,1789661129833,40860059498237,0.15792629,0.2009971,9.870394,0.0,-0.0010690133,1.5271618E-4,-49.350002,3.7500002,7.425,,,,,,,,,,,,,,,,,,
SENSOR,1789661129833,40860079498237,0.15343975,0.19980069,9.875179,0.0,-0.0010690133,1.5271618E-4,-49.350002,3.7500002,7.425,,,,,,,,,,,,,,,,,,
SENSOR,1789661129847,40860104498237,0.15343975,0.19980069,9.875179,0.0,1.5271618E-4,1.5271618E-4,-49.350002,3.7500002,7.425,,,,,,,,,,,,,,,,,,
SENSOR,1789661129863,40860114498237,0.15343975,0.19980069,9.875179,0.0,1.5271618E-4,1.5271618E-4,-48.15,3.6750002,4.425,,,,,,,,,,,,,,,,,,
GNSS,1789661129899,,true,11.0552843,76.92699582,365.16265869140625,7.3955626,0.15,191.8,94,25,,,,,,,,,,,,,
GNSS,1789661130000,,true,11.05530591,76.92704438,369.88800048828125,5.239046,0.0,,94,25,,,,,,,,,,,,,
CELLULAR,1789661129926,,,,,,,,,,,,,,true,NR,4298047490,405,869,,75,403,634080,-106,NR_SS_RSRP,3,
SENSOR,1789661129937,40860099498237,0.15014961,0.200698,9.868001,0.0,1.5271618E-4,1.5271618E-4,-48.15,3.6750002,4.425,,,,,,,,,,,,,,,,,,
SENSOR,1789661129937,40860119498237,0.15433706,0.20488544,9.871291,0.0,1.5271618E-4,1.5271618E-4,-48.15,3.6750002,4.425,,,,,,,,,,,,,,,,,,
SENSOR,1789661129937,40860139498237,0.14626129,0.26590243,9.902099,0.0,1.5271618E-4,1.5271618E-4,-48.15,3.6750002,4.425,,,,,,,,,,,,,,,,,,
SENSOR,1789661129937,40860159498237,0.1689931,0.12622139,9.835399,0.0,1.5271618E-4,1.5271618E-4,-48.15,3.6750002,4.425,,,,,,,,,,,,,,,,,,
SENSOR,1789661129937,40860179498237,0.15314065,0.2117648,9.867702,0.0,1.5271618E-4,1.5271618E-4,-48.15,3.6750002,4.425,,,,,,,,,,,,,,,,,,
SENSOR,1789661129949,40860204498237,0.15314065,0.2117648,9.867702,0.0,1.5271618E-4,1.5271618E-4,-48.15,3.6750002,4.425,,,,,,,,,,,,,,,,,,
SENSOR,1789661129967,40860214498237,0.15314065,0.2117648,9.867702,0.0,1.5271618E-4,1.5271618E-4,-48.600002,4.3500004,5.55,,,,,,,,,,,,,,,,,,
SENSOR,1789661130031,40860199498237,0.15284155,0.21864417,9.8727865,0.0,1.5271618E-4,1.5271618E-4,-48.600002,4.3500004,5.55,,,,,,,,,,,,,,,,,,
SENSOR,1789661130032,40860219498237,0.1594218,0.18215363,9.859626,0.0,1.5271618E-4,1.5271618E-4,-48.600002,4.3500004,5.55,,,,,,,,,,,,,,,,,,
SENSOR,1789661130032,40860239498237,0.15493527,0.21684955,9.869197,0.0,1.5271618E-4,1.5271618E-4,-48.600002,4.3500004,5.55,,,,,,,,,,,,,,,,,,
SENSOR,1789661130032,40860259498237,0.16331014,0.18454644,9.870692,0.0,1.5271618E-4,1.5271618E-4,-48.600002,4.3500004,5.55,,,,,,,,,,,,,,,,,,
SENSOR,1789661130032,40860279498237,0.15373886,0.2114657,9.873384,0.0,1.5271618E-4,1.5271618E-4,-48.600002,4.3500004,5.55,,,,,,,,,,,,,,,,,,
SENSOR,1789661130045,40860304498237,0.15373886,0.2114657,9.873384,-4.5814854E-4,1.5271618E-4,1.5271618E-4,-48.600002,4.3500004,5.55,,,,,,,,,,,,,,,,,,
SENSOR,1789661130063,40860314498237,0.15373886,0.2114657,9.873384,-4.5814854E-4,1.5271618E-4,1.5271618E-4,-49.500004,4.05,7.8750005,,,,,,,,,,,,,,,,,,
SENSOR,1789661130131,40860299498237,0.15523437,0.19980069,9.871291,-4.5814854E-4,1.5271618E-4,1.5271618E-4,-49.500004,4.05,7.8750005,,,,,,,,,,,,,,,,,,
SENSOR,1789661130132,40860319498237,0.15433706,0.19531415,9.869496,-4.5814854E-4,1.5271618E-4,1.5271618E-4,-49.500004,4.05,7.8750005,,,,,,,,,,,,,,,,,,
SENSOR,1789661130132,40860339498237,0.15403795,0.20817557,9.874282,-4.5814854E-4,1.5271618E-4,1.5271618E-4,-49.500004,4.05,7.8750005,,,,,,,,,,,,,,,,,,
SENSOR,1789661130132,40860359498237,0.1582254,0.19411774,9.862318,-4.5814854E-4,1.5271618E-4,1.5271618E-4,-49.500004,4.05,7.8750005,,,,,,,,,,,,,,,,,,
SENSOR,1789661130132,40860379498237,0.15463616,0.21296121,9.867702,-4.5814854E-4,1.5271618E-4,1.5271618E-4,-49.500004,4.05,7.8750005,,,,,,,,,,,,,,,,,,
SENSOR,1789661130150,40860404498237,0.15463616,0.21296121,9.867702,0.0,-9.162971E-4,1.5271618E-4,-49.500004,4.05,7.8750005,,,,,,,,,,,,,,,,,,
SENSOR,1789661130168,40860414498237,0.15463616,0.21296121,9.867702,0.0,-9.162971E-4,1.5271618E-4,-49.95,3.7500002,7.8750005,,,,,,,,,,,,,,,,,,
SENSOR,1789661130231,40860399498237,0.1594218,0.19232312,9.863813,0.0,-9.162971E-4,1.5271618E-4,-49.95,3.7500002,7.8750005,,,,,,,,,,,,,,,,,,
SENSOR,1789661130231,40860419498237,0.15343975,0.20398813,9.869197,0.0,-9.162971E-4,1.5271618E-4,-49.95,3.7500002,7.8750005,,,,,,,,,,,,,,,,,,
SENSOR,1789661130231,40860439498237,0.15732808,0.20189442,9.869795,0.0,-9.162971E-4,1.5271618E-4,-49.95,3.7500002,7.8750005,,,,,,,,,,,,,,,,,,
SENSOR,1789661130231,40860459498237,0.15702899,0.19860429,9.867104,0.0,-9.162971E-4,1.5271618E-4,-49.95,3.7500002,7.8750005,,,,,,,,,,,,,,,,,,
SENSOR,1789661130231,40860479498237,0.15972091,0.2015953,9.865608,0.0,-9.162971E-4,1.5271618E-4,-49.95,3.7500002,7.8750005,,,,,,,,,,,,,,,,,,
SENSOR,1789661130244,40860504498237,0.15972091,0.2015953,9.865608,0.0,1.5271618E-4,1.5271618E-4,-49.95,3.7500002,7.8750005,,,,,,,,,,,,,,,,,,
SENSOR,1789661130262,40860514498237,0.15972091,0.2015953,9.865608,0.0,1.5271618E-4,1.5271618E-4,-48.600002,4.125,6.6000004,,,,,,,,,,,,,,,,,,
SENSOR,1789661130331,40860499498237,0.15553348,0.19920248,9.862916,0.0,1.5271618E-4,1.5271618E-4,-48.600002,4.125,6.6000004,,,,,,,,,,,,,,,,,,
SENSOR,1789661130332,40860519498237,0.16031912,0.19890338,9.8682995,0.0,1.5271618E-4,1.5271618E-4,-48.600002,4.125,6.6000004,,,,,,,,,,,,,,,,,,
SENSOR,1789661130332,40860539498237,0.15194423,0.2000998,9.864411,0.0,1.5271618E-4,1.5271618E-4,-48.600002,4.125,6.6000004,,,,,,,,,,,,,,,,,,
SENSOR,1789661130332,40860559498237,0.15732808,0.20727827,9.8682995,0.0,1.5271618E-4,1.5271618E-4,-48.600002,4.125,6.6000004,,,,,,,,,,,,,,,,,,
SENSOR,1789661130332,40860579498237,0.15433706,0.20129621,9.864711,0.0,1.5271618E-4,1.5271618E-4,-48.600002,4.125,6.6000004,,,,,,,,,,,,,,,,,,
SENSOR,1789661130348,40860604498237,0.15433706,0.20129621,9.864711,0.0,-0.0010690133,1.5271618E-4,-48.600002,4.125,6.6000004,,,,,,,,,,,,,,,,,,
SENSOR,1789661130367,40860614498237,0.15433706,0.20129621,9.864711,0.0,-0.0010690133,1.5271618E-4,-50.100002,4.05,7.8,,,,,,,,,,,,,,,,,,
SENSOR,1789661130405,40860599498237,0.15882361,0.20398813,9.865309,0.0,-0.0010690133,1.5271618E-4,-50.100002,4.05,7.8,,,,,,,,,,,,,,,,,,
SENSOR,1789661130406,40860619498237,0.15732808,0.19740787,9.861421,0.0,-0.0010690133,1.5271618E-4,-50.100002,4.05,7.8,,,,,,,,,,,,,,,,,,
SENSOR,1789661130406,40860639498237,0.15463616,0.19920248,9.864411,0.0,-0.0010690133,1.5271618E-4,-50.100002,4.05,7.8,,,,,,,,,,,,,,,,,,
SENSOR,1789661130431,40860659498237,0.15972091,0.20727827,9.870992,0.0,-0.0010690133,1.5271618E-4,-50.100002,4.05,7.8,,,,,,,,,,,,,,,,,,
SENSOR,1789661130431,40860679498237,0.15882361,0.19890338,9.870394,0.0,-0.0010690133,1.5271618E-4,-50.100002,4.05,7.8,,,,,,,,,,,,,,,,,,
SENSOR,1789661130444,40860704498237,0.15882361,0.19890338,9.870394,0.0,1.5271618E-4,1.5271618E-4,-50.100002,4.05,7.8,,,,,,,,,,,,,,,,,,
SENSOR,1789661130463,40860714498237,0.15882361,0.19890338,9.870394,0.0,1.5271618E-4,1.5271618E-4,-50.325,4.05,7.7250004,,,,,,,,,,,,,,,,,,
SENSOR,1789661130532,40860699498237,0.15284155,0.20249261,9.868001,0.0,1.5271618E-4,1.5271618E-4,-50.325,4.05,7.7250004,,,,,,,,,,,,,,,,,,
SENSOR,1789661130532,40860719498237,0.1576272,0.19830517,9.868599,0.0,1.5271618E-4,1.5271618E-4,-50.325,4.05,7.7250004,,,,,,,,,,,,,,,,,,
SENSOR,1789661130532,40860739498237,0.15643078,0.20668006,9.867702,0.0,1.5271618E-4,1.5271618E-4,-50.325,4.05,7.7250004,,,,,,,,,,,,,,,,,,
SENSOR,1789661130532,40860759498237,0.15702899,0.20338993,9.863514,0.0,1.5271618E-4,1.5271618E-4,-50.325,4.05,7.7250004,,,,,,,,,,,,,,,,,,
SENSOR,1789661130532,40860779498237,0.15373886,0.20488544,9.863514,0.0,1.5271618E-4,1.5271618E-4,-50.325,4.05,7.7250004,,,,,,,,,,,,,,,,,,
SENSOR,1789661130548,40860804498237,0.15373886,0.20488544,9.863514,0.0,-9.162971E-4,1.5271618E-4,-50.325,4.05,7.7250004,,,,,,,,,,,,,,,,,,
SENSOR,1789661130566,40860814498237,0.15373886,0.20488544,9.863514,0.0,-9.162971E-4,1.5271618E-4,-49.725002,3.9750001,7.3500004,,,,,,,,,,,,,,,,,,
SENSOR,1789661130612,40860799498237,0.15672988,0.19950159,9.864411,0.0,-9.162971E-4,1.5271618E-4,-49.725002,3.9750001,7.3500004,,,,,,,,,,,,,,,,,,
SENSOR,1789661130625,40860819498237,0.15972091,0.20129621,9.869197,0.0,-9.162971E-4,1.5271618E-4,-49.725002,3.9750001,7.3500004,,,,,,,,,,,,,,,,,,
SENSOR,1789661130625,40860839498237,0.15792629,0.20488544,9.867702,0.0,-9.162971E-4,1.5271618E-4,-49.725002,3.9750001,7.3500004,,,,,,,,,,,,,,,,,,
SENSOR,1789661130625,40860859498237,0.15643078,0.19980069,9.865907,0.0,-9.162971E-4,1.5271618E-4,-49.725002,3.9750001,7.3500004,,,,,,,,,,,,,,,,,,
SENSOR,1789661130631,40860879498237,0.15643078,0.2015953,9.871291,0.0,-9.162971E-4,1.5271618E-4,-49.725002,3.9750001,7.3500004,,,,,,,,,,,,,,,,,,
SENSOR,1789661130644,40860904498237,0.15643078,0.2015953,9.871291,0.0,1.5271618E-4,1.5271618E-4,-49.725002,3.9750001,7.3500004,,,,,,,,,,,,,,,,,,
SENSOR,1789661130662,40860914498237,0.15643078,0.2015953,9.871291,0.0,1.5271618E-4,1.5271618E-4,-49.95,3.825,7.8750005,,,,,,,,,,,,,,,,,,
SENSOR,1789661130732,40860899498237,0.15583257,0.19591236,9.864411,0.0,1.5271618E-4,1.5271618E-4,-49.95,3.825,7.8750005,,,,,,,,,,,,,,,,,,
SENSOR,1789661130733,40860919498237,0.15613168,0.20488544,9.870394,0.0,1.5271618E-4,1.5271618E-4,-49.95,3.825,7.8750005,,,,,,,,,,,,,,,,,,
SENSOR,1789661130733,40860939498237,0.15792629,0.20129621,9.873085,0.0,1.5271618E-4,1.5271618E-4,-49.95,3.825,7.8750005,,,,,,,,,,,,,,,,,,
SENSOR,1789661130733,40860959498237,0.16331014,0.19950159,9.8727865,0.0,1.5271618E-4,1.5271618E-4,-49.95,3.825,7.8750005,,,,,,,,,,,,,,,,,,
SENSOR,1789661130733,40860979498237,0.15702899,0.20189442,9.869197,0.0,1.5271618E-4,1.5271618E-4,-49.95,3.825,7.8750005,,,,,,,,,,,,,,,,,,
SENSOR,1789661130749,40861004498237,0.15702899,0.20189442,9.869197,0.0,1.5271618E-4,1.5271618E-4,-49.95,3.825,7.8750005,,,,,,,,,,,,,,,,,,
SENSOR,1789661130766,40861014498237,0.15702899,0.20189442,9.869197,0.0,1.5271618E-4,1.5271618E-4,-49.800003,3.9750001,7.3500004,,,,,,,,,,,,,,,,,,
SENSOR,1789661130835,40860999498237,0.1591227,0.20518455,9.864711,0.0,1.5271618E-4,1.5271618E-4,-49.800003,3.9750001,7.3500004,,,,,,,,,,,,,,,,,,
SENSOR,1789661130835,40861019498237,0.15433706,0.20039889,9.8727865,0.0,1.5271618E-4,1.5271618E-4,-49.800003,3.9750001,7.3500004,,,,,,,,,,,,,,,,,,
SENSOR,1789661130835,40861039498237,0.15403795,0.20937198,9.867104,0.0,1.5271618E-4,1.5271618E-4,-49.800003,3.9750001,7.3500004,,,,,,,,,,,,,,,,,,
SENSOR,1789661130835,40861059498237,0.15732808,0.19800608,9.863813,0.0,1.5271618E-4,1.5271618E-4,-49.800003,3.9750001,7.3500004,,,,,,,,,,,,,,,,,,
SENSOR,1789661130835,40861079498237,0.15613168,0.20787647,9.867402,0.0,1.5271618E-4,1.5271618E-4,-49.800003,3.9750001,7.3500004,,,,,,,,,,,,,,,,,,
SENSOR,1789661130843,40861104498237,0.15613168,0.20787647,9.867402,0.0,1.5271618E-4,1.5271618E-4,-49.800003,3.9750001,7.3500004,,,,,,,,,,,,,,,,,,
SENSOR,1789661130861,40861114498237,0.15613168,0.20787647,9.867402,0.0,1.5271618E-4,1.5271618E-4,-49.125004,4.125,6.675,,,,,,,,,,,,,,,,,,
GNSS,1789661130905,,true,11.05530591,76.92704438,369.88800048828125,5.239046,0.0,,94,16,,,,,,,,,,,,,
GNSS,1789661131000,,true,11.05530546,76.92705111,370.0653076171875,4.146213,0.0,,94,16,,,,,,,,,,,,,
SENSOR,1789661130931,40861099498237,0.15882361,0.19920248,9.867104,0.0,1.5271618E-4,1.5271618E-4,-49.125004,4.125,6.675,,,,,,,,,,,,,,,,,,
SENSOR,1789661130932,40861119498237,0.15613168,0.20219351,9.865009,0.0,1.5271618E-4,1.5271618E-4,-49.125004,4.125,6.675,,,,,,,,,,,,,,,,,,
SENSOR,1789661130932,40861139498237,0.15792629,0.19920248,9.8682995,0.0,1.5271618E-4,1.5271618E-4,-49.125004,4.125,6.675,,,,,,,,,,,,,,,,,,
SENSOR,1789661130932,40861159498237,0.15463616,0.20368902,9.867702,0.0,1.5271618E-4,1.5271618E-4,-49.125004,4.125,6.675,,,,,,,,,,,,,,,,,,
SENSOR,1789661130932,40861179498237,0.15373886,0.19770697,9.871291,0.0,1.5271618E-4,1.5271618E-4,-49.125004,4.125,6.675,,,,,,,,,,,,,,,,,,
CELLULAR,1789661130937,,,,,,,,,,,,,,true,NR,4298047490,405,869,,75,403,634080,-106,NR_SS_RSRP,3,
SENSOR,1789661130954,40861204498237,0.15373886,0.19770697,9.871291,0.0,1.5271618E-4,-7.635809E-4,-49.125004,4.125,6.675,,,,,,,,,,,,,,,,,,
SENSOR,1789661130965,40861214498237,0.15373886,0.19770697,9.871291,0.0,1.5271618E-4,-7.635809E-4,-49.350002,3.825,7.05,,,,,,,,,,,,,,,,,,
SENSOR,1789661131032,40861199498237,0.15672988,0.2015953,9.867402,0.0,1.5271618E-4,-7.635809E-4,-49.350002,3.825,7.05,,,,,,,,,,,,,,,,,,
SENSOR,1789661131032,40861219498237,0.15493527,0.19830517,9.8682995,0.0,1.5271618E-4,-7.635809E-4,-49.350002,3.825,7.05,,,,,,,,,,,,,,,,,,
SENSOR,1789661131032,40861239498237,0.15373886,0.20488544,9.868599,0.0,1.5271618E-4,-7.635809E-4,-49.350002,3.825,7.05,,,,,,,,,,,,,,,,,,
SENSOR,1789661131032,40861259498237,0.1585245,0.20189442,9.869496,0.0,1.5271618E-4,-7.635809E-4,-49.350002,3.825,7.05,,,,,,,,,,,,,,,,,,
SENSOR,1789661131032,40861279498237,0.1585245,0.2000998,9.871889,0.0,1.5271618E-4,-7.635809E-4,-49.350002,3.825,7.05,,,,,,,,,,,,,,,,,,
SENSOR,1789661131043,40861304498237,0.1585245,0.2000998,9.871889,0.0,1.5271618E-4,1.5271618E-4,-49.350002,3.825,7.05,,,,,,,,,,,,,,,,,,
SENSOR,1789661131069,40861314498237,0.1585245,0.2000998,9.871889,0.0,1.5271618E-4,1.5271618E-4,-49.125004,3.825,5.925,,,,,,,,,,,,,,,,,,
SENSOR,1789661131132,40861299498237,0.15553348,0.2000998,9.865309,0.0,1.5271618E-4,1.5271618E-4,-49.125004,3.825,5.925,,,,,,,,,,,,,,,,,,
SENSOR,1789661131132,40861319498237,0.15314065,0.20039889,9.870094,0.0,1.5271618E-4,1.5271618E-4,-49.125004,3.825,5.925,,,,,,,,,,,,,,,,,,
SENSOR,1789661131132,40861339498237,0.15882361,0.19680966,9.865907,0.0,1.5271618E-4,1.5271618E-4,-49.125004,3.825,5.925,,,,,,,,,,,,,,,,,,
SENSOR,1789661131132,40861359498237,0.15672988,0.20279172,9.873085,0.0,1.5271618E-4,1.5271618E-4,-49.125004,3.825,5.925,,,,,,,,,,,,,,,,,,
SENSOR,1789661131132,40861379498237,0.15343975,0.20219351,9.868001,0.0,1.5271618E-4,1.5271618E-4,-49.125004,3.825,5.925,,,,,,,,,,,,,,,,,,
SENSOR,1789661131147,40861404498237,0.15343975,0.20219351,9.868001,0.0,1.5271618E-4,1.5271618E-4,-49.125004,3.825,5.925,,,,,,,,,,,,,,,,,,
SENSOR,1789661131166,40861414498237,0.15343975,0.20219351,9.868001,0.0,1.5271618E-4,1.5271618E-4,-48.975002,3.3000002,7.5000005,,,,,,,,,,,,,,,,,,
SENSOR,1789661131232,40861399498237,0.15583257,0.19800608,9.861719,0.0,1.5271618E-4,1.5271618E-4,-48.975002,3.3000002,7.5000005,,,,,,,,,,,,,,,,,,
SENSOR,1789661131232,40861419498237,0.15523437,0.19680966,9.869795,0.0,1.5271618E-4,1.5271618E-4,-48.975002,3.3000002,7.5000005,,,,,,,,,,,,,,,,,,
SENSOR,1789661131232,40861439498237,0.15672988,0.2009971,9.865309,0.0,1.5271618E-4,1.5271618E-4,-48.975002,3.3000002,7.5000005,,,,,,,,,,,,,,,,,,
SENSOR,1789661131232,40861459498237,0.15373886,0.200698,9.865009,0.0,1.5271618E-4,1.5271618E-4,-48.975002,3.3000002,7.5000005,,,,,,,,,,,,,,,,,,
SENSOR,1789661131232,40861479498237,0.15164514,0.2015953,9.869496,0.0,1.5271618E-4,1.5271618E-4,-48.975002,3.3000002,7.5000005,,,,,,,,,,,,,,,,,,
SENSOR,1789661131242,40861504498237,0.15164514,0.2015953,9.869496,3.0543236E-4,1.5271618E-4,1.5271618E-4,-48.975002,3.3000002,7.5000005,,,,,,,,,,,,,,,,,,
SENSOR,1789661131271,40861514498237,0.15164514,0.2015953,9.869496,3.0543236E-4,1.5271618E-4,1.5271618E-4,-50.100002,3.825,8.700001,,,,,,,,,,,,,,,,,,
SENSOR,1789661131332,40861499498237,0.15553348,0.20338993,9.866804,3.0543236E-4,1.5271618E-4,1.5271618E-4,-50.100002,3.825,8.700001,,,,,,,,,,,,,,,,,,
SENSOR,1789661131333,40861519498237,0.15433706,0.19890338,9.872487,3.0543236E-4,1.5271618E-4,1.5271618E-4,-50.100002,3.825,8.700001,,,,,,,,,,,,,,,,,,
SENSOR,1789661131333,40861539498237,0.15643078,0.20249261,9.866206,3.0543236E-4,1.5271618E-4,1.5271618E-4,-50.100002,3.825,8.700001,,,,,,,,,,,,,,,,,,
SENSOR,1789661131333,40861559498237,0.15672988,0.20338993,9.869496,3.0543236E-4,1.5271618E-4,1.5271618E-4,-50.100002,3.825,8.700001,,,,,,,,,,,,,,,,,,
SENSOR,1789661131333,40861579498237,0.15373886,0.20518455,9.8632145,3.0543236E-4,1.5271618E-4,1.5271618E-4,-50.100002,3.825,8.700001,,,,,,,,,,,,,,,,,,
SENSOR,1789661131347,40861604498237,0.15373886,0.20518455,9.8632145,0.0,1.5271618E-4,-0.0010690133,-50.100002,3.825,8.700001,,,,,,,,,,,,,,,,,,
SENSOR,1789661131366,40861614498237,0.15373886,0.20518455,9.8632145,0.0,1.5271618E-4,-0.0010690133,-49.500004,4.05,8.1,,,,,,,,,,,,,,,,,,
SENSOR,1789661131432,40861599498237,0.15613168,0.20578274,9.864112,0.0,1.5271618E-4,-0.0010690133,-49.500004,4.05,8.1,,,,,,,,,,,,,,,,,,
SENSOR,1789661131432,40861619498237,0.15373886,0.20608185,9.865608,0.0,1.5271618E-4,-0.0010690133,-49.500004,4.05,8.1,,,,,,,,,,,,,,,,,,
SENSOR,1789661131433,40861639498237,0.15732808,0.19800608,9.868001,0.0,1.5271618E-4,-0.0010690133,-49.500004,4.05,8.1,,,,,,,,,,,,,,,,,,
SENSOR,1789661131433,40861659498237,0.15433706,0.20368902,9.859326,0.0,1.5271618E-4,-0.0010690133,-49.500004,4.05,8.1,,,,,,,,,,,,,,,,,,
SENSOR,1789661131433,40861679498237,0.15672988,0.20189442,9.865907,0.0,1.5271618E-4,-0.0010690133,-49.500004,4.05,8.1,,,,,,,,,,,,,,,,,,
SENSOR,1789661131443,40861704498237,0.15672988,0.20189442,9.865907,0.0,1.5271618E-4,1.5271618E-4,-49.500004,4.05,8.1,,,,,,,,,,,,,,,,,,
SENSOR,1789661131469,40861714498237,0.15672988,0.20189442,9.865907,0.0,1.5271618E-4,1.5271618E-4,-49.800003,4.05,8.025001,,,,,,,,,,,,,,,,,,
SENSOR,1789661131531,40861699498237,0.16091733,0.19890338,9.861121,0.0,1.5271618E-4,1.5271618E-4,-49.800003,4.05,8.025001,,,,,,,,,,,,,,,,,,
SENSOR,1789661131531,40861719498237,0.1585245,0.20428723,9.867702,0.0,1.5271618E-4,1.5271618E-4,-49.800003,4.05,8.025001,,,,,,,,,,,,,,,,,,
SENSOR,1789661131531,40861739498237,0.1576272,0.20608185,9.864112,0.0,1.5271618E-4,1.5271618E-4,-49.800003,4.05,8.025001,,,,,,,,,,,,,,,,,,
SENSOR,1789661131532,40861759498237,0.15553348,0.19920248,9.867702,0.0,1.5271618E-4,1.5271618E-4,-49.800003,4.05,8.025001,,,,,,,,,,,,,,,,,,
SENSOR,1789661131532,40861779498237,0.16061822,0.2015953,9.85813,0.0,1.5271618E-4,1.5271618E-4,-49.800003,4.05,8.025001,,,,,,,,,,,,,,,,,,
SENSOR,1789661131547,40861804498237,0.16061822,0.2015953,9.85813,0.0,-1.5271618E-4,1.5271618E-4,-49.800003,4.05,8.025001,,,,,,,,,,,,,,,,,,
SENSOR,1789661131564,40861814498237,0.16061822,0.2015953,9.85813,0.0,-1.5271618E-4,1.5271618E-4,-49.725002,3.9750001,7.1250005,,,,,,,,,,,,,,,,,,
SENSOR,1789661131632,40861799498237,0.15433706,0.2009971,9.8682995,0.0,-1.5271618E-4,1.5271618E-4,-49.725002,3.9750001,7.1250005,,,,,,,,,,,,,,,,,,
SENSOR,1789661131632,40861819498237,0.16002001,0.19920248,9.871889,0.0,-1.5271618E-4,1.5271618E-4,-49.725002,3.9750001,7.1250005,,,,,,,,,,,,,,,,,,
SENSOR,1789661131632,40861839498237,0.15792629,0.19950159,9.874282,0.0,-1.5271618E-4,1.5271618E-4,-49.725002,3.9750001,7.1250005,,,,,,,,,,,,,,,,,,
SENSOR,1789661131632,40861859498237,0.1591227,0.19950159,9.869795,0.0,-1.5271618E-4,1.5271618E-4,-49.725002,3.9750001,7.1250005,,,,,,,,,,,,,,,,,,
SENSOR,1789661131633,40861879498237,0.1576272,0.20279172,9.869197,0.0,-1.5271618E-4,1.5271618E-4,-49.725002,3.9750001,7.1250005,,,,,,,,,,,,,,,,,,
SENSOR,1789661131642,40861904498237,0.1576272,0.20279172,9.869197,-9.162971E-4,1.5271618E-4,1.5271618E-4,-49.725002,3.9750001,7.1250005,,,,,,,,,,,,,,,,,,
SENSOR,1789661131669,40861914498237,0.1576272,0.20279172,9.869197,-9.162971E-4,1.5271618E-4,1.5271618E-4,-50.325,3.6000001,7.7250004,,,,,,,,,,,,,,,,,,
SENSOR,1789661131731,40861899498237,0.15972091,0.20279172,9.865907,-9.162971E-4,1.5271618E-4,1.5271618E-4,-50.325,3.6000001,7.7250004,,,,,,,,,,,,,,,,,,
SENSOR,1789661131731,40861919498237,0.15732808,0.20428723,9.864112,-9.162971E-4,1.5271618E-4,1.5271618E-4,-50.325,3.6000001,7.7250004,,,,,,,,,,,,,,,,,,
SENSOR,1789661131731,40861939498237,0.16091733,0.20428723,9.8632145,-9.162971E-4,1.5271618E-4,1.5271618E-4,-50.325,3.6000001,7.7250004,,,,,,,,,,,,,,,,,,
SENSOR,1789661131731,40861959498237,0.15882361,0.19680966,9.87159,-9.162971E-4,1.5271618E-4,1.5271618E-4,-50.325,3.6000001,7.7250004,,,,,,,,,,,,,,,,,,
SENSOR,1789661131731,40861979498237,0.15732808,0.20398813,9.866206,-9.162971E-4,1.5271618E-4,1.5271618E-4,-50.325,3.6000001,7.7250004,,,,,,,,,,,,,,,,,,
SENSOR,1789661131746,40862004498237,0.15732808,0.20398813,9.866206,0.0,-0.0010690133,1.5271618E-4,-50.325,3.6000001,7.7250004,,,,,,,,,,,,,,,,,,
SENSOR,1789661131764,40862014498237,0.15732808,0.20398813,9.866206,0.0,-0.0010690133,1.5271618E-4,-49.95,3.6000001,8.175,,,,,,,,,,,,,,,,,,
SENSOR,1789661131832,40861999498237,0.1591227,0.20488544,9.867104,0.0,-0.0010690133,1.5271618E-4,-49.95,3.6000001,8.175,,,,,,,,,,,,,,,,,,
SENSOR,1789661131833,40862019498237,0.15493527,0.20398813,9.869496,0.0,-0.0010690133,1.5271618E-4,-49.95,3.6000001,8.175,,,,,,,,,,,,,,,,,,
SENSOR,1789661131833,40862039498237,0.15643078,0.19740787,9.866206,0.0,-0.0010690133,1.5271618E-4,-49.95,3.6000001,8.175,,,,,,,,,,,,,,,,,,
SENSOR,1789661131833,40862059498237,0.15523437,0.20039889,9.867104,0.0,-0.0010690133,1.5271618E-4,-49.95,3.6000001,8.175,,,,,,,,,,,,,,,,,,
SENSOR,1789661131833,40862079498237,0.15613168,0.200698,9.8632145,0.0,-0.0010690133,1.5271618E-4,-49.95,3.6000001,8.175,,,,,,,,,,,,,,,,,,
SENSOR,1789661131842,40862104498237,0.15613168,0.200698,9.8632145,-1.5271618E-4,-9.162971E-4,1.5271618E-4,-49.95,3.6000001,8.175,,,,,,,,,,,,,,,,,,
SENSOR,1789661131870,40862114498237,0.15613168,0.200698,9.8632145,-1.5271618E-4,-9.162971E-4,1.5271618E-4,-49.050003,3.825,6.4500003,,,,,,,,,,,,,,,,,,
GNSS,1789661131906,,true,11.05530546,76.92705111,370.0653076171875,4.146213,0.0,,94,23,,,,,,,,,,,,,
GNSS,1789661132000,,true,11.05530094,76.92705666,372.72528076171875,3.7900925,0.0,,94,23,,,,,,,,,,,,,
SENSOR,1789661131932,40862099498237,0.15463616,0.2009971,9.867702,-1.5271618E-4,-9.162971E-4,1.5271618E-4,-49.050003,3.825,6.4500003,,,,,,,,,,,,,,,,,,
SENSOR,1789661131932,40862119498237,0.15613168,0.19591236,9.866206,-1.5271618E-4,-9.162971E-4,1.5271618E-4,-49.050003,3.825,6.4500003,,,,,,,,,,,,,,,,,,
SENSOR,1789661131932,40862139498237,0.15194423,0.20249261,9.869496,-1.5271618E-4,-9.162971E-4,1.5271618E-4,-49.050003,3.825,6.4500003,,,,,,,,,,,,,,,,,,
SENSOR,1789661131932,40862159498237,0.15702899,0.2009971,9.864411,-1.5271618E-4,-9.162971E-4,1.5271618E-4,-49.050003,3.825,6.4500003,,,,,,,,,,,,,,,,,,
SENSOR,1789661131932,40862179498237,0.15613168,0.20638095,9.866505,-1.5271618E-4,-9.162971E-4,1.5271618E-4,-49.050003,3.825,6.4500003,,,,,,,,,,,,,,,,,,
SENSOR,1789661131946,40862204498237,0.15613168,0.20638095,9.866505,-4.5814854E-4,1.5271618E-4,1.5271618E-4,-49.050003,3.825,6.4500003,,,,,,,,,,,,,,,,,,
CELLULAR,1789661131953,,,,,,,,,,,,,,true,NR,4298047490,405,869,,75,403,634080,-106,NR_SS_RSRP,3,
SENSOR,1789661131978,40862214498237,0.15613168,0.20638095,9.866505,-4.5814854E-4,1.5271618E-4,1.5271618E-4,-49.425003,3.9750001,7.5750003,,,,,,,,,,,,,,,,,,
SENSOR,1789661132032,40862199498237,0.15403795,0.20488544,9.867104,-4.5814854E-4,1.5271618E-4,1.5271618E-4,-49.425003,3.9750001,7.5750003,,,,,,,,,,,,,,,,,,
SENSOR,1789661132032,40862219498237,0.15224335,0.19920248,9.865907,-4.5814854E-4,1.5271618E-4,1.5271618E-4,-49.425003,3.9750001,7.5750003,,,,,,,,,,,,,,,,,,
SENSOR,1789661132032,40862239498237,0.15164514,0.20488544,9.869496,-4.5814854E-4,1.5271618E-4,1.5271618E-4,-49.425003,3.9750001,7.5750003,,,,,,,,,,,,,,,,,,
SENSOR,1789661132032,40862259498237,0.15643078,0.2009971,9.8682995,-4.5814854E-4,1.5271618E-4,1.5271618E-4,-49.425003,3.9750001,7.5750003,,,,,,,,,,,,,,,,,,
SENSOR,1789661132032,40862279498237,0.15553348,0.20129621,9.866505,-4.5814854E-4,1.5271618E-4,1.5271618E-4,-49.425003,3.9750001,7.5750003,,,,,,,,,,,,,,,,,,
SENSOR,1789661132042,40862304498237,0.15553348,0.20129621,9.866505,0.0,1.5271618E-4,1.5271618E-4,-49.425003,3.9750001,7.5750003,,,,,,,,,,,,,,,,,,
SENSOR,1789661132068,40862314498237,0.15553348,0.20129621,9.866505,0.0,1.5271618E-4,1.5271618E-4,-49.65,3.7500002,8.325001,,,,,,,,,,,,,,,,,,
SENSOR,1789661132131,40862299498237,0.1585245,0.20398813,9.869197,0.0,1.5271618E-4,1.5271618E-4,-49.65,3.7500002,8.325001,,,,,,,,,,,,,,,,,,
SENSOR,1789661132131,40862319498237,0.16151553,0.20518455,9.865907,0.0,1.5271618E-4,1.5271618E-4,-49.65,3.7500002,8.325001,,,,,,,,,,,,,,,,,,
SENSOR,1789661132131,40862339498237,0.15463616,0.20279172,9.869795,0.0,1.5271618E-4,1.5271618E-4,-49.65,3.7500002,8.325001,,,,,,,,,,,,,,,,,,
SENSOR,1789661132132,40862359498237,0.15613168,0.19920248,9.867104,0.0,1.5271618E-4,1.5271618E-4,-49.65,3.7500002,8.325001,,,,,,,,,,,,,,,,,,
SENSOR,1789661132132,40862379498237,0.15613168,0.20668006,9.865009,0.0,1.5271618E-4,1.5271618E-4,-49.65,3.7500002,8.325001,,,,,,,,,,,,,,,,,,
SENSOR,1789661132146,40862404498237,0.15613168,0.20668006,9.865009,7.635809E-4,1.5271618E-4,1.5271618E-4,-49.65,3.7500002,8.325001,,,,,,,,,,,,,,,,,,
SENSOR,1789661132163,40862414498237,0.15613168,0.20668006,9.865009,7.635809E-4,1.5271618E-4,1.5271618E-4,-49.800003,3.825,8.325001,,,,,,,,,,,,,,,,,,
SENSOR,1789661132232,40862399498237,0.15493527,0.20129621,9.866804,7.635809E-4,1.5271618E-4,1.5271618E-4,-49.800003,3.825,8.325001,,,,,,,,,,,,,,,,,,
SENSOR,1789661132232,40862419498237,0.16061822,0.20458634,9.871889,7.635809E-4,1.5271618E-4,1.5271618E-4,-49.800003,3.825,8.325001,,,,,,,,,,,,,,,,,,
SENSOR,1789661132232,40862439498237,0.15463616,0.20189442,9.868897,7.635809E-4,1.5271618E-4,1.5271618E-4,-49.800003,3.825,8.325001,,,,,,,,,,,,,,,,,,
SENSOR,1789661132232,40862459498237,0.15583257,0.20428723,9.865907,7.635809E-4,1.5271618E-4,1.5271618E-4,-49.800003,3.825,8.325001,,,,,,,,,,,,,,,,,,
SENSOR,1789661132232,40862479498237,0.15284155,0.200698,9.865608,7.635809E-4,1.5271618E-4,1.5271618E-4,-49.800003,3.825,8.325001,,,,,,,,,,,,,,,,,,
SENSOR,1789661132241,40862504498237,0.15284155,0.200698,9.865608,-0.0010690133,1.5271618E-4,1.5271618E-4,-49.800003,3.825,8.325001,,,,,,,,,,,,,,,,,,
SENSOR,1789661132267,40862514498237,0.15284155,0.200698,9.865608,-0.0010690133,1.5271618E-4,1.5271618E-4,-50.4,4.05,8.25,,,,,,,,,,,,,,,,,,
SENSOR,1789661132333,40862499498237,0.15732808,0.20398813,9.873684,-0.0010690133,1.5271618E-4,1.5271618E-4,-50.4,4.05,8.25,,,,,,,,,,,,,,,,,,
SENSOR,1789661132333,40862519498237,0.15613168,0.20428723,9.866804,-0.0010690133,1.5271618E-4,1.5271618E-4,-50.4,4.05,8.25,,,,,,,,,,,,,,,,,,
SENSOR,1789661132333,40862539498237,0.15523437,0.19830517,9.867702,-0.0010690133,1.5271618E-4,1.5271618E-4,-50.4,4.05,8.25,,,,,,,,,,,,,,,,,,
SENSOR,1789661132333,40862559498237,0.15583257,0.19860429,9.867402,-0.0010690133,1.5271618E-4,1.5271618E-4,-50.4,4.05,8.25,,,,,,,,,,,,,,,,,,
SENSOR,1789661132334,40862579498237,0.15882361,0.20309082,9.867702,-0.0010690133,1.5271618E-4,1.5271618E-4,-50.4,4.05,8.25,,,,,,,,,,,,,,,,,,
SENSOR,1789661132346,40862604498237,0.15882361,0.20309082,9.867702,0.0,1.5271618E-4,1.5271618E-4,-50.4,4.05,8.25,,,,,,,,,,,,,,,,,,
SENSOR,1789661132363,40862614498237,0.15882361,0.20309082,9.867702,0.0,1.5271618E-4,1.5271618E-4,-50.100002,4.05,8.475,,,,,,,,,,,,,,,,,,
SENSOR,1789661132432,40862599498237,0.15613168,0.20039889,9.865309,0.0,1.5271618E-4,1.5271618E-4,-50.100002,4.05,8.475,,,,,,,,,,,,,,,,,,
SENSOR,1789661132433,40862619498237,0.15553348,0.19860429,9.863813,0.0,1.5271618E-4,1.5271618E-4,-50.100002,4.05,8.475,,,,,,,,,,,,,,,,,,
SENSOR,1789661132433,40862639498237,0.15643078,0.19710876,9.864711,0.0,1.5271618E-4,1.5271618E-4,-50.100002,4.05,8.475,,,,,,,,,,,,,,,,,,
SENSOR,1789661132433,40862659498237,0.15702899,0.19830517,9.865907,0.0,1.5271618E-4,1.5271618E-4,-50.100002,4.05,8.475,,,,,,,,,,,,,,,,,,
SENSOR,1789661132433,40862679498237,0.1576272,0.19770697,9.869496,0.0,1.5271618E-4,1.5271618E-4,-50.100002,4.05,8.475,,,,,,,,,,,,,,,,,,
SENSOR,1789661132441,40862704498237,0.1576272,0.19770697,9.869496,0.0,-0.0010690133,1.5271618E-4,-50.100002,4.05,8.475,,,,,,,,,,,,,,,,,,
SENSOR,1789661132467,40862714498237,0.1576272,0.19770697,9.869496,0.0,-0.0010690133,1.5271618E-4,-50.025,3.825,8.325001,,,,,,,,,,,,,,,,,,
SENSOR,1789661132532,40862699498237,0.15224335,0.19920248,9.864411,0.0,-0.0010690133,1.5271618E-4,-50.025,3.825,8.325001,,,,,,,,,,,,,,,,,,
SENSOR,1789661132532,40862719498237,0.15343975,0.20189442,9.866804,0.0,-0.0010690133,1.5271618E-4,-50.025,3.825,8.325001,,,,,,,,,,,,,,,,,,
SENSOR,1789661132532,40862739498237,0.15613168,0.19651055,9.870692,0.0,-0.0010690133,1.5271618E-4,-50.025,3.825,8.325001,,,,,,,,,,,,,,,,,,
SENSOR,1789661132532,40862759498237,0.15583257,0.20249261,9.864411,0.0,-0.0010690133,1.5271618E-4,-50.025,3.825,8.325001,,,,,,,,,,,,,,,,,,
SENSOR,1789661132532,40862779498237,0.15403795,0.19980069,9.8682995,0.0,-0.0010690133,1.5271618E-4,-50.025,3.825,8.325001,,,,,,,,,,,,,,,,,,
SENSOR,1789661132545,40862804498237,0.15403795,0.19980069,9.8682995,0.0,1.5271618E-4,1.5271618E-4,-50.025,3.825,8.325001,,,,,,,,,,,,,,,,,,
SENSOR,1789661132563,40862814498237,0.15403795,0.19980069,9.8682995,0.0,1.5271618E-4,1.5271618E-4,-49.800003,3.7500002,7.8750005,,,,,,,,,,,,,,,,,,
SENSOR,1789661132633,40862799498237,0.15732808,0.20189442,9.871291,0.0,1.5271618E-4,1.5271618E-4,-49.800003,3.7500002,7.8750005,,,,,,,,,,,,,,,,,,
SENSOR,1789661132633,40862819498237,0.15972091,0.2009971,9.871291,0.0,1.5271618E-4,1.5271618E-4,-49.800003,3.7500002,7.8750005,,,,,,,,,,,,,,,,,,
SENSOR,1789661132634,40862839498237,0.15702899,0.19890338,9.873384,0.0,1.5271618E-4,1.5271618E-4,-49.800003,3.7500002,7.8750005,,,,,,,,,,,,,,,,,,
SENSOR,1789661132634,40862859498237,0.15613168,0.20608185,9.867402,0.0,1.5271618E-4,1.5271618E-4,-49.800003,3.7500002,7.8750005,,,,,,,,,,,,,,,,,,
SENSOR,1789661132634,40862879498237,0.15882361,0.19950159,9.863813,0.0,1.5271618E-4,1.5271618E-4,-49.800003,3.7500002,7.8750005,,,,,,,,,,,,,,,,,,
SENSOR,1789661132650,40862904498237,0.15882361,0.19950159,9.863813,0.0,1.5271618E-4,1.5271618E-4,-49.800003,3.7500002,7.8750005,,,,,,,,,,,,,,,,,,
SENSOR,1789661132667,40862914498237,0.15882361,0.19950159,9.863813,0.0,1.5271618E-4,1.5271618E-4,-49.95,3.6750002,7.275,,,,,,,,,,,,,,,,,,
SENSOR,1789661132733,40862899498237,0.15194423,0.200698,9.870094,0.0,1.5271618E-4,1.5271618E-4,-49.95,3.6750002,7.275,,,,,,,,,,,,,,,,,,
SENSOR,1789661132733,40862919498237,0.15792629,0.20368902,9.865009,0.0,1.5271618E-4,1.5271618E-4,-49.95,3.6750002,7.275,,,,,,,,,,,,,,,,,,
SENSOR,1789661132733,40862939498237,0.15792629,0.20518455,9.863514,0.0,1.5271618E-4,1.5271618E-4,-49.95,3.6750002,7.275,,,,,,,,,,,,,,,,,,
SENSOR,1789661132733,40862959498237,0.1585245,0.20189442,9.863813,0.0,1.5271618E-4,1.5271618E-4,-49.95,3.6750002,7.275,,,,,,,,,,,,,,,,,,
SENSOR,1789661132734,40862979498237,0.1591227,0.20668006,9.870692,0.0,1.5271618E-4,1.5271618E-4,-49.95,3.6750002,7.275,,,,,,,,,,,,,,,,,,
SENSOR,1789661132744,40863004498237,0.1591227,0.20668006,9.870692,-6.108647E-4,1.5271618E-4,1.5271618E-4,-49.95,3.6750002,7.275,,,,,,,,,,,,,,,,,,
SENSOR,1789661132763,40863014498237,0.1591227,0.20668006,9.870692,-6.108647E-4,1.5271618E-4,1.5271618E-4,-49.725002,3.7500002,7.8750005,,,,,,,,,,,,,,,,,,
SENSOR,1789661132832,40862999498237,0.1585245,0.2009971,9.869496,-6.108647E-4,1.5271618E-4,1.5271618E-4,-49.725002,3.7500002,7.8750005,,,,,,,,,,,,,,,,,,
SENSOR,1789661132832,40863019498237,0.15882361,0.19710876,9.865009,-6.108647E-4,1.5271618E-4,1.5271618E-4,-49.725002,3.7500002,7.8750005,,,,,,,,,,,,,,,,,,
SENSOR,1789661132832,40863039498237,0.15613168,0.20757736,9.867702,-6.108647E-4,1.5271618E-4,1.5271618E-4,-49.725002,3.7500002,7.8750005,,,,,,,,,,,,,,,,,,
SENSOR,1789661132832,40863059498237,0.15493527,0.20368902,9.865009,-6.108647E-4,1.5271618E-4,1.5271618E-4,-49.725002,3.7500002,7.8750005,,,,,,,,,,,,,,,,,,
SENSOR,1789661132832,40863079498237,0.1594218,0.19830517,9.864112,-6.108647E-4,1.5271618E-4,1.5271618E-4,-49.725002,3.7500002,7.8750005,,,,,,,,,,,,,,,,,,
SENSOR,1789661132849,40863104498237,0.1594218,0.19830517,9.864112,0.0,1.5271618E-4,1.5271618E-4,-49.725002,3.7500002,7.8750005,,,,,,,,,,,,,,,,,,
SENSOR,1789661132872,40863114498237,0.1594218,0.19830517,9.864112,0.0,1.5271618E-4,1.5271618E-4,-49.65,3.9,7.5750003,,,,,,,,,,,,,,,,,,
GNSS,1789661132906,,true,11.05530094,76.92705666,372.72528076171875,3.7900925,0.0,,94,30,,,,,,,,,,,,,
GNSS,1789661133000,,true,11.05530655,76.92706024,372.307373046875,3.7900925,0.0,,94,30,,,,,,,,,,,,,
SENSOR,1789661132932,40863099498237,0.15523437,0.2009971,9.866505,0.0,1.5271618E-4,1.5271618E-4,-49.65,3.9,7.5750003,,,,,,,,,,,,,,,,,,
SENSOR,1789661132932,40863119498237,0.15672988,0.20548365,9.869197,0.0,1.5271618E-4,1.5271618E-4,-49.65,3.9,7.5750003,,,,,,,,,,,,,,,,,,
SENSOR,1789661132932,40863139498237,0.15732808,0.2000998,9.867702,0.0,1.5271618E-4,1.5271618E-4,-49.65,3.9,7.5750003,,,,,,,,,,,,,,,,,,
SENSOR,1789661132932,40863159498237,0.16002001,0.20219351,9.867104,0.0,1.5271618E-4,1.5271618E-4,-49.65,3.9,7.5750003,,,,,,,,,,,,,,,,,,
SENSOR,1789661132932,40863179498237,0.15403795,0.2009971,9.870094,0.0,1.5271618E-4,1.5271618E-4,-49.65,3.9,7.5750003,,,,,,,,,,,,,,,,,,
SENSOR,1789661132944,40863204498237,0.15403795,0.2009971,9.870094,0.0,1.5271618E-4,-6.108647E-4,-49.65,3.9,7.5750003,,,,,,,,,,,,,,,,,,
SENSOR,1789661132962,40863214498237,0.15403795,0.2009971,9.870094,0.0,1.5271618E-4,-6.108647E-4,-49.500004,4.05,7.7250004,,,,,,,,,,,,,,,,,,
CELLULAR,1789661132977,,,,,,,,,,,,,,true,NR,4298047490,405,869,,75,403,634080,-106,NR_SS_RSRP,3,
SENSOR,1789661133033,40863199498237,0.16151553,0.20398813,9.8682995,0.0,1.5271618E-4,-6.108647E-4,-49.500004,4.05,7.7250004,,,,,,,,,,,,,,,,,,
SENSOR,1789661133034,40863219498237,0.16091733,0.20189442,9.870692,0.0,1.5271618E-4,-6.108647E-4,-49.500004,4.05,7.7250004,,,,,,,,,,,,,,,,,,
SENSOR,1789661133034,40863239498237,0.1582254,0.2009971,9.867402,0.0,1.5271618E-4,-6.108647E-4,-49.500004,4.05,7.7250004,,,,,,,,,,,,,,,,,,
SENSOR,1789661133034,40863259498237,0.15403795,0.20219351,9.873384,0.0,1.5271618E-4,-6.108647E-4,-49.500004,4.05,7.7250004,,,,,,,,,,,,,,,,,,
SENSOR,1789661133034,40863279498237,0.15702899,0.20428723,9.867104,0.0,1.5271618E-4,-6.108647E-4,-49.500004,4.05,7.7250004,,,,,,,,,,,,,,,,,,
SENSOR,1789661133049,40863304498237,0.15702899,0.20428723,9.867104,0.0,0.0,1.5271618E-4,-49.500004,4.05,7.7250004,,,,,,,,,,,,,,,,,,
SENSOR,1789661133066,40863314498237,0.15702899,0.20428723,9.867104,0.0,0.0,1.5271618E-4,-49.65,3.9,7.7250004,,,,,,,,,,,,,,,,,,
SENSOR,1789661133132,40863299498237,0.14955142,0.20697916,9.865608,0.0,0.0,1.5271618E-4,-49.65,3.9,7.7250004,,,,,,,,,,,,,,,,,,
SENSOR,1789661133132,40863319498237,0.15643078,0.19830517,9.864112,0.0,0.0,1.5271618E-4,-49.65,3.9,7.7250004,,,,,,,,,,,,,,,,,,
SENSOR,1789661133133,40863339498237,0.15553348,0.20338993,9.865009,0.0,0.0,1.5271618E-4,-49.65,3.9,7.7250004,,,,,,,,,,,,,,,,,,
SENSOR,1789661133133,40863359498237,0.15314065,0.2015953,9.870992,0.0,0.0,1.5271618E-4,-49.65,3.9,7.7250004,,,,,,,,,,,,,,,,,,
SENSOR,1789661133133,40863379498237,0.15074782,0.20548365,9.862019,0.0,0.0,1.5271618E-4,-49.65,3.9,7.7250004,,,,,,,,,,,,,,,,,,
SENSOR,1789661133144,40863404498237,0.15074782,0.20548365,9.862019,0.0,1.5271618E-4,1.5271618E-4,-49.65,3.9,7.7250004,,,,,,,,,,,,,,,,,,
SENSOR,1789661133162,40863414498237,0.15074782,0.20548365,9.862019,0.0,1.5271618E-4,1.5271618E-4,-50.100002,4.05,7.9500003,,,,,,,,,,,,,,,,,,
SENSOR,1789661133232,40863399498237,0.15613168,0.20219351,9.868599,0.0,1.5271618E-4,1.5271618E-4,-50.100002,4.05,7.9500003,,,,,,,,,,,,,,,,,,
SENSOR,1789661133233,40863419498237,0.15403795,0.20039889,9.868599,0.0,1.5271618E-4,1.5271618E-4,-50.100002,4.05,7.9500003,,,,,,,,,,,,,,,,,,
SENSOR,1789661133233,40863439498237,0.15373886,0.20338993,9.873085,0.0,1.5271618E-4,1.5271618E-4,-50.100002,4.05,7.9500003,,,,,,,,,,,,,,,,,,
SENSOR,1789661133233,40863459498237,0.15433706,0.20249261,9.867402,0.0,1.5271618E-4,1.5271618E-4,-50.100002,4.05,7.9500003,,,,,,,,,,,,,,,,,,
SENSOR,1789661133234,40863479498237,0.15493527,0.2009971,9.869795,0.0,1.5271618E-4,1.5271618E-4,-50.100002,4.05,7.9500003,,,,,,,,,,,,,,,,,,
SENSOR,1789661133248,40863504498237,0.15493527,0.2009971,9.869795,0.0,1.5271618E-4,1.5271618E-4,-50.100002,4.05,7.9500003,,,,,,,,,,,,,,,,,,
SENSOR,1789661133268,40863514498237,0.15493527,0.2009971,9.869795,0.0,1.5271618E-4,1.5271618E-4,-49.95,3.7500002,8.175,,,,,,,,,,,,,,,,,,
SENSOR,1789661133332,40863499498237,0.15314065,0.19860429,9.872487,0.0,1.5271618E-4,1.5271618E-4,-49.95,3.7500002,8.175,,,,,,,,,,,,,,,,,,
SENSOR,1789661133332,40863519498237,0.15792629,0.20309082,9.870094,0.0,1.5271618E-4,1.5271618E-4,-49.95,3.7500002,8.175,,,,,,,,,,,,,,,,,,
SENSOR,1789661133332,40863539498237,0.16002001,0.19800608,9.869197,0.0,1.5271618E-4,1.5271618E-4,-49.95,3.7500002,8.175,,,,,,,,,,,,,,,,,,
SENSOR,1789661133332,40863559498237,0.15194423,0.19770697,9.866804,0.0,1.5271618E-4,1.5271618E-4,-49.95,3.7500002,8.175,,,,,,,,,,,,,,,,,,
SENSOR,1789661133333,40863579498237,0.15433706,0.20428723,9.869197,0.0,1.5271618E-4,1.5271618E-4,-49.95,3.7500002,8.175,,,,,,,,,,,,,,,,,,
SENSOR,1789661133344,40863604498237,0.15433706,0.20428723,9.869197,0.0,1.5271618E-4,1.5271618E-4,-49.95,3.7500002,8.175,,,,,,,,,,,,,,,,,,
SENSOR,1789661133364,40863614498237,0.15433706,0.20428723,9.869197,0.0,1.5271618E-4,1.5271618E-4,-49.95,3.7500002,8.175,,,,,,,,,,,,,,,,,,
SENSOR,1789661133432,40863599498237,0.15314065,0.20338993,9.87159,0.0,1.5271618E-4,1.5271618E-4,-49.95,3.7500002,8.175,,,,,,,,,,,,,,,,,,
SENSOR,1789661133433,40863619498237,0.15314065,0.19950159,9.868001,0.0,1.5271618E-4,1.5271618E-4,-49.95,3.7500002,8.175,,,,,,,,,,,,,,,,,,
SENSOR,1789661133433,40863639498237,0.15523437,0.20398813,9.872188,0.0,1.5271618E-4,1.5271618E-4,-49.95,3.7500002,8.175,,,,,,,,,,,,,,,,,,
SENSOR,1789661133433,40863659498237,0.1594218,0.2000998,9.866206,0.0,1.5271618E-4,1.5271618E-4,-49.95,3.7500002,8.175,,,,,,,,,,,,,,,,,,
SENSOR,1789661133433,40863679498237,0.15523437,0.20039889,9.863514,0.0,1.5271618E-4,1.5271618E-4,-49.95,3.7500002,8.175,,,,,,,,,,,,,,,,,,
SENSOR,1789661133447,40863704498237,0.15523437,0.20039889,9.863514,0.0,-0.0,1.5271618E-4,-49.95,3.7500002,8.175,,,,,,,,,,,,,,,,,,
SENSOR,1789661133466,40863714498237,0.15523437,0.20039889,9.863514,0.0,-0.0,1.5271618E-4,-48.600002,4.05,6.6000004,,,,,,,,,,,,,,,,,,
SENSOR,1789661133532,40863699498237,0.15463616,0.200698,9.871291,0.0,-0.0,1.5271618E-4,-48.600002,4.05,6.6000004,,,,,,,,,,,,,,,,,,
SENSOR,1789661133532,40863719498237,0.15284155,0.19740787,9.8682995,0.0,-0.0,1.5271618E-4,-48.600002,4.05,6.6000004,,,,,,,,,,,,,,,,,,
SENSOR,1789661133532,40863739498237,0.15643078,0.19591236,9.867702,0.0,-0.0,1.5271618E-4,-48.600002,4.05,6.6000004,,,,,,,,,,,,,,,,,,
SENSOR,1789661133532,40863759498237,0.15523437,0.20249261,9.869197,0.0,-0.0,1.5271618E-4,-48.600002,4.05,6.6000004,,,,,,,,,,,,,,,,,,
SENSOR,1789661133532,40863779498237,0.15792629,0.2000998,9.867104,0.0,-0.0,1.5271618E-4,-48.600002,4.05,6.6000004,,,,,,,,,,,,,,,,,,
SENSOR,1789661133543,40863804498237,0.15792629,0.2000998,9.867104,0.0,-1.5271618E-4,1.5271618E-4,-48.600002,4.05,6.6000004,,,,,,,,,,,,,,,,,,
SENSOR,1789661133569,40863814498237,0.15792629,0.2000998,9.867104,0.0,-1.5271618E-4,1.5271618E-4,-49.800003,4.2000003,7.5750003,,,,,,,,,,,,,,,,,,
SENSOR,1789661133632,40863799498237,0.16061822,0.19830517,9.868897,0.0,-1.5271618E-4,1.5271618E-4,-49.800003,4.2000003,7.5750003,,,,,,,,,,,,,,,,,,
SENSOR,1789661133633,40863819498237,0.15523437,0.20368902,9.866804,0.0,-1.5271618E-4,1.5271618E-4,-49.800003,4.2000003,7.5750003,,,,,,,,,,,,,,,,,,
SENSOR,1789661133633,40863839498237,0.15433706,0.20518455,9.869496,0.0,-1.5271618E-4,1.5271618E-4,-49.800003,4.2000003,7.5750003,,,,,,,,,,,,,,,,,,
SENSOR,1789661133633,40863859498237,0.15643078,0.20129621,9.869496,0.0,-1.5271618E-4,1.5271618E-4,-49.800003,4.2000003,7.5750003,,,,,,,,,,,,,,,,,,
SENSOR,1789661133633,40863879498237,0.15643078,0.19950159,9.871291,0.0,-1.5271618E-4,1.5271618E-4,-49.800003,4.2000003,7.5750003,,,,,,,,,,,,,,,,,,
SENSOR,1789661133648,40863904498237,0.15643078,0.19950159,9.871291,0.0,-0.0010690133,1.5271618E-4,-49.800003,4.2000003,7.5750003,,,,,,,,,,,,,,,,,,
SENSOR,1789661133665,40863914498237,0.15643078,0.19950159,9.871291,0.0,-0.0010690133,1.5271618E-4,-50.250004,3.9,8.400001,,,,,,,,,,,,,,,,,,
SENSOR,1789661133732,40863899498237,0.15343975,0.20727827,9.875179,0.0,-0.0010690133,1.5271618E-4,-50.250004,3.9,8.400001,,,,,,,,,,,,,,,,,,
SENSOR,1789661133740,40863919498237,0.16331014,0.18873389,9.876077,0.0,-0.0010690133,1.5271618E-4,-50.250004,3.9,8.400001,,,,,,,,,,,,,,,,,,
SENSOR,1789661133740,40863939498237,0.15643078,0.2009971,9.85155,0.0,-0.0010690133,1.5271618E-4,-50.250004,3.9,8.400001,,,,,,,,,,,,,,,,,,
SENSOR,1789661133740,40863959498237,0.15643078,0.21774685,9.877273,0.0,-0.0010690133,1.5271618E-4,-50.250004,3.9,8.400001,,,,,,,,,,,,,,,,,,
SENSOR,1789661133740,40863979498237,0.1585245,0.19082761,9.853943,0.0,-0.0010690133,1.5271618E-4,-50.250004,3.9,8.400001,,,,,,,,,,,,,,,,,,
SENSOR,1789661133742,40864004498237,0.1585245,0.19082761,9.853943,0.0,1.5271618E-4,-7.635809E-4,-50.250004,3.9,8.400001,,,,,,,,,,,,,,,,,,
SENSOR,1789661133769,40864014498237,0.1585245,0.19082761,9.853943,0.0,1.5271618E-4,-7.635809E-4,-49.800003,3.9750001,7.275,,,,,,,,,,,,,,,,,,
SENSOR,1789661133831,40863999498237,0.15134603,0.20967108,9.864411,0.0,1.5271618E-4,-7.635809E-4,-49.800003,3.9750001,7.275,,,,,,,,,,,,,,,,,,
SENSOR,1789661133831,40864019498237,0.16002001,0.20129621,9.868599,0.0,1.5271618E-4,-7.635809E-4,-49.800003,3.9750001,7.275,,,,,,,,,,,,,,,,,,
SENSOR,1789661133831,40864039498237,0.15074782,0.19890338,9.866206,0.0,1.5271618E-4,-7.635809E-4,-49.800003,3.9750001,7.275,,,,,,,,,,,,,,,,,,
SENSOR,1789661133831,40864059498237,0.15403795,0.20787647,9.866505,0.0,1.5271618E-4,-7.635809E-4,-49.800003,3.9750001,7.275,,,,,,,,,,,,,,,,,,
SENSOR,1789661133831,40864079498237,0.15672988,0.1905285,9.862318,0.0,1.5271618E-4,-7.635809E-4,-49.800003,3.9750001,7.275,,,,,,,,,,,,,,,,,,
SENSOR,1789661133847,40864104498237,0.15672988,0.1905285,9.862318,0.0,-1.5271618E-4,-7.635809E-4,-49.800003,3.9750001,7.275,,,,,,,,,,,,,,,,,,
SENSOR,1789661133868,40864114498237,0.15672988,0.1905285,9.862318,0.0,-1.5271618E-4,-7.635809E-4,-49.500004,3.9750001,7.3500004,,,,,,,,,,,,,,,,,,
GNSS,1789661133907,,true,11.05530655,76.92706024,372.307373046875,3.7900925,0.0,,94,33,,,,,,,,,,,,,
GNSS,1789661134000,,true,11.05530421,76.9270641,373.19384765625,3.7900925,0.0,,94,33,,,,,,,,,,,,,
SENSOR,1789661133932,40864099498237,0.15433706,0.21296121,9.870692,0.0,-1.5271618E-4,-7.635809E-4,-49.500004,3.9750001,7.3500004,,,,,,,,,,,,,,,,,,
SENSOR,1789661133932,40864119498237,0.15583257,0.19322042,9.868897,0.0,-1.5271618E-4,-7.635809E-4,-49.500004,3.9750001,7.3500004,,,,,,,,,,,,,,,,,,
SENSOR,1789661133932,40864139498237,0.15314065,0.2105684,9.869496,0.0,-1.5271618E-4,-7.635809E-4,-49.500004,3.9750001,7.3500004,,,,,,,,,,,,,,,,,,
SENSOR,1789661133932,40864159498237,0.15792629,0.19202402,9.865907,0.0,-1.5271618E-4,-7.635809E-4,-49.500004,3.9750001,7.3500004,,,,,,,,,,,,,,,,,,
SENSOR,1789661133932,40864179498237,0.15613168,0.20428723,9.870992,0.0,-1.5271618E-4,-7.635809E-4,-49.500004,3.9750001,7.3500004,,,,,,,,,,,,,,,,,,
SENSOR,1789661133942,40864204498237,0.15613168,0.20428723,9.870992,0.0,-7.635809E-4,1.5271618E-4,-49.500004,3.9750001,7.3500004,,,,,,,,,,,,,,,,,,
SENSOR,1789661133970,40864214498237,0.15613168,0.20428723,9.870992,0.0,-7.635809E-4,1.5271618E-4,-49.275,4.125,6.525,,,,,,,,,,,,,,,,,,
CELLULAR,1789661134001,,,,,,,,,,,,,,true,NR,4298047490,405,869,,75,403,634080,-106,NR_SS_RSRP,3,
SENSOR,1789661134037,40864199498237,0.16031912,0.19710876,9.863813,0.0,-7.635809E-4,1.5271618E-4,-49.275,4.125,6.525,,,,,,,,,,,,,,,,,,
SENSOR,1789661134037,40864219498237,0.1585245,0.20518455,9.870394,0.0,-7.635809E-4,1.5271618E-4,-49.275,4.125,6.525,,,,,,,,,,,,,,,,,,
SENSOR,1789661134037,40864239498237,0.15613168,0.20518455,9.865907,0.0,-7.635809E-4,1.5271618E-4,-49.275,4.125,6.525,,,,,,,,,,,,,,,,,,
SENSOR,1789661134037,40864259498237,0.15493527,0.19950159,9.868599,0.0,-7.635809E-4,1.5271618E-4,-49.275,4.125,6.525,,,,,,,,,,,,,,,,,,
SENSOR,1789661134037,40864279498237,0.15643078,0.20428723,9.866206,0.0,-7.635809E-4,1.5271618E-4,-49.275,4.125,6.525,,,,,,,,,,,,,,,,,,
SENSOR,1789661134047,40864304498237,0.15643078,0.20428723,9.866206,0.0,1.5271618E-4,1.5271618E-4,-49.275,4.125,6.525,,,,,,,,,,,,,,,,,,
SENSOR,1789661134064,40864314498237,0.15643078,0.20428723,9.866206,0.0,1.5271618E-4,1.5271618E-4,-49.725002,3.9,7.275,,,,,,,,,,,,,,,,,,
SENSOR,1789661134131,40864299498237,0.15732808,0.19950159,9.866206,0.0,1.5271618E-4,1.5271618E-4,-49.725002,3.9,7.275,,,,,,,,,,,,,,,,,,
SENSOR,1789661134131,40864319498237,0.15463616,0.20548365,9.864112,0.0,1.5271618E-4,1.5271618E-4,-49.725002,3.9,7.275,,,,,,,,,,,,,,,,,,
SENSOR,1789661134131,40864339498237,0.1582254,0.2009971,9.865608,0.0,1.5271618E-4,1.5271618E-4,-49.725002,3.9,7.275,,,,,,,,,,,,,,,,,,
SENSOR,1789661134131,40864359498237,0.15583257,0.20608185,9.862617,0.0,1.5271618E-4,1.5271618E-4,-49.725002,3.9,7.275,,,,,,,,,,,,,,,,,,
SENSOR,1789661134131,40864379498237,0.15613168,0.2009971,9.869496,0.0,1.5271618E-4,1.5271618E-4,-49.725002,3.9,7.275,,,,,,,,,,,,,,,,,,
SENSOR,1789661134141,40864404498237,0.15613168,0.2009971,9.869496,0.0,-0.0010690133,-9.162971E-4,-49.725002,3.9,7.275,,,,,,,,,,,,,,,,,,
SENSOR,1789661134169,40864414498237,0.15613168,0.2009971,9.869496,0.0,-0.0010690133,-9.162971E-4,-49.725002,3.6750002,7.5000005,,,,,,,,,,,,,,,,,,
SENSOR,1789661134231,40864399498237,0.16031912,0.200698,9.870394,0.0,-0.0010690133,-9.162971E-4,-49.725002,3.6750002,7.5000005,,,,,,,,,,,,,,,,,,
SENSOR,1789661134231,40864419498237,0.15732808,0.20428723,9.873085,0.0,-0.0010690133,-9.162971E-4,-49.725002,3.6750002,7.5000005,,,,,,,,,,,,,,,,,,
SENSOR,1789661134231,40864439498237,0.15523437,0.20279172,9.869795,0.0,-0.0010690133,-9.162971E-4,-49.725002,3.6750002,7.5000005,,,,,,,,,,,,,,,,,,
SENSOR,1789661134231,40864459498237,0.15672988,0.20279172,9.861421,0.0,-0.0010690133,-9.162971E-4,-49.725002,3.6750002,7.5000005,,,,,,,,,,,,,,,,,,
SENSOR,1789661134231,40864479498237,0.15613168,0.2015953,9.866804,0.0,-0.0010690133,-9.162971E-4,-49.725002,3.6750002,7.5000005,,,,,,,,,,,,,,,,,,
SENSOR,1789661134246,40864504498237,0.15613168,0.2015953,9.866804,0.0,1.5271618E-4,1.5271618E-4,-49.725002,3.6750002,7.5000005,,,,,,,,,,,,,,,,,,
SENSOR,1789661134263,40864514498237,0.15613168,0.2015953,9.866804,0.0,1.5271618E-4,1.5271618E-4,-48.975002,4.125,6.675,,,,,,,,,,,,,,,,,,
SENSOR,1789661134331,40864499498237,0.15553348,0.20398813,9.8727865,0.0,1.5271618E-4,1.5271618E-4,-48.975002,4.125,6.675,,,,,,,,,,,,,,,,,,
SENSOR,1789661134331,40864519498237,0.15702899,0.20548365,9.868897,0.0,1.5271618E-4,1.5271618E-4,-48.975002,4.125,6.675,,,,,,,,,,,,,,,,,,
SENSOR,1789661134331,40864539498237,0.15702899,0.20428723,9.873684,0.0,1.5271618E-4,1.5271618E-4,-48.975002,4.125,6.675,,,,,,,,,,,,,,,,,,
SENSOR,1789661134331,40864559498237,0.15972091,0.20129621,9.869496,0.0,1.5271618E-4,1.5271618E-4,-48.975002,4.125,6.675,,,,,,,,,,,,,,,,,,
SENSOR,1789661134331,40864579498237,0.1594218,0.20279172,9.868599,0.0,1.5271618E-4,1.5271618E-4,-48.975002,4.125,6.675,,,,,,,,,,,,,,,,,,
SENSOR,1789661134341,40864604498237,0.1594218,0.20279172,9.868599,0.0,1.5271618E-4,1.5271618E-4,-48.975002,4.125,6.675,,,,,,,,,,,,,,,,,,
SENSOR,1789661134368,40864614498237,0.1594218,0.20279172,9.868599,0.0,1.5271618E-4,1.5271618E-4,-48.975002,3.6750002,7.1250005,,,,,,,,,,,,,,,,,,
SENSOR,1789661134433,40864599498237,0.1591227,0.20488544,9.863813,0.0,1.5271618E-4,1.5271618E-4,-48.975002,3.6750002,7.1250005,,,,,,,,,,,,,,,,,,
SENSOR,1789661134433,40864619498237,0.16151553,0.20428723,9.867702,0.0,1.5271618E-4,1.5271618E-4,-48.975002,3.6750002,7.1250005,,,,,,,,,,,,,,,,,,
SENSOR,1789661134434,40864639498237,0.16211374,0.20129621,9.8727865,0.0,1.5271618E-4,1.5271618E-4,-48.975002,3.6750002,7.1250005,,,,,,,,,,,,,,,,,,
SENSOR,1789661134434,40864659498237,0.15702899,0.20249261,9.871291,0.0,1.5271618E-4,1.5271618E-4,-48.975002,3.6750002,7.1250005,,,,,,,,,,,,,,,,,,
SENSOR,1789661134434,40864679498237,0.1582254,0.200698,9.865608,0.0,1.5271618E-4,1.5271618E-4,-48.975002,3.6750002,7.1250005,,,,,,,,,,,,,,,,,,
SENSOR,1789661134446,40864704498237,0.1582254,0.200698,9.865608,0.0,1.5271618E-4,-3.0543236E-4,-48.975002,3.6750002,7.1250005,,,,,,,,,,,,,,,,,,
SENSOR,1789661134464,40864714498237,0.1582254,0.200698,9.865608,0.0,1.5271618E-4,-3.0543236E-4,-49.65,3.525,7.3500004,,,,,,,,,,,,,,,,,,
SENSOR,1789661134531,40864699498237,0.15104693,0.200698,9.863514,0.0,1.5271618E-4,-3.0543236E-4,-49.65,3.525,7.3500004,,,,,,,,,,,,,,,,,,
SENSOR,1789661134531,40864719498237,0.15553348,0.20129621,9.866505,0.0,1.5271618E-4,-3.0543236E-4,-49.65,3.525,7.3500004,,,,,,,,,,,,,,,,,,
SENSOR,1789661134531,40864739498237,0.15343975,0.200698,9.865907,0.0,1.5271618E-4,-3.0543236E-4,-49.65,3.525,7.3500004,,,,,,,,,,,,,,,,,,
SENSOR,1789661134532,40864759498237,0.15254244,0.20129621,9.869795,0.0,1.5271618E-4,-3.0543236E-4,-49.65,3.525,7.3500004,,,,,,,,,,,,,,,,,,
SENSOR,1789661134532,40864779498237,0.15224335,0.20249261,9.869496,0.0,1.5271618E-4,-3.0543236E-4,-49.65,3.525,7.3500004,,,,,,,,,,,,,,,,,,
SENSOR,1789661134541,40864804498237,0.15224335,0.20249261,9.869496,0.0,1.5271618E-4,1.5271618E-4,-49.65,3.525,7.3500004,,,,,,,,,,,,,,,,,,
SENSOR,1789661134568,40864814498237,0.15224335,0.20249261,9.869496,0.0,1.5271618E-4,1.5271618E-4,-50.025,3.7500002,7.9500003,,,,,,,,,,,,,,,,,,
SENSOR,1789661134631,40864799498237,0.15613168,0.20338993,9.866804,0.0,1.5271618E-4,1.5271618E-4,-50.025,3.7500002,7.9500003,,,,,,,,,,,,,,,,,,
SENSOR,1789661134632,40864819498237,0.15732808,0.19830517,9.869197,0.0,1.5271618E-4,1.5271618E-4,-50.025,3.7500002,7.9500003,,,,,,,,,,,,,,,,,,
SENSOR,1789661134632,40864839498237,0.15373886,0.20458634,9.8727865,0.0,1.5271618E-4,1.5271618E-4,-50.025,3.7500002,7.9500003,,,,,,,,,,,,,,,,,,
SENSOR,1789661134632,40864859498237,0.15224335,0.20488544,9.867104,0.0,1.5271618E-4,1.5271618E-4,-50.025,3.7500002,7.9500003,,,,,,,,,,,,,,,,,,
SENSOR,1789661134632,40864879498237,0.15583257,0.2015953,9.869197,0.0,1.5271618E-4,1.5271618E-4,-50.025,3.7500002,7.9500003,,,,,,,,,,,,,,,,,,
SENSOR,1789661134646,40864904498237,0.15583257,0.2015953,9.869197,0.0,1.5271618E-4,1.5271618E-4,-50.025,3.7500002,7.9500003,,,,,,,,,,,,,,,,,,
SENSOR,1789661134663,40864914498237,0.15583257,0.2015953,9.869197,0.0,1.5271618E-4,1.5271618E-4,-50.025,4.05,7.425,,,,,,,,,,,,,,,,,,
SENSOR,1789661134733,40864899498237,0.15523437,0.20249261,9.865907,0.0,1.5271618E-4,1.5271618E-4,-50.025,4.05,7.425,,,,,,,,,,,,,,,,,,
SENSOR,1789661134746,40864919498237,0.15433706,0.200698,9.866505,0.0,1.5271618E-4,1.5271618E-4,-50.025,4.05,7.425,,,,,,,,,,,,,,,,,,
SENSOR,1789661134747,40864939498237,0.16061822,0.20189442,9.872188,0.0,1.5271618E-4,1.5271618E-4,-50.025,4.05,7.425,,,,,,,,,,,,,,,,,,
SENSOR,1789661134747,40864959498237,0.1585245,0.20338993,9.870992,0.0,1.5271618E-4,1.5271618E-4,-50.025,4.05,7.425,,,,,,,,,,,,,,,,,,
SENSOR,1789661134747,40864979498237,0.15403795,0.19950159,9.868897,0.0,1.5271618E-4,1.5271618E-4,-50.025,4.05,7.425,,,,,,,,,,,,,,,,,,
SENSOR,1789661134747,40865004498237,0.15403795,0.19950159,9.868897,0.0,-9.162971E-4,-0.0010690133,-50.025,4.05,7.425,,,,,,,,,,,,,,,,,,
SENSOR,1789661134769,40865014498237,0.15403795,0.19950159,9.868897,0.0,-9.162971E-4,-0.0010690133,-49.95,3.825,7.9500003,,,,,,,,,,,,,,,,,,
SENSOR,1789661134832,40864999498237,0.15254244,0.2015953,9.865907,0.0,-9.162971E-4,-0.0010690133,-49.95,3.825,7.9500003,,,,,,,,,,,,,,,,,,
SENSOR,1789661134832,40865019498237,0.15643078,0.19950159,9.868001,0.0,-9.162971E-4,-0.0010690133,-49.95,3.825,7.9500003,,,,,,,,,,,,,,,,,,
SENSOR,1789661134832,40865039498237,0.15882361,0.19860429,9.866505,0.0,-9.162971E-4,-0.0010690133,-49.95,3.825,7.9500003,,,,,,,,,,,,,,,,,,
SENSOR,1789661134832,40865059498237,0.15493527,0.20668006,9.869197,0.0,-9.162971E-4,-0.0010690133,-49.95,3.825,7.9500003,,,,,,,,,,,,,,,,,,
SENSOR,1789661134833,40865079498237,0.15373886,0.20129621,9.866804,0.0,-9.162971E-4,-0.0010690133,-49.95,3.825,7.9500003,,,,,,,,,,,,,,,,,,
SENSOR,1789661134846,40865104498237,0.15373886,0.20129621,9.866804,0.0,-4.5814854E-4,1.5271618E-4,-49.95,3.825,7.9500003,,,,,,,,,,,,,,,,,,
SENSOR,1789661134863,40865114498237,0.15373886,0.20129621,9.866804,0.0,-4.5814854E-4,1.5271618E-4,-49.95,3.7500002,7.65,,,,,,,,,,,,,,,,,,
GNSS,1789661134902,,true,11.05530421,76.9270641,373.19384765625,3.7900925,0.0,,95,37,,,,,,,,,,,,,
GNSS,1789661135000,,true,11.05530521,76.92706733,372.87176513671875,3.7900925,0.0,,95,37,,,,,,,,,,,,,
SENSOR,1789661134931,40865099498237,0.15493527,0.19890338,9.863514,0.0,-4.5814854E-4,1.5271618E-4,-49.95,3.7500002,7.65,,,,,,,,,,,,,,,,,,
SENSOR,1789661134931,40865119498237,0.16031912,0.19950159,9.868599,0.0,-4.5814854E-4,1.5271618E-4,-49.95,3.7500002,7.65,,,,,,,,,,,,,,,,,,
SENSOR,1789661134932,40865139498237,0.15613168,0.20189442,9.873384,0.0,-4.5814854E-4,1.5271618E-4,-49.95,3.7500002,7.65,,,,,,,,,,,,,,,,,,
SENSOR,1789661134932,40865159498237,0.15284155,0.19830517,9.862318,0.0,-4.5814854E-4,1.5271618E-4,-49.95,3.7500002,7.65,,,,,,,,,,,,,,,,,,
SENSOR,1789661134932,40865179498237,0.15433706,0.20189442,9.864411,0.0,-4.5814854E-4,1.5271618E-4,-49.95,3.7500002,7.65,,,,,,,,,,,,,,,,,,
SENSOR,1789661134941,40865204498237,0.15433706,0.20189442,9.864411,0.0,1.5271618E-4,1.5271618E-4,-49.95,3.7500002,7.65,,,,,,,,,,,,,,,,,,
SENSOR,1789661134967,40865214498237,0.15433706,0.20189442,9.864411,0.0,1.5271618E-4,1.5271618E-4,-49.500004,3.9,7.275,,,,,,,,,,,,,,,,,,
CELLULAR,1789661135025,,,,,,,,,,,,,,true,NR,4298047490,405,869,,75,403,634080,-106,NR_SS_RSRP,3,
SENSOR,1789661135049,40865199498237,0.15732808,0.20039889,9.862617,0.0,1.5271618E-4,1.5271618E-4,-49.500004,3.9,7.275,,,,,,,,,,,,,,,,,,
SENSOR,1789661135049,40865219498237,0.15493527,0.20338993,9.870394,0.0,1.5271618E-4,1.5271618E-4,-49.500004,3.9,7.275,,,,,,,,,,,,,,,,,,
SENSOR,1789661135049,40865239498237,0.15583257,0.2009971,9.865907,0.0,1.5271618E-4,1.5271618E-4,-49.500004,3.9,7.275,,,,,,,,,,,,,,,,,,
SENSOR,1789661135049,40865259498237,0.15643078,0.200698,9.869795,0.0,1.5271618E-4,1.5271618E-4,-49.500004,3.9,7.275,,,,,,,,,,,,,,,,,,
SENSOR,1789661135049,40865279498237,0.15702899,0.20279172,9.870094,0.0,1.5271618E-4,1.5271618E-4,-49.500004,3.9,7.275,,,,,,,,,,,,,,,,,,
SENSOR,1789661135049,40865304498237,0.15702899,0.20279172,9.870094,0.0,-4.5814854E-4,1.5271618E-4,-49.500004,3.9,7.275,,,,,,,,,,,,,,,,,,
SENSOR,1789661135062,40865314498237,0.15702899,0.20279172,9.870094,0.0,-4.5814854E-4,1.5271618E-4,-49.425003,3.6750002,7.5000005,,,,,,,,,,,,,,,,,,
SENSOR,1789661135132,40865299498237,0.15463616,0.20458634,9.868001,0.0,-4.5814854E-4,1.5271618E-4,-49.425003,3.6750002,7.5000005,,,,,,,,,,,,,,,,,,
SENSOR,1789661135133,40865319498237,0.15643078,0.200698,9.871889,0.0,-4.5814854E-4,1.5271618E-4,-49.425003,3.6750002,7.5000005,,,,,,,,,,,,,,,,,,
SENSOR,1789661135133,40865339498237,0.15433706,0.2009971,9.872188,0.0,-4.5814854E-4,1.5271618E-4,-49.425003,3.6750002,7.5000005,,,,,,,,,,,,,,,,,,
SENSOR,1789661135133,40865359498237,0.16121642,0.20189442,9.873684,0.0,-4.5814854E-4,1.5271618E-4,-49.425003,3.6750002,7.5000005,,,,,,,,,,,,,,,,,,
SENSOR,1789661135133,40865379498237,0.15972091,0.19890338,9.869496,0.0,-4.5814854E-4,1.5271618E-4,-49.425003,3.6750002,7.5000005,,,,,,,,,,,,,,,,,,
SENSOR,1789661135150,40865404498237,0.15972091,0.19890338,9.869496,0.0,1.5271618E-4,1.5271618E-4,-49.425003,3.6750002,7.5000005,,,,,,,,,,,,,,,,,,
SENSOR,1789661135167,40865414498237,0.15972091,0.19890338,9.869496,0.0,1.5271618E-4,1.5271618E-4,-50.100002,3.825,8.475,,,,,,,,,,,,,,,,,,
SENSOR,1789661135231,40865399498237,0.1594218,0.200698,9.870394,0.0,1.5271618E-4,1.5271618E-4,-50.100002,3.825,8.475,,,,,,,,,,,,,,,,,,
SENSOR,1789661135232,40865419498237,0.15672988,0.20249261,9.862019,0.0,1.5271618E-4,1.5271618E-4,-50.100002,3.825,8.475,,,,,,,,,,,,,,,,,,
SENSOR,1789661135232,40865439498237,0.15433706,0.20249261,9.869795,0.0,1.5271618E-4,1.5271618E-4,-50.100002,3.825,8.475,,,,,,,,,,,,,,,,,,
SENSOR,1789661135232,40865459498237,0.15702899,0.19860429,9.865907,0.0,1.5271618E-4,1.5271618E-4,-50.100002,3.825,8.475,,,,,,,,,,,,,,,,,,
SENSOR,1789661135232,40865479498237,0.16211374,0.20219351,9.869496,0.0,1.5271618E-4,1.5271618E-4,-50.100002,3.825,8.475,,,,,,,,,,,,,,,,,,
SENSOR,1789661135244,40865504498237,0.16211374,0.20219351,9.869496,0.0,1.5271618E-4,1.5271618E-4,-50.100002,3.825,8.475,,,,,,,,,,,,,,,,,,
SENSOR,1789661135263,40865514498237,0.16211374,0.20219351,9.869496,0.0,1.5271618E-4,1.5271618E-4,-50.025,3.7500002,7.1250005,,,,,,,,,,,,,,,,,,
SENSOR,1789661135332,40865499498237,0.15194423,0.20338993,9.867104,0.0,1.5271618E-4,1.5271618E-4,-50.025,3.7500002,7.1250005,,,,,,,,,,,,,,,,,,
SENSOR,1789661135332,40865519498237,0.15523437,0.20129621,9.866206,0.0,1.5271618E-4,1.5271618E-4,-50.025,3.7500002,7.1250005,,,,,,,,,,,,,,,,,,
SENSOR,1789661135332,40865539498237,0.15672988,0.20578274,9.868599,0.0,1.5271618E-4,1.5271618E-4,-50.025,3.7500002,7.1250005,,,,,,,,,,,,,,,,,,
SENSOR,1789661135332,40865559498237,0.1582254,0.20129621,9.873384,0.0,1.5271618E-4,1.5271618E-4,-50.025,3.7500002,7.1250005,,,,,,,,,,,,,,,,,,
SENSOR,1789661135332,40865579498237,0.15643078,0.20608185,9.8682995,0.0,1.5271618E-4,1.5271618E-4,-50.025,3.7500002,7.1250005,,,,,,,,,,,,,,,,,,
SENSOR,1789661135349,40865604498237,0.15643078,0.20608185,9.8682995,0.0,1.5271618E-4,1.5271618E-4,-50.025,3.7500002,7.1250005,,,,,,,,,,,,,,,,,,
SENSOR,1789661135367,40865614498237,0.15643078,0.20608185,9.8682995,0.0,1.5271618E-4,1.5271618E-4,-50.175003,3.6000001,8.175,,,,,,,,,,,,,,,,,,
SENSOR,1789661135432,40865599498237,0.15403795,0.2009971,9.863813,0.0,1.5271618E-4,1.5271618E-4,-50.175003,3.6000001,8.175,,,,,,,,,,,,,,,,,,
SENSOR,1789661135432,40865619498237,0.15672988,0.20249261,9.8682995,0.0,1.5271618E-4,1.5271618E-4,-50.175003,3.6000001,8.175,,,,,,,,,,,,,,,,,,
SENSOR,1789661135432,40865639498237,0.15343975,0.20249261,9.87159,0.0,1.5271618E-4,1.5271618E-4,-50.175003,3.6000001,8.175,,,,,,,,,,,,,,,,,,
SENSOR,1789661135432,40865659498237,0.15463616,0.20518455,9.870094,0.0,1.5271618E-4,1.5271618E-4,-50.175003,3.6000001,8.175,,,,,,,,,,,,,,,,,,
SENSOR,1789661135432,40865679498237,0.15403795,0.19830517,9.869795,0.0,1.5271618E-4,1.5271618E-4,-50.175003,3.6000001,8.175,,,,,,,,,,,,,,,,,,
SENSOR,1789661135444,40865704498237,0.15403795,0.19830517,9.869795,0.0,-0.0010690133,1.5271618E-4,-50.175003,3.6000001,8.175,,,,,,,,,,,,,,,,,,
SENSOR,1789661135462,40865714498237,0.15403795,0.19830517,9.869795,0.0,-0.0010690133,1.5271618E-4,-50.325,3.9750001,7.65,,,,,,,,,,,,,,,,,,
SENSOR,1789661135533,40865699498237,0.15732808,0.20638095,9.868001,0.0,-0.0010690133,1.5271618E-4,-50.325,3.9750001,7.65,,,,,,,,,,,,,,,,,,
SENSOR,1789661135533,40865719498237,0.15553348,0.20398813,9.872487,0.0,-0.0010690133,1.5271618E-4,-50.325,3.9750001,7.65,,,,,,,,,,,,,,,,,,
SENSOR,1789661135533,40865739498237,0.15343975,0.200698,9.872487,0.0,-0.0010690133,1.5271618E-4,-50.325,3.9750001,7.65,,,,,,,,,,,,,,,,,,
SENSOR,1789661135533,40865759498237,0.15972091,0.20668006,9.871291,0.0,-0.0010690133,1.5271618E-4,-50.325,3.9750001,7.65,,,,,,,,,,,,,,,,,,
SENSOR,1789661135533,40865779498237,0.15702899,0.20039889,9.870692,0.0,-0.0010690133,1.5271618E-4,-50.325,3.9750001,7.65,,,,,,,,,,,,,,,,,,
SENSOR,1789661135548,40865804498237,0.15702899,0.20039889,9.870692,0.0,1.5271618E-4,-0.0010690133,-50.325,3.9750001,7.65,,,,,,,,,,,,,,,,,,
SENSOR,1789661135567,40865814498237,0.15702899,0.20039889,9.870692,0.0,1.5271618E-4,-0.0010690133,-49.95,3.9750001,7.9500003,,,,,,,,,,,,,,,,,,
SENSOR,1789661135631,40865799498237,0.1576272,0.20219351,9.871889,0.0,1.5271618E-4,-0.0010690133,-49.95,3.9750001,7.9500003,,,,,,,,,,,,,,,,,,
SENSOR,1789661135631,40865819498237,0.15972091,0.2000998,9.871291,0.0,1.5271618E-4,-0.0010690133,-49.95,3.9750001,7.9500003,,,,,,,,,,,,,,,,,,
SENSOR,1789661135631,40865839498237,0.15314065,0.2000998,9.864411,0.0,1.5271618E-4,-0.0010690133,-49.95,3.9750001,7.9500003,,,,,,,,,,,,,,,,,,
SENSOR,1789661135632,40865859498237,0.15613168,0.20129621,9.868001,0.0,1.5271618E-4,-0.0010690133,-49.95,3.9750001,7.9500003,,,,,,,,,,,,,,,,,,
SENSOR,1789661135632,40865879498237,0.1585245,0.20398813,9.870094,0.0,1.5271618E-4,-0.0010690133,-49.95,3.9750001,7.9500003,,,,,,,,,,,,,,,,,,
SENSOR,1789661135644,40865904498237,0.1585245,0.20398813,9.870094,0.0,1.5271618E-4,1.5271618E-4,-49.95,3.9750001,7.9500003,,,,,,,,,,,,,,,,,,
SENSOR,1789661135661,40865914498237,0.1585245,0.20398813,9.870094,0.0,1.5271618E-4,1.5271618E-4,-50.025,3.7500002,7.3500004,,,,,,,,,,,,,,,,,,
SENSOR,1789661135732,40865899498237,0.15972091,0.2009971,9.872487,0.0,1.5271618E-4,1.5271618E-4,-50.025,3.7500002,7.3500004,,,,,,,,,,,,,,,,,,
SENSOR,1789661135745,40865919498237,0.15613168,0.20398813,9.865309,0.0,1.5271618E-4,1.5271618E-4,-50.025,3.7500002,7.3500004,,,,,,,,,,,,,,,,,,
SENSOR,1789661135746,40865939498237,0.15792629,0.19710876,9.868001,0.0,1.5271618E-4,1.5271618E-4,-50.025,3.7500002,7.3500004,,,,,,,,,,,,,,,,,,
SENSOR,1789661135746,40865959498237,0.16151553,0.2009971,9.869496,0.0,1.5271618E-4,1.5271618E-4,-50.025,3.7500002,7.3500004,,,,,,,,,,,,,,,,,,
SENSOR,1789661135746,40865979498237,0.1582254,0.20368902,9.867702,0.0,1.5271618E-4,1.5271618E-4,-50.025,3.7500002,7.3500004,,,,,,,,,,,,,,,,,,
SENSOR,1789661135749,40866004498237,0.1582254,0.20368902,9.867702,0.0,-9.162971E-4,-9.162971E-4,-50.025,3.7500002,7.3500004,,,,,,,,,,,,,,,,,,
SENSOR,1789661135766,40866014498237,0.1582254,0.20368902,9.867702,0.0,-9.162971E-4,-9.162971E-4,-49.350002,3.7500002,8.25,,,,,,,,,,,,,,,,,,
SENSOR,1789661135832,40865999498237,0.15314065,0.20219351,9.867402,0.0,-9.162971E-4,-9.162971E-4,-49.350002,3.7500002,8.25,,,,,,,,,,,,,,,,,,
SENSOR,1789661135832,40866019498237,0.15672988,0.20548365,9.870394,0.0,-9.162971E-4,-9.162971E-4,-49.350002,3.7500002,8.25,,,,,,,,,,,,,,,,,,
SENSOR,1789661135832,40866039498237,0.15463616,0.20638095,9.868001,0.0,-9.162971E-4,-9.162971E-4,-49.350002,3.7500002,8.25,,,,,,,,,,,,,,,,,,
SENSOR,1789661135832,40866059498237,0.15493527,0.20338993,9.866804,0.0,-9.162971E-4,-9.162971E-4,-49.350002,3.7500002,8.25,,,,,,,,,,,,,,,,,,
SENSOR,1789661135832,40866079498237,0.15553348,0.2000998,9.870394,0.0,-9.162971E-4,-9.162971E-4,-49.350002,3.7500002,8.25,,,,,,,,,,,,,,,,,,
SENSOR,1789661135843,40866104498237,0.15553348,0.2000998,9.870394,0.0,1.5271618E-4,1.5271618E-4,-49.350002,3.7500002,8.25,,,,,,,,,,,,,,,,,,
SENSOR,1789661135862,40866114498237,0.15553348,0.2000998,9.870394,0.0,1.5271618E-4,1.5271618E-4,-49.500004,4.125,7.275,,,,,,,,,,,,,,,,,,
GNSS,1789661135910,,true,11.05530521,76.92706733,372.87176513671875,3.7900925,0.0,,95,38,,,,,,,,,,,,,
GNSS,1789661136000,,true,11.05531015,76.92706838,373.60272216796875,3.7900925,0.0,,95,38,,,,,,,,,,,,,
SENSOR,1789661135932,40866099498237,0.15553348,0.200698,9.867402,0.0,1.5271618E-4,1.5271618E-4,-49.500004,4.125,7.275,,,,,,,,,,,,,,,,,,
SENSOR,1789661135932,40866119498237,0.1594218,0.19651055,9.869496,0.0,1.5271618E-4,1.5271618E-4,-49.500004,4.125,7.275,,,,,,,,,,,,,,,,,,
SENSOR,1789661135932,40866139498237,0.15373886,0.2009971,9.862916,0.0,1.5271618E-4,1.5271618E-4,-49.500004,4.125,7.275,,,,,,,,,,,,,,,,,,
SENSOR,1789661135932,40866159498237,0.15493527,0.20309082,9.864411,0.0,1.5271618E-4,1.5271618E-4,-49.500004,4.125,7.275,,,,,,,,,,,,,,,,,,
SENSOR,1789661135932,40866179498237,0.1594218,0.19890338,9.865608,0.0,1.5271618E-4,1.5271618E-4,-49.500004,4.125,7.275,,,,,,,,,,,,,,,,,,
SENSOR,1789661135947,40866204498237,0.1594218,0.19890338,9.865608,3.0543236E-4,1.5271618E-4,-7.635809E-4,-49.500004,4.125,7.275,,,,,,,,,,,,,,,,,,
SENSOR,1789661135966,40866214498237,0.1594218,0.19890338,9.865608,3.0543236E-4,1.5271618E-4,-7.635809E-4,-49.65,3.9750001,7.8,,,,,,,,,,,,,,,,,,
SENSOR,1789661136032,40866199498237,0.16031912,0.2015953,9.868599,3.0543236E-4,1.5271618E-4,-7.635809E-4,-49.65,3.9750001,7.8,,,,,,,,,,,,,,,,,,
SENSOR,1789661136032,40866219498237,0.15732808,0.20279172,9.868897,3.0543236E-4,1.5271618E-4,-7.635809E-4,-49.65,3.9750001,7.8,,,,,,,,,,,,,,,,,,
SENSOR,1789661136032,40866239498237,0.15314065,0.20368902,9.866505,3.0543236E-4,1.5271618E-4,-7.635809E-4,-49.65,3.9750001,7.8,,,,,,,,,,,,,,,,,,
SENSOR,1789661136032,40866259498237,0.15613168,0.20398813,9.866505,3.0543236E-4,1.5271618E-4,-7.635809E-4,-49.65,3.9750001,7.8,,,,,,,,,,,,,,,,,,
SENSOR,1789661136032,40866279498237,0.15792629,0.20279172,9.864411,3.0543236E-4,1.5271618E-4,-7.635809E-4,-49.65,3.9750001,7.8,,,,,,,,,,,,,,,,,,
SENSOR,1789661136043,40866304498237,0.15792629,0.20279172,9.864411,0.0,1.5271618E-4,1.5271618E-4,-49.65,3.9750001,7.8,,,,,,,,,,,,,,,,,,
CELLULAR,1789661136049,,,,,,,,,,,,,,true,NR,4298047490,405,869,,75,403,634080,-106,NR_SS_RSRP,3,
SENSOR,1789661136073,40866314498237,0.15792629,0.20279172,9.864411,0.0,1.5271618E-4,1.5271618E-4,-49.725002,3.6750002,7.5750003,,,,,,,,,,,,,,,,,,
SENSOR,1789661136132,40866299498237,0.15702899,0.19920248,9.863514,0.0,1.5271618E-4,1.5271618E-4,-49.725002,3.6750002,7.5750003,,,,,,,,,,,,,,,,,,
SENSOR,1789661136132,40866319498237,0.15194423,0.19830517,9.868897,0.0,1.5271618E-4,1.5271618E-4,-49.725002,3.6750002,7.5750003,,,,,,,,,,,,,,,,,,
SENSOR,1789661136133,40866339498237,0.1594218,0.19950159,9.864112,0.0,1.5271618E-4,1.5271618E-4,-49.725002,3.6750002,7.5750003,,,,,,,,,,,,,,,,,,
SENSOR,1789661136133,40866359498237,0.15702899,0.20398813,9.867702,0.0,1.5271618E-4,1.5271618E-4,-49.725002,3.6750002,7.5750003,,,,,,,,,,,,,,,,,,
SENSOR,1789661136133,40866379498237,0.15672988,0.20428723,9.870094,0.0,1.5271618E-4,1.5271618E-4,-49.725002,3.6750002,7.5750003,,,,,,,,,,,,,,,,,,
SENSOR,1789661136148,40866404498237,0.15672988,0.20428723,9.870094,0.0,3.0543236E-4,1.5271618E-4,-49.725002,3.6750002,7.5750003,,,,,,,,,,,,,,,,,,
SENSOR,1789661136165,40866414498237,0.15672988,0.20428723,9.870094,0.0,3.0543236E-4,1.5271618E-4,-50.100002,3.825,7.8750005,,,,,,,,,,,,,,,,,,
SENSOR,1789661136233,40866399498237,0.15373886,0.20189442,9.866804,0.0,3.0543236E-4,1.5271618E-4,-50.100002,3.825,7.8750005,,,,,,,,,,,,,,,,,,
SENSOR,1789661136234,40866419498237,0.15493527,0.20249261,9.871291,0.0,3.0543236E-4,1.5271618E-4,-50.100002,3.825,7.8750005,,,,,,,,,,,,,,,,,,
SENSOR,1789661136234,40866439498237,0.1582254,0.20727827,9.857831,0.0,3.0543236E-4,1.5271618E-4,-50.100002,3.825,7.8750005,,,,,,,,,,,,,,,,,,
SENSOR,1789661136234,40866459498237,0.15164514,0.20518455,9.88146,0.0,3.0543236E-4,1.5271618E-4,-50.100002,3.825,7.8750005,,,,,,,,,,,,,,,,,,
SENSOR,1789661136234,40866479498237,0.15553348,0.20129621,9.871889,0.0,3.0543236E-4,1.5271618E-4,-50.100002,3.825,7.8750005,,,,,,,,,,,,,,,,,,
SENSOR,1789661136243,40866504498237,0.15553348,0.20129621,9.871889,0.0,3.0543236E-4,1.5271618E-4,-50.100002,3.825,7.8750005,,,,,,,,,,,,,,,,,,
SENSOR,1789661136270,40866514498237,0.15553348,0.20129621,9.871889,0.0,3.0543236E-4,1.5271618E-4,-50.4,3.825,8.025001,,,,,,,,,,,,,,,,,,
SENSOR,1789661136334,40866499498237,0.1591227,0.20129621,9.870692,0.0,3.0543236E-4,1.5271618E-4,-50.4,3.825,8.025001,,,,,,,,,,,,,,,,,,
SENSOR,1789661136334,40866519498237,0.16091733,0.19411774,9.869197,0.0,3.0543236E-4,1.5271618E-4,-50.4,3.825,8.025001,,,,,,,,,,,,,,,,,,
SENSOR,1789661136334,40866539498237,0.16331014,0.2009971,9.87159,0.0,3.0543236E-4,1.5271618E-4,-50.4,3.825,8.025001,,,,,,,,,,,,,,,,,,
SENSOR,1789661136334,40866559498237,0.15882361,0.19950159,9.865309,0.0,3.0543236E-4,1.5271618E-4,-50.4,3.825,8.025001,,,,,,,,,,,,,,,,,,
SENSOR,1789661136334,40866579498237,0.15523437,0.19920248,9.872487,0.0,3.0543236E-4,1.5271618E-4,-50.4,3.825,8.025001,,,,,,,,,,,,,,,,,,
SENSOR,1789661136347,40866604498237,0.15523437,0.19920248,9.872487,0.0,3.0543236E-4,-1.5271618E-4,-50.4,3.825,8.025001,,,,,,,,,,,,,,,,,,
SENSOR,1789661136365,40866614498237,0.15523437,0.19920248,9.872487,0.0,3.0543236E-4,-1.5271618E-4,-50.100002,3.9,8.625,,,,,,,,,,,,,,,,,,
SENSOR,1789661136432,40866599498237,0.15104693,0.20219351,9.866804,0.0,3.0543236E-4,-1.5271618E-4,-50.100002,3.9,8.625,,,,,,,,,,,,,,,,,,
SENSOR,1789661136432,40866619498237,0.15493527,0.19800608,9.871291,0.0,3.0543236E-4,-1.5271618E-4,-50.100002,3.9,8.625,,,,,,,,,,,,,,,,,,
SENSOR,1789661136432,40866639498237,0.15583257,0.20578274,9.863514,0.0,3.0543236E-4,-1.5271618E-4,-50.100002,3.9,8.625,,,,,,,,,,,,,,,,,,
SENSOR,1789661136432,40866659498237,0.15882361,0.20219351,9.867104,0.0,3.0543236E-4,-1.5271618E-4,-50.100002,3.9,8.625,,,,,,,,,,,,,,,,,,
SENSOR,1789661136432,40866679498237,0.1594218,0.20219351,9.867104,0.0,3.0543236E-4,-1.5271618E-4,-50.100002,3.9,8.625,,,,,,,,,,,,,,,,,,
SENSOR,1789661136444,40866704498237,0.1594218,0.20219351,9.867104,0.0,3.0543236E-4,1.5271618E-4,-50.100002,3.9,8.625,,,,,,,,,,,,,,,,,,
SENSOR,1789661136470,40866714498237,0.1594218,0.20219351,9.867104,0.0,3.0543236E-4,1.5271618E-4,-50.100002,4.125,8.175,,,,,,,,,,,,,,,,,,
SENSOR,1789661136531,40866699498237,0.15523437,0.2009971,9.867104,0.0,3.0543236E-4,1.5271618E-4,-50.100002,4.125,8.175,,,,,,,,,,,,,,,,,,
SENSOR,1789661136532,40866719498237,0.15702899,0.20219351,9.870394,0.0,3.0543236E-4,1.5271618E-4,-50.100002,4.125,8.175,,,,,,,,,,,,,,,,,,
SENSOR,1789661136532,40866739498237,0.1585245,0.20638095,9.864112,0.0,3.0543236E-4,1.5271618E-4,-50.100002,4.125,8.175,,,,,,,,,,,,,,,,,,
SENSOR,1789661136532,40866759498237,0.15224335,0.20249261,9.867104,0.0,3.0543236E-4,1.5271618E-4,-50.100002,4.125,8.175,,,,,,,,,,,,,,,,,,
SENSOR,1789661136532,40866779498237,0.15523437,0.19830517,9.869795,0.0,3.0543236E-4,1.5271618E-4,-50.100002,4.125,8.175,,,,,,,,,,,,,,,,,,
SENSOR,1789661136547,40866804498237,0.15523437,0.19830517,9.869795,0.0,3.0543236E-4,1.5271618E-4,-50.100002,4.125,8.175,,,,,,,,,,,,,,,,,,
SENSOR,1789661136564,40866814498237,0.15523437,0.19830517,9.869795,0.0,3.0543236E-4,1.5271618E-4,-49.725002,4.125,7.05,,,,,,,,,,,,,,,,,,
SENSOR,1789661136631,40866799498237,0.15433706,0.20219351,9.869197,0.0,3.0543236E-4,1.5271618E-4,-49.725002,4.125,7.05,,,,,,,,,,,,,,,,,,
SENSOR,1789661136632,40866819498237,0.15643078,0.20279172,9.867702,0.0,3.0543236E-4,1.5271618E-4,-49.725002,4.125,7.05,,,,,,,,,,,,,,,,,,
SENSOR,1789661136632,40866839498237,0.15732808,0.19561325,9.8682995,0.0,3.0543236E-4,1.5271618E-4,-49.725002,4.125,7.05,,,,,,,,,,,,,,,,,,
SENSOR,1789661136632,40866859498237,0.15523437,0.20338993,9.869197,0.0,3.0543236E-4,1.5271618E-4,-49.725002,4.125,7.05,,,,,,,,,,,,,,,,,,
SENSOR,1789661136632,40866879498237,0.1591227,0.19950159,9.866505,0.0,3.0543236E-4,1.5271618E-4,-49.725002,4.125,7.05,,,,,,,,,,,,,,,,,,
SENSOR,1789661136643,40866904498237,0.1591227,0.19950159,9.866505,0.0,0.0,-7.635809E-4,-49.725002,4.125,7.05,,,,,,,,,,,,,,,,,,
SENSOR,1789661136669,40866914498237,0.1591227,0.19950159,9.866505,0.0,0.0,-7.635809E-4,-49.425003,3.6750002,6.9750004,,,,,,,,,,,,,,,,,,
SENSOR,1789661136732,40866899498237,0.15373886,0.19980069,9.865009,0.0,0.0,-7.635809E-4,-49.425003,3.6750002,6.9750004,,,,,,,,,,,,,,,,,,
SENSOR,1789661136732,40866919498237,0.15284155,0.19621146,9.863813,0.0,0.0,-7.635809E-4,-49.425003,3.6750002,6.9750004,,,,,,,,,,,,,,,,,,
SENSOR,1789661136732,40866939498237,0.15493527,0.20488544,9.873684,0.0,0.0,-7.635809E-4,-49.425003,3.6750002,6.9750004,,,,,,,,,,,,,,,,,,
SENSOR,1789661136732,40866959498237,0.15613168,0.19710876,9.869197,0.0,0.0,-7.635809E-4,-49.425003,3.6750002,6.9750004,,,,,,,,,,,,,,,,,,
SENSOR,1789661136732,40866979498237,0.15284155,0.20279172,9.864711,0.0,0.0,-7.635809E-4,-49.425003,3.6750002,6.9750004,,,,,,,,,,,,,,,,,,
SENSOR,1789661136747,40867004498237,0.15284155,0.20279172,9.864711,0.0,-6.108647E-4,1.5271618E-4,-49.425003,3.6750002,6.9750004,,,,,,,,,,,,,,,,,,
SENSOR,1789661136765,40867014498237,0.15284155,0.20279172,9.864711,0.0,-6.108647E-4,1.5271618E-4,-50.175003,4.275,8.25,,,,,,,,,,,,,,,,,,
SENSOR,1789661136832,40866999498237,0.15643078,0.19860429,9.868897,0.0,-6.108647E-4,1.5271618E-4,-50.175003,4.275,8.25,,,,,,,,,,,,,,,,,,
SENSOR,1789661136832,40867019498237,0.15343975,0.20309082,9.872188,0.0,-6.108647E-4,1.5271618E-4,-50.175003,4.275,8.25,,,,,,,,,,,,,,,,,,
SENSOR,1789661136832,40867039498237,0.15224335,0.20428723,9.870394,0.0,-6.108647E-4,1.5271618E-4,-50.175003,4.275,8.25,,,,,,,,,,,,,,,,,,
SENSOR,1789661136832,40867059498237,0.15433706,0.20488544,9.867402,0.0,-6.108647E-4,1.5271618E-4,-50.175003,4.275,8.25,,,,,,,,,,,,,,,,,,
SENSOR,1789661136833,40867079498237,0.15463616,0.20548365,9.866505,0.0,-6.108647E-4,1.5271618E-4,-50.175003,4.275,8.25,,,,,,,,,,,,,,,,,,
SENSOR,1789661136842,40867104498237,0.15463616,0.20548365,9.866505,-1.5271618E-4,3.0543236E-4,1.5271618E-4,-50.175003,4.275,8.25,,,,,,,,,,,,,,,,,,
SENSOR,1789661136869,40867114498237,0.15463616,0.20548365,9.866505,-1.5271618E-4,3.0543236E-4,1.5271618E-4,-49.800003,3.7500002,7.1250005,,,,,,,,,,,,,,,,,,
GNSS,1789661136909,,true,11.05531015,76.92706838,373.60272216796875,3.7900925,0.0,,95,40,,,,,,,,,,,,,
GNSS,1789661137000,,true,11.05530973,76.92706934,374.05712890625,3.7900925,0.0,,95,40,,,,,,,,,,,,,
SENSOR,1789661136931,40867099498237,0.1591227,0.20249261,9.870992,-1.5271618E-4,3.0543236E-4,1.5271618E-4,-49.800003,3.7500002,7.1250005,,,,,,,,,,,,,,,,,,
SENSOR,1789661136931,40867119498237,0.16091733,0.19740787,9.870394,-1.5271618E-4,3.0543236E-4,1.5271618E-4,-49.800003,3.7500002,7.1250005,,,,,,,,,,,,,,,,,,
SENSOR,1789661136931,40867139498237,0.1594218,0.19740787,9.870394,-1.5271618E-4,3.0543236E-4,1.5271618E-4,-49.800003,3.7500002,7.1250005,,,,,,,,,,,,,,,,,,
SENSOR,1789661136932,40867159498237,0.15553348,0.200698,9.866505,-1.5271618E-4,3.0543236E-4,1.5271618E-4,-49.800003,3.7500002,7.1250005,,,,,,,,,,,,,,,,,,
SENSOR,1789661136932,40867179498237,0.1594218,0.2009971,9.863514,-1.5271618E-4,3.0543236E-4,1.5271618E-4,-49.800003,3.7500002,7.1250005,,,,,,,,,,,,,,,,,,
SENSOR,1789661136946,40867204498237,0.1594218,0.2009971,9.863514,0.0,3.0543236E-4,1.5271618E-4,-49.800003,3.7500002,7.1250005,,,,,,,,,,,,,,,,,,
SENSOR,1789661136964,40867214498237,0.1594218,0.2009971,9.863514,0.0,3.0543236E-4,1.5271618E-4,-49.350002,3.15,6.9750004,,,,,,,,,,,,,,,,,,
SENSOR,1789661137034,40867199498237,0.15493527,0.2009971,9.865608,0.0,3.0543236E-4,1.5271618E-4,-49.350002,3.15,6.9750004,,,,,,,,,,,,,,,,,,
SENSOR,1789661137035,40867219498237,0.15373886,0.20578274,9.867104,0.0,3.0543236E-4,1.5271618E-4,-49.350002,3.15,6.9750004,,,,,,,,,,,,,,,,,,
SENSOR,1789661137035,40867239498237,0.15463616,0.20428723,9.865907,0.0,3.0543236E-4,1.5271618E-4,-49.350002,3.15,6.9750004,,,,,,,,,,,,,,,,,,
SENSOR,1789661137035,40867259498237,0.15373886,0.20368902,9.87488,0.0,3.0543236E-4,1.5271618E-4,-49.350002,3.15,6.9750004,,,,,,,,,,,,,,,,,,
SENSOR,1789661137035,40867279498237,0.15702899,0.2015953,9.87458,0.0,3.0543236E-4,1.5271618E-4,-49.350002,3.15,6.9750004,,,,,,,,,,,,,,,,,,
SENSOR,1789661137042,40867304498237,0.15702899,0.2015953,9.87458,-0.0010690133,3.0543236E-4,1.5271618E-4,-49.350002,3.15,6.9750004,,,,,,,,,,,,,,,,,,
SENSOR,1789661137068,40867314498237,0.15702899,0.2015953,9.87458,-0.0010690133,3.0543236E-4,1.5271618E-4,-50.100002,3.7500002,8.325001,,,,,,,,,,,,,,,,,,
CELLULAR,1789661137073,,,,,,,,,,,,,,true,NR,4298047490,405,869,,75,403,634080,-106,NR_SS_RSRP,3,
SENSOR,1789661137132,40867299498237,0.16061822,0.20189442,9.870094,-0.0010690133,3.0543236E-4,1.5271618E-4,-50.100002,3.7500002,8.325001,,,,,,,,,,,,,,,,,,
SENSOR,1789661137132,40867319498237,0.15583257,0.20428723,9.87458,-0.0010690133,3.0543236E-4,1.5271618E-4,-50.100002,3.7500002,8.325001,,,,,,,,,,,,,,,,,,
SENSOR,1789661137132,40867339498237,0.15583257,0.20518455,9.871291,-0.0010690133,3.0543236E-4,1.5271618E-4,-50.100002,3.7500002,8.325001,,,,,,,,,,,,,,,,,,
SENSOR,1789661137133,40867359498237,0.15672988,0.20488544,9.866505,-0.0010690133,3.0543236E-4,1.5271618E-4,-50.100002,3.7500002,8.325001,,,,,,,,,,,,,,,,,,
SENSOR,1789661137133,40867379498237,0.1585245,0.20309082,9.864711,-0.0010690133,3.0543236E-4,1.5271618E-4,-50.100002,3.7500002,8.325001,,,,,,,,,,,,,,,,,,
SENSOR,1789661137147,40867404498237,0.1585245,0.20309082,9.864711,0.0,3.0543236E-4,1.5271618E-4,-50.100002,3.7500002,8.325001,,,,,,,,,,,,,,,,,,
SENSOR,1789661137163,40867414498237,0.1585245,0.20309082,9.864711,0.0,3.0543236E-4,1.5271618E-4,-50.100002,3.7500002,7.5750003,,,,,,,,,,,,,,,,,,
SENSOR,1789661137183,40867399498237,0.15702899,0.20368902,9.864112,0.0,3.0543236E-4,1.5271618E-4,-50.100002,3.7500002,7.5750003,,,,,,,,,,,,,,,,,,
SENSOR,1789661137183,40867419498237,0.15314065,0.20578274,9.868001,0.0,3.0543236E-4,1.5271618E-4,-50.100002,3.7500002,7.5750003,,,,,,,,,,,,,,,,,,
SENSOR,1789661137232,40867439498237,0.1585245,0.20578274,9.868001,0.0,3.0543236E-4,1.5271618E-4,-50.100002,3.7500002,7.5750003,,,,,,,,,,,,,,,,,,
SENSOR,1789661137232,40867459498237,0.15373886,0.200698,9.860822,0.0,3.0543236E-4,1.5271618E-4,-50.100002,3.7500002,7.5750003,,,,,,,,,,,,,,,,,,
SENSOR,1789661137232,40867479498237,0.15972091,0.20548365,9.867702,0.0,3.0543236E-4,1.5271618E-4,-50.100002,3.7500002,7.5750003,,,,,,,,,,,,,,,,,,
SENSOR,1789661137242,40867504498237,0.15972091,0.20548365,9.867702,0.0,-9.162971E-4,1.5271618E-4,-50.100002,3.7500002,7.5750003,,,,,,,,,,,,,,,,,,
SENSOR,1789661137267,40867514498237,0.15972091,0.20548365,9.867702,0.0,-9.162971E-4,1.5271618E-4,-50.100002,4.275,8.175,,,,,,,,,,,,,,,,,,
SENSOR,1789661137332,40867499498237,0.15672988,0.19830517,9.870692,0.0,-9.162971E-4,1.5271618E-4,-50.100002,4.275,8.175,,,,,,,,,,,,,,,,,,
SENSOR,1789661137332,40867519498237,0.15672988,0.20518455,9.8682995,0.0,-9.162971E-4,1.5271618E-4,-50.100002,4.275,8.175,,,,,,,,,,,,,,,,,,
SENSOR,1789661137333,40867539498237,0.1582254,0.2009971,9.867702,0.0,-9.162971E-4,1.5271618E-4,-50.100002,4.275,8.175,,,,,,,,,,,,,,,,,,
SENSOR,1789661137333,40867559498237,0.1594218,0.2015953,9.868001,0.0,-9.162971E-4,1.5271618E-4,-50.100002,4.275,8.175,,,,,,,,,,,,,,,,,,
SENSOR,1789661137333,40867579498237,0.1576272,0.19531415,9.867402,0.0,-9.162971E-4,1.5271618E-4,-50.100002,4.275,8.175,,,,,,,,,,,,,,,,,,
SENSOR,1789661137346,40867604498237,0.1576272,0.19531415,9.867402,0.0,3.0543236E-4,1.5271618E-4,-50.100002,4.275,8.175,,,,,,,,,,,,,,,,,,
SENSOR,1789661137363,40867614498237,0.1576272,0.19531415,9.867402,0.0,3.0543236E-4,1.5271618E-4,-49.2,3.825,6.9,,,,,,,,,,,,,,,,,,
SENSOR,1789661137388,40867599498237,0.15493527,0.2015953,9.864711,0.0,3.0543236E-4,1.5271618E-4,-49.2,3.825,6.9,,,,,,,,,,,,,,,,,,
SENSOR,1789661137389,40867619498237,0.15643078,0.200698,9.866206,0.0,3.0543236E-4,1.5271618E-4,-49.2,3.825,6.9,,,,,,,,,,,,,,,,,,
SENSOR,1789661137432,40867639498237,0.15523437,0.19950159,9.865608,0.0,3.0543236E-4,1.5271618E-4,-49.2,3.825,6.9,,,,,,,,,,,,,,,,,,
SENSOR,1789661137432,40867659498237,0.16151553,0.2015953,9.866804,0.0,3.0543236E-4,1.5271618E-4,-49.2,3.825,6.9,,,,,,,,,,,,,,,,,,
SENSOR,1789661137432,40867679498237,0.1576272,0.19441684,9.869197,0.0,3.0543236E-4,1.5271618E-4,-49.2,3.825,6.9,,,,,,,,,,,,,,,,,,
SENSOR,1789661137441,40867704498237,0.1576272,0.19441684,9.869197,0.0,-9.162971E-4,1.5271618E-4,-49.2,3.825,6.9,,,,,,,,,,,,,,,,,,
SENSOR,1789661137468,40867714498237,0.1576272,0.19441684,9.869197,0.0,-9.162971E-4,1.5271618E-4,-49.050003,3.6000001,6.7500005,,,,,,,,,,,,,,,,,,
SENSOR,1789661137534,40867699498237,0.15702899,0.20368902,9.869197,0.0,-9.162971E-4,1.5271618E-4,-49.050003,3.6000001,6.7500005,,,,,,,,,,,,,,,,,,
SENSOR,1789661137534,40867719498237,0.16241284,0.20129621,9.868001,0.0,-9.162971E-4,1.5271618E-4,-49.050003,3.6000001,6.7500005,,,,,,,,,,,,,,,,,,
SENSOR,1789661137534,40867739498237,0.15553348,0.20398813,9.8682995,0.0,-9.162971E-4,1.5271618E-4,-49.050003,3.6000001,6.7500005,,,,,,,,,,,,,,,,,,
SENSOR,1789661137535,40867759496303,0.15463616,0.20189442,9.865608,0.0,-9.162971E-4,1.5271618E-4,-49.050003,3.6000001,6.7500005,,,,,,,,,,,,,,,,,,
SENSOR,1789661137535,40867779496303,0.1594218,0.20309082,9.867702,0.0,-9.162971E-4,1.5271618E-4,-49.050003,3.6000001,6.7500005,,,,,,,,,,,,,,,,,,
SENSOR,1789661137546,40867804496303,0.1594218,0.20309082,9.867702,0.0,3.0543236E-4,1.5271618E-4,-49.050003,3.6000001,6.7500005,,,,,,,,,,,,,,,,,,
SENSOR,1789661137562,40867814496303,0.1594218,0.20309082,9.867702,0.0,3.0543236E-4,1.5271618E-4,-49.725002,3.9750001,8.025001,,,,,,,,,,,,,,,,,,
SENSOR,1789661137633,40867799496303,0.15613168,0.20249261,9.869197,0.0,3.0543236E-4,1.5271618E-4,-49.725002,3.9750001,8.025001,,,,,,,,,,,,,,,,,,
SENSOR,1789661137633,40867819496303,0.15403795,0.20039889,9.865907,0.0,3.0543236E-4,1.5271618E-4,-49.725002,3.9750001,8.025001,,,,,,,,,,,,,,,,,,
SENSOR,1789661137633,40867839496303,0.1594218,0.20249261,9.871889,0.0,3.0543236E-4,1.5271618E-4,-49.725002,3.9750001,8.025001,,,,,,,,,,,,,,,,,,
SENSOR,1789661137633,40867859496303,0.15732808,0.20338993,9.87458,0.0,3.0543236E-4,1.5271618E-4,-49.725002,3.9750001,8.025001,,,,,,,,,,,,,,,,,,
SENSOR,1789661137634,40867879496303,0.15643078,0.20039889,9.869496,0.0,3.0543236E-4,1.5271618E-4,-49.725002,3.9750001,8.025001,,,,,,,,,,,,,,,,,,
SENSOR,1789661137649,40867904496303,0.15643078,0.20039889,9.869496,0.0,-9.162971E-4,1.5271618E-4,-49.725002,3.9750001,8.025001,,,,,,,,,,,,,,,,,,
SENSOR,1789661137667,40867914496303,0.15643078,0.20039889,9.869496,0.0,-9.162971E-4,1.5271618E-4,-49.95,3.7500002,7.8750005,,,,,,,,,,,,,,,,,,
SENSOR,1789661137732,40867899496303,0.15403795,0.20279172,9.871889,0.0,-9.162971E-4,1.5271618E-4,-49.95,3.7500002,7.8750005,,,,,,,,,,,,,,,,,,
SENSOR,1789661137733,40867919496303,0.1594218,0.20129621,9.8727865,0.0,-9.162971E-4,1.5271618E-4,-49.95,3.7500002,7.8750005,,,,,,,,,,,,,,,,,,
SENSOR,1789661137733,40867939496303,0.15732808,0.19890338,9.869197,0.0,-9.162971E-4,1.5271618E-4,-49.95,3.7500002,7.8750005,,,,,,,,,,,,,,,,,,
SENSOR,1789661137733,40867959496303,0.15672988,0.19740787,9.865907,0.0,-9.162971E-4,1.5271618E-4,-49.95,3.7500002,7.8750005,,,,,,,,,,,,,,,,,,
SENSOR,1789661137733,40867979496303,0.15672988,0.20249261,9.863514,0.0,-9.162971E-4,1.5271618E-4,-49.95,3.7500002,7.8750005,,,,,,,,,,,,,,,,,,
SENSOR,1789661137746,40868004496303,0.15672988,0.20249261,9.863514,0.0,3.0543236E-4,1.5271618E-4,-49.95,3.7500002,7.8750005,,,,,,,,,,,,,,,,,,
SENSOR,1789661137763,40868014496303,0.15672988,0.20249261,9.863514,0.0,3.0543236E-4,1.5271618E-4,-49.500004,3.9750001,7.3500004,,,,,,,,,,,,,,,,,,
SENSOR,1789661137833,40867999496303,0.1585245,0.19980069,9.865309,0.0,3.0543236E-4,1.5271618E-4,-49.500004,3.9750001,7.3500004,,,,,,,,,,,,,,,,,,
SENSOR,1789661137846,40868019496303,0.1591227,0.20219351,9.866804,0.0,3.0543236E-4,1.5271618E-4,-49.500004,3.9750001,7.3500004,,,,,,,,,,,,,,,,,,
SENSOR,1789661137847,40868039496303,0.15882361,0.20757736,9.871291,0.0,3.0543236E-4,1.5271618E-4,-49.500004,3.9750001,7.3500004,,,,,,,,,,,,,,,,,,
SENSOR,1789661137847,40868059496303,0.15972091,0.20279172,9.8682995,0.0,3.0543236E-4,1.5271618E-4,-49.500004,3.9750001,7.3500004,,,,,,,,,,,,,,,,,,
SENSOR,1789661137847,40868079496303,0.15792629,0.20368902,9.871889,0.0,3.0543236E-4,1.5271618E-4,-49.500004,3.9750001,7.3500004,,,,,,,,,,,,,,,,,,
SENSOR,1789661137850,40868104496303,0.15792629,0.20368902,9.871889,0.0,3.0543236E-4,1.5271618E-4,-49.500004,3.9750001,7.3500004,,,,,,,,,,,,,,,,,,
SENSOR,1789661137867,40868114496303,0.15792629,0.20368902,9.871889,0.0,3.0543236E-4,1.5271618E-4,-49.425003,4.2000003,7.8750005,,,,,,,,,,,,,,,,,,
GNSS,1789661137921,,true,11.05530973,76.92706934,374.05712890625,3.7900925,0.0,,95,40,,,,,,,,,,,,,
GNSS,1789661138000,,true,11.05531255,76.92707148,373.88427734375,3.7900925,0.0,,95,40,,,,,,,,,,,,,
SENSOR,1789661137935,40868099496303,0.15972091,0.19950159,9.870394,0.0,3.0543236E-4,1.5271618E-4,-49.425003,4.2000003,7.8750005,,,,,,,,,,,,,,,,,,
SENSOR,1789661137936,40868119496303,0.15553348,0.2015953,9.870394,0.0,3.0543236E-4,1.5271618E-4,-49.425003,4.2000003,7.8750005,,,,,,,,,,,,,,,,,,
SENSOR,1789661137936,40868139496303,0.15882361,0.2009971,9.863514,0.0,3.0543236E-4,1.5271618E-4,-49.425003,4.2000003,7.8750005,,,,,,,,,,,,,,,,,,
SENSOR,1789661137936,40868159496303,0.15553348,0.2000998,9.865009,0.0,3.0543236E-4,1.5271618E-4,-49.425003,4.2000003,7.8750005,,,,,,,,,,,,,,,,,,
SENSOR,1789661137936,40868179496303,0.16151553,0.20847467,9.873982,0.0,3.0543236E-4,1.5271618E-4,-49.425003,4.2000003,7.8750005,,,,,,,,,,,,,,,,,,
SENSOR,1789661137945,40868204496303,0.16151553,0.20847467,9.873982,0.0,-3.0543236E-4,1.5271618E-4,-49.425003,4.2000003,7.8750005,,,,,,,,,,,,,,,,,,
SENSOR,1789661137963,40868214496303,0.16151553,0.20847467,9.873982,0.0,-3.0543236E-4,1.5271618E-4,-49.425003,3.6000001,7.275,,,,,,,,,,,,,,,,,,
SENSOR,1789661138033,40868199496303,0.15493527,0.19890338,9.865309,0.0,-3.0543236E-4,1.5271618E-4,-49.425003,3.6000001,7.275,,,,,,,,,,,,,,,,,,
SENSOR,1789661138034,40868219496303,0.15672988,0.20368902,9.875179,0.0,-3.0543236E-4,1.5271618E-4,-49.425003,3.6000001,7.275,,,,,,,,,,,,,,,,,,
SENSOR,1789661138034,40868239496303,0.15553348,0.20219351,9.867702,0.0,-3.0543236E-4,1.5271618E-4,-49.425003,3.6000001,7.275,,,,,,,,,,,,,,,,,,
SENSOR,1789661138034,40868259496303,0.15792629,0.19680966,9.865309,0.0,-3.0543236E-4,1.5271618E-4,-49.425003,3.6000001,7.275,,,,,,,,,,,,,,,,,,
SENSOR,1789661138034,40868279496303,0.15583257,0.20638095,9.869197,0.0,-3.0543236E-4,1.5271618E-4,-49.425003,3.6000001,7.275,,,,,,,,,,,,,,,,,,
SENSOR,1789661138048,40868304496303,0.15583257,0.20638095,9.869197,0.0,3.0543236E-4,1.5271618E-4,-49.425003,3.6000001,7.275,,,,,,,,,,,,,,,,,,
SENSOR,1789661138067,40868314496303,0.15583257,0.20638095,9.869197,0.0,3.0543236E-4,1.5271618E-4,-49.95,3.9750001,7.8,,,,,,,,,,,,,,,,,,
CELLULAR,1789661138094,,,,,,,,,,,,,,true,NR,4298047490,405,869,,75,403,634080,-106,NR_SS_RSRP,3,
SENSOR,1789661138133,40868299496303,0.1576272,0.19980069,9.870094,0.0,3.0543236E-4,1.5271618E-4,-49.95,3.9750001,7.8,,,,,,,,,,,,,,,,,,
SENSOR,1789661138133,40868319496303,0.1576272,0.20458634,9.8632145,0.0,3.0543236E-4,1.5271618E-4,-49.95,3.9750001,7.8,,,,,,,,,,,,,,,,,,
SENSOR,1789661138133,40868339496303,0.15523437,0.19980069,9.870094,0.0,3.0543236E-4,1.5271618E-4,-49.95,3.9750001,7.8,,,,,,,,,,,,,,,,,,
SENSOR,1789661138133,40868359496303,0.15702899,0.20129621,9.872487,0.0,3.0543236E-4,1.5271618E-4,-49.95,3.9750001,7.8,,,,,,,,,,,,,,,,,,
SENSOR,1789661138134,40868379496303,0.15672988,0.20368902,9.870394,0.0,3.0543236E-4,1.5271618E-4,-49.95,3.9750001,7.8,,,,,,,,,,,,,,,,,,
SENSOR,1789661138144,40868404496303,0.15672988,0.20368902,9.870394,0.0,3.0543236E-4,1.5271618E-4,-49.95,3.9750001,7.8,,,,,,,,,,,,,,,,,,
SENSOR,1789661138162,40868414496303,0.15672988,0.20368902,9.870394,0.0,3.0543236E-4,1.5271618E-4,-49.65,3.7500002,7.5000005,,,,,,,,,,,,,,,,,,
SENSOR,1789661138235,40868399496303,0.1582254,0.20458634,9.870692,0.0,3.0543236E-4,1.5271618E-4,-49.65,3.7500002,7.5000005,,,,,,,,,,,,,,,,,,
SENSOR,1789661138235,40868419496303,0.15702899,0.20458634,9.868897,0.0,3.0543236E-4,1.5271618E-4,-49.65,3.7500002,7.5000005,,,,,,,,,,,,,,,,,,
SENSOR,1789661138235,40868439496303,0.15882361,0.19561325,9.867402,0.0,3.0543236E-4,1.5271618E-4,-49.65,3.7500002,7.5000005,,,,,,,,,,,,,,,,,,
SENSOR,1789661138235,40868459496303,0.1594218,0.19890338,9.862916,0.0,3.0543236E-4,1.5271618E-4,-49.65,3.7500002,7.5000005,,,,,,,,,,,,,,,,,,
SENSOR,1789661138235,40868479496303,0.15732808,0.20398813,9.872487,0.0,3.0543236E-4,1.5271618E-4,-49.65,3.7500002,7.5000005,,,,,,,,,,,,,,,,,,
SENSOR,1789661138249,40868504496303,0.15732808,0.20398813,9.872487,0.0,3.0543236E-4,1.5271618E-4,-49.65,3.7500002,7.5000005,,,,,,,,,,,,,,,,,,
SENSOR,1789661138266,40868514496303,0.15732808,0.20398813,9.872487,0.0,3.0543236E-4,1.5271618E-4,-48.675003,4.3500004,5.8500004,,,,,,,,,,,,,,,,,,
SENSOR,1789661138332,40868499496303,0.15732808,0.2000998,9.871291,0.0,3.0543236E-4,1.5271618E-4,-48.675003,4.3500004,5.8500004,,,,,,,,,,,,,,,,,,
SENSOR,1789661138332,40868519496303,0.15583257,0.20727827,9.866505,0.0,3.0543236E-4,1.5271618E-4,-48.675003,4.3500004,5.8500004,,,,,,,,,,,,,,,,,,
SENSOR,1789661138332,40868539496303,0.15613168,0.19770697,9.869496,0.0,3.0543236E-4,1.5271618E-4,-48.675003,4.3500004,5.8500004,,,,,,,,,,,,,,,,,,
SENSOR,1789661138333,40868559496303,0.15523437,0.20398813,9.865608,0.0,3.0543236E-4,1.5271618E-4,-48.675003,4.3500004,5.8500004,,,,,,,,,,,,,,,,,,
SENSOR,1789661138333,40868579496303,0.15672988,0.200698,9.864112,0.0,3.0543236E-4,1.5271618E-4,-48.675003,4.3500004,5.8500004,,,,,,,,,,,,,,,,,,
SENSOR,1789661138343,40868604496303,0.15672988,0.200698,9.864112,0.0,3.0543236E-4,1.5271618E-4,-48.675003,4.3500004,5.8500004,,,,,,,,,,,,,,,,,,
SENSOR,1789661138362,40868614496303,0.15672988,0.200698,9.864112,0.0,3.0543236E-4,1.5271618E-4,-49.800003,3.7500002,7.8750005,,,,,,,,,,,,,,,,,,
SENSOR,1789661138432,40868599496303,0.1582254,0.20309082,9.874282,0.0,3.0543236E-4,1.5271618E-4,-49.800003,3.7500002,7.8750005,,,,,,,,,,,,,,,,,,
SENSOR,1789661138433,40868619496303,0.15583257,0.20548365,9.875478,0.0,3.0543236E-4,1.5271618E-4,-49.800003,3.7500002,7.8750005,,,,,,,,,,,,,,,,,,
SENSOR,1789661138433,40868639496303,0.16002001,0.2000998,9.867402,0.0,3.0543236E-4,1.5271618E-4,-49.800003,3.7500002,7.8750005,,,,,,,,,,,,,,,,,,
SENSOR,1789661138433,40868659496303,0.15583257,0.2015953,9.864411,0.0,3.0543236E-4,1.5271618E-4,-49.800003,3.7500002,7.8750005,,,,,,,,,,,,,,,,,,
SENSOR,1789661138433,40868679496303,0.15672988,0.19980069,9.868897,0.0,3.0543236E-4,1.5271618E-4,-49.800003,3.7500002,7.8750005,,,,,,,,,,,,,,,,,,
SENSOR,1789661138449,40868704496303,0.15672988,0.19980069,9.868897,0.0,3.0543236E-4,1.5271618E-4,-49.800003,3.7500002,7.8750005,,,,,,,,,,,,,,,,,,
SENSOR,1789661138465,40868714496303,0.15672988,0.19980069,9.868897,0.0,3.0543236E-4,1.5271618E-4,-49.800003,3.7500002,6.6000004,,,,,,,,,,,,,,,,,,
SENSOR,1789661138532,40868699496303,0.15972091,0.200698,9.870394,0.0,3.0543236E-4,1.5271618E-4,-49.800003,3.7500002,6.6000004,,,,,,,,,,,,,,,,,,
SENSOR,1789661138532,40868719496303,0.15583257,0.20309082,9.861719,0.0,3.0543236E-4,1.5271618E-4,-49.800003,3.7500002,6.6000004,,,,,,,,,,,,,,,,,,
SENSOR,1789661138532,40868739496303,0.15553348,0.19860429,9.865309,0.0,3.0543236E-4,1.5271618E-4,-49.800003,3.7500002,6.6000004,,,,,,,,,,,,,,,,,,
SENSOR,1789661138533,40868759496303,0.1594218,0.20727827,9.870094,0.0,3.0543236E-4,1.5271618E-4,-49.800003,3.7500002,6.6000004,,,,,,,,,,,,,,,,,,
SENSOR,1789661138533,40868779496303,0.15732808,0.19710876,9.869496,0.0,3.0543236E-4,1.5271618E-4,-49.800003,3.7500002,6.6000004,,,,,,,,,,,,,,,,,,
SENSOR,1789661138544,40868804496303,0.15732808,0.19710876,9.869496,-0.0012217294,-9.162971E-4,1.5271618E-4,-49.800003,3.7500002,6.6000004,,,,,,,,,,,,,,,,,,
SENSOR,1789661138561,40868814496303,0.15732808,0.19710876,9.869496,-0.0012217294,-9.162971E-4,1.5271618E-4,-49.875004,3.6750002,8.025001,,,,,,,,,,,,,,,,,,
SENSOR,1789661138634,40868799496303,0.15254244,0.20817557,9.869795,-0.0012217294,-9.162971E-4,1.5271618E-4,-49.875004,3.6750002,8.025001,,,,,,,,,,,,,,,,,,
SENSOR,1789661138634,40868819496303,0.15284155,0.20279172,9.867402,-0.0012217294,-9.162971E-4,1.5271618E-4,-49.875004,3.6750002,8.025001,,,,,,,,,,,,,,,,,,
SENSOR,1789661138634,40868839496303,0.15882361,0.19860429,9.865309,-0.0012217294,-9.162971E-4,1.5271618E-4,-49.875004,3.6750002,8.025001,,,,,,,,,,,,,,,,,,
SENSOR,1789661138634,40868859496303,0.1594218,0.2009971,9.867702,-0.0012217294,-9.162971E-4,1.5271618E-4,-49.875004,3.6750002,8.025001,,,,,,,,,,,,,,,,,,
SENSOR,1789661138634,40868879496303,0.15702899,0.19710876,9.865907,-0.0012217294,-9.162971E-4,1.5271618E-4,-49.875004,3.6750002,8.025001,,,,,,,,,,,,,,,,,,
SENSOR,1789661138650,40868904496303,0.15702899,0.19710876,9.865907,0.0,3.0543236E-4,1.5271618E-4,-49.875004,3.6750002,8.025001,,,,,,,,,,,,,,,,,,
SENSOR,1789661138665,40868914496303,0.15702899,0.19710876,9.865907,0.0,3.0543236E-4,1.5271618E-4,-50.025,3.9750001,7.9500003,,,,,,,,,,,,,,,,,,
SENSOR,1789661138733,40868899496303,0.15732808,0.20548365,9.870692,0.0,3.0543236E-4,1.5271618E-4,-50.025,3.9750001,7.9500003,,,,,,,,,,,,,,,,,,
SENSOR,1789661138733,40868919496303,0.15672988,0.19980069,9.861421,0.0,3.0543236E-4,1.5271618E-4,-50.025,3.9750001,7.9500003,,,,,,,,,,,,,,,,,,
SENSOR,1789661138733,40868939496303,0.15493527,0.20488544,9.877273,0.0,3.0543236E-4,1.5271618E-4,-50.025,3.9750001,7.9500003,,,,,,,,,,,,,,,,,,
SENSOR,1789661138733,40868959496303,0.15882361,0.20249261,9.873684,0.0,3.0543236E-4,1.5271618E-4,-50.025,3.9750001,7.9500003,,,,,,,,,,,,,,,,,,
SENSOR,1789661138734,40868979496303,0.1585245,0.20189442,9.865009,0.0,3.0543236E-4,1.5271618E-4,-50.025,3.9750001,7.9500003,,,,,,,,,,,,,,,,,,
SENSOR,1789661138743,40869004496303,0.1585245,0.20189442,9.865009,0.0,3.0543236E-4,-7.635809E-4,-50.025,3.9750001,7.9500003,,,,,,,,,,,,,,,,,,
SENSOR,1789661138770,40869014496303,0.1585245,0.20189442,9.865009,0.0,3.0543236E-4,-7.635809E-4,-49.95,3.7500002,7.275,,,,,,,,,,,,,,,,,,
SENSOR,1789661138833,40868999496303,0.15613168,0.2000998,9.866804,0.0,3.0543236E-4,-7.635809E-4,-49.95,3.7500002,7.275,,,,,,,,,,,,,,,,,,
SENSOR,1789661138846,40869019496303,0.15523437,0.2015953,9.865907,0.0,3.0543236E-4,-7.635809E-4,-49.95,3.7500002,7.275,,,,,,,,,,,,,,,,,,
SENSOR,1789661138846,40869039496303,0.15882361,0.19621146,9.87159,0.0,3.0543236E-4,-7.635809E-4,-49.95,3.7500002,7.275,,,,,,,,,,,,,,,,,,
SENSOR,1789661138847,40869059496303,0.15613168,0.20039889,9.873684,0.0,3.0543236E-4,-7.635809E-4,-49.95,3.7500002,7.275,,,,,,,,,,,,,,,,,,
SENSOR,1789661138847,40869079496303,0.15553348,0.19890338,9.859925,0.0,3.0543236E-4,-7.635809E-4,-49.95,3.7500002,7.275,,,,,,,,,,,,,,,,,,
SENSOR,1789661138848,40869104496303,0.15553348,0.19890338,9.859925,0.0,-6.108647E-4,1.5271618E-4,-49.95,3.7500002,7.275,,,,,,,,,,,,,,,,,,
SENSOR,1789661138865,40869114496303,0.15553348,0.19890338,9.859925,0.0,-6.108647E-4,1.5271618E-4,-49.425003,3.7500002,7.2000003,,,,,,,,,,,,,,,,,,
GNSS,1789661138906,,true,11.05531255,76.92707148,373.88427734375,3.7900925,0.0,,95,41,,,,,,,,,,,,,
GNSS,1789661139000,,true,11.05530927,76.92707412,374.7259521484375,3.7900925,0.0,,95,41,,,,,,,,,,,,,
SENSOR,1789661138934,40869099496303,0.15523437,0.20428723,9.869496,0.0,-6.108647E-4,1.5271618E-4,-49.425003,3.7500002,7.2000003,,,,,,,,,,,,,,,,,,
SENSOR,1789661138934,40869119496303,0.15792629,0.20249261,9.865608,0.0,-6.108647E-4,1.5271618E-4,-49.425003,3.7500002,7.2000003,,,,,,,,,,,,,,,,,,
SENSOR,1789661138935,40869139496303,0.16031912,0.2000998,9.865009,0.0,-6.108647E-4,1.5271618E-4,-49.425003,3.7500002,7.2000003,,,,,,,,,,,,,,,,,,
SENSOR,1789661138935,40869159496303,0.15732808,0.20368902,9.87159,0.0,-6.108647E-4,1.5271618E-4,-49.425003,3.7500002,7.2000003,,,,,,,,,,,,,,,,,,
SENSOR,1789661138935,40869179496303,0.15403795,0.19800608,9.867402,0.0,-6.108647E-4,1.5271618E-4,-49.425003,3.7500002,7.2000003,,,,,,,,,,,,,,,,,,
SENSOR,1789661138942,40869204496303,0.15403795,0.19800608,9.867402,0.0,3.0543236E-4,1.5271618E-4,-49.425003,3.7500002,7.2000003,,,,,,,,,,,,,,,,,,
SENSOR,1789661138969,40869214496303,0.15403795,0.19800608,9.867402,0.0,3.0543236E-4,1.5271618E-4,-48.825,3.825,6.3750005,,,,,,,,,,,,,,,,,,
SENSOR,1789661139033,40869199496303,0.15702899,0.20488544,9.864711,0.0,3.0543236E-4,1.5271618E-4,-48.825,3.825,6.3750005,,,,,,,,,,,,,,,,,,
SENSOR,1789661139034,40869219496303,0.1582254,0.19651055,9.868897,0.0,3.0543236E-4,1.5271618E-4,-48.825,3.825,6.3750005,,,,,,,,,,,,,,,,,,
SENSOR,1789661139034,40869239496303,0.1594218,0.20578274,9.864411,0.0,3.0543236E-4,1.5271618E-4,-48.825,3.825,6.3750005,,,,,,,,,,,,,,,,,,
SENSOR,1789661139034,40869259496303,0.16031912,0.19531415,9.865907,0.0,3.0543236E-4,1.5271618E-4,-48.825,3.825,6.3750005,,,,,,,,,,,,,,,,,,
SENSOR,1789661139034,40869279496303,0.15643078,0.20129621,9.863514,0.0,3.0543236E-4,1.5271618E-4,-48.825,3.825,6.3750005,,,,,,,,,,,,,,,,,,
SENSOR,1789661139047,40869304496303,0.15643078,0.20129621,9.863514,0.0,-9.162971E-4,-7.635809E-4,-48.825,3.825,6.3750005,,,,,,,,,,,,,,,,,,
SENSOR,1789661139066,40869314496303,0.15643078,0.20129621,9.863514,0.0,-9.162971E-4,-7.635809E-4,-49.350002,3.825,6.9,,,,,,,,,,,,,,,,,,
CELLULAR,1789661139114,,,,,,,,,,,,,,true,NR,4298047490,405,869,,75,403,634080,-106,NR_SS_RSRP,3,
SENSOR,1789661139135,40869299496303,0.1582254,0.20548365,9.869496,0.0,-9.162971E-4,-7.635809E-4,-49.350002,3.825,6.9,,,,,,,,,,,,,,,,,,
SENSOR,1789661139135,40869319496303,0.15702899,0.20428723,9.870094,0.0,-9.162971E-4,-7.635809E-4,-49.350002,3.825,6.9,,,,,,,,,,,,,,,,,,
SENSOR,1789661139135,40869339496303,0.1591227,0.20428723,9.863514,0.0,-9.162971E-4,-7.635809E-4,-49.350002,3.825,6.9,,,,,,,,,,,,,,,,,,
SENSOR,1789661139135,40869359496303,0.15732808,0.19651055,9.865608,0.0,-9.162971E-4,-7.635809E-4,-49.350002,3.825,6.9,,,,,,,,,,,,,,,,,,
SENSOR,1789661139135,40869379496303,0.15643078,0.19710876,9.866505,0.0,-9.162971E-4,-7.635809E-4,-49.350002,3.825,6.9,,,,,,,,,,,,,,,,,,
SENSOR,1789661139143,40869404496303,0.15643078,0.19710876,9.866505,-9.162971E-4,-7.635809E-4,1.5271618E-4,-49.350002,3.825,6.9,,,,,,,,,,,,,,,,,,
SENSOR,1789661139171,40869414496303,0.15643078,0.19710876,9.866505,-9.162971E-4,-7.635809E-4,1.5271618E-4,-49.800003,4.2000003,7.3500004,,,,,,,,,,,,,,,,,,
SENSOR,1789661139233,40869399496303,0.15882361,0.19890338,9.868897,-9.162971E-4,-7.635809E-4,1.5271618E-4,-49.800003,4.2000003,7.3500004,,,,,,,,,,,,,,,,,,
SENSOR,1789661139233,40869419496303,0.15523437,0.19800608,9.858728,-9.162971E-4,-7.635809E-4,1.5271618E-4,-49.800003,4.2000003,7.3500004,,,,,,,,,,,,,,,,,,
SENSOR,1789661139233,40869439496303,0.15583257,0.20249261,9.866206,-9.162971E-4,-7.635809E-4,1.5271618E-4,-49.800003,4.2000003,7.3500004,,,,,,,,,,,,,,,,,,
SENSOR,1789661139233,40869459496303,0.15702899,0.20608185,9.868897,-9.162971E-4,-7.635809E-4,1.5271618E-4,-49.800003,4.2000003,7.3500004,,,,,,,,,,,,,,,,,,
SENSOR,1789661139233,40869479496303,0.16211374,0.20548365,9.873684,-9.162971E-4,-7.635809E-4,1.5271618E-4,-49.800003,4.2000003,7.3500004,,,,,,,,,,,,,,,,,,
SENSOR,1789661139247,40869504496303,0.16211374,0.20548365,9.873684,0.0,-6.108647E-4,1.5271618E-4,-49.800003,4.2000003,7.3500004,,,,,,,,,,,,,,,,,,
SENSOR,1789661139265,40869514496303,0.16211374,0.20548365,9.873684,0.0,-6.108647E-4,1.5271618E-4,-49.875004,4.05,7.65,,,,,,,,,,,,,,,,,,
SENSOR,1789661139333,40869499496303,0.15104693,0.20249261,9.870394,0.0,-6.108647E-4,1.5271618E-4,-49.875004,4.05,7.65,,,,,,,,,,,,,,,,,,
SENSOR,1789661139333,40869519496303,0.15702899,0.19232312,9.868897,0.0,-6.108647E-4,1.5271618E-4,-49.875004,4.05,7.65,,,,,,,,,,,,,,,,,,
SENSOR,1789661139333,40869539496303,0.15493527,0.20937198,9.869795,0.0,-6.108647E-4,1.5271618E-4,-49.875004,4.05,7.65,,,,,,,,,,,,,,,,,,
SENSOR,1789661139333,40869559496303,0.15583257,0.2000998,9.862318,0.0,-6.108647E-4,1.5271618E-4,-49.875004,4.05,7.65,,,,,,,,,,,,,,,,,,
SENSOR,1789661139333,40869579496303,0.15702899,0.20877378,9.872188,0.0,-6.108647E-4,1.5271618E-4,-49.875004,4.05,7.65,,,,,,,,,,,,,,,,,,
SENSOR,1789661139342,40869604496303,0.15702899,0.20877378,9.872188,0.0,-7.635809E-4,1.5271618E-4,-49.875004,4.05,7.65,,,,,,,,,,,,,,,,,,
SENSOR,1789661139369,40869614496303,0.15702899,0.20877378,9.872188,0.0,-7.635809E-4,1.5271618E-4,-49.425003,3.6750002,6.7500005,,,,,,,,,,,,,,,,,,
SENSOR,1789661139435,40869599496303,0.15523437,0.20039889,9.864411,0.0,-7.635809E-4,1.5271618E-4,-49.425003,3.6750002,6.7500005,,,,,,,,,,,,,,,,,,
SENSOR,1789661139435,40869619496303,0.15523437,0.20338993,9.870094,0.0,-7.635809E-4,1.5271618E-4,-49.425003,3.6750002,6.7500005,,,,,,,,,,,,,,,,,,
SENSOR,1789661139435,40869639496303,0.1582254,0.20518455,9.864112,0.0,-7.635809E-4,1.5271618E-4,-49.425003,3.6750002,6.7500005,,,,,,,,,,,,,,,,,,
SENSOR,1789661139435,40869659496303,0.16061822,0.20428723,9.868599,0.0,-7.635809E-4,1.5271618E-4,-49.425003,3.6750002,6.7500005,,,,,,,,,,,,,,,,,,
SENSOR,1789661139436,40869679496303,0.16002001,0.20189442,9.871291,0.0,-7.635809E-4,1.5271618E-4,-49.425003,3.6750002,6.7500005,,,,,,,,,,,,,,,,,,
SENSOR,1789661139448,40869704496303,0.16002001,0.20189442,9.871291,0.0,3.0543236E-4,1.5271618E-4,-49.425003,3.6750002,6.7500005,,,,,,,,,,,,,,,,,,
SENSOR,1789661139464,40869714496303,0.16002001,0.20189442,9.871291,0.0,3.0543236E-4,1.5271618E-4,-49.575,3.9,6.6000004,,,,,,,,,,,,,,,,,,
SENSOR,1789661139533,40869699496303,0.15493527,0.19890338,9.8632145,0.0,3.0543236E-4,1.5271618E-4,-49.575,3.9,6.6000004,,,,,,,,,,,,,,,,,,
SENSOR,1789661139534,40869719496303,0.15523437,0.20338993,9.869197,0.0,3.0543236E-4,1.5271618E-4,-49.575,3.9,6.6000004,,,,,,,,,,,,,,,,,,
SENSOR,1789661139534,40869739496303,0.15672988,0.19980069,9.870992,0.0,3.0543236E-4,1.5271618E-4,-49.575,3.9,6.6000004,,,,,,,,,,,,,,,,,,
SENSOR,1789661139534,40869759496303,0.15672988,0.20338993,9.868897,0.0,3.0543236E-4,1.5271618E-4,-49.575,3.9,6.6000004,,,,,,,,,,,,,,,,,,
SENSOR,1789661139534,40869779496303,0.1585245,0.200698,9.862916,0.0,3.0543236E-4,1.5271618E-4,-49.575,3.9,6.6000004,,,,,,,,,,,,,,,,,,
SENSOR,1789661139542,40869804496303,0.1585245,0.200698,9.862916,-0.0010690133,3.0543236E-4,1.5271618E-4,-49.575,3.9,6.6000004,,,,,,,,,,,,,,,,,,
SENSOR,1789661139569,40869814496303,0.1585245,0.200698,9.862916,-0.0010690133,3.0543236E-4,1.5271618E-4,-49.800003,3.525,7.05,,,,,,,,,,,,,,,,,,
SENSOR,1789661139633,40869799496303,0.15702899,0.200698,9.873384,-0.0010690133,3.0543236E-4,1.5271618E-4,-49.800003,3.525,7.05,,,,,,,,,,,,,,,,,,
SENSOR,1789661139633,40869819496303,0.15613168,0.19800608,9.868897,-0.0010690133,3.0543236E-4,1.5271618E-4,-49.800003,3.525,7.05,,,,,,,,,,,,,,,,,,
SENSOR,1789661139633,40869839496303,0.15672988,0.20608185,9.870394,-0.0010690133,3.0543236E-4,1.5271618E-4,-49.800003,3.525,7.05,,,,,,,,,,,,,,,,,,
SENSOR,1789661139633,40869859496303,0.1594218,0.19980069,9.870692,-0.0010690133,3.0543236E-4,1.5271618E-4,-49.800003,3.525,7.05,,,,,,,,,,,,,,,,,,
SENSOR,1789661139633,40869879496303,0.16091733,0.20309082,9.869197,-0.0010690133,3.0543236E-4,1.5271618E-4,-49.800003,3.525,7.05,,,,,,,,,,,,,,,,,,
SENSOR,1789661139646,40869904496303,0.16091733,0.20309082,9.869197,0.0,-3.0543236E-4,-3.0543236E-4,-49.800003,3.525,7.05,,,,,,,,,,,,,,,,,,
SENSOR,1789661139665,40869914496303,0.16091733,0.20309082,9.869197,0.0,-3.0543236E-4,-3.0543236E-4,-49.800003,3.6750002,7.3500004,,,,,,,,,,,,,,,,,,
SENSOR,1789661139733,40869899496303,0.15792629,0.20039889,9.866804,0.0,-3.0543236E-4,-3.0543236E-4,-49.800003,3.6750002,7.3500004,,,,,,,,,,,,,,,,,,
SENSOR,1789661139733,40869919496303,0.15792629,0.19920248,9.8632145,0.0,-3.0543236E-4,-3.0543236E-4,-49.800003,3.6750002,7.3500004,,,,,,,,,,,,,,,,,,
SENSOR,1789661139733,40869939496303,0.15732808,0.200698,9.868599,0.0,-3.0543236E-4,-3.0543236E-4,-49.800003,3.6750002,7.3500004,,,,,,,,,,,,,,,,,,
SENSOR,1789661139733,40869959496303,0.15553348,0.20548365,9.859326,0.0,-3.0543236E-4,-3.0543236E-4,-49.800003,3.6750002,7.3500004,,,,,,,,,,,,,,,,,,
SENSOR,1789661139734,40869979496303,0.15702899,0.20129621,9.865907,0.0,-3.0543236E-4,-3.0543236E-4,-49.800003,3.6750002,7.3500004,,,,,,,,,,,,,,,,,,
SENSOR,1789661139741,40870004496303,0.15702899,0.20129621,9.865907,0.0,3.0543236E-4,-9.162971E-4,-49.800003,3.6750002,7.3500004,,,,,,,,,,,,,,,,,,
SENSOR,1789661139768,40870014496303,0.15702899,0.20129621,9.865907,0.0,3.0543236E-4,-9.162971E-4,-49.875004,4.05,6.9,,,,,,,,,,,,,,,,,,
SENSOR,1789661139832,40869999496303,0.15882361,0.19830517,9.877572,0.0,3.0543236E-4,-9.162971E-4,-49.875004,4.05,6.9,,,,,,,,,,,,,,,,,,
SENSOR,1789661139847,40870019496303,0.15583257,0.20189442,9.873982,0.0,3.0543236E-4,-9.162971E-4,-49.875004,4.05,6.9,,,,,,,,,,,,,,,,,,
SENSOR,1789661139847,40870039496303,0.15463616,0.20129621,9.864711,0.0,3.0543236E-4,-9.162971E-4,-49.875004,4.05,6.9,,,,,,,,,,,,,,,,,,
SENSOR,1789661139847,40870059496303,0.15672988,0.19770697,9.873684,0.0,3.0543236E-4,-9.162971E-4,-49.875004,4.05,6.9,,,,,,,,,,,,,,,,,,
SENSOR,1789661139847,40870079496303,0.15493527,0.19920248,9.865608,0.0,3.0543236E-4,-9.162971E-4,-49.875004,4.05,6.9,,,,,,,,,,,,,,,,,,
SENSOR,1789661139848,40870104496303,0.15493527,0.19920248,9.865608,0.0,3.0543236E-4,1.5271618E-4,-49.875004,4.05,6.9,,,,,,,,,,,,,,,,,,
SENSOR,1789661139863,40870114496303,0.15493527,0.19920248,9.865608,0.0,3.0543236E-4,1.5271618E-4,-49.500004,4.125,6.525,,,,,,,,,,,,,,,,,,
GNSS,1789661139905,,true,11.05530927,76.92707412,374.7259521484375,3.7900925,0.0,,95,44,,,,,,,,,,,,,
GNSS,1789661140000,,true,11.05530824,76.92707457,374.73004150390625,3.7900925,0.0,,95,44,,,,,,,,,,,,,
SENSOR,1789661139933,40870099496303,0.15314065,0.20638095,9.869496,0.0,3.0543236E-4,1.5271618E-4,-49.500004,4.125,6.525,,,,,,,,,,,,,,,,,,
SENSOR,1789661139933,40870119496303,0.15224335,0.20279172,9.865907,0.0,3.0543236E-4,1.5271618E-4,-49.500004,4.125,6.525,,,,,,,,,,,,,,,,,,
SENSOR,1789661139933,40870139496303,0.16121642,0.19680966,9.868001,0.0,3.0543236E-4,1.5271618E-4,-49.500004,4.125,6.525,,,,,,,,,,,,,,,,,,
SENSOR,1789661139933,40870159496303,0.15343975,0.20458634,9.868897,0.0,3.0543236E-4,1.5271618E-4,-49.500004,4.125,6.525,,,,,,,,,,,,,,,,,,
SENSOR,1789661139933,40870179496303,0.15493527,0.19920248,9.864711,0.0,3.0543236E-4,1.5271618E-4,-49.500004,4.125,6.525,,,,,,,,,,,,,,,,,,
SENSOR,1789661139941,40870204496303,0.15493527,0.19920248,9.864711,0.0,3.0543236E-4,-0.0010690133,-49.500004,4.125,6.525,,,,,,,,,,,,,,,,,,
SENSOR,1789661139967,40870214496303,0.15493527,0.19920248,9.864711,0.0,3.0543236E-4,-0.0010690133,-48.300003,3.9750001,4.275,,,,,,,,,,,,,,,,,,
SENSOR,1789661140034,40870199496303,0.15463616,0.2009971,9.869496,0.0,3.0543236E-4,-0.0010690133,-48.300003,3.9750001,4.275,,,,,,,,,,,,,,,,,,
SENSOR,1789661140035,40870219496303,0.15583257,0.2000998,9.865907,0.0,3.0543236E-4,-0.0010690133,-48.300003,3.9750001,4.275,,,,,,,,,,,,,,,,,,
SENSOR,1789661140035,40870239496303,0.15493527,0.20129621,9.874282,0.0,3.0543236E-4,-0.0010690133,-48.300003,3.9750001,4.275,,,,,,,,,,,,,,,,,,
SENSOR,1789661140035,40870259496303,0.15314065,0.20219351,9.864411,0.0,3.0543236E-4,-0.0010690133,-48.300003,3.9750001,4.275,,,,,,,,,,,,,,,,,,
SENSOR,1789661140036,40870279496303,0.15074782,0.20697916,9.872487,0.0,3.0543236E-4,-0.0010690133,-48.300003,3.9750001,4.275,,,,,,,,,,,,,,,,,,
SENSOR,1789661140047,40870304496303,0.15074782,0.20697916,9.872487,0.0,-9.162971E-4,-4.5814854E-4,-48.300003,3.9750001,4.275,,,,,,,,,,,,,,,,,,
SENSOR,1789661140064,40870314496303,0.15074782,0.20697916,9.872487,0.0,-9.162971E-4,-4.5814854E-4,-49.500004,3.825,6.525,,,,,,,,,,,,,,,,,,
SENSOR,1789661140133,40870299496303,0.15732808,0.2000998,9.866206,0.0,-9.162971E-4,-4.5814854E-4,-49.500004,3.825,6.525,,,,,,,,,,,,,,,,,,
SENSOR,1789661140133,40870319496303,0.15702899,0.20518455,9.863514,0.0,-9.162971E-4,-4.5814854E-4,-49.500004,3.825,6.525,,,,,,,,,,,,,,,,,,
SENSOR,1789661140133,40870339496303,0.15284155,0.20189442,9.862916,0.0,-9.162971E-4,-4.5814854E-4,-49.500004,3.825,6.525,,,,,,,,,,,,,,,,,,
SENSOR,1789661140133,40870359496303,0.15613168,0.20249261,9.87458,0.0,-9.162971E-4,-4.5814854E-4,-49.500004,3.825,6.525,,,,,,,,,,,,,,,,,,
SENSOR,1789661140133,40870379496303,0.15732808,0.20428723,9.869197,0.0,-9.162971E-4,-4.5814854E-4,-49.500004,3.825,6.525,,,,,,,,,,,,,,,,,,
CELLULAR,1789661140135,,,,,,,,,,,,,,true,NR,4298047490,405,869,,75,403,634080,-109,NR_SS_RSRP,3,
SENSOR,1789661140159,40870404496303,0.15732808,0.20428723,9.869197,0.0,3.0543236E-4,1.5271618E-4,-49.500004,3.825,6.525,,,,,,,,,,,,,,,,,,
SENSOR,1789661140167,40870414496303,0.15732808,0.20428723,9.869197,0.0,3.0543236E-4,1.5271618E-4,-49.575,3.9,6.6000004,,,,,,,,,,,,,,,,,,
SENSOR,1789661140233,40870399496303,0.15643078,0.2000998,9.865907,0.0,3.0543236E-4,1.5271618E-4,-49.575,3.9,6.6000004,,,,,,,,,,,,,,,,,,
SENSOR,1789661140233,40870419496303,0.15702899,0.20309082,9.866505,0.0,3.0543236E-4,1.5271618E-4,-49.575,3.9,6.6000004,,,,,,,,,,,,,,,,,,
SENSOR,1789661140233,40870439496303,0.15672988,0.20338993,9.866804,0.0,3.0543236E-4,1.5271618E-4,-49.575,3.9,6.6000004,,,,,,,,,,,,,,,,,,
SENSOR,1789661140233,40870459496303,0.15732808,0.20518455,9.87159,0.0,3.0543236E-4,1.5271618E-4,-49.575,3.9,6.6000004,,,,,,,,,,,,,,,,,,
SENSOR,1789661140233,40870479496303,0.15523437,0.20189442,9.870992,0.0,3.0543236E-4,1.5271618E-4,-49.575,3.9,6.6000004,,,,,,,,,,,,,,,,,,
SENSOR,1789661140245,40870504496303,0.15523437,0.20189442,9.870992,-6.108647E-4,-9.162971E-4,1.5271618E-4,-49.575,3.9,6.6000004,,,,,,,,,,,,,,,,,,
SENSOR,1789661140262,40870514496303,0.15523437,0.20189442,9.870992,-6.108647E-4,-9.162971E-4,1.5271618E-4,-49.875004,3.7500002,6.7500005,,,,,,,,,,,,,,,,,,
SENSOR,1789661140335,40870499496303,0.15493527,0.20608185,9.868001,-6.108647E-4,-9.162971E-4,1.5271618E-4,-49.875004,3.7500002,6.7500005,,,,,,,,,,,,,,,,,,
SENSOR,1789661140335,40870519496303,0.15613168,0.20189442,9.867104,-6.108647E-4,-9.162971E-4,1.5271618E-4,-49.875004,3.7500002,6.7500005,,,,,,,,,,,,,,,,,,
SENSOR,1789661140335,40870539496303,0.15792629,0.2009971,9.868599,-6.108647E-4,-9.162971E-4,1.5271618E-4,-49.875004,3.7500002,6.7500005,,,,,,,,,,,,,,,,,,
SENSOR,1789661140335,40870559496303,0.15792629,0.20518455,9.867702,-6.108647E-4,-9.162971E-4,1.5271618E-4,-49.875004,3.7500002,6.7500005,,,,,,,,,,,,,,,,,,
SENSOR,1789661140335,40870579496303,0.15463616,0.20578274,9.864711,-6.108647E-4,-9.162971E-4,1.5271618E-4,-49.875004,3.7500002,6.7500005,,,,,,,,,,,,,,,,,,
SENSOR,1789661140349,40870604496303,0.15463616,0.20578274,9.864711,0.0,3.0543236E-4,1.5271618E-4,-49.875004,3.7500002,6.7500005,,,,,,,,,,,,,,,,,,
SENSOR,1789661140367,40870614496303,0.15463616,0.20578274,9.864711,0.0,3.0543236E-4,1.5271618E-4,-49.725002,3.7500002,7.1250005,,,,,,,,,,,,,,,,,,
GNSS,1789661139854,,true,11.0554049,76.9271175,374.70001220703125,20.0,,,95,44,,,,,,,,,,,,,
SENSOR,1789661140434,40870599496303,0.15373886,0.19651055,9.865608,0.0,3.0543236E-4,1.5271618E-4,-49.725002,3.7500002,7.1250005,,,,,,,,,,,,,,,,,,
SENSOR,1789661140434,40870619496303,0.1594218,0.20129621,9.865309,0.0,3.0543236E-4,1.5271618E-4,-49.725002,3.7500002,7.1250005,,,,,,,,,,,,,,,,,,
SENSOR,1789661140434,40870639496303,0.15553348,0.20279172,9.868001,0.0,3.0543236E-4,1.5271618E-4,-49.725002,3.7500002,7.1250005,,,,,,,,,,,,,,,,,,
SENSOR,1789661140435,40870659496303,0.1582254,0.20189442,9.864411,0.0,3.0543236E-4,1.5271618E-4,-49.725002,3.7500002,7.1250005,,,,,,,,,,,,,,,,,,
SENSOR,1789661140435,40870679496303,0.15583257,0.20219351,9.868897,0.0,3.0543236E-4,1.5271618E-4,-49.725002,3.7500002,7.1250005,,,,,,,,,,,,,,,,,,
SENSOR,1789661140444,40870704496303,0.15583257,0.20219351,9.868897,0.0,3.0543236E-4,1.5271618E-4,-49.725002,3.7500002,7.1250005,,,,,,,,,,,,,,,,,,
SENSOR,1789661140463,40870714496303,0.15583257,0.20219351,9.868897,0.0,3.0543236E-4,1.5271618E-4,-49.65,3.825,8.25,,,,,,,,,,,,,,,,,,
SENSOR,1789661140532,40870699496303,0.15882361,0.20608185,9.868897,0.0,3.0543236E-4,1.5271618E-4,-49.65,3.825,8.25,,,,,,,,,,,,,,,,,,
SENSOR,1789661140533,40870719496303,0.15373886,0.20398813,9.870394,0.0,3.0543236E-4,1.5271618E-4,-49.65,3.825,8.25,,,,,,,,,,,,,,,,,,
SENSOR,1789661140533,40870739496303,0.16002001,0.19950159,9.870094,0.0,3.0543236E-4,1.5271618E-4,-49.65,3.825,8.25,,,,,,,,,,,,,,,,,,
SENSOR,1789661140533,40870759496303,0.16002001,0.20518455,9.864411,0.0,3.0543236E-4,1.5271618E-4,-49.65,3.825,8.25,,,,,,,,,,,,,,,,,,
SENSOR,1789661140533,40870779496303,0.15553348,0.20488544,9.869197,0.0,3.0543236E-4,1.5271618E-4,-49.65,3.825,8.25,,,,,,,,,,,,,,,,,,
SENSOR,1789661140549,40870804496303,0.15553348,0.20488544,9.869197,0.0,-9.162971E-4,1.5271618E-4,-49.65,3.825,8.25,,,,,,,,,,,,,,,,,,
SENSOR,1789661140566,40870814496303,0.15553348,0.20488544,9.869197,0.0,-9.162971E-4,1.5271618E-4,-49.875004,3.3000002,7.8750005,,,,,,,,,,,,,,,,,,
SENSOR,1789661140632,40870799496303,0.15493527,0.200698,9.8682995,0.0,-9.162971E-4,1.5271618E-4,-49.875004,3.3000002,7.8750005,,,,,,,,,,,,,,,,,,
SENSOR,1789661140633,40870819496303,0.15643078,0.2015953,9.865009,0.0,-9.162971E-4,1.5271618E-4,-49.875004,3.3000002,7.8750005,,,,,,,,,,,,,,,,,,
SENSOR,1789661140633,40870839496303,0.15583257,0.2015953,9.870094,0.0,-9.162971E-4,1.5271618E-4,-49.875004,3.3000002,7.8750005,,,,,,,,,,,,,,,,,,
SENSOR,1789661140633,40870859496303,0.16031912,0.20368902,9.868897,0.0,-9.162971E-4,1.5271618E-4,-49.875004,3.3000002,7.8750005,,,,,,,,,,,,,,,,,,
SENSOR,1789661140633,40870879496303,0.15672988,0.20638095,9.870992,0.0,-9.162971E-4,1.5271618E-4,-49.875004,3.3000002,7.8750005,,,,,,,,,,,,,,,,,,
SENSOR,1789661140644,40870904496303,0.15672988,0.20638095,9.870992,0.0,3.0543236E-4,1.5271618E-4,-49.875004,3.3000002,7.8750005,,,,,,,,,,,,,,,,,,
SENSOR,1789661140662,40870914496303,0.15672988,0.20638095,9.870992,0.0,3.0543236E-4,1.5271618E-4,-50.025,4.275,7.65,,,,,,,,,,,,,,,,,,
SENSOR,1789661140733,40870899496303,0.15403795,0.19800608,9.87159,0.0,3.0543236E-4,1.5271618E-4,-50.025,4.275,7.65,,,,,,,,,,,,,,,,,,
SENSOR,1789661140733,40870919496303,0.15523437,0.19651055,9.870692,0.0,3.0543236E-4,1.5271618E-4,-50.025,4.275,7.65,,,,,,,,,,,,,,,,,,
SENSOR,1789661140733,40870939496303,0.15403795,0.19830517,9.862318,0.0,3.0543236E-4,1.5271618E-4,-50.025,4.275,7.65,,,,,,,,,,,,,,,,,,
SENSOR,1789661140733,40870959496303,0.15613168,0.19950159,9.863514,0.0,3.0543236E-4,1.5271618E-4,-50.025,4.275,7.65,,,,,,,,,,,,,,,,,,
SENSOR,1789661140733,40870979496303,0.15583257,0.19890338,9.862617,0.0,3.0543236E-4,1.5271618E-4,-50.025,4.275,7.65,,,,,,,,,,,,,,,,,,
SENSOR,1789661140750,40871004496303,0.15583257,0.19890338,9.862617,0.0,3.0543236E-4,1.5271618E-4,-50.025,4.275,7.65,,,,,,,,,,,,,,,,,,
SENSOR,1789661140766,40871014496303,0.15583257,0.19890338,9.862617,0.0,3.0543236E-4,1.5271618E-4,-49.65,3.7500002,8.400001,,,,,,,,,,,,,,,,,,
SENSOR,1789661140832,40870999496303,0.15433706,0.20638095,9.868897,0.0,3.0543236E-4,1.5271618E-4,-49.65,3.7500002,8.400001,,,,,,,,,,,,,,,,,,
SENSOR,1789661140832,40871019496303,0.15972091,0.19980069,9.866206,0.0,3.0543236E-4,1.5271618E-4,-49.65,3.7500002,8.400001,,,,,,,,,,,,,,,,,,
SENSOR,1789661140833,40871039496303,0.15583257,0.20668006,9.865907,0.0,3.0543236E-4,1.5271618E-4,-49.65,3.7500002,8.400001,,,,,,,,,,,,,,,,,,
SENSOR,1789661140833,40871059496303,0.15403795,0.20249261,9.862617,0.0,3.0543236E-4,1.5271618E-4,-49.65,3.7500002,8.400001,,,,,,,,,,,,,,,,,,
SENSOR,1789661140833,40871079496303,0.15403795,0.20189442,9.8682995,0.0,3.0543236E-4,1.5271618E-4,-49.65,3.7500002,8.400001,,,,,,,,,,,,,,,,,,
SENSOR,1789661140844,40871104496303,0.15403795,0.20189442,9.8682995,0.0,-9.162971E-4,-0.0010690133,-49.65,3.7500002,8.400001,,,,,,,,,,,,,,,,,,
SENSOR,1789661140862,40871114496303,0.15403795,0.20189442,9.8682995,0.0,-9.162971E-4,-0.0010690133,-49.800003,3.9,7.5000005,,,,,,,,,,,,,,,,,,
GNSS,1789661140907,,true,11.0554049,76.9271175,374.70001220703125,20.0,,,95,43,,,,,,,,,,,,,
GNSS,1789661141000,,true,11.05530618,76.92707456,374.1976318359375,3.7900925,0.0,,95,43,,,,,,,,,,,,,
SENSOR,1789661140932,40871099496303,0.15314065,0.20787647,9.866804,0.0,-9.162971E-4,-0.0010690133,-49.800003,3.9,7.5000005,,,,,,,,,,,,,,,,,,
SENSOR,1789661140932,40871119496303,0.15493527,0.20039889,9.866804,0.0,-9.162971E-4,-0.0010690133,-49.800003,3.9,7.5000005,,,,,,,,,,,,,,,,,,
SENSOR,1789661140932,40871139496303,0.15732808,0.19920248,9.8632145,0.0,-9.162971E-4,-0.0010690133,-49.800003,3.9,7.5000005,,,,,,,,,,,,,,,,,,
SENSOR,1789661140932,40871159496303,0.15433706,0.2009971,9.870394,0.0,-9.162971E-4,-0.0010690133,-49.800003,3.9,7.5000005,,,,,,,,,,,,,,,,,,
SENSOR,1789661140932,40871179496303,0.15732808,0.20578274,9.865309,0.0,-9.162971E-4,-0.0010690133,-49.800003,3.9,7.5000005,,,,,,,,,,,,,,,,,,
SENSOR,1789661140948,40871204496303,0.15732808,0.20578274,9.865309,0.0,3.0543236E-4,-9.162971E-4,-49.800003,3.9,7.5000005,,,,,,,,,,,,,,,,,,
SENSOR,1789661140965,40871214496303,0.15732808,0.20578274,9.865309,0.0,3.0543236E-4,-9.162971E-4,-49.500004,4.2000003,7.3500004,,,,,,,,,,,,,,,,,,
SENSOR,1789661141032,40871199496303,0.16091733,0.19980069,9.8727865,0.0,3.0543236E-4,-9.162971E-4,-49.500004,4.2000003,7.3500004,,,,,,,,,,,,,,,,,,
SENSOR,1789661141032,40871219496303,0.15702899,0.20279172,9.866505,0.0,3.0543236E-4,-9.162971E-4,-49.500004,4.2000003,7.3500004,,,,,,,,,,,,,,,,,,
SENSOR,1789661141033,40871239496303,0.15613168,0.19800608,9.867402,0.0,3.0543236E-4,-9.162971E-4,-49.500004,4.2000003,7.3500004,,,,,,,,,,,,,,,,,,
SENSOR,1789661141033,40871259496303,0.15882361,0.19950159,9.868001,0.0,3.0543236E-4,-9.162971E-4,-49.500004,4.2000003,7.3500004,,,,,,,,,,,,,,,,,,
SENSOR,1789661141033,40871279496303,0.1585245,0.2000998,9.867104,0.0,3.0543236E-4,-9.162971E-4,-49.500004,4.2000003,7.3500004,,,,,,,,,,,,,,,,,,
SENSOR,1789661141044,40871304496303,0.1585245,0.2000998,9.867104,0.0,3.0543236E-4,1.5271618E-4,-49.500004,4.2000003,7.3500004,,,,,,,,,,,,,,,,,,
SENSOR,1789661141061,40871314496303,0.1585245,0.2000998,9.867104,0.0,3.0543236E-4,1.5271618E-4,-50.100002,3.7500002,7.65,,,,,,,,,,,,,,,,,,
SENSOR,1789661141132,40871299496303,0.15284155,0.20458634,9.865009,0.0,3.0543236E-4,1.5271618E-4,-50.100002,3.7500002,7.65,,,,,,,,,,,,,,,,,,
SENSOR,1789661141133,40871319496303,0.15702899,0.20039889,9.864711,0.0,3.0543236E-4,1.5271618E-4,-50.100002,3.7500002,7.65,,,,,,,,,,,,,,,,,,
SENSOR,1789661141133,40871339496303,0.15403795,0.20309082,9.87458,0.0,3.0543236E-4,1.5271618E-4,-50.100002,3.7500002,7.65,,,,,,,,,,,,,,,,,,
SENSOR,1789661141133,40871359496303,0.15314065,0.19980069,9.866206,0.0,3.0543236E-4,1.5271618E-4,-50.100002,3.7500002,7.65,,,,,,,,,,,,,,,,,,
SENSOR,1789661141133,40871379496303,0.1591227,0.20189442,9.862318,0.0,3.0543236E-4,1.5271618E-4,-50.100002,3.7500002,7.65,,,,,,,,,,,,,,,,,,
SENSOR,1789661141148,40871404496303,0.1591227,0.20189442,9.862318,0.0,3.0543236E-4,1.5271618E-4,-50.100002,3.7500002,7.65,,,,,,,,,,,,,,,,,,
CELLULAR,1789661141159,,,,,,,,,,,,,,true,NR,4298047490,405,869,,75,403,634080,-109,NR_SS_RSRP,3,
