timestamp_ms,relative_time_s,accel_x,accel_y,accel_z,gyro_x,gyro_y,gyro_z,mag_x,mag_y,mag_z,accel_mag,gyro_mag,accel_x_filt,accel_y_filt,accel_z_filt,latitude,longitude,altitude,gnss_speed_m_s,gnss_accuracy,gnss_bearing,gnss_speed_km_h,cell_id,signal_dbm,flag_imu_valid,flag_gnss_valid,flag_speed_ref_valid,flag_outage,flag_cell_valid
1789661118741.0,0.0,0.15403795,0.2009971,9.863813,0.0,0.00030543236,0.00015271618,-47.7,3.7500002,4.05,9.867063110329113,0.0003414837597440938,0.15403918579650872,0.2009973059953936,9.863813665644066,,,,,,,,,,1,0,0,1,0
1789661118751.0,0.01,0.15732808,0.20697916,9.867104,0.0,0.00030543236,0.00015271618,-47.7,3.7500002,4.05,9.870528549386137,0.0003414837597440938,0.1561118598693694,0.20465836470353546,9.865435285658892,,,,,,,,156510.0,,1,0,0,1,1
1789661118761.0,0.02,0.15732808,0.20697916,9.867104,0.0,0.00030543236,0.00015271618,-47.7,3.7500002,4.05,9.870528549386137,0.0003414837597440938,0.15753386147978912,0.20717256190119746,9.866629172158428,,,,,,,,156510.0,,1,0,0,1,1
1789661118771.0,0.03,0.15732808,0.20697916,9.867104,0.0,0.00030543236,0.00015271618,-47.7,3.7500002,4.05,9.870528549386137,0.0003414837597440938,0.15792814182457987,0.20793625603755575,9.867321844952553,,,,,,,,156510.0,,1,0,0,1,1
1789661118781.0,0.04,0.15732808,0.20697916,9.867104,0.0,0.00030543236,0.00015271618,-47.7,3.7500002,4.05,9.870528549386137,0.0003414837597440938,0.157324949199637,0.20708070979626422,9.867813644552193,,,,,,,,156510.0,,1,0,0,1,1
1789661118791.0,0.05,0.15732808,0.20697916,9.867104,0.0,0.00030543236,0.00015271618,-47.7,3.7500002,4.05,9.870528549386137,0.0003414837597440938,0.15610734015046981,0.20527053478699772,9.868458295687537,,,,,,,,156510.0,,1,0,0,1,1
1789661118801.0,0.06,0.15373886,0.20129621,9.870692,0.0,0.00030543236,0.00015271618,-47.7,3.7500002,4.05,9.873941277934483,0.0003414837597440938,0.15482258999060516,0.2032959371031792,9.869339904981226,,,,,,,,156510.0,,1,0,0,1,1
1789661118811.0,0.07,0.15373886,0.20129621,9.870692,0.0,0.00030543236,0.00015271618,-47.7,3.7500002,4.05,9.873941277934483,0.0003414837597440938,0.1539327493582407,0.2016964267463301,9.870235950443297,,,,,,,,156510.0,,1,0,0,1,1
1789661118821.0,0.08,0.15373886,0.20129621,9.870692,0.0,0.00030543236,0.00015271618,-47.7,3.7500002,4.05,9.873941277934483,0.0003414837597440938,0.15361019685931296,0.2006065158738447,9.870838140052513,,,,,,,,156510.0,,1,0,0,1,1
1789661118831.0,0.09,0.15373886,0.20129621,9.870692,0.0,0.00030543236,0.00015271618,-47.7,3.7500002,4.05,9.873941277934483,0.0003414837597440938,0.15369924042126723,0.19988504963777037,9.870984289065415,,,,,,,,156510.0,,1,0,0,1,1
1789661118841.0,0.1,0.15403795,0.19860429,9.870394,0.0,0.00030543236,0.00015271618,-47.7,3.7500002,4.05,9.873593523600341,0.0003414837597440938,0.1538776146795633,0.1993737003245441,9.870729057173675,,,,,,,,156510.0,,1,0,0,1,1
1789661118851.0,0.11,0.15403795,0.19860429,9.870394,0.0,0.00030543236,0.00015271618,-47.7,3.7500002,4.05,9.873593523600341,0.0003414837597440938,0.15391120488935697,0.19902852303216212,9.870285295542082,,,,,,,,156510.0,,1,0,0,1,1
1789661118861.0,0.12,0.15403795,0.19860429,9.870394,0.0,0.00030543236,0.00015271618,-48.225002,3.9750001,5.4750004,9.873593523600341,0.0003414837597440938,0.15382947376191963,0.19883789873925908,9.869945852452306,,,,,,,,156510.0,,1,0,0,1,1
1789661118871.0,0.13,0.15403795,0.19860429,9.870394,0.0,0.00030543236,0.00015271618,-48.225002,3.9750001,5.4750004,9.873593523600341,0.0003414837597440938,0.15390100541274607,0.1986899955201342,9.870013162554201,,,,,,,,156510.0,,1,0,0,1,1
1789661118881.0,0.14,0.15403795,0.19860429,9.870394,0.0,0.00030543236,0.00015271618,-48.225002,3.9750001,5.4750004,9.873593523600341,0.0003414837597440938,0.15441606346751074,0.19839151669028882,9.870684346583452,,,,,,,,156510.0,,1,0,0,1,1
1789661118891.0,0.15,0.15403795,0.19860429,9.870394,0.0,0.00030543236,0.00015271618,-48.225002,3.9750001,5.4750004,9.873593523600341,0.0003414837597440938,0.15542340879178126,0.19785242497792482,9.87189354608709,,,,,,,,156510.0,,1,0,0,1,1
1789661118901.0,0.16,0.15792629,0.19710876,9.874282,0.0,0.00030543236,0.00015271618,-48.225002,3.9750001,5.4750004,9.87751171054056,0.0003414837597440938,0.1566318520395985,0.1972575801846611,9.873239666996435,,,,,,,,156510.0,,1,0,0,1,1
1789661118911.0,0.17,0.15792629,0.19710876,9.874282,0.0,0.00030543236,0.00015271618,-48.225002,3.9750001,5.4750004,9.87751171054056,0.0003414837597440938,0.1575819160408398,0.19702875083093901,9.874137076624143,,,,,,,,156510.0,,1,0,0,1,1
1789661118921.0,0.18,0.15792629,0.19710876,9.874282,0.0,0.00030543236,0.00015271618,-48.225002,3.9750001,5.4750004,9.87751171054056,0.0003414837597440938,0.1579639717202712,0.19755093328402748,9.874147764192033,,,,,,,,156510.0,,1,0,0,1,1
1789661118931.0,0.19,0.15792629,0.19710876,9.874282,0.0,0.00030543236,0.00015271618,-48.225002,3.9750001,5.4750004,9.87751171054056,0.0003414837597440938,0.15782023739381934,0.19885711938502057,9.873261099472442,,,,,,,,156510.0,,1,0,0,1,1
1789661118941.0,0.2,0.15702899,0.20249261,9.870394,0.0,0.00030543236,-0.0007635809,-48.225002,3.9750001,5.4750004,9.873719617046103,0.0008224017980160182,0.15746969717393855,0.20054192281607647,9.871900448105857,,,,,,,,156510.0,,1,0,0,1,1
1789661118951.0,0.21,0.15702899,0.20249261,9.870394,0.0,0.00030543236,-0.0007635809,-48.225002,3.9750001,5.4750004,9.873719617046103,0.0008224017980160182,0.15723142654627342,0.20200327531050363,9.870655662892759,,,,,,,,156510.0,,1,0,0,1,1
1789661118961.0,0.22,0.15702899,0.20249261,9.870394,0.0,0.00030543236,-0.0007635809,-49.125004,4.275,6.2250004,9.873719617046103,0.0008224017980160182,0.15717293248035208,0.20282015062749248,9.869957363695827,,,,,,,,156510.0,,1,0,0,1,1
1789661118971.0,0.23,0.15702899,0.20249261,9.870394,0.0,0.00030543236,-0.0007635809,-49.125004,4.275,6.2250004,9.873719617046103,0.0008224017980160182,0.15707549969674006,0.20295846991348668,9.869918721703407,,,,,,,,156510.0,,1,0,0,1,1
1789661118981.0,0.24,0.15702899,0.20249261,9.870394,0.0,0.00030543236,-0.0007635809,-49.125004,4.275,6.2250004,9.873719617046103,0.0008224017980160182,0.15663924419642164,0.2026838882937515,9.870384497404931,,,,,,,,156510.0,,1,0,0,1,1
1789661118991.0,0.25,0.15702899,0.20249261,9.870394,0.0,0.00030543236,-0.0007635809,-49.125004,4.275,6.2250004,9.873719617046103,0.0008224017980160182,0.1557651411320779,0.2023251522837637,9.871064862012943,,,,,,,,156510.0,,1,0,0,1,1
1789661119001.0,0.26,0.15343975,0.20219351,9.871889,0.0,0.00030543236,-0.0007635809,-49.125004,4.275,6.2250004,9.875151563428643,0.0008224017980160182,0.15467968860391604,0.2020982974958109,9.871648737313224,,,,,,,,156510.0,,1,0,0,1,1
1789661119011.0,0.27,0.15343975,0.20219351,9.871889,0.0,0.00030543236,-0.0007635809,-49.125004,4.275,6.2250004,9.875151563428643,0.0008224017980160182,0.15378844058817157,0.20207233152084023,9.871895996725232,,,,,,,,156510.0,,1,0,0,1,1
1789661119021.0,0.28,0.15343975,0.20219351,9.871889,0.0,0.00030543236,-0.0007635809,-49.125004,4.275,6.2250004,9.875151563428643,0.0008224017980160182,0.15338047933252896,0.20222167687381892,9.871731345888076,,,,,,,,156510.0,,1,0,0,1,1
1789661119031.0,0.29,0.15343975,0.20219351,9.871889,0.0,0.00030543236,-0.0007635809,-49.125004,4.275,6.2250004,9.875151563428643,0.0008224017980160182,0.15343725682316897,0.20248359568884988,9.87129557832938,,,,,,,,156510.0,,1,0,0,1,1
1789661119041.0,0.3,0.15403795,0.20309082,9.870394,0.0,0.0009162971,0.00015271618,-49.125004,4.275,6.2250004,9.873684787679037,0.0009289362772021568,0.15369417423354306,0.20278702970623613,9.870873764234457,,,,,,,,156510.0,,1,0,0,1,1
1789661119051.0,0.31,0.15403795,0.20309082,9.870394,0.0,0.0009162971,0.00015271618,-49.125004,4.275,6.2250004,9.873684787679037,0.0009289362772021568,0.15388026580675426,0.20306138816032313,9.870692795738778,,,,,,,,156510.0,,1,0,0,1,1
1789661119061.0,0.32,0.15403795,0.20309082,9.870394,0.0,0.0009162971,0.00015271618,-48.375004,4.2000003,5.625,9.873684787679037,0.0009289362772021568,0.15393205197885607,0.2032382590365813,9.870712921684667,,,,,,,,156510.0,,1,0,0,1,1
1789661119071.0,0.33,0.15403795,0.20309082,9.870394,0.0,0.0009162971,0.00015271618,-48.375004,4.2000003,5.625,9.873684787679037,0.0009289362772021568,0.15402126120043436,0.2032541687755667,9.87059893366456,,,,,,,,156510.0,,1,0,0,1,1
1789661119081.0,0.34,0.15403795,0.20309082,9.870394,0.0,0.0009162971,0.00015271618,-48.375004,4.2000003,5.625,9.873684787679037,0.0009289362772021568,0.1543879099015544,0.20306947030756178,9.869953928733677,,,,,,,,156510.0,,1,0,0,1,1
1789661119091.0,0.35,0.15403795,0.20309082,9.870394,0.0,0.0009162971,0.00015271618,-48.375004,4.2000003,5.625,9.873684787679037,0.0009289362772021568,0.1551201450890271,0.20271192157527737,9.868679269173569,,,,,,,,156510.0,,1,0,0,1,1
1789661119101.0,0.36,0.15732808,0.20219351,9.865907,0.0,0.0009162971,0.00015271618,-48.375004,4.2000003,5.625,9.869232760092935,0.0009289362772021568,0.15606626534649823,0.20231646179767349,9.86716861533418,,,,,,,,156510.0,,1,0,0,1,1
1789661119111.0,0.37,0.15732808,0.20219351,9.865907,0.0,0.0009162971,0.00015271618,-48.375004,4.2000003,5.625,9.869232760092935,0.0009289362772021568,0.15695003691816717,0.20210626115042588,9.866128070508633,,,,,,,,156510.0,,1,0,0,1,1
1789661119121.0,0.38,0.15732808,0.20219351,9.865907,0.0,0.0009162971,0.00015271618,-48.375004,4.2000003,5.625,9.869232760092935,0.0009289362772021568,0.1575719670827587,0.20229252149610327,9.866115446270621,,,,,,,,156510.0,,1,0,0,1,1
1789661119131.0,0.39,0.15732808,0.20219351,9.865907,0.0,0.0009162971,0.00015271618,-48.375004,4.2000003,5.625,9.869232760092935,0.0009289362772021568,0.1579103015236949,0.20294323874697892,9.867147592089687,,,,,,,,156510.0,,1,0,0,1,1
1789661119141.0,0.4,0.1582254,0.20488544,9.870394,0.0,-0.0009162971,0.00015271618,-48.375004,4.2000003,5.625,9.873788079352583,0.0009289362772021568,0.15806276210361964,0.20391131951847624,9.8686867618131,,,,,,,,156510.0,,1,0,0,1,1
1789661119151.0,0.41,0.1582254,0.20488544,9.870394,0.0,-0.0009162971,0.00015271618,-48.375004,4.2000003,5.625,9.873788079352583,0.0009289362772021568,0.15813120130679958,0.2048720499648324,9.870011861760965,,,,,,,,156510.0,,1,0,0,1,1
1789661119161.0,0.42,0.1582254,0.20488544,9.870394,0.0,-0.0009162971,0.00015271618,-48.975002,3.825,5.4,9.873788079352583,0.0009289362772021568,0.1581658150776854,0.20543999777303973,9.870675901709536,,,,,,,,156510.0,,1,0,0,1,1
1789661119171.0,0.43,0.1582254,0.20488544,9.870394,0.0,-0.0009162971,0.00015271618,-48.975002,3.825,5.4,9.873788079352583,0.0009289362772021568,0.15818310848253414,0.20530762439628925,9.870708507625466,,,,,,,,156510.0,,1,0,0,1,1
1789661119181.0,0.44,0.1582254,0.20488544,9.870394,0.0,-0.0009162971,0.00015271618,-48.975002,3.825,5.4,9.873788079352583,0.0009289362772021568,0.15819706868825395,0.20437677592768919,9.87045900165518,,,,,,,,156510.0,,1,0,0,1,1
1789661119191.0,0.45,0.1582254,0.20488544,9.870394,0.0,-0.0009162971,0.00015271618,-48.975002,3.825,5.4,9.873788079352583,0.0009289362772021568,0.15821474117501375,0.20284072167799172,9.870251575301603,,,,,,,,156510.0,,1,0,0,1,1
1789661119201.0,0.46,0.15792629,0.19890338,9.869496,0.0,-0.0009162971,0.00015271618,-48.975002,3.825,5.4,9.872763268794841,0.0009289362772021568,0.15820223350297702,0.20111922089485726,9.870116856313432,,,,,,,,156510.0,,1,0,0,1,1
1789661119211.0,0.47,0.15792629,0.19890338,9.869496,0.0,-0.0009162971,0.00015271618,-48.975002,3.825,5.4,9.872763268794841,0.0009289362772021568,0.15806891251447505,0.19961320095517046,9.869775206984713,,,,,,,,156510.0,,1,0,0,1,1
1789661119221.0,0.48,0.15792629,0.19890338,9.869496,0.0,-0.0009162971,0.00015271618,-48.975002,3.825,5.4,9.872763268794841,0.0009289362772021568,0.15771247032252725,0.1984489419528813,9.868882098513401,,,,,,,,156510.0,,1,0,0,1,1
1789661119231.0,0.49,0.15792629,0.19890338,9.869496,0.0,-0.0009162971,0.00015271618,-48.975002,3.825,5.4,9.872763268794841,0.0009289362772021568,0.15710924552350097,0.19745658061111618,9.867364679310004,,,,,,,,156510.0,,1,0,0,1,1
1789661119241.0,0.5,0.15553348,0.19531415,9.863514,0.0,-0.0009162971,-0.00045814854,-48.975002,3.825,5.4,9.866673538168127,0.0010244512971208253,0.1563713614106786,0.19641493198328364,9.865571645932684,,,,,,,,156510.0,,1,0,0,1,1
1789661119251.0,0.51,0.15553348,0.19531415,9.863514,0.0,-0.0009162971,-0.00045814854,-48.975002,3.825,5.4,9.866673538168127,0.0010244512971208253,0.15570635391777288,0.19534136488509998,9.864076062846696,,,,,,,,156510.0,,1,0,0,1,1
1789661119261.0,0.52,0.15553348,0.19531415,9.863514,0.0,-0.0009162971,-0.00045814854,-48.825,3.7500002,5.925,9.866673538168127,0.0010244512971208253,0.15530810783949697,0.1945944931588983,9.86328197656917,,,,,,,,156510.0,,1,0,0,1,1
1789661119271.0,0.53,0.15553348,0.19531415,9.863514,0.0,-0.0009162971,-0.00045814854,-48.825,3.7500002,5.925,9.866673538168127,0.0010244512971208253,0.1552682626451391,0.1947169716299121,9.863177176591027,,,,,,,,156510.0,,1,0,0,1,1
1789661119281.0,0.54,0.15553348,0.19531415,9.863514,0.0,-0.0009162971,-0.00045814854,-48.825,3.7500002,5.925,9.866673538168127,0.0010244512971208253,0.15555365552887915,0.19608844592478242,9.863426616055094,,,,,,,,156510.0,,1,0,0,1,1
1789661119291.0,0.55,0.15553348,0.19531415,9.863514,0.0,-0.0009162971,-0.00045814854,-48.825,3.7500002,5.925,9.866673538168127,0.0010244512971208253,0.15602638756871248,0.19858338530668326,9.86369517544591,,,,,,,,156510.0,,1,0,0,1,1
1789661119301.0,0.56,0.15672988,0.20488544,9.864711,0.0,-0.0009162971,-0.00045814854,-48.825,3.7500002,5.925,9.868083168089424,0.0010244512971208253,0.15648298755179693,0.20151501025239635,9.86393152226756,,,,,,,,156510.0,,1,0,0,1,1
1789661119311.0,0.57,0.15672988,0.20488544,9.864711,0.0,-0.0009162971,-0.00045814854,-48.825,3.7500002,5.925,9.868083168089424,0.0010244512971208253,0.15672326514038828,0.2039963185137567,9.864403274535634,,,,,,,,156510.0,,1,0,0,1,1
1789661119321.0,0.58,0.15672988,0.20488544,9.864711,0.0,-0.0009162971,-0.00045814854,-48.825,3.7500002,5.925,9.868083168089424,0.0010244512971208253,0.1566457106311524,0.20546715761346923,9.86544778493109,,,,,,,,156510.0,,1,0,0,1,1
1789661119331.0,0.59,0.15672988,0.20488544,9.864711,0.0,-0.0009162971,-0.00045814854,-48.825,3.7500002,5.925,9.868083168089424,0.0010244512971208253,0.15631416087456418,0.2059462598929793,9.867115940752907,,,,,,,,156510.0,,1,0,0,1,1
1789661119341.0,0.6,0.15553348,0.20578274,9.871291,0.0,0.00030543236,0.00015271618,-48.825,3.7500002,5.925,9.874660662836158,0.0003414837597440938,0.15592737154984457,0.20584709259688902,9.869020047985376,,,,,,,,156510.0,,1,0,0,1,1
1789661119351.0,0.61,0.15553348,0.20578274,9.871291,0.0,0.00030543236,0.00015271618,-48.825,3.7500002,5.925,9.874660662836158,0.0003414837597440938,0.15568511060996898,0.2056107946516923,9.870567159281583,,,,,,,,156510.0,,1,0,0,1,1
1789661119361.0,0.62,0.15553348,0.20578274,9.871291,0.0,0.00030543236,0.00015271618,-48.750004,3.7500002,6.3,9.874660662836158,0.0003414837597440938,0.1556359152597899,0.20548660160539636,9.871399021092458,,,,,,,,156510.0,,1,0,0,1,1
1789661119371.0,0.63,0.15553348,0.20578274,9.871291,0.0,0.00030543236,0.00015271618,-48.750004,3.7500002,6.3,9.874660662836158,0.0003414837597440938,0.15562918999161932,0.20554291943006384,9.87163855308655,,,,,,,,156510.0,,1,0,0,1,1
1789661119381.0,0.64,0.15553348,0.20578274,9.871291,0.0,0.00030543236,0.00015271618,-48.750004,3.7500002,6.3,9.874660662836158,0.0003414837597440938,0.15543227008500637,0.20576570720163892,9.871729903425894,,,,,,,,156510.0,,1,0,0,1,1
1789661119391.0,0.65,0.15553348,0.20578274,9.871291,0.0,0.00030543236,0.00015271618,-48.750004,3.7500002,6.3,9.874660662836158,0.0003414837597440938,0.15494872038981383,0.2060921537955113,9.87204468162742,,,,,,,,156510.0,,1,0,0,1,1
1789661119401.0,0.66,0.15433706,0.20608185,9.873384,0.0,0.00030543236,0.00015271618,-48.750004,3.7500002,6.3,9.87674041718445,0.0003414837597440938,0.154377969475706,0.2063668038932432,9.872606773701397,,,,,,,,156510.0,,1,0,0,1,1
1789661119411.0,0.67,0.15433706,0.20608185,9.873384,0.0,0.00030543236,0.00015271618,-48.750004,3.7500002,6.3,9.87674041718445,0.0003414837597440938,0.1541675822367846,0.2063271076216087,9.873135672054932,,,,,,,,156510.0,,1,0,0,1,1
1789661119421.0,0.68,0.15433706,0.20608185,9.873384,0.0,0.00030543236,0.00015271618,-48.750004,3.7500002,6.3,9.87674041718445,0.0003414837597440938,0.1547448456433481,0.20571322069200002,9.873319592095113,,,,,,,,156510.0,,1,0,0,1,1
1789661119431.0,0.69,0.15433706,0.20608185,9.873384,0.0,0.00030543236,0.00015271618,-48.750004,3.7500002,6.3,9.87674041718445,0.0003414837597440938,0.15619733603430985,0.2044619379435421,9.873066570686547,,,,,,,,156510.0,,1,0,0,1,1
1789661119441.0,0.7,0.16031912,0.2009971,9.871889,0.0,-0.00045814854,-0.0010690133,-48.750004,3.7500002,6.3,9.875236426676931,0.001163051813240073,0.15815030944666286,0.20282261648900862,9.872548121659195,,,,,,,,156510.0,,1,0,0,1,1
1789661119451.0,0.71,0.16031912,0.2009971,9.871889,0.0,-0.00045814854,-0.0010690133,-48.750004,3.7500002,6.3,9.875236426676931,0.001163051813240073,0.1599499984287584,0.20127702727339855,9.872045416550069,,,,,,,,156510.0,,1,0,0,1,1
1789661119461.0,0.72,0.16031912,0.2009971,9.871889,0.0,-0.00045814854,-0.0010690133,-49.725002,3.9750001,6.7500005,9.875236426676931,0.001163051813240073,0.16100476584913445,0.20032526846077023,9.871752940011417,,,,,,,,156510.0,,1,0,0,1,1
1789661119471.0,0.73,0.16031912,0.2009971,9.871889,0.0,-0.00045814854,-0.0010690133,-49.725002,3.9750001,6.7500005,9.875236426676931,0.001163051813240073,0.1610340171912192,0.20029342137116463,9.871686594889967,,,,,,,,156510.0,,1,0,0,1,1
1789661119481.0,0.74,0.16031912,0.2009971,9.871889,0.0,-0.00045814854,-0.0010690133,-49.725002,3.9750001,6.7500005,9.875236426676931,0.001163051813240073,0.16012688503635975,0.20122568203857488,9.87172076903503,,,,,,,,156510.0,,1,0,0,1,1
1789661119491.0,0.75,0.16031912,0.2009971,9.871889,0.0,-0.00045814854,-0.0010690133,-49.725002,3.9750001,6.7500005,9.875236426676931,0.001163051813240073,0.15868021587233164,0.20283238640315507,9.871672757216592,,,,,,,,156510.0,,1,0,0,1,1
1789661119501.0,0.76,0.15613168,0.20578274,9.870394,0.0,-0.00045814854,-0.0010690133,-49.725002,3.9750001,6.7500005,9.873773410040233,0.001163051813240073,0.15726466894709437,0.20452507103439127,9.871360752712837,,,,,,,,156510.0,,1,0,0,1,1
1789661119511.0,0.77,0.15613168,0.20578274,9.870394,0.0,-0.00045814854,-0.0010690133,-49.725002,3.9750001,6.7500005,9.873773410040233,0.001163051813240073,0.15639827966981032,0.20562462842799267,9.870652189242026,,,,,,,,156510.0,,1,0,0,1,1
1789661119521.0,0.78,0.15613168,0.20578274,9.870394,0.0,-0.00045814854,-0.0010690133,-49.725002,3.9750001,6.7500005,9.873773410040233,0.001163051813240073,0.1562845913151152,0.20570112942832378,9.869559280837832,,,,,,,,156510.0,,1,0,0,1,1
1789661119531.0,0.79,0.15613168,0.20578274,9.870394,0.0,-0.00045814854,-0.0010690133,-49.725002,3.9750001,6.7500005,9.873773410040233,0.001163051813240073,0.15669808370904403,0.204822158882944,9.868341029914724,,,,,,,,156510.0,,1,0,0,1,1
1789661119541.0,0.8,0.1582254,0.20219351,9.865309,0.0,-0.00045814854,-0.0010690133,-49.725002,3.9750001,6.7500005,9.868649307690099,0.001163051813240073,0.15714866408140243,0.20349868801386253,9.867453294690684,,,,,,,,156510.0,,1,0,0,1,1
1789661119551.0,0.81,0.1582254,0.20219351,9.865309,0.0,-0.00045814854,-0.0010690133,-49.725002,3.9750001,6.7500005,9.868649307690099,0.001163051813240073,0.15722889400507395,0.20234400741202377,9.867281599519234,,,,,,,,156510.0,,1,0,0,1,1
1789661119561.0,0.82,0.15583257,0.2015953,9.869795,0.0,0.00015271618,0.00015271618,-49.425003,3.9750001,6.675,9.87308349994468,0.0002159732929498108,0.15687186020545724,0.2016921006866943,9.867863386391297,,,,,,,,156510.0,,1,0,0,1,1
1789661119571.0,0.83,0.15583257,0.2015953,9.869795,0.0,0.00015271618,0.00015271618,-49.425003,3.9750001,6.675,9.87308349994468,0.0002159732929498108,0.15632162214317435,0.2014515015037041,9.868882531031124,,,,,,,,156510.0,,1,0,0,1,1
1789661119581.0,0.84,0.15583257,0.2015953,9.869795,0.0,0.00015271618,0.00015271618,-49.425003,3.9750001,6.675,9.87308349994468,0.0002159732929498108,0.155885490070474,0.20127791168737935,9.869928168072626,,,,,,,,156510.0,,1,0,0,1,1
1789661119591.0,0.85,0.15583257,0.2015953,9.869795,0.0,0.00015271618,0.00015271618,-49.425003,3.9750001,6.675,9.87308349994468,0.0002159732929498108,0.1557213610929737,0.2009031779890004,9.870725777331844,,,,,,,,156510.0,,1,0,0,1,1
1789661119601.0,0.86,0.15643078,0.19980069,9.870992,0.0,0.00015271618,0.00015271618,-49.425003,3.9750001,6.675,9.874253084092988,0.0002159732929498108,0.15582767460768937,0.200357994863916,9.871147215957947,,,,,,,,156510.0,,1,0,0,1,1
1789661119611.0,0.87,0.15643078,0.19980069,9.870992,0.0,0.00015271618,0.00015271618,-49.425003,3.9750001,6.675,9.874253084092988,0.0002159732929498108,0.15617073253844538,0.1999325171239328,9.871109979562986,,,,,,,,156510.0,,1,0,0,1,1
1789661119621.0,0.88,0.15643078,0.19980069,9.870992,0.0,0.00015271618,0.00015271618,-49.425003,3.9750001,6.675,9.874253084092988,0.0002159732929498108,0.15676473682101844,0.199932661520507,9.870571120824192,,,,,,,,156510.0,,1,0,0,1,1
1789661119631.0,0.89,0.15643078,0.19980069,9.870992,0.0,0.00015271618,0.00015271618,-49.425003,3.9750001,6.675,9.874253084092988,0.0002159732929498108,0.15761533631998764,0.20043856271689758,9.869635658621805,,,,,,,,156510.0,,1,0,0,1,1
1789661119641.0,0.9,0.15972091,0.20219351,9.867402,0.0,0.00030543236,-0.00045814854,-49.425003,3.9750001,6.675,9.870765685304324,0.0005506260175829881,0.15861398248040845,0.2012464568207034,9.868605508832863,,,,,,,,156510.0,,1,0,0,1,1
1789661119651.0,0.91,0.15972091,0.20219351,9.867402,0.0,0.00030543236,-0.00045814854,-49.425003,3.9750001,6.675,9.870765685304324,0.0005506260175829881,0.15952201696484272,0.20201232375956701,9.867832776295804,,,,,,,,156510.0,,1,0,0,1,1
1789661119661.0,0.92,0.15972091,0.20219351,9.867402,0.0,0.00030543236,-0.00045814854,-49.725002,4.125,6.6000004,9.870765685304324,0.0005506260175829881,0.16006898624744012,0.20245939042709216,9.867466912832121,,,,,,,,156510.0,,1,0,0,1,1
1789661119671.0,0.93,0.15972091,0.20219351,9.867402,0.0,0.00030543236,-0.00045814854,-49.725002,4.125,6.6000004,9.870765685304324,0.0005506260175829881,0.16007617053155326,0.2024942494266318,9.867335731883793,,,,,,,,156510.0,,1,0,0,1,1
1789661119681.0,0.94,0.15972091,0.20219351,9.867402,0.0,0.00030543236,-0.00045814854,-49.725002,4.125,6.6000004,9.870765685304324,0.0005506260175829881,0.15953095235118406,0.20219247504141197,9.867097098334458,,,,,,,,156510.0,,1,0,0,1,1
1789661119691.0,0.95,0.15972091,0.20219351,9.867402,0.0,0.00030543236,-0.00045814854,-49.725002,4.125,6.6000004,9.870765685304324,0.0005506260175829881,0.15859912908154833,0.201722914030001,9.866549111378651,,,,,,,,156510.0,,1,0,0,1,1
1789661119701.0,0.96,0.15643078,0.2009971,9.865309,0.0,0.00030543236,-0.00045814854,-49.725002,4.125,6.6000004,9.868596257250614,0.0005506260175829881,0.15756780531464248,0.20127750866257665,9.865838718292439,,,,,,,,156510.0,,1,0,0,1,1
1789661119711.0,0.97,0.15643078,0.2009971,9.865309,0.0,0.00030543236,-0.00045814854,-49.725002,4.125,6.6000004,9.868596257250614,0.0005506260175829881,0.15671851030158707,0.20101465481415232,9.865387331090895,,,,,,,,156510.0,,1,0,0,1,1
1789661119721.0,0.98,0.15643078,0.2009971,9.865309,0.0,0.00030543236,-0.00045814854,-49.725002,4.125,6.6000004,9.868596257250614,0.0005506260175829881,0.15619954024149818,0.20100834871348205,9.865581962291312,,,,,,,,156510.0,,1,0,0,1,1
1789661119731.0,0.99,0.15643078,0.2009971,9.865309,0.0,0.00030543236,-0.00045814854,-49.725002,4.125,6.6000004,9.868596257250614,0.0005506260175829881,0.15599914714500074,0.2012231899808119,9.866473360094657,,,,,,,,156510.0,,1,0,0,1,1
1789661119741.0,1.0,0.15613168,0.20189442,9.869197,0.0,0.00030543236,-0.00045814854,-49.725002,4.125,6.6000004,9.872496537509434,0.0005506260175829881,0.15602705082162613,0.201541342722057,9.86772178202378,,,,,,,,156510.0,,1,0,0,1,1
1789661119751.0,1.01,0.15613168,0.20189442,9.869197,0.0,0.00030543236,0.00015271618,-49.725002,4.125,6.6000004,9.872496537509434,0.0003414837597440938,0.15619621429103223,0.2018306705529702,9.868828984128239,,,,,,,,156510.0,,1,0,0,1,1
1789661119761.0,1.02,0.15613168,0.20189442,9.869197,0.0,0.00030543236,0.00015271618,-49.725002,4.125,6.6000004,9.872496537509434,0.0003414837597440938,0.1564136504655056,0.2020058627952731,9.869456904467532,,,,,,,,156510.0,,1,0,0,1,1
1789661119771.0,1.03,0.15613168,0.20189442,9.869197,0.0,0.00030543236,0.00015271618,-49.575,3.6750002,7.3500004,9.872496537509434,0.0003414837597440938,0.15651869118627398,0.20204253356861665,9.869579395314945,,,,,,,,634080.0,,1,0,0,1,1
1789661119781.0,1.04,0.15613168,0.20189442,9.869197,0.0,0.00030543236,0.00015271618,-49.575,3.6750002,7.3500004,9.872496537509434,0.0003414837597440938,0.15629692024335334,0.20195209134944028,9.869392069659677,,,,,,,,634080.0,,1,0,0,1,1
1789661119791.0,1.05,0.15613168,0.20189442,9.869197,0.0,0.00030543236,0.00015271618,-49.575,3.6750002,7.3500004,9.872496537509434,0.0003414837597440938,0.15564132970679098,0.20175736000511468,9.869117778532326,,,,,,,,634080.0,,1,0,0,1,1
1789661119801.0,1.06,0.15613168,0.20189442,9.869197,0.0,0.00030543236,0.00015271618,-49.575,3.6750002,7.3500004,9.872496537509434,0.0003414837597440938,0.15476079591674782,0.20148816585087692,9.8688825142163,,,,,,,,634080.0,,1,0,0,1,1
1789661119811.0,1.07,0.15373886,0.200698,9.868599,0.0,0.00030543236,0.00015271618,-49.575,3.6750002,7.3500004,9.871836786894276,0.0003414837597440938,0.15420675555029445,0.20117592371294707,9.868715301522135,,,,,,,,634080.0,,1,0,0,1,1
1789661119821.0,1.08,0.15373886,0.200698,9.868599,0.0,0.00030543236,0.00015271618,-49.575,3.6750002,7.3500004,9.871836786894276,0.0003414837597440938,0.15457852546050133,0.20082856203512356,9.868609226278412,,,,,,,,634080.0,,1,0,0,1,1
1789661119831.0,1.09,0.15373886,0.200698,9.868599,0.0,0.00030543236,0.00015271618,-49.575,3.6750002,7.3500004,9.871836786894276,0.0003414837597440938,0.1560699651154145,0.2004125506670376,9.868564897362052,,,,,,,,634080.0,,1,0,0,1,1
1789661119841.0,1.1,0.16091733,0.19950159,9.868599,0.0,0.00030543236,0.00015271618,-49.575,3.6750002,7.3500004,9.87192693927117,0.0003414837597440938,0.15824607907357605,0.19989004488607848,9.86858830793616,,,,,,,,634080.0,,1,0,0,1,1
1789661119851.0,1.11,0.16091733,0.19950159,9.868599,0.0,0.00030543236,0.00015271618,-49.575,3.6750002,7.3500004,9.87192693927117,0.0003414837597440938,0.1602825659746036,0.19931502013071858,9.86866117547775,,,,,,,,634080.0,,1,0,0,1,1
1789661119861.0,1.12,0.16091733,0.19950159,9.868599,0.0,0.00030543236,0.00015271618,-48.300003,3.9,4.5,9.87192693927117,0.0003414837597440938,0.1614740129866115,0.1989182020161277,9.86871823104733,,,,,,,,634080.0,,1,0,0,1,1
1789661119871.0,1.13,0.16091733,0.19950159,9.868599,0.0,0.00030543236,0.00015271618,-48.300003,3.9,4.5,9.87192693927117,0.0003414837597440938,0.16159108251742757,0.19907081716952693,9.868661361839736,,,,,,,,634080.0,,1,0,0,1,1
1789661119881.0,1.14,0.16091733,0.19950159,9.868599,0.0,0.00030543236,0.00015271618,-48.300003,3.9,4.5,9.87192693927117,0.0003414837597440938,0.16087227180518499,0.2000688974327117,9.86841606910009,,,,,,,,634080.0,,1,0,0,1,1
1789661119891.0,1.15,0.16091733,0.19950159,9.868599,0.0,0.00030543236,0.00015271618,-48.300003,3.9,4.5,9.87192693927117,0.0003414837597440938,0.15976762666023134,0.2018417282556105,9.867993225184504,,,,,,,,634080.0,,1,0,0,1,1
1789661119901.0,1.16,0.15732808,0.20578274,9.866804,0.0,0.00030543236,0.00015271618,-48.300003,3.9,4.5,9.870203636969928,0.0003414837597440938,0.1586575711086846,0.2038425752763063,9.867494217694036,,,,,,,,634080.0,,1,0,0,1,1
1789661119911.0,1.17,0.15732808,0.20578274,9.866804,0.0,0.00030543236,0.00015271618,-48.300003,3.9,4.5,9.870203636969928,0.0003414837597440938,0.15768912201360094,0.20530681854604707,9.867037486760287,,,,,,,,634080.0,,1,0,0,1,1
1789661119921.0,1.18,0.15732808,0.20578274,9.866804,0.0,0.00030543236,0.00015271618,-48.300003,3.9,4.5,9.870203636969928,0.0003414837597440938,0.15679176652137497,0.20573998132430157,9.866667837506649,,,,,,,,634080.0,,1,0,0,1,1
1789661119931.0,1.19,0.15732808,0.20578274,9.866804,0.0,0.00030543236,0.00015271618,-48.300003,3.9,4.5,9.870203636969928,0.0003414837597440938,0.1558513525564001,0.20524461215543552,9.866338308716998,,,,,,,,634080.0,,1,0,0,1,1
1789661119941.0,1.2,0.15373886,0.20338993,9.865608,0.0,0.00030543236,0.00015271618,-48.300003,3.9,4.5,9.868901879660346,0.0003414837597440938,0.15489355876660418,0.20440422651582038,9.865982603339209,,,,,,,,634080.0,,1,0,0,1,1
1789661119951.0,1.21,0.15373886,0.20338993,9.865608,0.0,0.00030543236,0.00015271618,-48.300003,3.9,4.5,9.868901879660346,0.0003414837597440938,0.15410096344327298,0.2038116566914117,9.865609918966632,,,,,,,,634080.0,,1,0,0,1,1
1789661119961.0,1.22,0.15373886,0.20338993,9.865608,0.0,0.00030543236,0.00015271618,-49.350002,4.3500004,5.625,9.868901879660346,0.0003414837597440938,0.15365532805836027,0.203614527471904,9.865344915781181,,,,,,,,634080.0,,1,0,0,1,1
1789661119971.0,1.23,0.15373886,0.20338993,9.865608,0.0,0.00030543236,0.00015271618,-49.350002,4.3500004,5.625,9.868901879660346,0.0003414837597440938,0.1535776816549395,0.20343295657011126,9.865381304638014,,,,,,,,634080.0,,1,0,0,1,1
1789661119981.0,1.24,0.15373886,0.20338993,9.865608,0.0,0.00030543236,0.00015271618,-49.350002,4.3500004,5.625,9.868901879660346,0.0003414837597440938,0.15372078170831566,0.20271612382573206,9.86586264257374,,,,,,,,634080.0,,1,0,0,1,1
1789661119991.0,1.25,0.15373886,0.20338993,9.865608,0.0,0.00030543236,0.00015271618,-49.350002,4.3500004,5.625,9.868901879660346,0.0003414837597440938,0.15390696007696658,0.20125594648732842,9.866752448013065,,,,,,,,634080.0,,1,0,0,1,1
1789661120001.0,1.26,0.15463616,0.19740787,9.868897,0.0,0.00030543236,0.00015271618,-49.350002,4.3500004,5.625,9.872082364209007,0.0003414837597440938,0.15408772003411392,0.19943124744062948,9.86779749706233,,,,,,,,634080.0,,1,0,0,1,1
1789661120011.0,1.27,0.15463616,0.19740787,9.868897,0.0,0.00030543236,0.00015271618,-49.350002,4.3500004,5.625,9.872082364209007,0.0003414837597440938,0.15439687528257612,0.19796371933306067,9.868646181200313,,,,,,,,634080.0,,1,0,0,1,1
1789661120021.0,1.28,0.15463616,0.19740787,9.868897,0.0,0.00030543236,0.00015271618,-49.350002,4.3500004,5.625,9.872082364209007,0.0003414837597440938,0.15504184416916927,0.19738721111769264,9.869049327738285,,,,,,,,634080.0,,1,0,0,1,1
1789661120031.0,1.29,0.15463616,0.19740787,9.868897,0.0,0.00030543236,0.00015271618,-49.350002,4.3500004,5.625,9.872082364209007,0.0003414837597440938,0.15609931723637085,0.19768039558801448,9.868986233740701,,,,,,,,634080.0,,1,0,0,1,1
1789661120041.0,1.3,0.15882361,0.19920248,9.8682995,0.0,0.00030543236,0.00015271618,-49.350002,4.3500004,5.625,9.871587592116672,0.0003414837597440938,0.1573843258845485,0.19835063791469995,9.868633871683695,,,,,,,,634080.0,,1,0,0,1,1
1789661120051.0,1.31,0.15882361,0.19920248,9.8682995,0.0,0.00030543236,0.00015271618,-49.350002,4.3500004,5.625,9.871587592116672,0.0003414837597440938,0.15852172214737095,0.19886420050187584,9.868240911428702,,,,,,,,634080.0,,1,0,0,1,1
1789661120061.0,1.32,0.15882361,0.19920248,9.8682995,0.0,0.00030543236,0.00015271618,-49.2,4.2000003,6.675,9.871587592116672,0.0003414837597440938,0.15916495190338678,0.1990582974509438,9.868018849480967,,,,,,,,634080.0,,1,0,0,1,1
1789661120071.0,1.33,0.15882361,0.19920248,9.8682995,0.0,0.00030543236,0.00015271618,-49.2,4.2000003,6.675,9.871587592116672,0.0003414837597440938,0.15917865538406917,0.19921945985067915,9.868095586776002,,,,,,,,634080.0,,1,0,0,1,1
1789661120081.0,1.34,0.15882361,0.19920248,9.8682995,0.0,0.00030543236,0.00015271618,-49.2,4.2000003,6.675,9.871587592116672,0.0003414837597440938,0.15866786417161433,0.1997885804935818,9.86849960502694,,,,,,,,634080.0,,1,0,0,1,1
1789661120091.0,1.35,0.15882361,0.19920248,9.8682995,0.0,0.00030543236,0.00015271618,-49.2,4.2000003,6.675,9.871587592116672,0.0003414837597440938,0.1578769089755282,0.2009461455699297,9.8691469246696,,,,,,,,634080.0,,1,0,0,1,1
1789661120101.0,1.36,0.15583257,0.20428723,9.870692,0.0,0.00030543236,0.00015271618,-49.2,4.2000003,6.675,9.874035528651792,0.0003414837597440938,0.157035891053091,0.2024278181950614,9.869860115346139,,,,,,,,634080.0,,1,0,0,1,1
1789661120111.0,1.37,0.15583257,0.20428723,9.870692,0.0,0.00030543236,0.00015271618,-49.2,4.2000003,6.675,9.874035528651792,0.0003414837597440938,0.15623138746268575,0.20372380713829608,9.870452389261294,,,,,,,,634080.0,,1,0,0,1,1
1789661120121.0,1.38,0.15583257,0.20428723,9.870692,0.0,0.00030543236,0.00015271618,-49.2,4.2000003,6.675,9.874035528651792,0.0003414837597440938,0.15538666498490056,0.20447182642266926,9.870832659287236,,,,,,,,634080.0,,1,0,0,1,1
1789661120131.0,1.39,0.15583257,0.20428723,9.870692,0.0,0.00030543236,0.00015271618,-49.2,4.2000003,6.675,9.874035528651792,0.0003414837597440938,0.15438707245756772,0.20469063989074104,9.871038881866731,,,,,,,,634080.0,,1,0,0,1,1
1789661120141.0,1.4,0.15194423,0.20458634,9.871291,0.0,-0.0009162971,0.00015271618,-49.2,4.2000003,6.675,9.874579921506832,0.0009289362772021568,0.1532516773049307,0.20467914579258256,9.871170198553505,,,,,,,,634080.0,,1,0,0,1,1
1789661120151.0,1.41,0.15194423,0.20458634,9.871291,0.0,-0.0009162971,0.00015271618,-49.2,4.2000003,6.675,9.874579921506832,0.0009289362772021568,0.15219239297412776,0.20471276366415728,9.871286582025839,,,,,,,,634080.0,,1,0,0,1,1
1789661120161.0,1.42,0.15194423,0.20458634,9.871291,0.0,-0.0009162971,0.00015271618,-47.7,4.275,3.6000001,9.874579921506832,0.0009289362772021568,0.1515185750069518,0.2048039873563005,9.87136198577336,,,,,,,,634080.0,,1,0,0,1,1
1789661120171.0,1.43,0.15194423,0.20458634,9.871291,0.0,-0.0009162971,0.00015271618,-47.7,4.275,3.6000001,9.874579921506832,0.0009289362772021568,0.1514813994787389,0.20470191946090605,9.871316365403663,,,,,,,,634080.0,,1,0,0,1,1
1789661120181.0,1.44,0.15194423,0.20458634,9.871291,0.0,-0.0009162971,0.00015271618,-47.7,4.275,3.6000001,9.874579921506832,0.0009289362772021568,0.15214796801007163,0.20411699109303238,9.871088794615936,,,,,,,,634080.0,,1,0,0,1,1
1789661120191.0,1.45,0.15194423,0.20458634,9.871291,0.0,-0.0009162971,0.00015271618,-47.7,4.275,3.6000001,9.874579921506832,0.0009289362772021568,0.15333524944445018,0.2029920253209614,9.870686697723691,,,,,,,,634080.0,,1,0,0,1,1
1789661120201.0,1.46,0.15583257,0.19980069,9.869197,0.0,-0.0009162971,0.00015271618,-47.7,4.275,3.6000001,9.872449216400472,0.0009289362772021568,0.1546411332905247,0.20159222519251851,9.87016372917914,,,,,,,,634080.0,,1,0,0,1,1
1789661120211.0,1.47,0.15583257,0.19980069,9.869197,0.0,-0.0009162971,0.00015271618,-47.7,4.275,3.6000001,9.872449216400472,0.0009289362772021568,0.15560837085411922,0.20032795074838952,9.869547663237329,,,,,,,,634080.0,,1,0,0,1,1
1789661120221.0,1.48,0.15583257,0.19980069,9.869197,0.0,-0.0009162971,0.00015271618,-47.7,4.275,3.6000001,9.872449216400472,0.0009289362772021568,0.15595458980213828,0.1994713412489702,9.868808970090257,,,,,,,,634080.0,,1,0,0,1,1
1789661120231.0,1.49,0.15583257,0.19980069,9.869197,0.0,-0.0009162971,0.00015271618,-47.7,4.275,3.6000001,9.872449216400472,0.0009289362772021568,0.15570835676081632,0.1990237119182157,9.867927905059192,,,,,,,,634080.0,,1,0,0,1,1
1789661120241.0,1.5,0.15463616,0.19860429,9.865907,-0.00045814854,0.00030543236,-0.00030543236,-47.7,4.275,3.6000001,9.86911733330975,0.0006296649408808392,0.15515278524129653,0.1988160862110698,9.866990079784063,,,,,,,,634080.0,,1,0,0,1,1
1789661120251.0,1.51,0.15463616,0.19860429,9.865907,-0.00045814854,0.00030543236,-0.00030543236,-47.7,4.275,3.6000001,9.86911733330975,0.0006296649408808392,0.15463632445242828,0.19869562519380654,9.866186649591242,,,,,,,,634080.0,,1,0,0,1,1
1789661120261.0,1.52,0.15463616,0.19860429,9.865907,-0.00045814854,0.00030543236,-0.00030543236,-48.525,4.05,5.775,9.86911733330975,0.0006296649408808392,0.15439564148472792,0.1986208326075114,9.86570519172524,,,,,,,,634080.0,,1,0,0,1,1
1789661120271.0,1.53,0.15463616,0.19860429,9.865907,-0.00045814854,0.00030543236,-0.00030543236,-48.525,4.05,5.775,9.86911733330975,0.0006296649408808392,0.15448743308527313,0.19862813622361875,9.865620173127333,,,,,,,,634080.0,,1,0,0,1,1
1789661120281.0,1.54,0.15463616,0.19860429,9.865907,-0.00045814854,0.00030543236,-0.00030543236,-48.525,4.05,5.775,9.86911733330975,0.0006296649408808392,0.15482644919908228,0.19875047923751507,9.86586769634256,,,,,,,,634080.0,,1,0,0,1,1
1789661120291.0,1.55,0.15463616,0.19860429,9.865907,-0.00045814854,0.00030543236,-0.00030543236,-48.525,4.05,5.775,9.86911733330975,0.0006296649408808392,0.15527818649041433,0.19897977527278143,9.866286216614537,,,,,,,,634080.0,,1,0,0,1,1
1789661120301.0,1.56,0.15672988,0.2000998,9.866804,-0.00045814854,0.00030543236,-0.00030543236,-48.525,4.05,5.775,9.870077272223398,0.0006296649408808392,0.1557640840166132,0.19930468208785337,9.8666728552433,,,,,,,,634080.0,,1,0,0,1,1
1789661120311.0,1.57,0.15672988,0.2000998,9.866804,-0.00045814854,0.00030543236,-0.00030543236,-48.525,4.05,5.775,9.870077272223398,0.0006296649408808392,0.1563341263333045,0.19977300169342072,9.866844660697659,,,,,,,,634080.0,,1,0,0,1,1
1789661120321.0,1.58,0.15672988,0.2000998,9.866804,-0.00045814854,0.00030543236,-0.00030543236,-48.525,4.05,5.775,9.870077272223398,0.0006296649408808392,0.15713936489772734,0.20048481762198955,9.86670938370113,,,,,,,,634080.0,,1,0,0,1,1
1789661120331.0,1.59,0.15672988,0.2000998,9.866804,-0.00045814854,0.00030543236,-0.00030543236,-48.525,4.05,5.775,9.870077272223398,0.0006296649408808392,0.15828603995809404,0.2014853951100134,9.866316135009995,,,,,,,,634080.0,,1,0,0,1,1
1789661120341.0,1.6,0.16121642,0.20398813,9.865309,-0.00045814854,0.00030543236,-0.00030543236,-48.525,4.05,5.775,9.868734648207921,0.0006296649408808392,0.15967809547403844,0.20265452149176277,9.865834898783943,,,,,,,,634080.0,,1,0,0,1,1
1789661120351.0,1.61,0.16121642,0.20398813,9.865309,0.0,0.00030543236,-0.0010690133,-48.525,4.05,5.775,9.868734648207921,0.0011117906107321017,0.16099332590815235,0.20371748131841338,9.86545515264615,,,,,,,,634080.0,,1,0,0,1,1
1789661120361.0,1.62,0.16121642,0.20398813,9.865309,0.0,0.00030543236,-0.0010690133,-49.800003,4.05,7.05,9.868734648207921,0.0011117906107321017,0.1618126964323914,0.20437560736940444,9.865268757170051,,,,,,,,634080.0,,1,0,0,1,1
1789661120371.0,1.63,0.16121642,0.20398813,9.865309,0.0,0.00030543236,-0.0010690133,-49.800003,4.05,7.05,9.868734648207921,0.0011117906107321017,0.16180126990196003,0.2044420935367167,9.865228807840193,,,,,,,,634080.0,,1,0,0,1,1
1789661120381.0,1.64,0.16121642,0.20398813,9.865309,0.0,0.00030543236,-0.0010690133,-49.800003,4.05,7.05,9.868734648207921,0.0011117906107321017,0.16086042864503314,0.20391028334510372,9.865215450148794,,,,,,,,634080.0,,1,0,0,1,1
1789661120391.0,1.65,0.16121642,0.20398813,9.865309,0.0,0.00030543236,-0.0010690133,-49.800003,4.05,7.05,9.868734648207921,0.0011117906107321017,0.1592182744317358,0.2029693668659679,9.865149267786562,,,,,,,,634080.0,,1,0,0,1,1
1789661120401.0,1.66,0.15553348,0.20129621,9.865009,0.0,0.00030543236,-0.0010690133,-49.800003,4.05,7.05,9.868288270903028,0.0011117906107321017,0.15739016866293484,0.20197394316927358,9.865057620623709,,,,,,,,634080.0,,1,0,0,1,1
1789661120411.0,1.67,0.15553348,0.20129621,9.865009,0.0,0.00030543236,-0.0010690133,-49.800003,4.05,7.05,9.868288270903028,0.0011117906107321017,0.15595624540443917,0.20133216685409713,9.86504176205502,,,,,,,,634080.0,,1,0,0,1,1
1789661120421.0,1.68,0.15553348,0.20129621,9.865009,0.0,0.00030543236,-0.0010690133,-49.800003,4.05,7.05,9.868288270903028,0.0011117906107321017,0.15526441373551125,0.20132460123688728,9.865172650072267,,,,,,,,634080.0,,1,0,0,1,1
1789661120431.0,1.69,0.15553348,0.20129621,9.865009,0.0,0.00030543236,-0.0010690133,-49.800003,4.05,7.05,9.868288270903028,0.0011117906107321017,0.15528308879096894,0.20195804705243015,9.865404677659445,,,,,,,,634080.0,,1,0,0,1,1
1789661120441.0,1.7,0.15613168,0.20398813,9.865907,0.0,-0.0009162971,0.00015271618,-49.800003,4.05,7.05,9.869250690469338,0.0009289362772021568,0.15570482366471558,0.20296176400506988,9.865594607544455,,,,,,,,634080.0,,1,0,0,1,1
1789661120451.0,1.71,0.15613168,0.20398813,9.865907,0.0,-0.0009162971,0.00015271618,-49.800003,4.05,7.05,9.869250690469338,0.0009289362772021568,0.156175294642635,0.20392618105564556,9.865634917882216,,,,,,,,634080.0,,1,0,0,1,1
1789661120461.0,1.72,0.15613168,0.20398813,9.865907,0.0,-0.0009162971,0.00015271618,-49.800003,3.7500002,7.5750003,9.869250690469338,0.0009289362772021568,0.15645311916436921,0.20447938882489075,9.865600791362098,,,,,,,,634080.0,,1,0,0,1,1
1789661120471.0,1.73,0.15613168,0.20398813,9.865907,0.0,-0.0009162971,0.00015271618,-49.800003,3.7500002,7.5750003,9.869250690469338,0.0009289362772021568,0.15643188301779248,0.2044036900075865,9.865763177022597,,,,,,,,634080.0,,1,0,0,1,1
1789661120481.0,1.74,0.15613168,0.20398813,9.865907,0.0,-0.0009162971,0.00015271618,-49.800003,3.7500002,7.5750003,9.869250690469338,0.0009289362772021568,0.1561028565527507,0.20368404977144286,9.866407924954874,,,,,,,,634080.0,,1,0,0,1,1
1789661120491.0,1.75,0.15613168,0.20398813,9.865907,0.0,-0.0009162971,0.00015271618,-49.800003,3.7500002,7.5750003,9.869250690469338,0.0009289362772021568,0.15555501752121095,0.20251561945539712,9.867580945665583,,,,,,,,634080.0,,1,0,0,1,1
1789661120501.0,1.76,0.15493527,0.19980069,9.870692,0.0,-0.0009162971,0.00015271618,-49.800003,3.7500002,7.5750003,9.87392960337871,0.0009289362772021568,0.1550082246253078,0.20124334039343134,9.868990315664021,,,,,,,,634080.0,,1,0,0,1,1
1789661120511.0,1.77,0.15493527,0.19980069,9.870692,0.0,-0.0009162971,0.00015271618,-49.800003,3.7500002,7.5750003,9.87392960337871,0.0009289362772021568,0.15478795248407945,0.20020209253099533,9.870187824374712,,,,,,,,634080.0,,1,0,0,1,1
1789661120521.0,1.78,0.15493527,0.19980069,9.870692,0.0,-0.0009162971,0.00015271618,-49.800003,3.7500002,7.5750003,9.87392960337871,0.0009289362772021568,0.15518390730625464,0.19953895937392413,9.870888045326142,,,,,,,,634080.0,,1,0,0,1,1
1789661120531.0,1.79,0.15493527,0.19980069,9.870692,0.0,-0.0009162971,0.00015271618,-49.800003,3.7500002,7.5750003,9.87392960337871,0.0009289362772021568,0.1562606094575879,0.1991686797993423,9.871141795438087,,,,,,,,634080.0,,1,0,0,1,1
1789661120541.0,1.8,0.1594218,0.19860429,9.871291,0.0,0.0,0.00015271618,-49.800003,3.7500002,7.5750003,9.874575686124576,0.00015271618,0.1577680251064985,0.19890333216149436,9.871226302111584,,,,,,,,634080.0,,1,0,0,1,1
1789661120551.0,1.81,0.1594218,0.19860429,9.871291,0.0,0.0,0.00015271618,-49.800003,3.7500002,7.5750003,9.874575686124576,0.00015271618,0.15923078612882588,0.1986350753447889,9.871372050591681,,,,,,,,634080.0,,1,0,0,1,1
1789661120561.0,1.82,0.1594218,0.19860429,9.871291,0.0,0.0,0.00015271618,-49.800003,3.525,7.275,9.874575686124576,0.00015271618,0.16014162349873914,0.1984257142212152,9.871555201847887,,,,,,,,634080.0,,1,0,0,1,1
1789661120571.0,1.83,0.1594218,0.19860429,9.871291,0.0,0.0,0.00015271618,-49.800003,3.525,7.275,9.874575686124576,0.00015271618,0.1601342557244708,0.19845479784546446,9.87150550660563,,,,,,,,634080.0,,1,0,0,1,1
1789661120581.0,1.84,0.1594218,0.19860429,9.871291,0.0,0.0,0.00015271618,-49.800003,3.525,7.275,9.874575686124576,0.00015271618,0.15910567914886253,0.1988748832738322,9.870926538741086,,,,,,,,634080.0,,1,0,0,1,1
1789661120591.0,1.85,0.1594218,0.19860429,9.871291,0.0,0.0,0.00015271618,-49.800003,3.525,7.275,9.874575686124576,0.00015271618,0.157309655747483,0.19967456066678504,9.869779323264286,,,,,,,,634080.0,,1,0,0,1,1
1789661120601.0,1.86,0.15373886,0.20189442,9.867104,0.0,0.0,0.00015271618,-49.800003,3.525,7.275,9.870366677115761,0.00015271618,0.1553523419337291,0.20065525451150143,9.868407596702271,,,,,,,,634080.0,,1,0,0,1,1
1789661120611.0,1.87,0.15373886,0.20189442,9.867104,0.0,0.0,0.00015271618,-49.800003,3.525,7.275,9.870366677115761,0.00015271618,0.15397905328583472,0.20155049141079012,9.867373911160243,,,,,,,,634080.0,,1,0,0,1,1
1789661120621.0,1.88,0.15373886,0.20189442,9.867104,0.0,0.0,0.00015271618,-49.800003,3.525,7.275,9.870366677115761,0.00015271618,0.15370684107609509,0.2021850691110233,9.867109779732763,,,,,,,,634080.0,,1,0,0,1,1
1789661120631.0,1.89,0.15373886,0.20189442,9.867104,0.0,0.0,0.00015271618,-49.800003,3.525,7.275,9.870366677115761,0.00015271618,0.15455017710700217,0.20253326832381904,9.867650576236938,,,,,,,,634080.0,,1,0,0,1,1
1789661120641.0,1.9,0.1576272,0.20279172,9.869795,0.0,0.00030543236,0.00015271618,-49.800003,3.525,7.275,9.873136490391765,0.0003414837597440938,0.15604301243967694,0.20265677119265468,9.868649233198402,,,,,,,,634080.0,,1,0,0,1,1
1789661120651.0,1.91,0.1576272,0.20279172,9.869795,0.0,0.00030543236,0.00015271618,-49.800003,3.525,7.275,9.873136490391765,0.0003414837597440938,0.15751357853310174,0.20263269341929924,9.869621307411458,,,,,,,,634080.0,,1,0,0,1,1
1789661120661.0,1.92,0.1576272,0.20279172,9.869795,0.0,0.00030543236,0.00015271618,-49.125004,3.6000001,6.15,9.873136490391765,0.0003414837597440938,0.15838613075870048,0.20255619400778793,9.870205397327585,,,,,,,,634080.0,,1,0,0,1,1
1789661120671.0,1.93,0.1576272,0.20279172,9.869795,0.0,0.00030543236,0.00015271618,-49.125004,3.6000001,6.15,9.873136490391765,0.0003414837597440938,0.15834103022646667,0.2025730648953835,9.870269280078531,,,,,,,,634080.0,,1,0,0,1,1
1789661120681.0,1.94,0.1576272,0.20279172,9.869795,0.0,0.00030543236,0.00015271618,-49.125004,3.6000001,6.15,9.873136490391765,0.0003414837597440938,0.1573575966541862,0.2028374061359167,9.869875356465615,,,,,,,,634080.0,,1,0,0,1,1
1789661120691.0,1.95,0.1576272,0.20279172,9.869795,0.0,0.00030543236,0.00015271618,-49.125004,3.6000001,6.15,9.873136490391765,0.0003414837597440938,0.15573471085604046,0.20336758555904008,9.869229662685715,,,,,,,,634080.0,,1,0,0,1,1
1789661120701.0,1.96,0.15284155,0.20368902,9.868897,0.0,0.00030543236,0.00015271618,-49.125004,3.6000001,6.15,9.872182015789821,0.0003414837597440938,0.15405981903870725,0.2039095465197996,9.868668943879447,,,,,,,,634080.0,,1,0,0,1,1
1789661120711.0,1.97,0.15284155,0.20368902,9.868897,0.0,0.00030543236,0.00015271618,-49.125004,3.6000001,6.15,9.872182015789821,0.0003414837597440938,0.15300953555890293,0.20397402567303508,9.868607382307152,,,,,,,,634080.0,,1,0,0,1,1
1789661120721.0,1.98,0.15284155,0.20368902,9.868897,0.0,0.00030543236,0.00015271618,-49.125004,3.6000001,6.15,9.872182015789821,0.0003414837597440938,0.15300360980258446,0.2031094162700055,9.869358935355939,,,,,,,,634080.0,,1,0,0,1,1
1789661120731.0,1.99,0.15284155,0.20368902,9.868897,0.0,0.00030543236,0.00015271618,-49.125004,3.6000001,6.15,9.872182015789821,0.0003414837597440938,0.15394436071483325,0.2012541318821921,9.870905064511605,,,,,,,,634080.0,,1,0,0,1,1
1789661120741.0,2.0,0.15672988,0.19621146,9.87488,0.0,0.00030543236,-0.0007635809,-49.125004,3.6000001,6.15,9.878072595740534,0.0008224017980160182,0.15527580222731413,0.19887650770863857,9.872815975359831,,,,,,,,634080.0,,1,0,0,1,1
1789661120751.0,2.01,0.15672988,0.19621146,9.87488,0.0,0.00030543236,-0.0007635809,-49.125004,3.6000001,6.15,9.878072595740534,0.0008224017980160182,0.15635366575490192,0.1967475034256422,9.874454444520648,,,,,,,,634080.0,,1,0,0,1,1
1789661120761.0,2.02,0.15672988,0.19621146,9.87488,0.0,0.00030543236,-0.0007635809,-49.875004,3.3750002,7.5750003,9.878072595740534,0.0008224017980160182,0.15685580033493315,0.19551820092779554,9.875332386690802,,,,,,,,634080.0,,1,0,0,1,1
1789661120771.0,2.03,0.15672988,0.19621146,9.87488,0.0,0.00030543236,-0.0007635809,-49.875004,3.3750002,7.5750003,9.878072595740534,0.0008224017980160182,0.1569257691364627,0.19543151714574342,9.875342606564216,,,,,,,,634080.0,,1,0,0,1,1
1789661120781.0,2.04,0.15672988,0.19621146,9.87488,0.0,0.00030543236,-0.0007635809,-49.875004,3.3750002,7.5750003,9.878072595740534,0.0008224017980160182,0.15696355930788564,0.19631157287600196,9.87472111844445,,,,,,,,634080.0,,1,0,0,1,1
1789661120791.0,2.05,0.15672988,0.19621146,9.87488,0.0,0.00030543236,-0.0007635809,-49.875004,3.3750002,7.5750003,9.878072595740534,0.0008224017980160182,0.15725212768447486,0.19772027838938608,9.873821583366254,,,,,,,,634080.0,,1,0,0,1,1
1789661120801.0,2.06,0.15792629,0.20039889,9.871291,0.0,0.00030543236,-0.0007635809,-49.875004,3.3750002,7.5750003,9.87458791215448,0.0008224017980160182,0.15771075479030233,0.19914346497866042,9.872869101533173,,,,,,,,634080.0,,1,0,0,1,1
1789661120811.0,2.07,0.15792629,0.20039889,9.871291,0.0,0.00030543236,-0.0007635809,-49.875004,3.3750002,7.5750003,9.87458791215448,0.0008224017980160182,0.15794939340697073,0.20016858083088374,9.871833654943233,,,,,,,,634080.0,,1,0,0,1,1
1789661120821.0,2.08,0.15792629,0.20039889,9.871291,0.0,0.00030543236,-0.0007635809,-49.875004,3.3750002,7.5750003,9.87458791215448,0.0008224017980160182,0.15757363480459186,0.20062234704518583,9.870515957359627,,,,,,,,634080.0,,1,0,0,1,1
1789661120831.0,2.09,0.15792629,0.20039889,9.871291,0.0,0.00030543236,-0.0007635809,-49.875004,3.3750002,7.5750003,9.87458791215448,0.0008224017980160182,0.15650776355287604,0.20059313738150036,9.868811052567166,,,,,,,,634080.0,,1,0,0,1,1
1789661120841.0,2.1,0.15343975,0.2000998,9.864711,0.0,-0.00015271618,0.00015271618,-49.875004,3.3750002,7.5750003,9.86793325881165,0.0002159732929498108,0.1550846978614391,0.20031909836222328,9.866924377138913,,,,,,,,634080.0,,1,0,0,1,1
1789661120851.0,2.11,0.15343975,0.2000998,9.864711,0.0,-0.00015271618,0.00015271618,-49.875004,3.3750002,7.5750003,9.86793325881165,0.0002159732929498108,0.15383187303443532,0.20003439879040869,9.865308738187546,,,,,,,,634080.0,,1,0,0,1,1
1789661120861.0,2.12,0.15343975,0.2000998,9.864711,0.0,-0.00015271618,0.00015271618,-49.875004,4.05,6.9,9.86793325881165,0.0002159732929498108,0.1531345372486925,0.1998839755103355,9.86436671813562,,,,,,,,634080.0,,1,0,0,1,1
1789661120871.0,2.13,0.15343975,0.2000998,9.864711,0.0,-0.00015271618,0.00015271618,-49.875004,4.05,6.9,9.86793325881165,0.0002159732929498108,0.15304578649774944,0.19992774605301455,9.864202946116233,,,,,,,,634080.0,,1,0,0,1,1
1789661120881.0,2.14,0.15343975,0.2000998,9.864711,0.0,-0.00015271618,0.00015271618,-49.875004,4.05,6.9,9.86793325881165,0.0002159732929498108,0.15334923915950457,0.2001717722757783,9.864620020932604,,,,,,,,634080.0,,1,0,0,1,1
1789661120891.0,2.15,0.15343975,0.2000998,9.864711,0.0,-0.00015271618,0.00015271618,-49.875004,4.05,6.9,9.86793325881165,0.0002159732929498108,0.15375982357790444,0.20056912733603052,9.865292732675472,,,,,,,,634080.0,,1,0,0,1,1
1789661120901.0,2.16,0.15433706,0.20129621,9.866505,0.0,-0.00015271618,0.00015271618,-49.875004,4.05,6.9,9.869764992504878,0.0002159732929498108,0.15409059642616907,0.2010014170419674,9.865946970021668,,,,,,,,634080.0,,1,0,0,1,1
1789661120911.0,2.17,0.15433706,0.20129621,9.866505,0.0,-0.00015271618,0.00015271618,-49.875004,4.05,6.9,9.869764992504878,0.0002159732929498108,0.1543046368009863,0.2012937087962171,9.866443348788764,,,,,,,,634080.0,,1,0,0,1,1
1789661120921.0,2.18,0.15433706,0.20129621,9.866505,0.0,-0.00015271618,0.00015271618,-49.875004,4.05,6.9,9.869764992504878,0.0002159732929498108,0.15446767516834858,0.20128358737319996,9.866759862611618,,,,,,,,634080.0,,1,0,0,1,1
1789661120931.0,2.19,0.15433706,0.20129621,9.866505,0.0,-0.00015271618,0.00015271618,-49.875004,4.05,6.9,9.869764992504878,0.0002159732929498108,0.15465839958626898,0.20090507634933874,9.866919092912074,,,,,,,,634080.0,,1,0,0,1,1
1789661120941.0,2.2,0.15523437,0.19950159,9.867104,-0.0009162971,0.00030543236,0.00015271618,-49.875004,4.05,6.9,9.870341429801597,0.000977860692347009,0.15489902680751266,0.20023372073105453,9.866935558055484,,,,,,,,634080.0,,1,0,0,1,1
1789661120951.0,2.21,0.15523437,0.19950159,9.867104,-0.0009162971,0.00030543236,0.00015271618,-49.875004,4.05,6.9,9.870341429801597,0.000977860692347009,0.15514459494309046,0.1994798388338772,9.866841770902157,,,,,,,,634080.0,,1,0,0,1,1
1789661120961.0,2.22,0.15523437,0.19950159,9.867104,-0.0009162971,0.00030543236,0.00015271618,-49.425003,3.9750001,7.2000003,9.870341429801597,0.000977860692347009,0.15532005667595086,0.19895138299757112,9.866763622043587,,,,,,,,634080.0,,1,0,0,1,1
1789661120971.0,2.23,0.15523437,0.19950159,9.867104,-0.0009162971,0.00030543236,0.00015271618,-49.425003,3.9750001,7.2000003,9.870341429801597,0.000977860692347009,0.15536349504405855,0.19898320395776306,9.866934017197774,,,,,,,,634080.0,,1,0,0,1,1
1789661120981.0,2.24,0.15523437,0.19950159,9.867104,-0.0009162971,0.00030543236,0.00015271618,-49.425003,3.9750001,7.2000003,9.870341429801597,0.000977860692347009,0.15525152654106184,0.19979227531390384,9.867568348833458,,,,,,,,634080.0,,1,0,0,1,1
1789661120991.0,2.25,0.15523437,0.19950159,9.867104,-0.0009162971,0.00030543236,0.00015271618,-49.425003,3.9750001,7.2000003,9.870341429801597,0.000977860692347009,0.15501349836079556,0.20127660278081222,9.868674172032913,,,,,,,,634080.0,,1,0,0,1,1
1789661121001.0,2.26,0.15463616,0.20398813,9.87159,-0.0009162971,0.00030543236,0.00015271618,-49.425003,3.9750001,7.2000003,9.874908233865286,0.000977860692347009,0.15473958645137806,0.20291246660791337,9.869982042666146,,,,,,,,634080.0,,1,0,0,1,1
1789661121011.0,2.27,0.15463616,0.20398813,9.87159,-0.0009162971,0.00030543236,0.00015271618,-49.425003,3.9750001,7.2000003,9.874908233865286,0.000977860692347009,0.15456747108275184,0.20392703899744374,9.871105501585195,,,,,,,,634080.0,,1,0,0,1,1
1789661121021.0,2.28,0.15463616,0.20398813,9.87159,-0.0009162971,0.00030543236,0.00015271618,-49.425003,3.9750001,7.2000003,9.874908233865286,0.000977860692347009,0.1546333910190805,0.20371901356544034,9.871809055082833,,,,,,,,634080.0,,1,0,0,1,1
1789661121031.0,2.29,0.15463616,0.20398813,9.87159,-0.0009162971,0.00030543236,0.00015271618,-49.425003,3.9750001,7.2000003,9.874908233865286,0.000977860692347009,0.1550009876601531,0.2022466256865474,9.87214096925292,,,,,,,,634080.0,,1,0,0,1,1
1789661121041.0,2.3,0.15613168,0.19770697,9.872487,-0.00015271618,0.00030543236,0.00015271618,-49.425003,3.9750001,7.2000003,9.875700720083369,0.0003740767164670295,0.15560434957650982,0.20007959027672254,9.87232434042676,,,,,,,,634080.0,,1,0,0,1,1
1789661121051.0,2.31,0.15613168,0.19770697,9.872487,-0.00015271618,0.00030543236,0.00015271618,-49.425003,3.9750001,7.2000003,9.875700720083369,0.0003740767164670295,0.15623706830973966,0.1980726605338286,9.872527126521689,,,,,,,,634080.0,,1,0,0,1,1
1789661121061.0,2.32,0.15613168,0.19770697,9.872487,-0.00015271618,0.00030543236,0.00015271618,-48.825,4.05,5.625,9.875700720083369,0.0003740767164670295,0.15660056878092737,0.19692214163964122,9.8727088364584,,,,,,,,634080.0,,1,0,0,1,1
1789661121071.0,2.33,0.15613168,0.19770697,9.872487,-0.00015271618,0.00030543236,0.00015271618,-48.825,4.05,5.625,9.875700720083369,0.0003740767164670295,0.1564180544717356,0.19690978859656671,9.872651041401266,,,,,,,,634080.0,,1,0,0,1,1
1789661121081.0,2.34,0.15613168,0.19770697,9.872487,-0.00015271618,0.00030543236,0.00015271618,-48.825,4.05,5.625,9.875700720083369,0.0003740767164670295,0.15560320493664653,0.19790328087368805,9.872144648079463,,,,,,,,634080.0,,1,0,0,1,1
1789661121091.0,2.35,0.15613168,0.19770697,9.872487,-0.00015271618,0.00030543236,0.00015271618,-48.825,4.05,5.625,9.875700720083369,0.0003740767164670295,0.1543987760171317,0.19948003317171384,9.871200636487556,,,,,,,,634080.0,,1,0,0,1,1
1789661121101.0,2.36,0.15194423,0.20249261,9.868897,-0.00015271618,0.00030543236,0.00015271618,-48.825,4.05,5.625,9.872143551566898,0.0003740767164670295,0.15332922139850147,0.20108017220848573,9.87011292500996,,,,,,,,634080.0,,1,0,0,1,1
1789661121111.0,2.37,0.15194423,0.20249261,9.868897,-0.00015271618,0.00030543236,0.00015271618,-48.825,4.05,5.625,9.872143551566898,0.0003740767164670295,0.1529053718319804,0.20220002679028448,9.869296444614985,,,,,,,,634080.0,,1,0,0,1,1
1789661121121.0,2.38,0.15194423,0.20249261,9.868897,-0.00015271618,0.00030543236,0.00015271618,-48.825,4.05,5.625,9.872143551566898,0.0003740767164670295,0.15327702588908546,0.20259239102519322,9.869019214708967,,,,,,,,634080.0,,1,0,0,1,1
1789661121131.0,2.39,0.15732808,0.20219351,9.869795,-0.00015271618,0.00030543236,0.00015271618,-48.825,4.05,5.625,9.873119450420297,0.0003740767164670295,0.15415225735267202,0.2023465277893549,9.86925214395734,,,,,,,,634080.0,,1,0,0,1,1
1789661121141.0,2.4,0.15493527,0.20129621,9.870094,0.0,0.00030543236,0.00015271618,-48.825,4.05,5.625,9.873362176628909,0.0003414837597440938,0.15505816731198893,0.2017805134912917,9.869741609696696,,,,,,,,634080.0,,1,0,0,1,1
1789661121151.0,2.41,0.15493527,0.20129621,9.870094,0.0,0.00030543236,0.00015271618,-48.825,4.05,5.625,9.873362176628909,0.0003414837597440938,0.15565532037533691,0.20123965121779513,9.870199127266686,,,,,,,,634080.0,,1,0,0,1,1
1789661121161.0,2.42,0.15493527,0.20129621,9.870094,0.0,0.00030543236,0.00015271618,-49.350002,3.6000001,6.7500005,9.873362176628909,0.0003414837597440938,0.15580116390434814,0.2009547893624449,9.870433142968057,,,,,,,,634080.0,,1,0,0,1,1
1789661121171.0,2.43,0.15493527,0.20129621,9.870094,0.0,0.00030543236,0.00015271618,-49.350002,3.6000001,6.7500005,9.873362176628909,0.0003414837597440938,0.15540738711090252,0.20101849048394985,9.87036309286537,,,,,,,,634080.0,,1,0,0,1,1
1789661121181.0,2.44,0.15493527,0.20129621,9.870094,0.0,0.00030543236,0.00015271618,-49.350002,3.6000001,6.7500005,9.873362176628909,0.0003414837597440938,0.1543862828924883,0.2014157843107385,9.86999124908646,,,,,,,,634080.0,,1,0,0,1,1
1789661121191.0,2.45,0.15493527,0.20129621,9.870094,0.0,0.00030543236,0.00015271618,-49.350002,3.6000001,6.7500005,9.873362176628909,0.0003414837597440938,0.1528213140889471,0.20203374387418252,9.869413208322767,,,,,,,,634080.0,,1,0,0,1,1
1789661121201.0,2.46,0.14985052,0.20309082,9.868599,0.0,0.00030543236,0.00015271618,-49.350002,3.6000001,6.7500005,9.871825934563146,0.0003414837597440938,0.15115291876073436,0.2026600606511686,9.86884551836394,,,,,,,,634080.0,,1,0,0,1,1
1789661121211.0,2.47,0.14985052,0.20309082,9.868599,0.0,0.00030543236,0.00015271618,-49.350002,3.6000001,6.7500005,9.871825934563146,0.0003414837597440938,0.15007873121881188,0.20303653235162766,9.868582840867672,,,,,,,,634080.0,,1,0,0,1,1
1789661121221.0,2.48,0.14985052,0.20309082,9.868599,0.0,0.00030543236,0.00015271618,-49.350002,3.6000001,6.7500005,9.871825934563146,0.0003414837597440938,0.15014747920484378,0.20297893376989543,9.868857157859335,,,,,,,,634080.0,,1,0,0,1,1
1789661121231.0,2.49,0.14985052,0.20309082,9.868599,0.0,0.00030543236,0.00015271618,-49.350002,3.6000001,6.7500005,9.871825934563146,0.0003414837597440938,0.1513648922569104,0.20248110382894002,9.869692121940897,,,,,,,,634080.0,,1,0,0,1,1
1789661121241.0,2.5,0.15523437,0.200698,9.872487,0.0,0.00030543236,0.00015271618,-49.350002,3.6000001,6.7500005,9.875746906538375,0.0003414837597440938,0.15316087599958966,0.20171246211320795,9.870881041887642,,,,,,,,634080.0,,1,0,0,1,1
1789661121251.0,2.51,0.15523437,0.200698,9.872487,0.0,0.00030543236,0.00015271618,-49.350002,3.6000001,6.7500005,9.875746906538375,0.0003414837597440938,0.15475934939210156,0.20091627773381635,9.872103913628374,,,,,,,,634080.0,,1,0,0,1,1
1789661121261.0,2.52,0.15523437,0.200698,9.872487,0.0,0.00030543236,0.00015271618,-49.800003,4.05,8.1,9.875746906538375,0.0003414837597440938,0.15564719002604063,0.20031273837288396,9.873052317483515,,,,,,,,634080.0,,1,0,0,1,1
1789661121271.0,2.53,0.15523437,0.200698,9.872487,0.0,0.00030543236,0.00015271618,-49.800003,4.05,8.1,9.875746906538375,0.0003414837597440938,0.15578527182324134,0.20008338053253918,9.873446284511896,,,,,,,,634080.0,,1,0,0,1,1
1789661121281.0,2.54,0.15523437,0.200698,9.872487,0.0,0.00030543236,0.00015271618,-49.800003,4.05,8.1,9.875746906538375,0.0003414837597440938,0.15547393422589542,0.2003813681138521,9.873014756216358,,,,,,,,634080.0,,1,0,0,1,1
1789661121291.0,2.55,0.15523437,0.200698,9.872487,0.0,0.00030543236,0.00015271618,-49.800003,4.05,8.1,9.875746906538375,0.0003414837597440938,0.15507623262782655,0.20125166627110827,9.87161224067913,,,,,,,,634080.0,,1,0,0,1,1
1789661121301.0,2.56,0.15523437,0.200698,9.872487,0.0,0.00030543236,0.00015271618,-49.800003,4.05,8.1,9.875746906538375,0.0003414837597440938,0.15483618495894402,0.20247421163305307,9.869459704452161,,,,,,,,634080.0,,1,0,0,1,1
1789661121311.0,2.57,0.15493527,0.20458634,9.864711,0.0,0.00030543236,0.00015271618,-49.800003,4.05,8.1,9.868048622799016,0.0003414837597440938,0.15485194137818636,0.20352516810203272,9.867226600112378,,,,,,,,634080.0,,1,0,0,1,1
1789661121321.0,2.58,0.15493527,0.20458634,9.864711,0.0,0.00030543236,0.00015271618,-49.800003,4.05,8.1,9.868048622799016,0.0003414837597440938,0.15511473875045514,0.20382012959055157,9.865719973460404,,,,,,,,634080.0,,1,0,0,1,1
1789661121331.0,2.59,0.15493527,0.20458634,9.864711,0.0,0.00030543236,0.00015271618,-49.800003,4.05,8.1,9.868048622799016,0.0003414837597440938,0.1555335814897712,0.20311644380471175,9.865360220111599,,,,,,,,634080.0,,1,0,0,1,1
1789661121341.0,2.6,0.15643078,0.19980069,9.867402,0.0,0.00030543236,0.00015271618,-49.800003,4.05,8.1,9.870664270162361,0.0003414837597440938,0.15595884357363676,0.2017226203181099,9.865918551202196,,,,,,,,634080.0,,1,0,0,1,1
1789661121351.0,2.61,0.15643078,0.19980069,9.867402,0.0,0.00030543236,0.00015271618,-49.800003,4.05,8.1,9.870664270162361,0.0003414837597440938,0.15625089574765097,0.20030201188955418,9.866766678755697,,,,,,,,634080.0,,1,0,0,1,1
1789661121361.0,2.62,0.15643078,0.19980069,9.867402,0.0,0.00030543236,0.00015271618,-49.2,3.825,6.3750005,9.870664270162361,0.0003414837597440938,0.15637391369570236,0.19943984755171218,9.867389556101914,,,,,,,,634080.0,,1,0,0,1,1
1789661121371.0,2.63,0.15643078,0.19980069,9.867402,0.0,0.00030543236,0.00015271618,-49.2,3.825,6.3750005,9.870664270162361,0.0003414837597440938,0.1564299048936039,0.19933547945961205,9.867700184902958,,,,,,,,634080.0,,1,0,0,1,1
1789661121381.0,2.64,0.15643078,0.19980069,9.867402,0.0,0.00030543236,0.00015271618,-49.2,3.825,6.3750005,9.870664270162361,0.0003414837597440938,0.15658021481717166,0.19980767119722387,9.86794596189633,,,,,,,,634080.0,,1,0,0,1,1
1789661121391.0,2.65,0.15643078,0.19980069,9.867402,0.0,0.00030543236,0.00015271618,-49.2,3.825,6.3750005,9.870664270162361,0.0003414837597440938,0.1569037858536392,0.20051948892955443,9.868385778694053,,,,,,,,634080.0,,1,0,0,1,1
1789661121401.0,2.66,0.1576272,0.20219351,9.870394,0.0,0.00030543236,0.00015271618,-49.2,3.825,6.3750005,9.87372301945431,0.0003414837597440938,0.1573082318156936,0.20122473969432858,9.869068405170216,,,,,,,,634080.0,,1,0,0,1,1
1789661121411.0,2.67,0.1576272,0.20219351,9.870394,0.0,0.00030543236,0.00015271618,-49.2,3.825,6.3750005,9.87372301945431,0.0003414837597440938,0.15757549548039204,0.20189405808780417,9.869869843538167,,,,,,,,634080.0,,1,0,0,1,1
1789661121421.0,2.68,0.1576272,0.20219351,9.870394,0.0,0.00030543236,0.00015271618,-49.2,3.825,6.3750005,9.87372301945431,0.0003414837597440938,0.15751510267702407,0.20266293591888163,9.870666070491016,,,,,,,,634080.0,,1,0,0,1,1
1789661121431.0,2.69,0.1576272,0.20219351,9.870394,0.0,0.00030543236,0.00015271618,-49.2,3.825,6.3750005,9.87372301945431,0.0003414837597440938,0.15710675056782736,0.20364453960090043,9.871421119152593,,,,,,,,634080.0,,1,0,0,1,1
1789661121441.0,2.7,0.15583257,0.20608185,9.8727865,0.0,0.00030543236,0.0,-49.2,3.825,6.3750005,9.876166604171605,0.00030543236,0.1565195551167539,0.20476275186289503,9.872126154845795,,,,,,,,634080.0,,1,0,0,1,1
1789661121451.0,2.71,0.15583257,0.20608185,9.8727865,0.0,0.00030543236,0.0,-49.2,3.825,6.3750005,9.876166604171605,0.00030543236,0.1559962845475034,0.20575839995554532,9.87270734465298,,,,,,,,634080.0,,1,0,0,1,1
1789661121461.0,2.72,0.15583257,0.20608185,9.8727865,0.0,0.00030543236,0.0,-48.750004,3.825,5.925,9.876166604171605,0.00030543236,0.15570206997508035,0.20635477170120448,9.873022042402612,,,,,,,,634080.0,,1,0,0,1,1
1789661121471.0,2.73,0.15583257,0.20608185,9.8727865,0.0,0.00030543236,0.0,-48.750004,3.825,5.925,9.876166604171605,0.00030543236,0.15565707151611985,0.20642295786839732,9.872946126999478,,,,,,,,634080.0,,1,0,0,1,1
1789661121481.0,2.74,0.15583257,0.20608185,9.8727865,0.0,0.00030543236,0.0,-48.750004,3.825,5.925,9.876166604171605,0.00030543236,0.15578564845156762,0.20602887724516022,9.87248025304059,,,,,,,,634080.0,,1,0,0,1,1
1789661121491.0,2.75,0.15583257,0.20608185,9.8727865,0.0,0.00030543236,0.0,-48.750004,3.825,5.925,9.876166604171605,0.00030543236,0.15601466288904348,0.20537432414619408,9.871793195492428,,,,,,,,634080.0,,1,0,0,1,1
1789661121501.0,2.76,0.15672988,0.20398813,9.870094,0.0,0.00030543236,0.0,-48.750004,3.825,5.925,9.873445750157424,0.00030543236,0.15633124426294134,0.20469525804953814,9.8711408256766,,,,,,,,634080.0,,1,0,0,1,1
1789661121511.0,2.77,0.15672988,0.20398813,9.870094,0.0,0.00030543236,0.0,-48.750004,3.825,5.925,9.873445750157424,0.00030543236,0.15675905200528129,0.2041621264452101,9.870681517303568,,,,,,,,634080.0,,1,0,0,1,1
1789661121521.0,2.78,0.15672988,0.20398813,9.870094,0.0,0.00030543236,0.0,-48.750004,3.825,5.925,9.873445750157424,0.00030543236,0.15727999289894048,0.2038245787679683,9.870338551124762,,,,,,,,634080.0,,1,0,0,1,1
1789661121531.0,2.79,0.15672988,0.20398813,9.870094,0.0,0.00030543236,0.0,-48.750004,3.825,5.925,9.873445750157424,0.00030543236,0.15778163470425158,0.20363508256501445,9.869876417615966,,,,,,,,634080.0,,1,0,0,1,1
1789661121541.0,2.8,0.16091733,0.20368902,9.872487,0.0,0.00030543236,0.0,-48.750004,3.825,5.925,9.875899106872847,0.00030543236,0.15810111298956148,0.20352430072089825,9.86915229280469,,,,,,,,634080.0,,1,0,0,1,1
1789661121551.0,2.81,0.15702899,0.20309082,9.865907,0.0,0.00030543236,-0.0006108647,-48.750004,3.825,5.925,9.869246420954221,0.0006829675015996439,0.15813141442957404,0.20344712025003087,9.868263523695466,,,,,,,,634080.0,,1,0,0,1,1
1789661121561.0,2.82,0.15702899,0.20309082,9.865907,0.0,0.00030543236,-0.0006108647,-49.350002,3.825,6.9750004,9.869246420954221,0.0006829675015996439,0.1578646596758907,0.20335857725288053,9.867376272534623,,,,,,,,634080.0,,1,0,0,1,1
1789661121571.0,2.83,0.15702899,0.20309082,9.865907,0.0,0.00030543236,-0.0006108647,-49.350002,3.825,6.9750004,9.869246420954221,0.0006829675015996439,0.15732704405191095,0.20317465277763425,9.866412087910009,,,,,,,,634080.0,,1,0,0,1,1
1789661121581.0,2.84,0.15702899,0.20309082,9.865907,0.0,0.00030543236,-0.0006108647,-49.350002,3.825,6.9750004,9.869246420954221,0.0006829675015996439,0.15652357051675309,0.20279995115454508,9.865026995084762,,,,,,,,634080.0,,1,0,0,1,1
1789661121591.0,2.85,0.15702899,0.20309082,9.865907,0.0,0.00030543236,-0.0006108647,-49.350002,3.825,6.9750004,9.869246420954221,0.0006829675015996439,0.15549749455858902,0.20221868699395826,9.86303977121522,,,,,,,,634080.0,,1,0,0,1,1
1789661121601.0,2.86,0.15314065,0.200698,9.859626,0.0,0.00030543236,-0.0006108647,-49.350002,3.825,6.9750004,9.862857426008064,0.0006829675015996439,0.15441901767173663,0.20154765136044048,9.860912119652046,,,,,,,,634080.0,,1,0,0,1,1
1789661121611.0,2.87,0.15314065,0.200698,9.859626,0.0,0.00030543236,-0.0006108647,-49.350002,3.825,6.9750004,9.862857426008064,0.0006829675015996439,0.1535428322289819,0.20097013740667355,9.859712937397724,,,,,,,,634080.0,,1,0,0,1,1
1789661121621.0,2.88,0.15314065,0.200698,9.859626,0.0,0.00030543236,-0.0006108647,-49.350002,3.825,6.9750004,9.862857426008064,0.0006829675015996439,0.15303830204517296,0.20059906914571982,9.86045174747645,,,,,,,,634080.0,,1,0,0,1,1
1789661121631.0,2.89,0.15314065,0.200698,9.859626,0.0,0.00030543236,-0.0006108647,-49.350002,3.825,6.9750004,9.862857426008064,0.0006829675015996439,0.152866953803649,0.200401075894895,9.86328877022644,,,,,,,,634080.0,,1,0,0,1,1
1789661121641.0,2.9,0.15284155,0.2000998,9.871889,0.0,0.00030543236,0.00015271618,-49.350002,3.825,6.9750004,9.875099639886548,0.0003414837597440938,0.15283538555705545,0.200251127988368,9.867297042403308,,,,,,,,634080.0,,1,0,0,1,1
1789661121651.0,2.91,0.15284155,0.2000998,9.871889,0.0,0.00030543236,0.00015271618,-49.350002,3.825,6.9750004,9.875099639886548,0.0003414837597440938,0.15277180162948809,0.20006338690115008,9.870986569025982,,,,,,,,634080.0,,1,0,0,1,1
1789661121661.0,2.92,0.15284155,0.2000998,9.871889,0.0,0.00030543236,0.00015271618,-49.125004,4.125,5.925,9.875099639886548,0.0003414837597440938,0.15267367174131363,0.19988965953085583,9.873139800992382,,,,,,,,634080.0,,1,0,0,1,1
1789661121671.0,2.93,0.15284155,0.2000998,9.871889,0.0,0.00030543236,0.00015271618,-49.125004,4.125,5.925,9.875099639886548,0.0003414837597440938,0.15271354785288888,0.19990953878529225,9.873319155554494,,,,,,,,634080.0,,1,0,0,1,1
1789661121681.0,2.94,0.15284155,0.2000998,9.871889,0.0,0.00030543236,0.00015271618,-49.125004,4.125,5.925,9.875099639886548,0.0003414837597440938,0.15309684538869592,0.2003045393002757,9.871840412534636,,,,,,,,634080.0,,1,0,0,1,1
1789661121691.0,2.95,0.15284155,0.2000998,9.871889,0.0,0.00030543236,0.00015271618,-49.125004,4.125,5.925,9.875099639886548,0.0003414837597440938,0.15387088575538976,0.20108747942649377,9.869477277040938,,,,,,,,634080.0,,1,0,0,1,1
1789661121701.0,2.96,0.15583257,0.20279172,9.865608,0.0,0.00030543236,0.00015271618,-49.125004,4.125,5.925,9.86892240729642,0.0003414837597440938,0.15483403943022836,0.20201642666141448,9.867164380614076,,,,,,,,634080.0,,1,0,0,1,1
1789661121711.0,2.97,0.15583257,0.20279172,9.865608,0.0,0.00030543236,0.00015271618,-49.125004,4.125,5.925,9.86892240729642,0.0003414837597440938,0.15562889755473347,0.20268789713099247,9.865720094550742,,,,,,,,634080.0,,1,0,0,1,1
1789661121721.0,2.98,0.15583257,0.20279172,9.865608,0.0,0.00030543236,0.00015271618,-49.125004,4.125,5.925,9.86892240729642,0.0003414837597440938,0.1559507128744883,0.20276590365664565,9.865568381082175,,,,,,,,634080.0,,1,0,0,1,1
1789661121731.0,2.99,0.15583257,0.20279172,9.865608,0.0,0.00030543236,0.00015271618,-49.125004,4.125,5.925,9.86892240729642,0.0003414837597440938,0.15570897642204706,0.20218342604693992,9.866581736778656,,,,,,,,634080.0,,1,0,0,1,1
1789661121741.0,3.0,0.15433706,0.2000998,9.869795,0.0,0.00030543236,0.00015271618,-49.125004,4.125,5.925,9.873029585698328,0.0003414837597440938,0.15504666139245413,0.20117689165528568,9.868182875885246,,,,,,,,634080.0,,1,0,0,1,1
1789661121751.0,3.01,0.15433706,0.2000998,9.869795,0.0,0.00030543236,0.00015271618,-49.125004,4.125,5.925,9.873029585698328,0.0003414837597440938,0.15426105275012886,0.20015683355541578,9.869658681044651,,,,,,,,634080.0,,1,0,0,1,1
1789661121761.0,3.02,0.15433706,0.2000998,9.869795,0.0,0.00030543236,0.00015271618,-48.825,3.825,6.4500003,9.873029585698328,0.0003414837597440938,0.15371951865787337,0.19953255547510812,9.870473146668818,,,,,,,,634080.0,,1,0,0,1,1
1789661121771.0,3.03,0.15433706,0.2000998,9.869795,0.0,0.00030543236,0.00015271618,-48.825,3.825,6.4500003,9.873029585698328,0.0003414837597440938,0.15378444704984576,0.19958721076226107,9.870406644898626,,,,,,,,634080.0,,1,0,0,1,1
1789661121781.0,3.04,0.15433706,0.2000998,9.869795,0.0,0.00030543236,0.00015271618,-48.825,3.825,6.4500003,9.873029585698328,0.0003414837597440938,0.15468068047709224,0.2003974380742977,9.869535046620193,,,,,,,,634080.0,,1,0,0,1,1
1789661121791.0,3.05,0.15433706,0.2000998,9.869795,0.0,0.00030543236,0.00015271618,-48.825,3.825,6.4500003,9.873029585698328,0.0003414837597440938,0.15630076837169507,0.20176943908963882,9.868159330986694,,,,,,,,634080.0,,1,0,0,1,1
1789661121801.0,3.06,0.1594218,0.20458634,9.865309,0.0,0.00030543236,0.00015271618,-48.825,3.825,6.4500003,9.86871787753155,0.0003414837597440938,0.15810425809537673,0.20325239949248297,9.866715717941727,,,,,,,,634080.0,,1,0,0,1,1
1789661121811.0,3.07,0.1594218,0.20458634,9.865309,0.0,0.00030543236,0.00015271618,-48.825,3.825,6.4500003,9.86871787753155,0.0003414837597440938,0.15929577508466478,0.20431544152862902,9.86562248140422,,,,,,,,634080.0,,1,0,0,1,1
1789661121821.0,3.08,0.1594218,0.20458634,9.865309,0.0,0.00030543236,0.00015271618,-48.825,3.825,6.4500003,9.86871787753155,0.0003414837597440938,0.15924943386697316,0.20462980737535094,9.86509941968561,,,,,,,,634080.0,,1,0,0,1,1
1789661121831.0,3.09,0.1594218,0.20458634,9.865309,0.0,0.00030543236,0.00015271618,-48.825,3.825,6.4500003,9.86871787753155,0.0003414837597440938,0.15789275103419242,0.20425062457348592,9.86509126840064,,,,,,,,634080.0,,1,0,0,1,1
1789661121841.0,3.1,0.15343975,0.20279172,9.865608,0.0,0.00030543236,0.00015271618,-48.825,3.825,6.4500003,9.868884914125031,0.0003414837597440938,0.15576083396427534,0.20354754249996931,9.86535882964464,,,,,,,,634080.0,,1,0,0,1,1
1789661121851.0,3.11,0.15343975,0.20279172,9.865608,0.0,0.00030543236,0.00015271618,-48.825,3.825,6.4500003,9.868884914125031,0.0003414837597440938,0.15369992321542067,0.2029416565852415,9.865648645335135,,,,,,,,634080.0,,1,0,0,1,1
1789661121861.0,3.12,0.15343975,0.20279172,9.865608,0.0,0.00030543236,0.00015271618,-49.800003,3.9,7.3500004,9.868884914125031,0.0003414837597440938,0.15246960194215622,0.2026533208729406,9.865805342719948,,,,,,,,634080.0,,1,0,0,1,1
1789661121871.0,3.13,0.15343975,0.20279172,9.865608,0.0,0.00030543236,0.00015271618,-49.800003,3.9,7.3500004,9.868884914125031,0.0003414837597440938,0.15249404232650948,0.2026309088336047,9.865780032477934,,,,,,,,634080.0,,1,0,0,1,1
1789661121881.0,3.14,0.15343975,0.20279172,9.865608,0.0,0.00030543236,0.00015271618,-49.800003,3.9,7.3500004,9.868884914125031,0.0003414837597440938,0.15378604722416928,0.20267186294473552,9.865590029061114,,,,,,,,634080.0,,1,0,0,1,1
1789661121891.0,3.15,0.15343975,0.20279172,9.865608,0.0,0.00030543236,0.00015271618,-49.800003,3.9,7.3500004,9.868884914125031,0.0003414837597440938,0.15593891968528598,0.20261060966312064,9.865299482832905,,,,,,,,634080.0,,1,0,0,1,1
1789661121901.0,3.16,0.16002001,0.20219351,9.865009,0.0,0.00030543236,0.00015271618,-49.800003,3.9,7.3500004,9.868378346474538,0.0003414837597440938,0.15819860906134497,0.2024313042976731,9.865027626861641,,,,,,,,634080.0,,1,0,0,1,1
1789661121911.0,3.17,0.16002001,0.20219351,9.865009,0.0,0.00030543236,0.00015271618,-49.800003,3.9,7.3500004,9.868378346474538,0.0003414837597440938,0.15972715297308726,0.20224933414617255,9.86493478117971,,,,,,,,634080.0,,1,0,0,1,1
1789661121921.0,3.18,0.16002001,0.20219351,9.865009,0.0,0.00030543236,0.00015271618,-49.800003,3.9,7.3500004,9.868378346474538,0.0003414837597440938,0.16000889092342746,0.20220699132214598,9.86515092971787,,,,,,,,634080.0,,1,0,0,1,1
1789661121931.0,3.19,0.16002001,0.20219351,9.865009,0.0,0.00030543236,0.00015271618,-49.800003,3.9,7.3500004,9.868378346474538,0.0003414837597440938,0.15912753674039057,0.20237271531905476,9.86568161412643,,,,,,,,634080.0,,1,0,0,1,1
1789661121941.0,3.2,0.15613168,0.20309082,9.867104,0.0,0.00030543236,-0.00045814854,-49.800003,3.9,7.3500004,9.870428781440241,0.0005506260175829881,0.15768165243589274,0.20270480455036924,9.866373291742015,,,,,,,,634080.0,,1,0,0,1,1
1789661121951.0,3.21,0.15613168,0.20309082,9.867104,0.0,0.00030543236,-0.00045814854,-49.800003,3.9,7.3500004,9.870428781440241,0.0005506260175829881,0.15639519778717703,0.20307823468539138,9.866983722015664,,,,,,,,634080.0,,1,0,0,1,1
1789661121961.0,3.22,0.15613168,0.20309082,9.867104,0.0,0.00030543236,-0.00045814854,-50.025,3.7500002,7.5750003,9.870428781440241,0.0005506260175829881,0.1557193345146351,0.20333447401774155,9.86731088292726,,,,,,,,634080.0,,1,0,0,1,1
1789661121971.0,3.23,0.15613168,0.20309082,9.867104,0.0,0.00030543236,-0.00045814854,-50.025,3.7500002,7.5750003,9.870428781440241,0.0005506260175829881,0.1556895541044559,0.20332871626885515,9.86728692795706,,,,,,,,634080.0,,1,0,0,1,1
1789661121981.0,3.24,0.15613168,0.20309082,9.867104,0.0,0.00030543236,-0.00045814854,-50.025,3.7500002,7.5750003,9.870428781440241,0.0005506260175829881,0.15605849739731759,0.20298533253695547,9.86698766897768,,,,,,,,634080.0,,1,0,0,1,1
1789661121991.0,3.25,0.15613168,0.20309082,9.867104,0.0,0.00030543236,-0.00045814854,-50.025,3.7500002,7.5750003,9.870428781440241,0.0005506260175829881,0.1565239969962654,0.20236589110185954,9.866572575758092,,,,,,,,634080.0,,1,0,0,1,1
1789661122001.0,3.26,0.15702899,0.20129621,9.865608,0.0,0.00030543236,-0.00045814854,-50.025,3.7500002,7.5750003,9.868910754360117,0.0005506260175829881,0.15687949635980863,0.20169975081860403,9.86618788879906,,,,,,,,634080.0,,1,0,0,1,1
1789661122011.0,3.27,0.15702899,0.20129621,9.865608,0.0,0.00030543236,-0.00045814854,-50.025,3.7500002,7.5750003,9.868910754360117,0.0005506260175829881,0.15704776271178564,0.20130873720688797,9.86586837401214,,,,,,,,634080.0,,1,0,0,1,1
1789661122021.0,3.28,0.15702899,0.20129621,9.865608,0.0,0.00030543236,-0.00045814854,-50.025,3.7500002,7.5750003,9.868910754360117,0.0005506260175829881,0.15704882919316202,0.20143366420722042,9.865497550765358,,,,,,,,634080.0,,1,0,0,1,1
1789661122031.0,3.29,0.15702899,0.20129621,9.865608,0.0,0.00030543236,-0.00045814854,-50.025,3.7500002,7.5750003,9.868910754360117,0.0005506260175829881,0.15695226048886673,0.20207597707151073,9.864881243920848,,,,,,,,634080.0,,1,0,0,1,1
1789661122041.0,3.3,0.15672988,0.20398813,9.862916,0.0,0.00030543236,-0.0009162971,-50.025,3.7500002,7.5750003,9.866270188653953,0.000965861947694172,0.15683383699357922,0.20298310861398092,9.863916984914184,,,,,,,,634080.0,,1,0,0,1,1
1789661122051.0,3.31,0.15672988,0.20398813,9.862916,0.0,0.00030543236,-0.0009162971,-50.025,3.7500002,7.5750003,9.866270188653953,0.000965861947694172,0.1567444481831826,0.20379769680060114,9.862767297120069,,,,,,,,634080.0,,1,0,0,1,1
1789661122061.0,3.32,0.15672988,0.20398813,9.862916,0.0,0.00030543236,-0.0009162971,-49.425003,3.9750001,7.5750003,9.866270188653953,0.000965861947694172,0.15669889929585332,0.20425458613527878,9.861927321811345,,,,,,,,634080.0,,1,0,0,1,1
1789661122071.0,3.33,0.15672988,0.20398813,9.862916,0.0,0.00030543236,-0.0009162971,-49.425003,3.9750001,7.5750003,9.866270188653953,0.000965861947694172,0.15668597688813785,0.20428251452933704,9.86208862197223,,,,,,,,634080.0,,1,0,0,1,1
1789661122081.0,3.34,0.15672988,0.20398813,9.862916,0.0,0.00030543236,-0.0009162971,-49.425003,3.9750001,7.5750003,9.866270188653953,0.000965861947694172,0.1566870784950968,0.20397276225130642,9.863759354473274,,,,,,,,634080.0,,1,0,0,1,1
1789661122091.0,3.35,0.15672988,0.20398813,9.862916,0.0,0.00030543236,-0.0009162971,-49.425003,3.9750001,7.5750003,9.866270188653953,0.000965861947694172,0.15668381676819546,0.20348664003164033,9.86679739141999,,,,,,,,634080.0,,1,0,0,1,1
1789661122101.0,3.36,0.15643078,0.20249261,9.873384,0.0,0.00030543236,-0.0009162971,-49.425003,3.9750001,7.5750003,9.876699117493253,0.000965861947694172,0.15664793012621775,0.20297935954552956,9.870241215609267,,,,,,,,634080.0,,1,0,0,1,1
1789661122111.0,3.37,0.15643078,0.20249261,9.873384,0.0,0.00030543236,-0.0009162971,-49.425003,3.9750001,7.5750003,9.876699117493253,0.000965861947694172,0.15653178914227345,0.2025633230829105,9.872732793037386,,,,,,,,634080.0,,1,0,0,1,1
1789661122121.0,3.38,0.15643078,0.20249261,9.873384,0.0,0.00030543236,-0.0009162971,-49.425003,3.9750001,7.5750003,9.876699117493253,0.000965861947694172,0.15628658778728471,0.20230540324644491,9.873331782923692,,,,,,,,634080.0,,1,0,0,1,1
1789661122131.0,3.39,0.15643078,0.20249261,9.873384,0.0,0.00030543236,-0.0009162971,-49.425003,3.9750001,7.5750003,9.876699117493253,0.000965861947694172,0.15590701819238706,0.2022450072051952,9.872103537777312,,,,,,,,634080.0,,1,0,0,1,1
1789661122141.0,3.4,0.15493527,0.20249261,9.867702,-0.0006108647,-0.00030543236,0.00015271618,-49.425003,3.9750001,7.5750003,9.870995438951361,0.00069983343723707,0.15546036726924534,0.20239781089989786,9.870010966233552,,,,,,,,634080.0,,1,0,0,1,1
1789661122151.0,3.41,0.15493527,0.20249261,9.867702,-0.0006108647,-0.00030543236,0.00015271618,-49.425003,3.9750001,7.5750003,9.870995438951361,0.00069983343723707,0.15506187016664458,0.20270832920626897,9.8682162408794,,,,,,,,634080.0,,1,0,0,1,1
1789661122161.0,3.42,0.15493527,0.20249261,9.867702,-0.0006108647,-0.00030543236,0.00015271618,-49.425003,4.125,7.05,9.870995438951361,0.00069983343723707,0.1548149568728839,0.20297741729097438,9.8673504305652,,,,,,,,634080.0,,1,0,0,1,1
1789661122171.0,3.43,0.15493527,0.20249261,9.867702,-0.0006108647,-0.00030543236,0.00015271618,-49.425003,4.125,7.05,9.870995438951361,0.00069983343723707,0.1547731565828536,0.20287009798626482,9.867270949362,,,,,,,,634080.0,,1,0,0,1,1
1789661122181.0,3.44,0.15493527,0.20249261,9.867702,-0.0006108647,-0.00030543236,0.00015271618,-49.425003,4.125,7.05,9.870995438951361,0.00069983343723707,0.1549492971620426,0.20209282860460406,9.867393763272494,,,,,,,,634080.0,,1,0,0,1,1
1789661122191.0,3.45,0.15493527,0.20249261,9.867702,-0.0006108647,-0.00030543236,0.00015271618,-49.425003,4.125,7.05,9.870995438951361,0.00069983343723707,0.15534405930876294,0.20067425526584984,9.867261570955174,,,,,,,,634080.0,,1,0,0,1,1
1789661122201.0,3.46,0.15672988,0.19800608,9.866804,-0.0006108647,-0.00030543236,0.00015271618,-49.425003,4.125,7.05,9.870035047426011,0.00069983343723707,0.15595302520813273,0.19911224174035236,9.866907626446677,,,,,,,,634080.0,,1,0,0,1,1
1789661122211.0,3.47,0.15672988,0.19800608,9.866804,-0.0006108647,-0.00030543236,0.00015271618,-49.425003,4.125,7.05,9.870035047426011,0.00069983343723707,0.1567333641778471,0.19817574143081412,9.866788617119566,,,,,,,,634080.0,,1,0,0,1,1
1789661122221.0,3.48,0.15672988,0.19800608,9.866804,-0.0006108647,-0.00030543236,0.00015271618,-49.425003,4.125,7.05,9.870035047426011,0.00069983343723707,0.15754737556755394,0.1984259131310995,9.867380034601386,,,,,,,,634080.0,,1,0,0,1,1
1789661122231.0,3.49,0.15672988,0.19800608,9.866804,-0.0006108647,-0.00030543236,0.00015271618,-49.425003,4.125,7.05,9.870035047426011,0.00069983343723707,0.15815198178526257,0.19980777405869257,9.868757004890643,,,,,,,,634080.0,,1,0,0,1,1
1789661122241.0,3.5,0.16181463,0.20428723,9.873085,-0.0006108647,-0.00030543236,0.00015271618,-49.425003,4.125,7.05,9.876523916036861,0.00069983343723707,0.15831032658663627,0.20165933926020585,9.870490556476755,,,,,,,,634080.0,,1,0,0,1,1
1789661122251.0,3.51,0.15672988,0.20338993,9.872188,0.0,0.00030543236,0.00015271618,-49.425003,4.125,7.05,9.875526701207091,0.0003414837597440938,0.15797920556897269,0.20315454056780444,9.871937480756321,,,,,,,,634080.0,,1,0,0,1,1
1789661122261.0,3.52,0.15672988,0.20338993,9.872188,0.0,0.00030543236,0.00015271618,-49.800003,3.9,6.6000004,9.875526701207091,0.0003414837597440938,0.15738468808278186,0.20382922359205363,9.872666997787844,,,,,,,,634080.0,,1,0,0,1,1
1789661122271.0,3.53,0.15672988,0.20338993,9.872188,0.0,0.00030543236,0.00015271618,-49.800003,3.9,6.6000004,9.875526701207091,0.0003414837597440938,0.15687215967486343,0.20378696382505357,9.872672317687991,,,,,,,,634080.0,,1,0,0,1,1
1789661122281.0,3.54,0.15672988,0.20338993,9.872188,0.0,0.00030543236,0.00015271618,-49.800003,3.9,6.6000004,9.875526701207091,0.0003414837597440938,0.1566630287282071,0.20348331724878227,9.872255089452334,,,,,,,,634080.0,,1,0,0,1,1
1789661122291.0,3.55,0.15672988,0.20338993,9.872188,0.0,0.00030543236,0.00015271618,-49.800003,3.9,6.6000004,9.875526701207091,0.0003414837597440938,0.15675158227253658,0.2033199692311137,9.871757188755161,,,,,,,,634080.0,,1,0,0,1,1
1789661122301.0,3.56,0.1576272,0.20309082,9.870992,0.0,0.00030543236,0.00015271618,-49.800003,3.9,6.6000004,9.874339232546758,0.0003414837597440938,0.1570140738410792,0.2033557692823168,9.871364346638975,,,,,,,,634080.0,,1,0,0,1,1
1789661122311.0,3.57,0.1576272,0.20309082,9.870992,0.0,0.00030543236,0.00015271618,-49.800003,3.9,6.6000004,9.874339232546758,0.0003414837597440938,0.15738988817545024,0.20329547121647748,9.87107137379829,,,,,,,,634080.0,,1,0,0,1,1
1789661122321.0,3.58,0.1576272,0.20309082,9.870992,0.0,0.00030543236,0.00015271618,-49.800003,3.9,6.6000004,9.874339232546758,0.0003414837597440938,0.15794655684825437,0.20272921289364715,9.870774492454528,,,,,,,,634080.0,,1,0,0,1,1
1789661122331.0,3.59,0.1576272,0.20309082,9.870992,0.0,0.00030543236,0.00015271618,-49.800003,3.9,6.6000004,9.874339232546758,0.0003414837597440938,0.1587722898563986,0.20145599551257606,9.870404097468235,,,,,,,,634080.0,,1,0,0,1,1
1789661122341.0,3.6,0.16091733,0.19770697,9.869496,0.0,0.00030543236,0.00015271618,-49.800003,3.9,6.6000004,9.872787535802486,0.0003414837597440938,0.15981265092011548,0.19967407403247578,9.870000696806141,,,,,,,,634080.0,,1,0,0,1,1
1789661122351.0,3.61,0.16091733,0.19770697,9.869496,0.0,0.00030543236,0.00015271618,-49.800003,3.9,6.6000004,9.872787535802486,0.0003414837597440938,0.16081219614186648,0.19791987418671358,9.869677922765563,,,,,,,,634080.0,,1,0,0,1,1
1789661122361.0,3.62,0.16091733,0.19770697,9.869496,0.0,0.00030543236,0.00015271618,-49.65,3.7500002,7.3500004,9.872787535802486,0.0003414837597440938,0.16140900903560101,0.19683032386560756,9.869512149270623,,,,,,,,634080.0,,1,0,0,1,1
1789661122371.0,3.63,0.16091733,0.19770697,9.869496,0.0,0.00030543236,0.00015271618,-49.65,3.7500002,7.3500004,9.872787535802486,0.0003414837597440938,0.16131179512930716,0.19688807771483408,9.869466875737643,,,,,,,,634080.0,,1,0,0,1,1
1789661122381.0,3.64,0.16091733,0.19770697,9.869496,0.0,0.00030543236,0.00015271618,-49.65,3.7500002,7.3500004,9.872787535802486,0.0003414837597440938,0.16047185646907722,0.19822159922180163,9.869425242323478,,,,,,,,634080.0,,1,0,0,1,1
1789661122391.0,3.65,0.16091733,0.19770697,9.869496,0.0,0.00030543236,0.00015271618,-49.65,3.7500002,7.3500004,9.872787535802486,0.0003414837597440938,0.15916941673794652,0.20047997323940805,9.869303164790505,,,,,,,,634080.0,,1,0,0,1,1
1789661122401.0,3.66,0.15643078,0.20518455,9.869197,0.0,0.00030543236,0.00015271618,-49.65,3.7500002,7.3500004,9.872569104002215,0.0003414837597440938,0.15791470367453225,0.20289028244910734,9.86914596726379,,,,,,,,634080.0,,1,0,0,1,1
1789661122411.0,3.67,0.15643078,0.20518455,9.869197,0.0,0.00030543236,0.00015271618,-49.65,3.7500002,7.3500004,9.872569104002215,0.0003414837597440938,0.1571404991568648,0.20460005084210423,9.869122455016782,,,,,,,,634080.0,,1,0,0,1,1
1789661122421.0,3.68,0.15643078,0.20518455,9.869197,0.0,0.00030543236,0.00015271618,-49.65,3.7500002,7.3500004,9.872569104002215,0.0003414837597440938,0.1568785592746722,0.2051545257287784,9.869406626189672,,,,,,,,634080.0,,1,0,0,1,1
1789661122431.0,3.69,0.15643078,0.20518455,9.869197,0.0,0.00030543236,0.00015271618,-49.65,3.7500002,7.3500004,9.872569104002215,0.0003414837597440938,0.1567284911784936,0.20474200138777274,9.870029897208791,,,,,,,,634080.0,,1,0,0,1,1
1789661122441.0,3.7,0.16002001,0.20189442,9.87159,0.0,0.00030543236,0.00015271618,-49.65,3.7500002,7.3500004,9.874950981575935,0.0003414837597440938,0.15620953124509931,0.2039918651010009,9.87082748158379,,,,,,,,634080.0,,1,0,0,1,1
1789661122451.0,3.71,0.15314065,0.20398813,9.871889,0.0,0.00015271618,-0.0009162971,-49.65,3.7500002,7.3500004,9.87518382837425,0.0009289362772021568,0.15519656245428565,0.20350178051255546,9.871536522508666,,,,,,,,634080.0,,1,0,0,1,1
1789661122461.0,3.72,0.15314065,0.20398813,9.871889,0.0,0.00015271618,-0.0009162971,-49.65,3.6000001,6.9750004,9.87518382837425,0.0009289362772021568,0.15402577230237322,0.20348313942236398,9.871967262232548,,,,,,,,634080.0,,1,0,0,1,1
1789661122471.0,3.73,0.15314065,0.20398813,9.871889,0.0,0.00015271618,-0.0009162971,-49.65,3.6000001,6.9750004,9.87518382837425,0.0009289362772021568,0.15318599789321483,0.20375509872490252,9.87209758209368,,,,,,,,634080.0,,1,0,0,1,1
1789661122481.0,3.74,0.15314065,0.20398813,9.871889,0.0,0.00015271618,-0.0009162971,-49.65,3.6000001,6.9750004,9.87518382837425,0.0009289362772021568,0.15292203880997227,0.20399500144225335,9.872019656405307,,,,,,,,634080.0,,1,0,0,1,1
1789661122491.0,3.75,0.15314065,0.20398813,9.871889,0.0,0.00015271618,-0.0009162971,-49.65,3.6000001,6.9750004,9.87518382837425,0.0009289362772021568,0.15311159084829112,0.20399193348033504,9.871809482208608,,,,,,,,634080.0,,1,0,0,1,1
1789661122501.0,3.76,0.15403795,0.20338993,9.870992,0.0,0.00015271618,-0.0009162971,-49.65,3.6000001,6.9750004,9.874288744903584,0.0009289362772021568,0.15346473213968703,0.20374058439391743,9.871451718368847,,,,,,,,634080.0,,1,0,0,1,1
1789661122511.0,3.77,0.15403795,0.20338993,9.870992,0.0,0.00015271618,-0.0009162971,-49.65,3.6000001,6.9750004,9.874288744903584,0.0009289362772021568,0.15381208738325478,0.2033878339579155,9.870895399278963,,,,,,,,634080.0,,1,0,0,1,1
1789661122521.0,3.78,0.15403795,0.20338993,9.870992,0.0,0.00015271618,-0.0009162971,-49.65,3.6000001,6.9750004,9.874288744903584,0.0009289362772021568,0.1542234547744841,0.20312965345038353,9.870196673020567,,,,,,,,634080.0,,1,0,0,1,1
1789661122531.0,3.79,0.15403795,0.20338993,9.870992,0.0,0.00015271618,-0.0009162971,-49.65,3.6000001,6.9750004,9.874288744903584,0.0009289362772021568,0.15488024716403934,0.2031248803062351,9.869599552734835,,,,,,,,634080.0,,1,0,0,1,1
1789661122541.0,3.8,0.15583257,0.20279172,9.866206,0.0,0.00015271618,-0.0009162971,-49.65,3.6000001,6.9750004,9.869520206474546,0.0009289362772021568,0.15584012960207602,0.20343021096445885,9.869416912898451,,,,,,,,634080.0,,1,0,0,1,1
1789661122551.0,3.81,0.1576272,0.20428723,9.870692,0.0,-0.00030543236,-0.0010690133,-49.65,3.6000001,6.9750004,9.874064014648928,0.0011117906107321017,0.15690997217787997,0.2039507944072679,9.869759141257175,,,,,,,,634080.0,,1,0,0,1,1
1789661122561.0,3.82,0.1576272,0.20428723,9.870692,0.0,-0.00030543236,-0.0010690133,-49.425003,3.9750001,6.525,9.874064014648928,0.0011117906107321017,0.15772703963515539,0.20443709601356028,9.870360385291756,,,,,,,,634080.0,,1,0,0,1,1
1789661122571.0,3.83,0.1576272,0.20428723,9.870692,0.0,-0.00030543236,-0.0010690133,-49.425003,3.9750001,6.525,9.874064014648928,0.0011117906107321017,0.1579671268099764,0.20457033683974873,9.870707189300756,,,,,,,,634080.0,,1,0,0,1,1
1789661122581.0,3.84,0.1576272,0.20428723,9.870692,0.0,-0.00030543236,-0.0010690133,-49.425003,3.9750001,6.525,9.874064014648928,0.0011117906107321017,0.15752674684327495,0.2041317362894625,9.870390394483293,,,,,,,,634080.0,,1,0,0,1,1
1789661122591.0,3.85,0.1576272,0.20428723,9.870692,0.0,-0.00030543236,-0.0010690133,-49.425003,3.9750001,6.525,9.874064014648928,0.0011117906107321017,0.15657955042835164,0.20317509021575425,9.86938675230063,,,,,,,,634080.0,,1,0,0,1,1
1789661122601.0,3.86,0.15433706,0.20129621,9.866206,0.0,-0.00030543236,-0.0010690133,-49.425003,3.9750001,6.525,9.869466091267846,0.0011117906107321017,0.1554846136241794,0.20207438716710635,9.868038874302187,,,,,,,,634080.0,,1,0,0,1,1
1789661122611.0,3.87,0.15433706,0.20129621,9.866206,0.0,-0.00030543236,-0.0010690133,-49.425003,3.9750001,6.525,9.869466091267846,0.0011117906107321017,0.15459381026780827,0.20136324157696286,9.866763575609276,,,,,,,,634080.0,,1,0,0,1,1
1789661122621.0,3.88,0.15433706,0.20129621,9.866206,0.0,-0.00030543236,-0.0010690133,-49.425003,3.9750001,6.525,9.869466091267846,0.0011117906107321017,0.15407668859544862,0.2014315036080804,9.865752919765004,,,,,,,,634080.0,,1,0,0,1,1
1789661122631.0,3.89,0.15433706,0.20129621,9.866206,0.0,-0.00030543236,-0.0010690133,-49.425003,3.9750001,6.525,9.869466091267846,0.0011117906107321017,0.15388329837382822,0.2022818043421617,9.864923513047842,,,,,,,,634080.0,,1,0,0,1,1
1789661122641.0,3.9,0.15373886,0.20488544,9.8632145,0.0,-0.0009162971,0.00015271618,-49.425003,3.9750001,6.525,9.86654012071143,0.0009289362772021568,0.15385077012841483,0.20352915211544628,9.864116413741723,,,,,,,,634080.0,,1,0,0,1,1
1789661122651.0,3.91,0.15373886,0.20488544,9.8632145,0.0,-0.0009162971,0.00015271618,-49.425003,3.9750001,6.525,9.86654012071143,0.0009289362772021568,0.15384065929620028,0.20464384411494352,9.863328450506506,,,,,,,,634080.0,,1,0,0,1,1
1789661122661.0,3.92,0.15373886,0.20488544,9.8632145,0.0,-0.0009162971,0.00015271618,-49.425003,3.9750001,7.05,9.86654012071143,0.0009289362772021568,0.1538013295591203,0.205248936213581,9.862783001317553,,,,,,,,634080.0,,1,0,0,1,1
1789661122671.0,3.93,0.15373886,0.20488544,9.8632145,0.0,-0.0009162971,0.00015271618,-49.425003,3.9750001,7.05,9.86654012071143,0.0009289362772021568,0.15374685370860333,0.20526475806529162,9.862813335149514,,,,,,,,634080.0,,1,0,0,1,1
1789661122681.0,3.94,0.15373886,0.20488544,9.8632145,0.0,-0.0009162971,0.00015271618,-49.425003,3.9750001,7.05,9.86654012071143,0.0009289362772021568,0.15370833892885763,0.20485193544850855,9.863638665793795,,,,,,,,634080.0,,1,0,0,1,1
1789661122691.0,3.95,0.15373886,0.20488544,9.8632145,0.0,-0.0009162971,0.00015271618,-49.425003,3.9750001,7.05,9.86654012071143,0.0009289362772021568,0.1537031185979082,0.20425899996438085,9.865160992839987,,,,,,,,634080.0,,1,0,0,1,1
1789661122701.0,3.96,0.15373886,0.20309082,9.868897,0.0,-0.0009162971,0.00015271618,-49.425003,3.9750001,7.05,9.872183624449628,0.0009289362772021568,0.15372812507626094,0.20369042818210195,9.866939231581615,,,,,,,,634080.0,,1,0,0,1,1
1789661122711.0,3.97,0.15373886,0.20309082,9.868897,0.0,-0.0009162971,0.00015271618,-49.425003,3.9750001,7.05,9.872183624449628,0.0009289362772021568,0.15376296068392262,0.20323914248569191,9.868410888790482,,,,,,,,634080.0,,1,0,0,1,1
1789661122721.0,3.98,0.15373886,0.20309082,9.868897,0.0,-0.0009162971,0.00015271618,-49.425003,3.9750001,7.05,9.872183624449628,0.0009289362772021568,0.15377312847805885,0.2028889895851073,9.869215422498302,,,,,,,,634080.0,,1,0,0,1,1
1789661122731.0,3.99,0.15373886,0.20309082,9.868897,0.0,-0.0009162971,0.00015271618,-49.425003,3.9750001,7.05,9.872183624449628,0.0009289362772021568,0.1537177808260838,0.20257833828128086,9.869358943069125,,,,,,,,634080.0,,1,0,0,1,1
1789661122741.0,4.0,0.15343975,0.20189442,9.868897,0.0,-0.00030543236,0.00015271618,-49.425003,3.9750001,7.05,9.872154431040684,0.0003414837597440938,0.15357183391212695,0.2022782749994146,9.869115263998726,,,,,,,,634080.0,,1,0,0,1,1
1789661122751.0,4.01,0.15343975,0.20189442,9.868897,0.0,-0.00030543236,0.00015271618,-49.425003,3.9750001,7.05,9.872154431040684,0.0003414837597440938,0.1533624965376208,0.20202035728513498,9.868802493681843,,,,,,,,634080.0,,1,0,0,1,1
1789661122761.0,4.02,0.15343975,0.20189442,9.868897,0.0,-0.00030543236,0.00015271618,-49.65,3.9,6.9750004,9.872154431040684,0.0003414837597440938,0.15319850120704676,0.2018591151781473,9.86863248235826,,,,,,,,634080.0,,1,0,0,1,1
1789661122771.0,4.03,0.15343975,0.20189442,9.868897,0.0,-0.00030543236,0.00015271618,-49.65,3.9,6.9750004,9.872154431040684,0.0003414837597440938,0.15325164445294628,0.20181894666137176,9.868693707811028,,,,,,,,634080.0,,1,0,0,1,1
1789661122781.0,4.04,0.15343975,0.20189442,9.868897,0.0,-0.00030543236,0.00015271618,-49.65,3.9,6.9750004,9.872154431040684,0.0003414837597440938,0.15366457215946216,0.20187619928801645,9.868991960827136,,,,,,,,634080.0,,1,0,0,1,1
1789661122791.0,4.05,0.15343975,0.20189442,9.868897,0.0,-0.00030543236,0.00015271618,-49.65,3.9,6.9750004,9.872154431040684,0.0003414837597440938,0.15442369627539485,0.2019802326149252,9.869466707707346,,,,,,,,634080.0,,1,0,0,1,1
1789661122801.0,4.06,0.15613168,0.20219351,9.870394,0.0,-0.00030543236,0.00015271618,-49.65,3.9,6.9750004,9.873699257736268,0.0003414837597440938,0.1553035679641726,0.20208604788673226,9.86998396412542,,,,,,,,634080.0,,1,0,0,1,1
1789661122811.0,4.07,0.15613168,0.20219351,9.870394,0.0,-0.00030543236,0.00015271618,-49.65,3.9,6.9750004,9.873699257736268,0.0003414837597440938,0.1559638513616285,0.20217412551625943,9.870358881479833,,,,,,,,634080.0,,1,0,0,1,1
1789661122821.0,4.08,0.15613168,0.20219351,9.870394,0.0,-0.00030543236,0.00015271618,-49.65,3.9,6.9750004,9.873699257736268,0.0003414837597440938,0.15615033230000003,0.20224856830917706,9.870427205145305,,,,,,,,634080.0,,1,0,0,1,1
1789661122831.0,4.09,0.15613168,0.20219351,9.870394,0.0,-0.00030543236,0.00015271618,-49.65,3.9,6.9750004,9.873699257736268,0.0003414837597440938,0.15584698776299635,0.20231953698956046,9.870124140019886,,,,,,,,634080.0,,1,0,0,1,1
1789661122841.0,4.1,0.15463616,0.20249261,9.868897,0.0,-0.0007635809,0.00015271618,-49.65,3.9,6.9750004,9.872185350554009,0.0007787027818613482,0.15526630711080636,0.20238735370767166,9.869522802436668,,,,,,,,634080.0,,1,0,0,1,1
1789661122851.0,4.11,0.15463616,0.20249261,9.868897,0.0,-0.0007635809,0.00015271618,-49.65,3.9,6.9750004,9.872185350554009,0.0007787027818613482,0.15470487674948633,0.2024432536091703,9.86882837080324,,,,,,,,634080.0,,1,0,0,1,1
1789661122861.0,4.12,0.15463616,0.20249261,9.868897,0.0,-0.0007635809,0.00015271618,-49.800003,3.7500002,7.5000005,9.872185350554009,0.0007787027818613482,0.1543874621681736,0.20248298559134847,9.868347483367177,,,,,,,,634080.0,,1,0,0,1,1
1789661122871.0,4.13,0.15463616,0.20249261,9.868897,0.0,-0.0007635809,0.00015271618,-49.800003,3.7500002,7.5000005,9.872185350554009,0.0007787027818613482,0.1543966584248771,0.20251466629046813,9.868418251983103,,,,,,,,634080.0,,1,0,0,1,1
1789661122881.0,4.14,0.15463616,0.20249261,9.868897,0.0,-0.0007635809,0.00015271618,-49.800003,3.7500002,7.5000005,9.872185350554009,0.0007787027818613482,0.15468733286166533,0.20255060622919183,9.869257940593469,,,,,,,,634080.0,,1,0,0,1,1
1789661122891.0,4.15,0.15463616,0.20249261,9.868897,0.0,-0.0007635809,0.00015271618,-49.800003,3.7500002,7.5000005,9.872185350554009,0.0007787027818613482,0.15512885545396077,0.20259442853030393,9.87076036684395,,,,,,,,634080.0,,1,0,0,1,1
1789661122901.0,4.16,0.15583257,0.20279172,9.873684,0.0,-0.0007635809,0.00015271618,-49.800003,3.7500002,7.5000005,9.876995697246677,0.0007787027818613482,0.15554763199678978,0.2026429628554553,9.87241128826458,,,,,,,,634080.0,,1,0,0,1,1
1789661122911.0,4.17,0.15583257,0.20279172,9.873684,0.0,-0.0007635809,0.00015271618,-49.800003,3.7500002,7.5000005,9.876995697246677,0.0007787027818613482,0.1557864124639881,0.20270545537066958,9.873487588182703,,,,,,,,634080.0,,1,0,0,1,1
1789661122921.0,4.18,0.15583257,0.20279172,9.873684,0.0,-0.0007635809,0.00015271618,-49.800003,3.7500002,7.5000005,9.876995697246677,0.0007787027818613482,0.15578059352502763,0.2028181123564224,9.873478561603163,,,,,,,,634080.0,,1,0,0,1,1
1789661122931.0,4.19,0.15583257,0.20279172,9.873684,0.0,-0.0007635809,0.00015271618,-49.800003,3.7500002,7.5000005,9.876995697246677,0.0007787027818613482,0.15560252323375845,0.20302940871517156,9.872426348998298,,,,,,,,634080.0,,1,0,0,1,1
1789661122941.0,4.2,0.15523437,0.20368902,9.869197,0.0,0.00030543236,0.00015271618,-49.800003,3.7500002,7.5000005,9.87251925049057,0.0003414837597440938,0.15541928367816316,0.20335632139380574,9.870901294666096,,,,,,,,634080.0,,1,0,0,1,1
1789661122951.0,4.21,0.15523437,0.20368902,9.869197,0.0,0.00030543236,0.00015271618,-49.800003,3.7500002,7.5000005,9.87251925049057,0.0003414837597440938,0.15536830683725691,0.2037366907630096,9.869614679145982,,,,,,,,634080.0,,1,0,0,1,1
1789661122961.0,4.22,0.15523437,0.20368902,9.869197,0.0,0.00030543236,0.00015271618,-49.800003,3.6000001,6.525,9.87251925049057,0.0003414837597440938,0.15543079810119761,0.2040100841913064,9.868968119774298,,,,,,,,634080.0,,1,0,0,1,1
1789661122971.0,4.23,0.15523437,0.20368902,9.869197,0.0,0.00030543236,0.00015271618,-49.800003,3.6000001,6.525,9.87251925049057,0.0003414837597440938,0.1554112866485941,0.2039588340888559,9.868876973032412,,,,,,,,634080.0,,1,0,0,1,1
1789661122981.0,4.24,0.15523437,0.20368902,9.869197,0.0,0.00030543236,0.00015271618,-49.800003,3.6000001,6.525,9.87251925049057,0.0003414837597440938,0.1550761567173879,0.2034251328748573,9.86895767977011,,,,,,,,634080.0,,1,0,0,1,1
1789661122991.0,4.25,0.15523437,0.20368902,9.869197,0.0,0.00030543236,0.00015271618,-49.800003,3.6000001,6.525,9.87251925049057,0.0003414837597440938,0.15438288402353123,0.20245792954363376,9.86888000510838,,,,,,,,634080.0,,1,0,0,1,1
1789661123001.0,4.26,0.15343975,0.20039889,9.8682995,0.0,0.00030543236,0.00015271618,-49.800003,3.6000001,6.525,9.871526654661555,0.0003414837597440938,0.15362545898815924,0.2013679727597556,9.868603501032037,,,,,,,,634080.0,,1,0,0,1,1
1789661123011.0,4.27,0.15343975,0.20039889,9.8682995,0.0,0.00030543236,0.00015271618,-49.800003,3.6000001,6.525,9.871526654661555,0.0003414837597440938,0.15333482153587996,0.2005944334240847,9.868358050895814,,,,,,,,634080.0,,1,0,0,1,1
1789661123021.0,4.28,0.15343975,0.20039889,9.8682995,0.0,0.00030543236,0.00015271618,-49.800003,3.6000001,6.525,9.871526654661555,0.0003414837597440938,0.15394226870362712,0.20044336728955933,9.868431312213035,,,,,,,,634080.0,,1,0,0,1,1
1789661123031.0,4.29,0.15343975,0.20039889,9.8682995,0.0,0.00030543236,0.00015271618,-49.800003,3.6000001,6.525,9.871526654661555,0.0003414837597440938,0.15543334919124283,0.20089541207128164,9.86894219349456,,,,,,,,634080.0,,1,0,0,1,1
1789661123041.0,4.3,0.1594218,0.20249261,9.870692,0.0,0.00030543236,0.00015271618,-49.800003,3.6000001,6.525,9.874055859994101,0.0003414837597440938,0.15729012817003557,0.20163787103444644,9.869755817948702,,,,,,,,634080.0,,1,0,0,1,1
1789661123051.0,4.31,0.1594218,0.20249261,9.870692,0.0,0.00030543236,0.00015271618,-49.800003,3.6000001,6.525,9.874055859994101,0.0003414837597440938,0.15881787275224715,0.20229008889477657,9.87056924113125,,,,,,,,634080.0,,1,0,0,1,1
1789661123061.0,4.32,0.1594218,0.20249261,9.870692,0.0,0.00030543236,0.00015271618,-49.350002,3.9,6.9750004,9.874055859994101,0.0003414837597440938,0.159612205439785,0.20263891251797123,9.871072630741647,,,,,,,,634080.0,,1,0,0,1,1
1789661123071.0,4.33,0.1594218,0.20249261,9.870692,0.0,0.00030543236,0.00015271618,-49.350002,3.9,6.9750004,9.874055859994101,0.0003414837597440938,0.15978199478167288,0.202714202672144,9.871073863087876,,,,,,,,634080.0,,1,0,0,1,1
1789661123081.0,4.34,0.1594218,0.20249261,9.870692,0.0,0.00030543236,0.00015271618,-49.350002,3.9,6.9750004,9.874055859994101,0.0003414837597440938,0.15976775817156014,0.20268666444408703,9.870557964101575,,,,,,,,634080.0,,1,0,0,1,1
1789661123091.0,4.35,0.1594218,0.20249261,9.870692,0.0,0.00030543236,0.00015271618,-49.350002,3.9,6.9750004,9.874055859994101,0.0003414837597440938,0.1599490996553525,0.20271298861110432,9.869707157332867,,,,,,,,634080.0,,1,0,0,1,1
1789661123101.0,4.36,0.16091733,0.20338993,9.8682995,0.0,0.00030543236,0.00015271618,-49.350002,3.9,6.9750004,9.87170688748506,0.0003414837597440938,0.16037188271528438,0.20286210086202963,9.868865720200022,,,,,,,,634080.0,,1,0,0,1,1
1789661123111.0,4.37,0.16091733,0.20338993,9.8682995,0.0,0.00030543236,0.00015271618,-49.350002,3.9,6.9750004,9.87170688748506,0.0003414837597440938,0.1607734838901888,0.2031460900976502,9.8684006370049,,,,,,,,634080.0,,1,0,0,1,1
1789661123121.0,4.38,0.16091733,0.20338993,9.8682995,0.0,0.00030543236,0.00015271618,-49.350002,3.9,6.9750004,9.87170688748506,0.0003414837597440938,0.16083109417551583,0.20357304404751186,9.86848879762204,,,,,,,,634080.0,,1,0,0,1,1
1789661123131.0,4.39,0.16091733,0.20338993,9.8682995,0.0,0.00030543236,0.00015271618,-49.350002,3.9,6.9750004,9.87170688748506,0.0003414837597440938,0.16041482554590503,0.2041422127289079,9.868980038147537,,,,,,,,634080.0,,1,0,0,1,1
1789661123141.0,4.4,0.15882361,0.20548365,9.870094,0.0,0.00030543236,0.00015271618,-49.350002,3.9,6.9750004,9.873510218678398,0.0003414837597440938,0.1596707034431333,0.20479483337451343,9.869485471807888,,,,,,,,634080.0,,1,0,0,1,1
1789661123151.0,4.41,0.15882361,0.20548365,9.870094,0.0,0.00030543236,0.00015271618,-49.350002,3.9,6.9750004,9.873510218678398,0.0003414837597440938,0.15891649743709269,0.2053928511584089,9.869682025099161,,,,,,,,634080.0,,1,0,0,1,1
1789661123161.0,4.42,0.15882361,0.20548365,9.870094,0.0,0.00030543236,0.00015271618,-49.500004,3.9750001,7.8750005,9.873510218678398,0.0003414837597440938,0.15846434790519667,0.20575811175366585,9.869623930543803,,,,,,,,634080.0,,1,0,0,1,1
1789661123171.0,4.43,0.15882361,0.20548365,9.870094,0.0,0.00030543236,0.00015271618,-49.500004,3.9750001,7.8750005,9.873510218678398,0.0003414837597440938,0.15848886769807966,0.20574361886121845,9.869784094937737,,,,,,,,634080.0,,1,0,0,1,1
1789661123181.0,4.44,0.15882361,0.20548365,9.870094,0.0,0.00030543236,0.00015271618,-49.500004,3.9750001,7.8750005,9.873510218678398,0.0003414837597440938,0.15897010203413667,0.20530363786567057,9.870711375172048,,,,,,,,634080.0,,1,0,0,1,1
1789661123191.0,4.45,0.15882361,0.20548365,9.870094,0.0,0.00030543236,0.00015271618,-49.500004,3.9750001,7.8750005,9.873510218678398,0.0003414837597440938,0.1596881216358051,0.20454023502872418,9.872507311384485,,,,,,,,634080.0,,1,0,0,1,1
1789661123201.0,4.46,0.16061822,0.20279172,9.876077,0.0,0.00030543236,0.00015271618,-49.500004,3.9750001,7.8750005,9.879464540359743,0.0003414837597440938,0.16028416603411816,0.2036860924660946,9.874551499998207,,,,,,,,634080.0,,1,0,0,1,1
1789661123211.0,4.47,0.16061822,0.20279172,9.876077,0.0,0.00030543236,0.00015271618,-49.500004,3.9750001,7.8750005,9.879464540359743,0.0003414837597440938,0.16042655763257893,0.20299647483721306,9.875787077163645,,,,,,,,634080.0,,1,0,0,1,1
1789661123221.0,4.48,0.16061822,0.20279172,9.876077,0.0,0.00030543236,0.00015271618,-49.500004,3.9750001,7.8750005,9.879464540359743,0.0003414837597440938,0.16002885848772083,0.20260549383604115,9.875431396083847,,,,,,,,634080.0,,1,0,0,1,1
1789661123231.0,4.49,0.16061822,0.20279172,9.876077,0.0,0.00030543236,0.00015271618,-49.500004,3.9750001,7.8750005,9.879464540359743,0.0003414837597440938,0.1593473292497761,0.20245969025477206,9.873570679807099,,,,,,,,634080.0,,1,0,0,1,1
1789661123241.0,4.5,0.15553348,0.2015953,9.867402,0.0,0.00030543236,0.00015271618,-49.500004,3.9750001,7.8750005,9.870686579868039,0.0003414837597440938,0.15882118861955663,0.20238980656984343,9.87113347412866,,,,,,,,634080.0,,1,0,0,1,1
1789661123251.0,4.51,0.15972091,0.20279172,9.868897,0.0,-0.0009162971,0.00015271618,-49.500004,3.9750001,7.8750005,9.872272445967079,0.0009289362772021568,0.15874786001038968,0.20227741851140418,9.869235896616372,,,,,,,,634080.0,,1,0,0,1,1
1789661123261.0,4.52,0.15972091,0.20279172,9.868897,0.0,-0.0009162971,0.00015271618,-49.65,3.6000001,6.6000004,9.872272445967079,0.0009289362772021568,0.15907538843010496,0.20220632236172845,9.868427048802651,,,,,,,,634080.0,,1,0,0,1,1
1789661123271.0,4.53,0.15972091,0.20279172,9.868897,0.0,-0.0009162971,0.00015271618,-49.65,3.6000001,6.6000004,9.872272445967079,0.0009289362772021568,0.1594927559316908,0.20247329140445194,9.868432361092069,,,,,,,,634080.0,,1,0,0,1,1
1789661123281.0,4.54,0.15972091,0.20279172,9.868897,0.0,-0.0009162971,0.00015271618,-49.65,3.6000001,6.6000004,9.872272445967079,0.0009289362772021568,0.15969814799322096,0.20339096473809884,9.86853532058671,,,,,,,,634080.0,,1,0,0,1,1
1789661123291.0,4.55,0.15972091,0.20279172,9.868897,0.0,-0.0009162971,0.00015271618,-49.65,3.6000001,6.6000004,9.872272445967079,0.0009289362772021568,0.15957693098272221,0.20498282542063984,9.86821944257868,,,,,,,,634080.0,,1,0,0,1,1
1789661123301.0,4.56,0.1582254,0.20877378,9.867104,0.0,-0.0009162971,0.00015271618,-49.65,3.6000001,6.6000004,9.870580687843884,0.0009289362772021568,0.1591664837313136,0.20683304034557382,9.867561707299513,,,,,,,,634080.0,,1,0,0,1,1
1789661123311.0,4.57,0.1582254,0.20877378,9.867104,0.0,-0.0009162971,0.00015271618,-49.65,3.6000001,6.6000004,9.870580687843884,0.0009289362772021568,0.15852042239517966,0.20828377448360463,9.867130102399582,,,,,,,,634080.0,,1,0,0,1,1
1789661123321.0,4.58,0.1582254,0.20877378,9.867104,0.0,-0.0009162971,0.00015271618,-49.65,3.6000001,6.6000004,9.870580687843884,0.0009289362772021568,0.15766133921351302,0.20885945031114922,9.86751298149197,,,,,,,,634080.0,,1,0,0,1,1
1789661123331.0,4.59,0.1582254,0.20877378,9.867104,0.0,-0.0009162971,0.00015271618,-49.65,3.6000001,6.6000004,9.870580687843884,0.0009289362772021568,0.15667027985348153,0.20856620284208055,9.868847519278578,,,,,,,,634080.0,,1,0,0,1,1
1789661123341.0,4.6,0.15463616,0.20697916,9.8727865,-0.00030543236,-0.0006108647,0.00015271618,-49.65,3.6000001,6.6000004,9.876166563461558,0.00069983343723707,0.15576077161158747,0.2078299651833228,9.87069386956045,,,,,,,,634080.0,,1,0,0,1,1
1789661123351.0,4.61,0.15463616,0.20697916,9.8727865,-0.00030543236,-0.0006108647,0.00015271618,-49.65,3.6000001,6.6000004,9.876166563461558,0.00069983343723707,0.15517017462243604,0.20715999075097397,9.87233063551133,,,,,,,,634080.0,,1,0,0,1,1
1789661123361.0,4.62,0.15463616,0.20697916,9.8727865,-0.00030543236,-0.0006108647,0.00015271618,-49.425003,3.9,6.9750004,9.876166563461558,0.00069983343723707,0.1549229365490506,0.20682525283979528,9.873215861818421,,,,,,,,634080.0,,1,0,0,1,1
1789661123371.0,4.63,0.15463616,0.20697916,9.8727865,-0.00030543236,-0.0006108647,0.00015271618,-49.425003,3.9,6.9750004,9.876166563461558,0.00069983343723707,0.15472243902256563,0.20676540238876173,9.873255016690752,,,,,,,,634080.0,,1,0,0,1,1
1789661123381.0,4.64,0.15463616,0.20697916,9.8727865,-0.00030543236,-0.0006108647,0.00015271618,-49.425003,3.9,6.9750004,9.876166563461558,0.00069983343723707,0.15414961528583723,0.20673838086946314,9.872728877180036,,,,,,,,634080.0,,1,0,0,1,1
1789661123391.0,4.65,0.15463616,0.20697916,9.8727865,-0.00030543236,-0.0006108647,0.00015271618,-49.425003,3.9,6.9750004,9.876166563461558,0.00069983343723707,0.1530485367903239,0.2065354635454857,9.872011591769255,,,,,,,,634080.0,,1,0,0,1,1
1789661123401.0,4.66,0.15074782,0.20518455,9.870094,-0.00030543236,-0.0006108647,0.00015271618,-49.425003,3.9,6.9750004,9.873377394469912,0.00069983343723707,0.1517611829185509,0.20609338336816752,9.871300409609272,,,,,,,,634080.0,,1,0,0,1,1
1789661123411.0,4.67,0.15074782,0.20518455,9.870094,-0.00030543236,-0.0006108647,0.00015271618,-49.425003,3.9,6.9750004,9.873377394469912,0.00069983343723707,0.15095941425027617,0.20547069753392047,9.870513941172753,,,,,,,,634080.0,,1,0,0,1,1
1789661123421.0,4.68,0.15074782,0.20518455,9.870094,-0.00030543236,-0.0006108647,0.00015271618,-49.425003,3.9,6.9750004,9.873377394469912,0.00069983343723707,0.15115937749787683,0.2047843372871347,9.869417898999373,,,,,,,,634080.0,,1,0,0,1,1
1789661123431.0,4.69,0.15074782,0.20518455,9.870094,-0.00030543236,-0.0006108647,0.00015271618,-49.425003,3.9,6.9750004,9.873377394469912,0.00069983343723707,0.15230165672486695,0.20418805981925117,9.867899433207294,,,,,,,,634080.0,,1,0,0,1,1
1789661123441.0,4.7,0.15553348,0.20338993,9.864112,0.0,0.00030543236,0.00015271618,-49.425003,3.9,6.9750004,9.867434503231847,0.0003414837597440938,0.15376496111866983,0.20384972156923656,9.866162635493975,,,,,,,,634080.0,,1,0,0,1,1
1789661123451.0,4.71,0.15553348,0.20338993,9.864112,0.0,0.00030543236,0.00015271618,-49.425003,3.9,6.9750004,9.867434503231847,0.0003414837597440938,0.15484036432619677,0.2038380718646912,9.864650046172153,,,,,,,,634080.0,,1,0,0,1,1
1789661123461.0,4.72,0.15553348,0.20338993,9.864112,0.0,0.00030543236,0.00015271618,-49.65,3.6750002,7.8750005,9.867434503231847,0.0003414837597440938,0.15529534780856027,0.20396198843022179,9.863757646091065,,,,,,,,634080.0,,1,0,0,1,1
1789661123471.0,4.73,0.15553348,0.20338993,9.864112,0.0,0.00030543236,0.00015271618,-49.65,3.6750002,7.8750005,9.867434503231847,0.0003414837597440938,0.1555482129190483,0.20375991598659424,9.863611974727906,,,,,,,,634080.0,,1,0,0,1,1
1789661123481.0,4.74,0.15553348,0.20338993,9.864112,0.0,0.00030543236,0.00015271618,-49.65,3.6750002,7.8750005,9.867434503231847,0.0003414837597440938,0.15627857305916665,0.202783477294464,9.86407600031534,,,,,,,,634080.0,,1,0,0,1,1
1789661123491.0,4.75,0.15553348,0.20338993,9.864112,0.0,0.00030543236,0.00015271618,-49.65,3.6750002,7.8750005,9.867434503231847,0.0003414837597440938,0.15777782282953356,0.20103986805114699,9.86491083144885,,,,,,,,634080.0,,1,0,0,1,1
1789661123501.0,4.76,0.16121642,0.19800608,9.867104,0.0,0.00030543236,0.00015271618,-49.65,3.6750002,7.8750005,9.870407209867817,0.0003414837597440938,0.159589451058465,0.19920425546102594,9.865926257167395,,,,,,,,634080.0,,1,0,0,1,1
1789661123511.0,4.77,0.16121642,0.19800608,9.867104,0.0,0.00030543236,0.00015271618,-49.65,3.6750002,7.8750005,9.870407209867817,0.0003414837597440938,0.16077643523809904,0.1982894030961486,9.867019993166103,,,,,,,,634080.0,,1,0,0,1,1
1789661123521.0,4.78,0.16121642,0.19800608,9.867104,0.0,0.00030543236,0.00015271618,-49.65,3.6750002,7.8750005,9.870407209867817,0.0003414837597440938,0.16063042606826655,0.19889842604890606,9.86810545932802,,,,,,,,634080.0,,1,0,0,1,1
1789661123531.0,4.79,0.16121642,0.19800608,9.867104,0.0,0.00030543236,0.00015271618,-49.65,3.6750002,7.8750005,9.870407209867817,0.0003414837597440938,0.1592442320801007,0.20063307226544053,9.869022273530303,,,,,,,,634080.0,,1,0,0,1,1
1789661123541.0,4.8,0.15433706,0.20398813,9.873982,0.0,0.00030543236,0.00015271618,-49.65,3.6750002,7.8750005,9.877294752187684,0.0003414837597440938,0.15746523434209378,0.20223476660722195,9.86956364938598,,,,,,,,634080.0,,1,0,0,1,1
1789661123551.0,4.81,0.15523437,0.20727827,9.867402,0.0,0.00030543236,0.00015271618,-49.65,3.6750002,7.8750005,9.870799573512143,0.0003414837597440938,0.15627009591992091,0.202484365505958,9.869634842961323,,,,,,,,634080.0,,1,0,0,1,1
1789661123561.0,4.82,0.15732808,0.19860429,9.869197,0.0,-0.0,0.00015271618,-49.875004,3.45,7.8750005,9.872448795186122,0.00015271618,0.15609319591140575,0.2011837122348521,9.869372701587615,,,,,,,,634080.0,,1,0,0,1,1
1789661123571.0,4.83,0.15732808,0.19860429,9.869197,0.0,-0.0,0.00015271618,-49.875004,3.45,7.8750005,9.872448795186122,0.00015271618,0.15664279001894293,0.1993694003687439,9.869075621471064,,,,,,,,634080.0,,1,0,0,1,1
1789661123581.0,4.84,0.15732808,0.19860429,9.869197,0.0,-0.0,0.00015271618,-49.875004,3.45,7.8750005,9.872448795186122,0.00015271618,0.1572625783796029,0.19853315015834117,9.869006157975207,,,,,,,,634080.0,,1,0,0,1,1
1789661123591.0,4.85,0.15732808,0.19860429,9.869197,0.0,-0.0,0.00015271618,-49.875004,3.45,7.8750005,9.872448795186122,0.00015271618,0.15744850967917892,0.19947096611646903,9.869239978969569,,,,,,,,634080.0,,1,0,0,1,1
1789661123601.0,4.86,0.15732808,0.19860429,9.869197,0.0,-0.0,0.00015271618,-49.875004,3.45,7.8750005,9.872448795186122,0.00015271618,0.1571155466946603,0.2016750149578395,9.869650225735976,,,,,,,,634080.0,,1,0,0,1,1
1789661123611.0,4.87,0.15583257,0.20727827,9.870394,0.0,-0.0,0.00015271618,-49.875004,3.45,7.8750005,9.873799966898407,0.00015271618,0.15651071029130026,0.203756484573079,9.870006462042225,,,,,,,,634080.0,,1,0,0,1,1
1789661123621.0,4.88,0.15583257,0.20727827,9.870394,0.0,-0.0,0.00015271618,-49.875004,3.45,7.8750005,9.873799966898407,0.00015271618,0.15594037172508393,0.20459883915842844,9.870122267979683,,,,,,,,634080.0,,1,0,0,1,1
1789661123631.0,4.89,0.15583257,0.20727827,9.870394,0.0,-0.0,0.00015271618,-49.875004,3.45,7.8750005,9.873799966898407,0.00015271618,0.15555064464220247,0.2042918199086741,9.869965146459535,,,,,,,,634080.0,,1,0,0,1,1
1789661123641.0,4.9,0.15523437,0.19471595,9.8682995,0.0,-0.0,0.00015271618,-49.875004,3.45,7.8750005,9.87144098055162,0.00015271618,0.15529924401249368,0.2039723436004871,9.869657807851201,,,,,,,,634080.0,,1,0,0,1,1
1789661123651.0,4.91,0.15523437,0.20697916,9.869795,0.0,0.00030543236,0.00015271618,-49.875004,3.45,7.8750005,9.873185475029253,0.0003414837597440938,0.15509249784516083,0.20466169841947873,9.869386026427918,,,,,,,,634080.0,,1,0,0,1,1
1789661123661.0,4.92,0.15523437,0.20697916,9.869795,0.0,0.00030543236,0.00015271618,-49.875004,4.05,7.8750005,9.873185475029253,0.0003414837597440938,0.15494728334191493,0.20618483373894764,9.869308314815788,,,,,,,,634080.0,,1,0,0,1,1
1789661123671.0,4.93,0.15523437,0.20697916,9.869795,0.0,0.00030543236,0.00015271618,-49.875004,4.05,7.8750005,9.873185475029253,0.0003414837597440938,0.15503369158594207,0.20718918277901502,9.869526171628126,,,,,,,,634080.0,,1,0,0,1,1
1789661123681.0,4.94,0.15523437,0.20697916,9.869795,0.0,0.00030543236,0.00015271618,-49.875004,4.05,7.8750005,9.873185475029253,0.0003414837597440938,0.1555464092580145,0.20623788239505947,9.870071867451408,,,,,,,,634080.0,,1,0,0,1,1
1789661123691.0,4.95,0.15523437,0.20697916,9.869795,0.0,0.00030543236,0.00015271618,-49.875004,4.05,7.8750005,9.873185475029253,0.0003414837597440938,0.15649178747898854,0.20304779977963933,9.87086450758022,,,,,,,,634080.0,,1,0,0,1,1
1789661123701.0,4.96,0.1585245,0.19531415,9.872487,0.0,0.00030543236,0.00015271618,-49.875004,4.05,7.8750005,9.875691226413442,0.0003414837597440938,0.15757642752814413,0.19889569632018958,9.871685904335838,,,,,,,,634080.0,,1,0,0,1,1
1789661123711.0,4.97,0.1585245,0.19531415,9.872487,0.0,0.00030543236,0.00015271618,-49.875004,4.05,7.8750005,9.875691226413442,0.0003414837597440938,0.15833293281523694,0.19587900978452596,9.872265341256373,,,,,,,,634080.0,,1,0,0,1,1
1789661123721.0,4.98,0.1585245,0.19531415,9.872487,0.0,0.00030543236,0.00015271618,-49.875004,4.05,7.8750005,9.875691226413442,0.0003414837597440938,0.1584198256988434,0.19556613153208316,9.872451291649632,,,,,,,,634080.0,,1,0,0,1,1
1789661123731.0,4.99,0.1585245,0.19531415,9.872487,0.0,0.00030543236,0.00015271618,-49.875004,4.05,7.8750005,9.875691226413442,0.0003414837597440938,0.15786236049504176,0.19801805129903857,9.872325382171448,,,,,,,,634080.0,,1,0,0,1,1
1789661123741.0,5.0,0.15613168,0.20608185,9.871889,0.0,-0.0,0.00015271618,-49.875004,4.05,7.8750005,9.87527413587694,0.00015271618,0.15703348646098836,0.2018598759766747,9.87213899112632,,,,,,,,634080.0,,1,0,0,1,1
1789661123751.0,5.01,0.15613168,0.20608185,9.871889,0.0,-0.0,0.00015271618,-49.875004,4.05,7.8750005,9.87527413587694,0.00015271618,0.1563828871797691,0.20526512540388855,9.872101864026831,,,,,,,,634080.0,,1,0,0,1,1
1789661123761.0,5.02,0.15613168,0.20608185,9.871889,0.0,-0.0,0.00015271618,-49.800003,4.275,6.9750004,9.87527413587694,0.00015271618,0.1561221741851898,0.20705696740385424,9.872181896250046,,,,,,,,634080.0,,1,0,0,1,1
1789661123771.0,5.03,0.15613168,0.20608185,9.871889,0.0,-0.0,0.00015271618,-49.800003,4.275,6.9750004,9.87527413587694,0.00015271618,0.1561037121779675,0.2071600760395347,9.872085948288749,,,,,,,,634080.0,,1,0,0,1,1
1789661123781.0,5.04,0.15613168,0.20608185,9.871889,0.0,-0.0,0.00015271618,-49.800003,4.275,6.9750004,9.87527413587694,0.00015271618,0.1559758378049857,0.20626637396344777,9.871472739463833,,,,,,,,634080.0,,1,0,0,1,1
1789661123791.0,5.05,0.15613168,0.20608185,9.871889,0.0,-0.0,0.00015271618,-49.800003,4.275,6.9750004,9.87527413587694,0.00015271618,0.15549137839656144,0.20516826945245123,9.870263389211287,,,,,,,,634080.0,,1,0,0,1,1
1789661123801.0,5.06,0.15433706,0.20338993,9.867402,0.0,-0.0,0.00015271618,-49.800003,4.275,6.9750004,9.870704616253029,0.00015271618,0.1547436843546101,0.20427969658207668,9.868797702550667,,,,,,,,634080.0,,1,0,0,1,1
1789661123811.0,5.07,0.15433706,0.20338993,9.867402,0.0,-0.0,0.00015271618,-49.800003,4.275,6.9750004,9.870704616253029,0.00015271618,0.15416109500564693,0.20355554077078541,9.867672448025571,,,,,,,,634080.0,,1,0,0,1,1
1789661123821.0,5.08,0.15433706,0.20338993,9.867402,0.0,-0.0,0.00015271618,-49.800003,4.275,6.9750004,9.870704616253029,0.00015271618,0.15425335800502354,0.20272810535141644,9.867360396384779,,,,,,,,634080.0,,1,0,0,1,1
1789661123831.0,5.09,0.15433706,0.20338993,9.867402,0.0,-0.0,0.00015271618,-49.800003,4.275,6.9750004,9.870704616253029,0.00015271618,0.15526729909108997,0.20163855908031153,9.867904824762084,,,,,,,,634080.0,,1,0,0,1,1
1789661123841.0,5.1,0.15643078,0.19800608,9.869496,0.0,-0.0,0.00015271618,-49.800003,4.275,6.9750004,9.872721422721517,0.00015271618,0.15698260554525906,0.2004184302137278,9.868919209671253,,,,,,,,634080.0,,1,0,0,1,1
1789661123851.0,5.11,0.16031912,0.19950159,9.870394,-0.0012217294,0.00030543236,0.00015271618,-49.800003,4.275,6.9750004,9.873711603033891,0.001268555826518219,0.15880811259372954,0.19940570090478418,9.86987173461981,,,,,,,,634080.0,,1,0,0,1,1
1789661123861.0,5.12,0.16031912,0.19950159,9.870394,-0.0012217294,0.00030543236,0.00015271618,-49.800003,4.275,6.9750004,9.873711603033891,0.001268555826518219,0.16013154285595046,0.19891242817277047,9.870426386677297,,,,,,,,634080.0,,1,0,0,1,1
1789661123871.0,5.13,0.16031912,0.19950159,9.870394,-0.0012217294,0.00030543236,0.00015271618,-49.65,3.6000001,7.1250005,9.873711603033891,0.001268555826518219,0.1606686861096049,0.19905878790633855,9.870596433170892,,,,,,,,634080.0,,1,0,0,1,1
1789661123881.0,5.14,0.16031912,0.19950159,9.870394,-0.0012217294,0.00030543236,0.00015271618,-49.65,3.6000001,7.1250005,9.873711603033891,0.001268555826518219,0.16055554983203288,0.19975525950315456,9.870631003317925,,,,,,,,634080.0,,1,0,0,1,1
1789661123891.0,5.15,0.16031912,0.19950159,9.870394,-0.0012217294,0.00030543236,0.00015271618,-49.65,3.6000001,7.1250005,9.873711603033891,0.001268555826518219,0.16014808011084442,0.20076876642247532,9.87076037214961,,,,,,,,634080.0,,1,0,0,1,1
1789661123901.0,5.16,0.1591227,0.20309082,9.871291,-0.0012217294,0.00030543236,0.00015271618,-49.65,3.6000001,7.1250005,9.874662116827317,0.001268555826518219,0.159718985515007,0.20182024230329945,9.87100970871092,,,,,,,,634080.0,,1,0,0,1,1
1789661123911.0,5.17,0.1591227,0.20309082,9.871291,-0.0012217294,0.00030543236,0.00015271618,-49.65,3.6000001,7.1250005,9.874662116827317,0.001268555826518219,0.15928487426837853,0.20270647164532862,9.87120725528657,,,,,,,,634080.0,,1,0,0,1,1
1789661123921.0,5.18,0.1591227,0.20309082,9.871291,-0.0012217294,0.00030543236,0.00015271618,-49.65,3.6000001,7.1250005,9.874662116827317,0.001268555826518219,0.15867288322538378,0.20339035889044108,9.871149780658538,,,,,,,,634080.0,,1,0,0,1,1
1789661123931.0,5.19,0.1591227,0.20309082,9.871291,-0.0012217294,0.00030543236,0.00015271618,-49.65,3.6000001,7.1250005,9.874662116827317,0.001268555826518219,0.15774969889998783,0.2039716924296262,9.870776479527962,,,,,,,,634080.0,,1,0,0,1,1
1789661123941.0,5.2,0.15523437,0.20518455,9.869496,0.0,0.0,0.00015271618,-49.65,3.6000001,7.1250005,9.87284911781822,0.00015271618,0.1566074597768102,0.20454919581114572,9.870215781810584,,,,,,,,634080.0,,1,0,0,1,1
1789661123951.0,5.21,0.15523437,0.20518455,9.869496,0.0,0.0,0.00015271618,-49.65,3.6000001,7.1250005,9.87284911781822,0.00015271618,0.15554709463298785,0.20509696213273318,9.86968594214942,,,,,,,,634080.0,,1,0,0,1,1
1789661123961.0,5.22,0.15523437,0.20518455,9.869496,0.0,0.0,0.00015271618,-49.725002,3.7500002,7.1250005,9.87284911781822,0.00015271618,0.15489553819441113,0.20545398714171864,9.869350973951903,,,,,,,,634080.0,,1,0,0,1,1
1789661123971.0,5.23,0.15523437,0.20518455,9.869496,0.0,0.0,0.00015271618,-49.725002,3.7500002,7.1250005,9.87284911781822,0.00015271618,0.15482785850751699,0.20542041752010468,9.86925135567717,,,,,,,,634080.0,,1,0,0,1,1
1789661123981.0,5.24,0.15523437,0.20518455,9.869496,0.0,0.0,0.00015271618,-49.725002,3.7500002,7.1250005,9.87284911781822,0.00015271618,0.15530459064639668,0.2048944744416237,9.869332983096012,,,,,,,,634080.0,,1,0,0,1,1
1789661123991.0,5.25,0.15523437,0.20518455,9.869496,0.0,0.0,0.00015271618,-49.725002,3.7500002,7.1250005,9.87284911781822,0.00015271618,0.15610745687519817,0.20396982590439441,9.869499210669373,,,,,,,,634080.0,,1,0,0,1,1
1789661124001.0,5.26,0.1576272,0.2015953,9.869197,0.0,0.0,0.00015271618,-49.725002,3.7500002,7.1250005,9.872514189605955,0.00015271618,0.15692806018202043,0.20291228215532753,9.869617353572963,,,,,,,,634080.0,,1,0,0,1,1
1789661124011.0,5.27,0.1576272,0.2015953,9.869197,0.0,0.0,0.00015271618,-49.725002,3.7500002,7.1250005,9.872514189605955,0.00015271618,0.15749326062202823,0.2019999744764397,9.86950213090158,,,,,,,,634080.0,,1,0,0,1,1
1789661124021.0,5.28,0.1576272,0.2015953,9.869197,0.0,0.0,0.00015271618,-49.725002,3.7500002,7.1250005,9.872514189605955,0.00015271618,0.1576889313040191,0.20134315752819334,9.868956598624571,,,,,,,,634080.0,,1,0,0,1,1
1789661124031.0,5.29,0.1576272,0.2015953,9.869197,0.0,0.0,0.00015271618,-49.725002,3.7500002,7.1250005,9.872514189605955,0.00015271618,0.15760364875486257,0.20084650653153469,9.867895994722579,,,,,,,,634080.0,,1,0,0,1,1
1789661124041.0,5.3,0.15732808,0.19980069,9.865009,-0.00045814854,-0.00015271618,0.00015271618,-49.725002,3.7500002,7.1250005,9.868286325931264,0.0005065022684763775,0.15744799948319613,0.20034795862156246,9.866469317866716,,,,,,,,634080.0,,1,0,0,1,1
1789661124051.0,5.31,0.15732808,0.19980069,9.865009,-0.00045814854,-0.00015271618,0.00015271618,-49.725002,3.7500002,7.1250005,9.868286325931264,0.0005065022684763775,0.1573964983255541,0.1998078749082219,9.86506941841071,,,,,,,,634080.0,,1,0,0,1,1
1789661124061.0,5.32,0.15732808,0.19980069,9.865009,-0.00045814854,-0.00015271618,0.00015271618,-49.050003,4.125,7.1250005,9.868286325931264,0.0005065022684763775,0.1574580991186613,0.1993999162170677,9.864214991869813,,,,,,,,634080.0,,1,0,0,1,1
1789661124071.0,5.33,0.15732808,0.19980069,9.865009,-0.00045814854,-0.00015271618,0.00015271618,-49.050003,4.125,7.1250005,9.868286325931264,0.0005065022684763775,0.15746697610033378,0.19943953417152752,9.864361247502607,,,,,,,,634080.0,,1,0,0,1,1
1789661124081.0,5.34,0.15732808,0.19980069,9.865009,-0.00045814854,-0.00015271618,0.00015271618,-49.050003,4.125,7.1250005,9.868286325931264,0.0005065022684763775,0.1572148259842287,0.20017440143624454,9.865686291168215,,,,,,,,634080.0,,1,0,0,1,1
1789661124091.0,5.35,0.15732808,0.19980069,9.865009,-0.00045814854,-0.00015271618,0.00015271618,-49.050003,4.125,7.1250005,9.868286325931264,0.0005065022684763775,0.15665148245857774,0.201548540218751,9.867928892590447,,,,,,,,634080.0,,1,0,0,1,1
1789661124101.0,5.36,0.15583257,0.20458634,9.873384,-0.00045814854,-0.00015271618,0.00015271618,-49.050003,4.125,7.1250005,9.876732808567992,0.0005065022684763775,0.15601005913543947,0.20312373666060235,9.870438951321328,,,,,,,,634080.0,,1,0,0,1,1
1789661124111.0,5.37,0.15583257,0.20458634,9.873384,-0.00045814854,-0.00015271618,0.00015271618,-49.050003,4.125,7.1250005,9.876732808567992,0.0005065022684763775,0.15573152064746645,0.20427838731817077,9.872522342626551,,,,,,,,634080.0,,1,0,0,1,1
1789661124121.0,5.38,0.15583257,0.20458634,9.873384,-0.00045814854,-0.00015271618,0.00015271618,-49.050003,4.125,7.1250005,9.876732808567992,0.0005065022684763775,0.15619626087357058,0.20457781459920307,9.873864326148121,,,,,,,,634080.0,,1,0,0,1,1
1789661124131.0,5.39,0.15583257,0.20458634,9.873384,-0.00045814854,-0.00015271618,0.00015271618,-49.050003,4.125,7.1250005,9.876732808567992,0.0005065022684763775,0.1574387188323664,0.20403374997938284,9.874661412051177,,,,,,,,634080.0,,1,0,0,1,1
1789661124141.0,5.4,0.16091733,0.20189442,9.876077,0.0,-0.0009162971,0.00015271618,-49.050003,4.125,7.1250005,9.879451029983926,0.0009289362772021568,0.15907495784286885,0.20305279615894228,9.8753413053048,,,,,,,,634080.0,,1,0,0,1,1
1789661124151.0,5.41,0.16091733,0.20189442,9.876077,0.0,-0.0009162971,0.00015271618,-49.050003,4.125,7.1250005,9.879451029983926,0.0009289362772021568,0.16052159267278812,0.20213867570553307,9.87612254062426,,,,,,,,634080.0,,1,0,0,1,1
1789661124161.0,5.42,0.16091733,0.20189442,9.876077,0.0,-0.0009162971,0.00015271618,-49.2,3.3750002,6.9750004,9.879451029983926,0.0009289362772021568,0.16133526028871206,0.20160064174349981,9.876761141894377,,,,,,,,634080.0,,1,0,0,1,1
1789661124171.0,5.43,0.16091733,0.20189442,9.876077,0.0,-0.0009162971,0.00015271618,-49.2,3.3750002,6.9750004,9.879451029983926,0.0009289362772021568,0.16140964065560018,0.2014695521425583,9.87666045208979,,,,,,,,634080.0,,1,0,0,1,1
1789661124181.0,5.44,0.16091733,0.20189442,9.876077,0.0,-0.0009162971,0.00015271618,-49.2,3.3750002,6.9750004,9.879451029983926,0.0009289362772021568,0.1609304711550683,0.20160622574643816,9.875296587187098,,,,,,,,634080.0,,1,0,0,1,1
1789661124191.0,5.45,0.16091733,0.20189442,9.876077,0.0,-0.0009162971,0.00015271618,-49.2,3.3750002,6.9750004,9.879451029983926,0.0009289362772021568,0.16020031682550565,0.20182589946045962,9.872704042987733,,,,,,,,634080.0,,1,0,0,1,1
1789661124201.0,5.46,0.15882361,0.2009971,9.866505,0.0,-0.0009162971,0.00015271618,-49.2,3.3750002,6.9750004,9.869830073933738,0.0009289362772021568,0.1594831046291148,0.20190975248704612,9.869640990045328,,,,,,,,634080.0,,1,0,0,1,1
1789661124211.0,5.47,0.15882361,0.2009971,9.866505,0.0,-0.0009162971,0.00015271618,-49.2,3.3750002,6.9750004,9.869830073933738,0.0009289362772021568,0.15892896689294725,0.20155995765902884,9.86721970852573,,,,,,,,634080.0,,1,0,0,1,1
1789661124221.0,5.48,0.15882361,0.2009971,9.866505,0.0,-0.0009162971,0.00015271618,-49.2,3.3750002,6.9750004,9.869830073933738,0.0009289362772021568,0.15857592444297583,0.20046100257251293,9.86623644580317,,,,,,,,634080.0,,1,0,0,1,1
1789661124231.0,5.49,0.15882361,0.2009971,9.866505,0.0,-0.0009162971,0.00015271618,-49.2,3.3750002,6.9750004,9.869830073933738,0.0009289362772021568,0.1584033282633352,0.19849581223774396,9.866726875204616,,,,,,,,634080.0,,1,0,0,1,1
1789661124241.0,5.5,0.1582254,0.19322042,9.869496,0.0,-0.0009162971,-0.00045814854,-49.2,3.3750002,6.9750004,9.872655200194432,0.0010244512971208253,0.15838246888911253,0.19594935530998897,9.86805992552537,,,,,,,,634080.0,,1,0,0,1,1
1789661124251.0,5.51,0.1582254,0.19322042,9.869496,0.0,-0.0009162971,-0.00045814854,-49.2,3.3750002,6.9750004,9.872655200194432,0.0010244512971208253,0.1584666406105624,0.19349648389557828,9.869405133525184,,,,,,,,634080.0,,1,0,0,1,1
1789661124261.0,5.52,0.1582254,0.19322042,9.869496,0.0,-0.0009162971,-0.00045814854,-49.95,3.6750002,7.3500004,9.872655200194432,0.0010244512971208253,0.158533791500136,0.1919706058587093,9.870165963819876,,,,,,,,634080.0,,1,0,0,1,1
1789661124271.0,5.53,0.1582254,0.19322042,9.869496,0.0,-0.0009162971,-0.00045814854,-49.95,3.6750002,7.3500004,9.872655200194432,0.0010244512971208253,0.15837490751893638,0.1920584718490198,9.870129414467044,,,,,,,,634080.0,,1,0,0,1,1
1789661124281.0,5.54,0.1582254,0.19322042,9.869496,0.0,-0.0009162971,-0.00045814854,-49.95,3.6750002,7.3500004,9.872655200194432,0.0010244512971208253,0.1577988367491941,0.19400588139916497,9.8693917414885,,,,,,,,634080.0,,1,0,0,1,1
1789661124291.0,5.55,0.1582254,0.19322042,9.869496,0.0,-0.0009162971,-0.00045814854,-49.95,3.6750002,7.3500004,9.872655200194432,0.0010244512971208253,0.15679410293703944,0.19739043607153745,9.868251093892964,,,,,,,,634080.0,,1,0,0,1,1
1789661124301.0,5.56,0.15403795,0.20488544,9.866505,0.0,-0.0009162971,-0.00045814854,-49.95,3.6750002,7.3500004,9.86983417533391,0.0010244512971208253,0.15558644513992836,0.2011519951594434,9.867138232160725,,,,,,,,634080.0,,1,0,0,1,1
1789661124311.0,5.57,0.15403795,0.20488544,9.866505,0.0,-0.0009162971,-0.00045814854,-49.95,3.6750002,7.3500004,9.86983417533391,0.0010244512971208253,0.1545025283174879,0.2040452655803475,9.866509223333177,,,,,,,,634080.0,,1,0,0,1,1
1789661124321.0,5.58,0.15403795,0.20488544,9.866505,0.0,-0.0009162971,-0.00045814854,-49.95,3.6750002,7.3500004,9.86983417533391,0.0010244512971208253,0.15375074686371978,0.20530400344418417,9.866655943875815,,,,,,,,634080.0,,1,0,0,1,1
1789661124331.0,5.59,0.15403795,0.20488544,9.866505,0.0,-0.0009162971,-0.00045814854,-49.95,3.6750002,7.3500004,9.86983417533391,0.0010244512971208253,0.15332304565900765,0.20501325328873493,9.86753631605742,,,,,,,,634080.0,,1,0,0,1,1
1789661124341.0,5.6,0.15284155,0.20279172,9.870094,-0.0,-0.0009162971,0.00015271618,-49.95,3.6750002,7.3500004,9.8733601468772,0.0009289362772021568,0.15308403233852863,0.20391119722032466,9.86877696532944,,,,,,,,634080.0,,1,0,0,1,1
1789661124351.0,5.61,0.15284155,0.20279172,9.870094,-0.0,-0.0009162971,0.00015271618,-49.95,3.6750002,7.3500004,9.8733601468772,0.0009289362772021568,0.15292368131533113,0.20284180139627717,9.869877079801634,,,,,,,,634080.0,,1,0,0,1,1
1789661124361.0,5.62,0.15284155,0.20279172,9.870094,-0.0,-0.0009162971,0.00015271618,-50.100002,3.7500002,7.8750005,9.8733601468772,0.0009289362772021568,0.15282816257184156,0.20230533534321996,9.87046968591257,,,,,,,,634080.0,,1,0,0,1,1
1789661124371.0,5.63,0.15284155,0.20279172,9.870094,-0.0,-0.0009162971,0.00015271618,-50.100002,3.7500002,7.8750005,9.8733601468772,0.0009289362772021568,0.1528432072076465,0.20235880173945606,9.870459632050656,,,,,,,,634080.0,,1,0,0,1,1
1789661124381.0,5.64,0.15284155,0.20279172,9.870094,-0.0,-0.0009162971,0.00015271618,-50.100002,3.7500002,7.8750005,9.8733601468772,0.0009289362772021568,0.1530018174736578,0.2027889335169093,9.869986389263392,,,,,,,,634080.0,,1,0,0,1,1
1789661124391.0,5.65,0.15284155,0.20279172,9.870094,-0.0,-0.0009162971,0.00015271618,-50.100002,3.7500002,7.8750005,9.8733601468772,0.0009289362772021568,0.15329489772075347,0.203328508286888,9.869292592163525,,,,,,,,634080.0,,1,0,0,1,1
1789661124401.0,5.66,0.15463616,0.20398813,9.867702,-0.0,-0.0009162971,0.00015271618,-50.100002,3.7500002,7.8750005,9.871021540852013,0.0009289362772021568,0.15371011190813313,0.2037716789655415,9.868590081903209,,,,,,,,634080.0,,1,0,0,1,1
1789661124411.0,5.67,0.15463616,0.20398813,9.867702,-0.0,-0.0009162971,0.00015271618,-50.100002,3.7500002,7.8750005,9.871021540852013,0.0009289362772021568,0.15428793982042588,0.20399803787554244,9.867969962241686,,,,,,,,634080.0,,1,0,0,1,1
1789661124421.0,5.68,0.15463616,0.20398813,9.867702,-0.0,-0.0009162971,0.00015271618,-50.100002,3.7500002,7.8750005,9.871021540852013,0.0009289362772021568,0.15510312971153273,0.20397180197128123,9.867393041727459,,,,,,,,634080.0,,1,0,0,1,1
1789661124431.0,5.69,0.15463616,0.20398813,9.867702,-0.0,-0.0009162971,0.00015271618,-50.100002,3.7500002,7.8750005,9.871021540852013,0.0009289362772021568,0.15615073947966937,0.20374055649525624,9.866775507039533,,,,,,,,634080.0,,1,0,0,1,1
1789661124441.0,5.7,0.1585245,0.20309082,9.865309,0.0,0.00030543236,0.00015271618,-50.100002,3.7500002,7.8750005,9.868672533008152,0.0003414837597440938,0.15725463735389886,0.20341564283011535,9.8661060148685,,,,,,,,634080.0,,1,0,0,1,1
1789661124451.0,5.71,0.1585245,0.20309082,9.865309,0.0,0.00030543236,0.00015271618,-50.100002,3.7500002,7.8750005,9.868672533008152,0.0003414837597440938,0.15813562115072863,0.20312566112243413,9.865490099205882,,,,,,,,634080.0,,1,0,0,1,1
1789661124461.0,5.72,0.1585245,0.20309082,9.865309,0.0,0.00030543236,0.00015271618,-50.250004,3.6750002,7.425,9.868672533008152,0.0003414837597440938,0.15860697191066844,0.20296623166244293,9.865093238017039,,,,,,,,634080.0,,1,0,0,1,1
1789661124471.0,5.73,0.1585245,0.20309082,9.865309,0.0,0.00030543236,0.00015271618,-50.250004,3.6750002,7.425,9.868672533008152,0.0003414837597440938,0.1587093956591454,0.20297419978644374,9.865047659269434,,,,,,,,634080.0,,1,0,0,1,1
1789661124481.0,5.74,0.1585245,0.20309082,9.865309,0.0,0.00030543236,0.00015271618,-50.250004,3.6750002,7.425,9.868672533008152,0.0003414837597440938,0.15865440830455713,0.203127912245503,9.865386262090983,,,,,,,,634080.0,,1,0,0,1,1
1789661124491.0,5.75,0.1585245,0.20309082,9.865309,0.0,0.00030543236,0.00015271618,-50.250004,3.6750002,7.425,9.868672533008152,0.0003414837597440938,0.15863417168020827,0.20335748829902556,9.866016649668746,,,,,,,,634080.0,,1,0,0,1,1
1789661124501.0,5.76,0.1585245,0.20368902,9.867402,0.0,0.00030543236,0.00015271618,-50.250004,3.6750002,7.425,9.870777145877259,0.0003414837597440938,0.1586646696002043,0.20356334794588385,9.866738459582558,,,,,,,,634080.0,,1,0,0,1,1
1789661124511.0,5.77,0.1585245,0.20368902,9.867402,0.0,0.00030543236,0.00015271618,-50.250004,3.6750002,7.425,9.870777145877259,0.0003414837597440938,0.1585856995422116,0.20365628755241963,9.867312234984347,,,,,,,,634080.0,,1,0,0,1,1
1789661124521.0,5.78,0.1585245,0.20368902,9.867402,0.0,0.00030543236,0.00015271618,-50.250004,3.6750002,7.425,9.870777145877259,0.0003414837597440938,0.15821566797207998,0.20361305163645496,9.867554185691139,,,,,,,,634080.0,,1,0,0,1,1
1789661124531.0,5.79,0.1585245,0.20368902,9.867402,0.0,0.00030543236,0.00015271618,-50.250004,3.6750002,7.425,9.870777145877259,0.0003414837597440938,0.15753876242575274,0.20350604333663477,9.8674014559693,,,,,,,,634080.0,,1,0,0,1,1
1789661124541.0,5.8,0.15583257,0.20338993,9.866505,0.0,0.00030543236,0.00015271618,-50.250004,3.6750002,7.425,9.869831415405391,0.0003414837597440938,0.15676130031663618,0.20346233684708787,9.866925732360372,,,,,,,,634080.0,,1,0,0,1,1
1789661124551.0,5.81,0.15583257,0.20338993,9.866505,0.0,0.00030543236,0.00015271618,-50.250004,3.6750002,7.425,9.869831415405391,0.0003414837597440938,0.1561680976840494,0.2035540203823863,9.866325618330489,,,,,,,,634080.0,,1,0,0,1,1
1789661124561.0,5.82,0.15583257,0.20338993,9.866505,0.0,0.00030543236,0.00015271618,-49.2,4.2000003,7.5750003,9.869831415405391,0.0003414837597440938,0.15589011584999946,0.2036905185513739,9.865916789731463,,,,,,,,634080.0,,1,0,0,1,1
1789661124571.0,5.83,0.15583257,0.20338993,9.866505,0.0,0.00030543236,0.00015271618,-49.2,4.2000003,7.5750003,9.869831415405391,0.0003414837597440938,0.15579244074866633,0.20361732533389396,9.866071848673169,,,,,,,,634080.0,,1,0,0,1,1
1789661124581.0,5.84,0.15583257,0.20338993,9.866505,0.0,0.00030543236,0.00015271618,-49.2,4.2000003,7.5750003,9.869831415405391,0.0003414837597440938,0.15559337501399745,0.20307371950572972,9.867048784310434,,,,,,,,634080.0,,1,0,0,1,1
1789661124591.0,5.85,0.15583257,0.20338993,9.866505,0.0,0.00030543236,0.00015271618,-49.2,4.2000003,7.5750003,9.869831415405391,0.0003414837597440938,0.1551211782648619,0.2020298941973933,9.868766604393109,,,,,,,,634080.0,,1,0,0,1,1
1789661124601.0,5.86,0.15403795,0.19980069,9.8727865,0.0,0.00030543236,0.00015271618,-49.2,4.2000003,7.5750003,9.876009380329027,0.0003414837597440938,0.15449483967751107,0.2008115937007632,9.87073335586932,,,,,,,,634080.0,,1,0,0,1,1
1789661124611.0,5.87,0.15403795,0.19980069,9.8727865,0.0,0.00030543236,0.00015271618,-49.2,4.2000003,7.5750003,9.876009380329027,0.0003414837597440938,0.15407599703336858,0.1999648520642813,9.87227757937369,,,,,,,,634080.0,,1,0,0,1,1
1789661124621.0,5.88,0.15403795,0.19980069,9.8727865,0.0,0.00030543236,0.00015271618,-49.2,4.2000003,7.5750003,9.876009380329027,0.0003414837597440938,0.15422229699399023,0.19992249200153558,9.872954482575384,,,,,,,,634080.0,,1,0,0,1,1
1789661124631.0,5.89,0.15403795,0.19980069,9.8727865,0.0,0.00030543236,0.00015271618,-49.2,4.2000003,7.5750003,9.876009380329027,0.0003414837597440938,0.15502877999302828,0.20071972573425387,9.87279877221735,,,,,,,,634080.0,,1,0,0,1,1
1789661124641.0,5.9,0.1576272,0.20338993,9.87159,0.0,-0.0009162971,0.00015271618,-49.2,4.2000003,7.5750003,9.87494318595835,0.0009289362772021568,0.1562483092533872,0.20197707945636173,9.872227635813747,,,,,,,,634080.0,,1,0,0,1,1
1789661124651.0,5.91,0.1576272,0.20338993,9.87159,0.0,-0.0009162971,0.00015271618,-49.2,4.2000003,7.5750003,9.87494318595835,0.0009289362772021568,0.157431168734237,0.2031475027898847,9.871708042582881,,,,,,,,634080.0,,1,0,0,1,1
1789661124661.0,5.92,0.1576272,0.20338993,9.87159,0.0,-0.0009162971,0.00015271618,-49.425003,3.9,7.05,9.87494318595835,0.0009289362772021568,0.158152543902455,0.20381907966533347,9.871467118704006,,,,,,,,634080.0,,1,0,0,1,1
1789661124671.0,5.93,0.1576272,0.20338993,9.87159,0.0,-0.0009162971,0.00015271618,-49.425003,3.9,7.05,9.87494318595835,0.0009289362772021568,0.15817056906053478,0.20386259731599846,9.871434734394962,,,,,,,,634080.0,,1,0,0,1,1
1789661124681.0,5.94,0.1576272,0.20338993,9.87159,0.0,-0.0009162971,0.00015271618,-49.425003,3.9,7.05,9.87494318595835,0.0009289362772021568,0.15748109996896736,0.20339255692411226,9.871400112320087,,,,,,,,634080.0,,1,0,0,1,1
1789661124691.0,5.95,0.1576272,0.20338993,9.87159,0.0,-0.0009162971,0.00015271618,-49.425003,3.9,7.05,9.87494318595835,0.0009289362772021568,0.15632405737050709,0.20265858402311918,9.871218759726803,,,,,,,,634080.0,,1,0,0,1,1
1789661124701.0,5.96,0.15433706,0.2015953,9.870394,0.0,-0.0009162971,0.00015271618,-49.425003,3.9,7.05,9.873658810608534,0.0009289362772021568,0.15514160196256055,0.20195950559866782,9.870907568663242,,,,,,,,634080.0,,1,0,0,1,1
1789661124711.0,5.97,0.15433706,0.2015953,9.870394,0.0,-0.0009162971,0.00015271618,-49.425003,3.9,7.05,9.873658810608534,0.0009289362772021568,0.1544257947418888,0.2015701231683696,9.870584319306777,,,,,,,,634080.0,,1,0,0,1,1
1789661124721.0,5.98,0.15433706,0.2015953,9.870394,0.0,-0.0009162971,0.00015271618,-49.425003,3.9,7.05,9.873658810608534,0.0009289362772021568,0.15447352462101097,0.20165066128934994,9.87033860099466,,,,,,,,634080.0,,1,0,0,1,1
1789661124731.0,5.99,0.15433706,0.2015953,9.870394,0.0,-0.0009162971,0.00015271618,-49.425003,3.9,7.05,9.873658810608534,0.0009289362772021568,0.15520586436344955,0.20217206830766796,9.870159425107841,,,,,,,,634080.0,,1,0,0,1,1
1789661124741.0,6.0,0.15732808,0.20368902,9.869795,0.0,0.00030543236,0.00015271618,-49.425003,3.9,7.05,9.873150190473659,0.0003414837597440938,0.15621469149068157,0.20292300278432,9.869972635399726,,,,,,,,634080.0,,1,0,0,1,1
1789661124751.0,6.01,0.15732808,0.20368902,9.869795,0.0,0.00030543236,0.00015271618,-49.425003,3.9,7.05,9.873150190473659,0.0003414837597440938,0.15703170107485948,0.20361121993575187,9.869742590333955,,,,,,,,634080.0,,1,0,0,1,1
1789661124761.0,6.02,0.15732808,0.20368902,9.869795,0.0,0.00030543236,0.00015271618,-50.025,3.9750001,7.8750005,9.873150190473659,0.0003414837597440938,0.15742558175930643,0.203993266070809,9.869550914664883,,,,,,,,634080.0,,1,0,0,1,1
1789661124771.0,6.03,0.15732808,0.20368902,9.869795,0.0,0.00030543236,0.00015271618,-50.025,3.9750001,7.8750005,9.873150190473659,0.0003414837597440938,0.15750412586776583,0.20395468833130762,9.869583924759182,,,,,,,,634080.0,,1,0,0,1,1
1789661124781.0,6.04,0.15732808,0.20368902,9.869795,0.0,0.00030543236,0.00015271618,-50.025,3.9750001,7.8750005,9.873150190473659,0.0003414837597440938,0.15756237351968816,0.20352423456821095,9.870012380866442,,,,,,,,634080.0,,1,0,0,1,1
1789661124791.0,6.05,0.15732808,0.20368902,9.869795,0.0,0.00030543236,0.00015271618,-50.025,3.9750001,7.8750005,9.873150190473659,0.0003414837597440938,0.15782155554480753,0.2028484846362073,9.870826041659853,,,,,,,,634080.0,,1,0,0,1,1
1789661124801.0,6.06,0.15882361,0.20129621,9.872487,0.0,0.00030543236,0.00015271618,-50.025,3.9750001,7.8750005,9.875816152016135,0.0003414837597440938,0.15826742532853288,0.20213274294545105,9.871754532957508,,,,,,,,634080.0,,1,0,0,1,1
1789661124811.0,6.07,0.15882361,0.20129621,9.872487,0.0,0.00030543236,0.00015271618,-50.025,3.9750001,7.8750005,9.875816152016135,0.0003414837597440938,0.15868845243800678,0.20154456195746895,9.872377204814894,,,,,,,,634080.0,,1,0,0,1,1
1789661124821.0,6.08,0.15882361,0.20129621,9.872487,0.0,0.00030543236,0.00015271618,-50.025,3.9750001,7.8750005,9.875816152016135,0.0003414837597440938,0.1588484927303253,0.20112785330427496,9.87237673171028,,,,,,,,634080.0,,1,0,0,1,1
1789661124831.0,6.09,0.15882361,0.20129621,9.872487,0.0,0.00030543236,0.00015271618,-50.025,3.9750001,7.8750005,9.875816152016135,0.0003414837597440938,0.15864601830296154,0.20080420729741094,9.871751649496916,,,,,,,,634080.0,,1,0,0,1,1
1789661124841.0,6.1,0.1576272,0.2000998,9.869795,0.0,-0.00045814854,0.00015271618,-50.025,3.9750001,7.8750005,9.873081565862043,0.000482930964360253,0.1581619179204972,0.20047021233276938,9.870818811051558,,,,,,,,634080.0,,1,0,0,1,1
1789661124851.0,6.11,0.1576272,0.2000998,9.869795,0.0,-0.00045814854,0.00015271618,-50.025,3.9750001,7.8750005,9.873081565862043,0.000482930964360253,0.15760718403853202,0.20011137245729782,9.870003340553744,,,,,,,,634080.0,,1,0,0,1,1
1789661124861.0,6.12,0.1576272,0.2000998,9.869795,0.0,-0.00045814854,0.00015271618,-48.975002,4.05,5.925,9.873081565862043,0.000482930964360253,0.15723967279337475,0.19984724293890177,9.86958161611655,,,,,,,,634080.0,,1,0,0,1,1
1789661124871.0,6.13,0.1576272,0.2000998,9.869795,0.0,-0.00045814854,0.00015271618,-48.975002,4.05,5.925,9.873081565862043,0.000482930964360253,0.15728657610755134,0.199877997636721,9.86956245905838,,,,,,,,634080.0,,1,0,0,1,1
1789661124881.0,6.14,0.1576272,0.2000998,9.869795,0.0,-0.00045814854,0.00015271618,-48.975002,4.05,5.925,9.873081565862043,0.000482930964360253,0.15785439061545709,0.20035468922456887,9.86975731686305,,,,,,,,634080.0,,1,0,0,1,1
1789661124891.0,6.15,0.1576272,0.2000998,9.869795,0.0,-0.00045814854,0.00015271618,-48.975002,4.05,5.925,9.873081565862043,0.000482930964360253,0.15882899813571189,0.20124312962898816,9.869946107675188,,,,,,,,634080.0,,1,0,0,1,1
1789661124901.0,6.16,0.16061822,0.20338993,9.870094,0.0,-0.00045814854,0.00015271618,-48.975002,4.05,5.925,9.873495897859955,0.000482930964360253,0.15985267980001497,0.2022876762687519,9.870016059557296,,,,,,,,634080.0,,1,0,0,1,1
1789661124911.0,6.17,0.16061822,0.20338993,9.870094,0.0,-0.00045814854,0.00015271618,-48.975002,4.05,5.925,9.873495897859955,0.000482930964360253,0.1604735240895613,0.2031342400745375,9.870012311154381,,,,,,,,634080.0,,1,0,0,1,1
1789661124921.0,6.18,0.16061822,0.20338993,9.870094,0.0,-0.00045814854,0.00015271618,-48.975002,4.05,5.925,9.873495897859955,0.000482930964360253,0.16042247670431875,0.20353520177731405,9.870099517466429,,,,,,,,634080.0,,1,0,0,1,1
1789661124931.0,6.19,0.16061822,0.20338993,9.870094,0.0,-0.00045814854,0.00015271618,-48.975002,4.05,5.925,9.873495897859955,0.000482930964360253,0.15981473669502802,0.20347511059252338,9.870459982126373,,,,,,,,634080.0,,1,0,0,1,1
1789661124941.0,6.2,0.1582254,0.20279172,9.871889,-0.0010690133,0.00015271618,0.00015271618,-48.975002,4.05,5.925,9.875239348351345,0.0010906117085583095,0.15908216655664237,0.2031343955567782,9.871164465112386,,,,,,,,634080.0,,1,0,0,1,1
1789661124951.0,6.21,0.1582254,0.20279172,9.871889,-0.0010690133,0.00015271618,0.00015271618,-48.975002,4.05,5.925,9.875239348351345,0.0010906117085583095,0.15864353499648037,0.2027562696370887,9.872058430310963,,,,,,,,634080.0,,1,0,0,1,1
1789661124961.0,6.22,0.1582254,0.20279172,9.871889,-0.0010690133,0.00015271618,0.00015271618,-49.125004,4.125,5.925,9.875239348351345,0.0010906117085583095,0.15854988997443306,0.20253554830300252,9.872719243629396,,,,,,,,634080.0,,1,0,0,1,1
1789661124971.0,6.23,0.1582254,0.20279172,9.871889,-0.0010690133,0.00015271618,0.00015271618,-49.125004,4.125,5.925,9.875239348351345,0.0010906117085583095,0.15840467624412857,0.20257905756301642,9.872564112994134,,,,,,,,634080.0,,1,0,0,1,1
1789661124981.0,6.24,0.1582254,0.20279172,9.871889,-0.0010690133,0.00015271618,0.00015271618,-49.125004,4.125,5.925,9.875239348351345,0.0010906117085583095,0.157672151084793,0.202901321880132,9.871158551736286,,,,,,,,634080.0,,1,0,0,1,1
1789661124991.0,6.25,0.1582254,0.20279172,9.871889,-0.0010690133,0.00015271618,0.00015271618,-49.125004,4.125,5.925,9.875239348351345,0.0010906117085583095,0.15617078561452016,0.2034137775383687,9.868603591525217,,,,,,,,634080.0,,1,0,0,1,1
1789661125001.0,6.26,0.15284155,0.20428723,9.862916,-0.0010690133,0.00015271618,0.00015271618,-49.125004,4.125,5.925,9.8662153754519,0.0010906117085583095,0.15435246013842868,0.20392807811857683,9.86567969666548,,,,,,,,634080.0,,1,0,0,1,1
1789661125011.0,6.27,0.15284155,0.20428723,9.862916,-0.0010690133,0.00015271618,0.00015271618,-49.125004,4.125,5.925,9.8662153754519,0.0010906117085583095,0.153094062847456,0.2042248513919071,9.863503170754534,,,,,,,,634080.0,,1,0,0,1,1
1789661125021.0,6.28,0.15284155,0.20428723,9.862916,-0.0010690133,0.00015271618,0.00015271618,-49.125004,4.125,5.925,9.8662153754519,0.0010906117085583095,0.15311813373369865,0.20418101404171898,9.862866058557856,,,,,,,,634080.0,,1,0,0,1,1
1789661125031.0,6.29,0.15284155,0.20428723,9.862916,-0.0010690133,0.00015271618,0.00015271618,-49.125004,4.125,5.925,9.8662153754519,0.0010906117085583095,0.15448280859296115,0.2038646583937182,9.863764500676988,,,,,,,,634080.0,,1,0,0,1,1
1789661125041.0,6.3,0.15882361,0.20309082,9.867402,0.0,0.00015271618,-0.0010690133,-49.125004,4.125,5.925,9.870769628041458,0.0010798665043470338,0.1565372442935784,0.20350031235860244,9.865476942076281,,,,,,,,634080.0,,1,0,0,1,1
1789661125051.0,6.31,0.15882361,0.20309082,9.867402,0.0,0.00015271618,-0.0010690133,-49.125004,4.125,5.925,9.870769628041458,0.0010798665043470338,0.15836073763596126,0.20330136895007553,9.867081371099907,,,,,,,,634080.0,,1,0,0,1,1
1789661125061.0,6.32,0.15882361,0.20309082,9.867402,0.0,0.00015271618,-0.0010690133,-48.0,4.05,3.6000001,9.870769628041458,0.0010798665043470338,0.15932439178224075,0.20328558389503398,9.86797650099498,,,,,,,,634080.0,,1,0,0,1,1
1789661125071.0,6.33,0.15882361,0.20309082,9.867402,0.0,0.00015271618,-0.0010690133,-48.0,4.05,3.6000001,9.870769628041458,0.0010798665043470338,0.15936407841856295,0.20323043082683465,9.868061129208712,,,,,,,,634080.0,,1,0,0,1,1
1789661125081.0,6.34,0.15882361,0.20309082,9.867402,0.0,0.00015271618,-0.0010690133,-48.0,4.05,3.6000001,9.870769628041458,0.0010798665043470338,0.1588460593487427,0.20283753602785837,9.867578411349166,,,,,,,,634080.0,,1,0,0,1,1
1789661125091.0,6.35,0.15882361,0.20309082,9.867402,0.0,0.00015271618,-0.0010690133,-48.0,4.05,3.6000001,9.870769628041458,0.0010798665043470338,0.15822128147680414,0.20200899393398347,9.866880661341652,,,,,,,,634080.0,,1,0,0,1,1
1789661125101.0,6.36,0.15702899,0.20039889,9.866505,0.0,0.00015271618,-0.0010690133,-48.0,4.05,3.6000001,9.869789193991869,0.0010798665043470338,0.1577311360243291,0.20101981575272013,9.866313120186781,,,,,,,,634080.0,,1,0,0,1,1
1789661125111.0,6.37,0.15702899,0.20039889,9.866505,0.0,0.00015271618,-0.0010690133,-48.0,4.05,3.6000001,9.869789193991869,0.0010798665043470338,0.15730684480103793,0.20041647251590644,9.86619608414564,,,,,,,,634080.0,,1,0,0,1,1
1789661125121.0,6.38,0.15702899,0.20039889,9.866505,0.0,0.00015271618,-0.0010690133,-48.0,4.05,3.6000001,9.869789193991869,0.0010798665043470338,0.15667892383664658,0.2006765683964945,9.866775358070758,,,,,,,,634080.0,,1,0,0,1,1
1789661125131.0,6.39,0.15702899,0.20039889,9.866505,0.0,0.00015271618,-0.0010690133,-48.0,4.05,3.6000001,9.869789193991869,0.0010798665043470338,0.15561931708497986,0.2018703656822667,9.868099680491493,,,,,,,,634080.0,,1,0,0,1,1
1789661125141.0,6.4,0.15254244,0.20548365,9.871889,0.0,0.00015271618,-0.0009162971,-48.0,4.05,3.6000001,9.875205575315354,0.0009289362772021568,0.15416168819191642,0.20358426128776527,9.869923580725224,,,,,,,,634080.0,,1,0,0,1,1
1789661125151.0,6.41,0.15254244,0.20548365,9.871889,0.0,0.00015271618,-0.0009162971,-48.0,4.05,3.6000001,9.875205575315354,0.0009289362772021568,0.15266070139185475,0.20516161906180538,9.871738576240011,,,,,,,,634080.0,,1,0,0,1,1
1789661125161.0,6.42,0.15254244,0.20548365,9.871889,0.0,0.00015271618,-0.0009162971,-48.975002,4.2000003,5.3250003,9.875205575315354,0.0009289362772021568,0.15167652038155852,0.20606141181264534,9.872915902391963,,,,,,,,634080.0,,1,0,0,1,1
1789661125171.0,6.43,0.15254244,0.20548365,9.871889,0.0,0.00015271618,-0.0009162971,-48.975002,4.2000003,5.3250003,9.875205575315354,0.0009289362772021568,0.15175801553185408,0.20607714162375895,9.872893965911855,,,,,,,,634080.0,,1,0,0,1,1
1789661125181.0,6.44,0.15254244,0.20548365,9.871889,0.0,0.00015271618,-0.0009162971,-48.975002,4.2000003,5.3250003,9.875205575315354,0.0009289362772021568,0.15317878705253649,0.20533691869290532,9.871414019077571,,,,,,,,634080.0,,1,0,0,1,1
1789661125191.0,6.45,0.15254244,0.20548365,9.871889,0.0,0.00015271618,-0.0009162971,-48.975002,4.2000003,5.3250003,9.875205575315354,0.0009289362772021568,0.15570391822573057,0.20418261353502964,9.868786404623402,,,,,,,,634080.0,,1,0,0,1,1
1789661125201.0,6.46,0.16151553,0.20189442,9.864112,0.0,0.00015271618,-0.0009162971,-48.975002,4.2000003,5.3250003,9.867499894694822,0.0009289362772021568,0.1585745799282022,0.20302090287283636,9.865981272639239,,,,,,,,634080.0,,1,0,0,1,1
1789661125211.0,6.47,0.16151553,0.20189442,9.864112,0.0,0.00015271618,-0.0009162971,-48.975002,4.2000003,5.3250003,9.867499894694822,0.0009289362772021568,0.16084575631962755,0.20216726495867282,9.86428692219398,,,,,,,,634080.0,,1,0,0,1,1
1789661125221.0,6.48,0.16151553,0.20189442,9.864112,0.0,0.00015271618,-0.0009162971,-48.975002,4.2000003,5.3250003,9.867499894694822,0.0009289362772021568,0.161900454880735,0.20172504566599145,9.864601023028456,,,,,,,,634080.0,,1,0,0,1,1
1789661125231.0,6.49,0.16151553,0.20189442,9.864112,0.0,0.00015271618,-0.0009162971,-48.975002,4.2000003,5.3250003,9.867499894694822,0.0009289362772021568,0.16174557834541814,0.2015840303035653,9.866835026442075,,,,,,,,634080.0,,1,0,0,1,1
1789661125241.0,6.5,0.16002001,0.2015953,9.873384,0.0,-0.0006108647,0.00015271618,-48.975002,4.2000003,5.3250003,9.87673826118919,0.0006296649214779893,0.16088620821700855,0.2015537905817862,9.869936171614391,,,,,,,,634080.0,,1,0,0,1,1
1789661125251.0,6.51,0.16002001,0.2015953,9.873384,0.0,-0.0006108647,0.00015271618,-48.975002,4.2000003,5.3250003,9.87673826118919,0.0006296649214779893,0.15995613335616696,0.20152625574107477,9.872565918385572,,,,,,,,634080.0,,1,0,0,1,1
1789661125261.0,6.52,0.16002001,0.2015953,9.873384,0.0,-0.0006108647,0.00015271618,-49.275,3.525,6.7500005,9.87673826118919,0.0006296649214779893,0.15942307020513996,0.20153807993030656,9.873923878711372,,,,,,,,634080.0,,1,0,0,1,1
1789661125271.0,6.53,0.16002001,0.2015953,9.873384,0.0,-0.0006108647,0.00015271618,-49.275,3.525,6.7500005,9.87673826118919,0.0006296649214779893,0.1595054537323882,0.20169639787289279,9.874098221664225,,,,,,,,634080.0,,1,0,0,1,1
1789661125281.0,6.54,0.16002001,0.2015953,9.873384,0.0,-0.0006108647,0.00015271618,-49.275,3.525,6.7500005,9.87673826118919,0.0006296649214779893,0.16020249570972137,0.2020493408635503,9.873761917269393,,,,,,,,634080.0,,1,0,0,1,1
1789661125291.0,6.55,0.16002001,0.2015953,9.873384,0.0,-0.0006108647,0.00015271618,-49.275,3.525,6.7500005,9.87673826118919,0.0006296649214779893,0.1613037992307709,0.20254050064190227,9.873563777937118,,,,,,,,634080.0,,1,0,0,1,1
1789661125301.0,6.56,0.16301104,0.20488544,9.873982,0.0,-0.0006108647,0.00015271618,-49.275,3.525,6.7500005,9.877452666503133,0.0006296649214779893,0.16239444055263164,0.20312977085178605,9.873702042875518,,,,,,,,634080.0,,1,0,0,1,1
1789661125311.0,6.57,0.16301104,0.20488544,9.873982,0.0,-0.0006108647,0.00015271618,-49.275,3.525,6.7500005,9.877452666503133,0.0006296649214779893,0.16297536783145314,0.20398924512855232,9.873912259386511,,,,,,,,634080.0,,1,0,0,1,1
1789661125321.0,6.58,0.16301104,0.20488544,9.873982,0.0,-0.0006108647,0.00015271618,-49.275,3.525,6.7500005,9.877452666503133,0.0006296649214779893,0.1627206079184098,0.20553520405368786,9.873769437912019,,,,,,,,634080.0,,1,0,0,1,1
1789661125331.0,6.59,0.16301104,0.20488544,9.873982,0.0,-0.0006108647,0.00015271618,-49.275,3.525,6.7500005,9.877452666503133,0.0006296649214779893,0.1617034359558289,0.20815285505500583,9.873036506099947,,,,,,,,634080.0,,1,0,0,1,1
1789661125341.0,6.6,0.15882361,0.21565314,9.870394,0.0,0.00015271618,0.00015271618,-49.275,3.525,6.7500005,9.874026986550183,0.0002159732929498108,0.16037782489790053,0.21177139244034826,9.871830513293517,,,,,,,,634080.0,,1,0,0,1,1
1789661125351.0,6.61,0.15882361,0.21565314,9.870394,0.0,0.00015271618,0.00015271618,-49.275,3.525,6.7500005,9.874026986550183,0.0002159732929498108,0.15928374361403824,0.21560177824691393,9.870553000984925,,,,,,,,634080.0,,1,0,0,1,1
1789661125361.0,6.62,0.15882361,0.21565314,9.870394,0.0,0.00015271618,0.00015271618,-49.425003,4.2000003,7.275,9.874026986550183,0.0002159732929498108,0.1586960645174147,0.21821069535004742,9.869698839444608,,,,,,,,634080.0,,1,0,0,1,1
1789661125371.0,6.63,0.15882361,0.21565314,9.870394,0.0,0.00015271618,0.00015271618,-49.425003,4.2000003,7.275,9.874026986550183,0.0002159732929498108,0.15849984470915002,0.21796389855785128,9.869673664854286,,,,,,,,634080.0,,1,0,0,1,1
1789661125381.0,6.64,0.15882361,0.21565314,9.870394,0.0,0.00015271618,0.00015271618,-49.425003,4.2000003,7.275,9.874026986550183,0.0002159732929498108,0.15836720597228152,0.21384522982583856,9.870637665168312,,,,,,,,634080.0,,1,0,0,1,1
1789661125391.0,6.65,0.15882361,0.21565314,9.870394,0.0,0.00015271618,0.00015271618,-49.425003,4.2000003,7.275,9.874026986550183,0.0002159732929498108,0.15804014658304202,0.20638947396897478,9.87235646535309,,,,,,,,634080.0,,1,0,0,1,1
1789661125401.0,6.66,0.15613168,0.1905285,9.875179,0.0,0.00015271618,0.00015271618,-49.425003,4.2000003,7.275,9.878250781026612,0.0002159732929498108,0.15746111932354181,0.1979839648224983,9.874158649163821,,,,,,,,634080.0,,1,0,0,1,1
1789661125411.0,6.67,0.15613168,0.1905285,9.875179,0.0,0.00015271618,0.00015271618,-49.425003,4.2000003,7.275,9.878250781026612,0.0002159732929498108,0.1566844795885136,0.19190222872627033,9.875162775223854,,,,,,,,634080.0,,1,0,0,1,1
1789661125421.0,6.68,0.15613168,0.1905285,9.875179,0.0,0.00015271618,0.00015271618,-49.425003,4.2000003,7.275,9.878250781026612,0.0002159732929498108,0.1557337751225959,0.19047285468772357,9.87475170202272,,,,,,,,634080.0,,1,0,0,1,1
1789661125431.0,6.69,0.15613168,0.1905285,9.875179,0.0,0.00015271618,0.00015271618,-49.425003,4.2000003,7.275,9.878250781026612,0.0002159732929498108,0.1545917585360209,0.19372201639303216,9.87298927170096,,,,,,,,634080.0,,1,0,0,1,1
1789661125441.0,6.7,0.15194423,0.20578274,9.868001,0.00045814854,-0.0006108647,0.00015271618,-49.425003,4.2000003,7.275,9.871315885995807,0.0007787027661720575,0.1533166682492123,0.19951827805037614,9.870624110401135,,,,,,,,634080.0,,1,0,0,1,1
1789661125451.0,6.71,0.15194423,0.20578274,9.868001,0.00045814854,-0.0006108647,0.00015271618,-49.425003,4.2000003,7.275,9.871315885995807,0.0007787027661720575,0.15212842887278324,0.2049875731189699,9.868623906538977,,,,,,,,634080.0,,1,0,0,1,1
1789661125461.0,6.72,0.15194423,0.20578274,9.868001,0.00045814854,-0.0006108647,0.00015271618,-49.425003,3.825,5.175,9.871315885995807,0.0007787027661720575,0.15136886663285193,0.20803409405345344,9.867583560309418,,,,,,,,634080.0,,1,0,0,1,1
1789661125471.0,6.73,0.15194423,0.20578274,9.868001,0.00045814854,-0.0006108647,0.00015271618,-49.425003,3.825,5.175,9.871315885995807,0.0007787027661720575,0.1513668392804569,0.20800076806910112,9.867456955972576,,,,,,,,634080.0,,1,0,0,1,1
1789661125481.0,6.74,0.15194423,0.20578274,9.868001,0.00045814854,-0.0006108647,0.00015271618,-49.425003,3.825,5.175,9.871315885995807,0.0007787027661720575,0.152264837772089,0.20544279467200965,9.867760102299627,,,,,,,,634080.0,,1,0,0,1,1
1789661125491.0,6.75,0.15194423,0.20578274,9.868001,0.00045814854,-0.0006108647,0.00015271618,-49.425003,3.825,5.175,9.871315885995807,0.0007787027661720575,0.15386316847340525,0.20160030354331301,9.868006251294132,,,,,,,,634080.0,,1,0,0,1,1
1789661125501.0,6.76,0.15702899,0.19531415,9.868001,0.00045814854,-0.0006108647,0.00015271618,-49.425003,3.825,5.175,9.871182779023577,0.0007787027661720575,0.15559998726900567,0.19794261870850885,9.86802449610836,,,,,,,,634080.0,,1,0,0,1,1
1789661125511.0,6.77,0.15702899,0.19531415,9.868001,0.00045814854,-0.0006108647,0.00015271618,-49.425003,3.825,5.175,9.871182779023577,0.0007787027661720575,0.1567765561336925,0.19571399110765988,9.867987756159511,,,,,,,,634080.0,,1,0,0,1,1
1789661125521.0,6.78,0.15702899,0.19531415,9.868001,0.00045814854,-0.0006108647,0.00015271618,-49.425003,3.825,5.175,9.871182779023577,0.0007787027661720575,0.15694543062772845,0.19544005007516063,9.86820484102224,,,,,,,,634080.0,,1,0,0,1,1
1789661125531.0,6.79,0.15702899,0.19531415,9.868001,0.00045814854,-0.0006108647,0.00015271618,-49.425003,3.825,5.175,9.871182779023577,0.0007787027661720575,0.15618354570402473,0.19668005520803136,9.868856853148097,,,,,,,,634080.0,,1,0,0,1,1
1789661125541.0,6.8,0.15373886,0.2000998,9.870992,0.0,0.00015271618,-0.0010690133,-49.425003,3.825,5.175,9.87421686166038,0.0010798665043470338,0.15502097773216697,0.19833125207161623,9.869853202366134,,,,,,,,634080.0,,1,0,0,1,1
1789661125551.0,6.81,0.15373886,0.2000998,9.870992,0.0,0.00015271618,-0.0010690133,-49.425003,3.825,5.175,9.87421686166038,0.0010798665043470338,0.15406756281205536,0.19939180774013238,9.87087250655059,,,,,,,,634080.0,,1,0,0,1,1
1789661125561.0,6.82,0.15373886,0.2000998,9.870992,0.0,0.00015271618,-0.0010690133,-49.350002,3.6000001,6.15,9.87421686166038,0.0010798665043470338,0.1536214971548635,0.19967140273709957,9.871519189874265,,,,,,,,634080.0,,1,0,0,1,1
1789661125571.0,6.83,0.15373886,0.2000998,9.870992,0.0,0.00015271618,-0.0010690133,-49.350002,3.6000001,6.15,9.87421686166038,0.0010798665043470338,0.15354663704763136,0.19990123010348795,9.87148688056672,,,,,,,,634080.0,,1,0,0,1,1
1789661125581.0,6.84,0.15373886,0.2000998,9.870992,0.0,0.00015271618,-0.0010690133,-49.350002,3.6000001,6.15,9.87421686166038,0.0010798665043470338,0.1534783551716038,0.20110483198701617,9.8706853128412,,,,,,,,634080.0,,1,0,0,1,1
1789661125591.0,6.85,0.15373886,0.2000998,9.870992,0.0,0.00015271618,-0.0010690133,-49.350002,3.6000001,6.15,9.87421686166038,0.0010798665043470338,0.1531652183827545,0.2036676349027339,9.869320606888692,,,,,,,,634080.0,,1,0,0,1,1
1789661125601.0,6.86,0.15224335,0.20967108,9.866505,0.0,0.00015271618,-0.0010690133,-49.350002,3.6000001,6.15,9.869906834131342,0.0010798665043470338,0.15267639016758286,0.20684000540372072,9.867862069962998,,,,,,,,634080.0,,1,0,0,1,1
1789661125611.0,6.87,0.15224335,0.20967108,9.866505,0.0,0.00015271618,-0.0010690133,-49.350002,3.6000001,6.15,9.869906834131342,0.0010798665043470338,0.15233416745524833,0.20912476673440436,9.86682969871667,,,,,,,,634080.0,,1,0,0,1,1
1789661125621.0,6.88,0.15224335,0.20967108,9.866505,0.0,0.00015271618,-0.0010690133,-49.350002,3.6000001,6.15,9.869906834131342,0.0010798665043470338,0.15244658845824327,0.2092933193993636,9.866491492689837,,,,,,,,634080.0,,1,0,0,1,1
1789661125631.0,6.89,0.15224335,0.20967108,9.866505,0.0,0.00015271618,-0.0010690133,-49.350002,3.6000001,6.15,9.869906834131342,0.0010798665043470338,0.15305815560636982,0.20724277975825903,9.866700708406974,,,,,,,,634080.0,,1,0,0,1,1
1789661125641.0,6.9,0.15493527,0.20039889,9.867402,0.0,0.00015271618,0.00015271618,-49.350002,3.6000001,6.15,9.870652809343827,0.0002159732929498108,0.1539116824739139,0.20403924433697077,9.867029164240412,,,,,,,,634080.0,,1,0,0,1,1
1789661125651.0,6.91,0.15493527,0.20039889,9.867402,0.0,0.00015271618,0.00015271618,-49.350002,3.6000001,6.15,9.870652809343827,0.0002159732929498108,0.1546417234816337,0.20116598154974422,9.867119090706101,,,,,,,,634080.0,,1,0,0,1,1
1789661125661.0,6.92,0.15493527,0.20039889,9.867402,0.0,0.00015271618,0.00015271618,-48.9,4.05,6.2250004,9.870652809343827,0.0002159732929498108,0.15503240159705678,0.19961074988803904,9.866996988933689,,,,,,,,634080.0,,1,0,0,1,1
1789661125671.0,6.93,0.15493527,0.20039889,9.867402,0.0,0.00015271618,0.00015271618,-48.9,4.05,6.2250004,9.870652809343827,0.0002159732929498108,0.15513027733567095,0.1994601431382911,9.867098067897794,,,,,,,,634080.0,,1,0,0,1,1
1789661125681.0,6.94,0.15493527,0.20039889,9.867402,0.0,0.00015271618,0.00015271618,-48.9,4.05,6.2250004,9.870652809343827,0.0002159732929498108,0.1551442827097704,0.20015010967173014,9.867934472706873,,,,,,,,634080.0,,1,0,0,1,1
1789661125691.0,6.95,0.15493527,0.20039889,9.867402,0.0,0.00015271618,0.00015271618,-48.9,4.05,6.2250004,9.870652809343827,0.0002159732929498108,0.15524851490324054,0.20100305274399372,9.869611756066622,,,,,,,,634080.0,,1,0,0,1,1
1789661125701.0,6.96,0.15583257,0.20189442,9.873085,0.0,0.00015271618,0.00015271618,-48.9,4.05,6.2250004,9.876378514613792,0.0002159732929498108,0.15546124562963368,0.20161409248175508,9.871575322514476,,,,,,,,634080.0,,1,0,0,1,1
1789661125711.0,6.97,0.15583257,0.20189442,9.873085,0.0,0.00015271618,0.00015271618,-48.9,4.05,6.2250004,9.876378514613792,0.0002159732929498108,0.15567879361787695,0.2019257356378348,9.872856270724343,,,,,,,,634080.0,,1,0,0,1,1
1789661125721.0,6.98,0.15583257,0.20189442,9.873085,0.0,0.00015271618,0.00015271618,-48.9,4.05,6.2250004,9.876378514613792,0.0002159732929498108,0.15580306129231808,0.20208392254359075,9.872697489996385,,,,,,,,634080.0,,1,0,0,1,1
1789661125731.0,6.99,0.15583257,0.20189442,9.873085,0.0,0.00015271618,0.00015271618,-48.9,4.05,6.2250004,9.876378514613792,0.0002159732929498108,0.15583682922858244,0.20224301466982947,9.87109365575527,,,,,,,,634080.0,,1,0,0,1,1
1789661125741.0,7.0,0.15583257,0.20279172,9.866206,0.0,0.00015271618,0.00015271618,-48.9,4.05,6.2250004,9.869520206474546,0.0002159732929498108,0.15586773826069727,0.20244889062158622,9.868809861540443,,,,,,,,634080.0,,1,0,0,1,1
1789661125751.0,7.01,0.15583257,0.20279172,9.866206,0.0,0.00015271618,0.00015271618,-48.9,4.05,6.2250004,9.869520206474546,0.0002159732929498108,0.15596202671705345,0.20264769519607562,9.86685566749164,,,,,,,,634080.0,,1,0,0,1,1
1789661125761.0,7.02,0.15583257,0.20279172,9.866206,0.0,0.00015271618,0.00015271618,-48.600002,4.05,5.3250003,9.869520206474546,0.0002159732929498108,0.15606119275803584,0.20277462623608175,9.865835522383406,,,,,,,,634080.0,,1,0,0,1,1
1789661125771.0,7.03,0.15583257,0.20279172,9.866206,0.0,0.00015271618,0.00015271618,-48.600002,4.05,5.3250003,9.869520206474546,0.0002159732929498108,0.15597815280422922,0.20282753589868044,9.865673092725332,,,,,,,,634080.0,,1,0,0,1,1
1789661125781.0,7.04,0.15583257,0.20279172,9.866206,0.0,0.00015271618,0.00015271618,-48.600002,4.05,5.3250003,9.869520206474546,0.0002159732929498108,0.15552233322077139,0.2028636764220193,9.865852887163149,,,,,,,,634080.0,,1,0,0,1,1
1789661125791.0,7.05,0.15583257,0.20279172,9.866206,0.0,0.00015271618,0.00015271618,-48.600002,4.05,5.3250003,9.869520206474546,0.0002159732929498108,0.1546741059985043,0.202936087149944,9.86589823761866,,,,,,,,634080.0,,1,0,0,1,1
1789661125801.0,7.06,0.15254244,0.20309082,9.865309,0.0,0.00015271618,0.00015271618,-48.600002,4.05,5.3250003,9.868578253357999,0.0002159732929498108,0.15365830805166814,0.2030350155354977,9.865690097226892,,,,,,,,634080.0,,1,0,0,1,1
1789661125811.0,7.07,0.15254244,0.20309082,9.865309,0.0,0.00015271618,0.00015271618,-48.600002,4.05,5.3250003,9.868578253357999,0.0002159732929498108,0.15282878832555188,0.2030872947321079,9.865441133936775,,,,,,,,634080.0,,1,0,0,1,1
1789661125821.0,7.08,0.15254244,0.20309082,9.865309,0.0,0.00015271618,0.00015271618,-48.600002,4.05,5.3250003,9.868578253357999,0.0002159732929498108,0.152446404120228,0.20301441946330553,9.86542364007773,,,,,,,,634080.0,,1,0,0,1,1
1789661125831.0,7.09,0.15254244,0.20309082,9.865309,0.0,0.00015271618,0.00015271618,-48.600002,4.05,5.3250003,9.868578253357999,0.0002159732929498108,0.15253600740369144,0.20280130427293996,9.865696093098142,,,,,,,,634080.0,,1,0,0,1,1
1789661125841.0,7.1,0.15343975,0.20219351,9.866206,0.0,0.00015271618,0.00015271618,-48.600002,4.05,5.3250003,9.869470442065378,0.0002159732929498108,0.15292291255775328,0.2025180129003885,9.86603478767859,,,,,,,,634080.0,,1,0,0,1,1
1789661125851.0,7.11,0.15343975,0.20219351,9.866206,0.0,0.00015271618,0.00015271618,-48.600002,4.05,5.3250003,9.869470442065378,0.0002159732929498108,0.15337669192590017,0.20227502276067122,9.866120599483738,,,,,,,,634080.0,,1,0,0,1,1
1789661125861.0,7.12,0.15343975,0.20219351,9.866206,0.0,0.00015271618,0.00015271618,-48.0,4.05,4.125,9.869470442065378,0.0002159732929498108,0.15371781776727106,0.20214892135510448,9.865853192943094,,,,,,,,634080.0,,1,0,0,1,1
1789661125871.0,7.13,0.15343975,0.20219351,9.866206,0.0,0.00015271618,0.00015271618,-48.0,4.05,4.125,9.869470442065378,0.0002159732929498108,0.153825079483092,0.20213770632583167,9.865553671265696,,,,,,,,634080.0,,1,0,0,1,1
1789661125881.0,7.14,0.15343975,0.20219351,9.866206,0.0,0.00015271618,0.00015271618,-48.0,4.05,4.125,9.869470442065378,0.0002159732929498108,0.15361032782620354,0.2021724801062052,9.865843477516202,,,,,,,,634080.0,,1,0,0,1,1
1789661125891.0,7.15,0.15343975,0.20219351,9.866206,0.0,0.00015271618,0.00015271618,-48.0,4.05,4.125,9.869470442065378,0.0002159732929498108,0.15305742439494135,0.2021628200691591,9.867185519192368,,,,,,,,634080.0,,1,0,0,1,1
1789661125901.0,7.16,0.15343975,0.20219351,9.866206,0.0,0.00015271618,0.00015271618,-48.0,4.05,4.125,9.869470442065378,0.0002159732929498108,0.15231557984445723,0.20203484723970128,9.869376658121208,,,,,,,,634080.0,,1,0,0,1,1
1789661125911.0,7.17,0.15104693,0.20129621,9.873684,0.0,0.00015271618,0.00015271618,-48.0,4.05,4.125,9.876890759296613,0.0002159732929498108,0.1517138856584945,0.20174225261507303,9.871455750827392,,,,,,,,634080.0,,1,0,0,1,1
1789661125921.0,7.18,0.15104693,0.20129621,9.873684,0.0,0.00015271618,0.00015271618,-48.0,4.05,4.125,9.876890759296613,0.0002159732929498108,0.15159437406499726,0.20126458167777142,9.872256387741674,,,,,,,,634080.0,,1,0,0,1,1
1789661125931.0,7.19,0.15104693,0.20129621,9.873684,0.0,0.00015271618,0.00015271618,-48.0,4.05,4.125,9.876890759296613,0.0002159732929498108,0.15205695910928502,0.20061839132450993,9.87125016510065,,,,,,,,634080.0,,1,0,0,1,1
1789661125941.0,7.2,0.15403795,0.19920248,9.865608,0.0,0.00015271618,0.00015271618,-48.0,4.05,4.125,9.868821131611535,0.0002159732929498108,0.1528567465472476,0.19988215752420796,9.868961964035567,,,,,,,,634080.0,,1,0,0,1,1
1789661125951.0,7.21,0.15403795,0.19920248,9.865608,0.0,0.00015271618,0.00015271618,-48.0,4.05,4.125,9.868821131611535,0.0002159732929498108,0.1535860156590402,0.19920879064219701,9.866578687292789,,,,,,,,634080.0,,1,0,0,1,1
1789661125961.0,7.22,0.15403795,0.19920248,9.865608,0.0,0.00015271618,0.00015271618,-48.375004,3.9750001,4.5750003,9.868821131611535,0.0002159732929498108,0.15399544633709733,0.19880515046032526,9.86511598944235,,,,,,,,634080.0,,1,0,0,1,1
1789661125971.0,7.23,0.15403795,0.19920248,9.865608,0.0,0.00015271618,0.00015271618,-48.375004,3.9750001,4.5750003,9.868821131611535,0.0002159732929498108,0.15416541196437505,0.19887293896650413,9.86485302252356,,,,,,,,634080.0,,1,0,0,1,1
1789661125981.0,7.24,0.15403795,0.19920248,9.865608,0.0,0.00015271618,0.00015271618,-48.375004,3.9750001,4.5750003,9.868821131611535,0.0002159732929498108,0.15438224435196207,0.19950969773352473,9.865390066125185,,,,,,,,634080.0,,1,0,0,1,1
1789661125991.0,7.25,0.15403795,0.19920248,9.865608,0.0,0.00015271618,0.00015271618,-48.375004,3.9750001,4.5750003,9.868821131611535,0.0002159732929498108,0.1548456058100355,0.20060452527652833,9.866120369789904,,,,,,,,634080.0,,1,0,0,1,1
1789661126001.0,7.26,0.15613168,0.20309082,9.867402,0.0,0.00015271618,0.00015271618,-48.375004,3.9750001,4.5750003,9.870726681064161,0.0002159732929498108,0.15547007829822485,0.20182574727737526,9.86668976893065,,,,,,,,634080.0,,1,0,0,1,1
1789661126011.0,7.27,0.15613168,0.20309082,9.867402,0.0,0.00015271618,0.00015271618,-48.375004,3.9750001,4.5750003,9.870726681064161,0.0002159732929498108,0.15594475738895305,0.20277215014253147,9.867165804037786,,,,,,,,634080.0,,1,0,0,1,1
1789661126021.0,7.28,0.15613168,0.20309082,9.867402,0.0,0.00015271618,0.00015271618,-48.375004,3.9750001,4.5750003,9.870726681064161,0.0002159732929498108,0.1559860679047557,0.203208038161986,9.867878180421728,,,,,,,,634080.0,,1,0,0,1,1
1789661126031.0,7.29,0.15613168,0.20309082,9.867402,0.0,0.00015271618,0.00015271618,-48.375004,3.9750001,4.5750003,9.870726681064161,0.0002159732929498108,0.15556194860815298,0.20319234555193322,9.869080721908572,,,,,,,,634080.0,,1,0,0,1,1
1789661126041.0,7.3,0.15403795,0.20279172,9.872487,0.0,0.00015271618,-0.0007635809,-48.375004,3.9750001,4.5750003,9.875770943926847,0.0007787027818613482,0.1549050827323933,0.20299390171662068,9.87068520226597,,,,,,,,634080.0,,1,0,0,1,1
1789661126051.0,7.31,0.15403795,0.20279172,9.872487,0.0,0.00015271618,-0.0007635809,-48.375004,3.9750001,4.5750003,9.875770943926847,0.0007787027818613482,0.15432148901213164,0.20286967409731732,9.87225179425879,,,,,,,,634080.0,,1,0,0,1,1
1789661126061.0,7.32,0.15403795,0.20279172,9.872487,0.0,0.00015271618,-0.0007635809,-48.9,4.275,5.55,9.875770943926847,0.0007787027818613482,0.153972516981728,0.20288039251254966,9.87320989083031,,,,,,,,634080.0,,1,0,0,1,1
1789661126071.0,7.33,0.15403795,0.20279172,9.872487,0.0,0.00015271618,-0.0007635809,-48.9,4.275,5.55,9.875770943926847,0.0007787027818613482,0.15381737588330904,0.20287106171870364,9.87314073449376,,,,,,,,634080.0,,1,0,0,1,1
1789661126081.0,7.34,0.15403795,0.20279172,9.872487,0.0,0.00015271618,-0.0007635809,-48.9,4.275,5.55,9.875770943926847,0.0007787027818613482,0.15374637109136677,0.20262293844741902,9.871996798056712,,,,,,,,634080.0,,1,0,0,1,1
1789661126091.0,7.35,0.15403795,0.20279172,9.872487,0.0,0.00015271618,-0.0007635809,-48.9,4.275,5.55,9.875770943926847,0.0007787027818613482,0.15375943501715464,0.20206836839547493,9.870197424188568,,,,,,,,634080.0,,1,0,0,1,1
1789661126101.0,7.36,0.15403795,0.2009971,9.866804,0.0,0.00015271618,-0.0007635809,-48.9,4.275,5.55,9.87005312542261,0.0007787027818613482,0.15400774502113737,0.20140761797764362,9.868507718062663,,,,,,,,634080.0,,1,0,0,1,1
1789661126111.0,7.37,0.15403795,0.2009971,9.866804,0.0,0.00015271618,-0.0007635809,-48.9,4.275,5.55,9.87005312542261,0.0007787027818613482,0.15464595737291179,0.20102124089221157,9.867653833310351,,,,,,,,634080.0,,1,0,0,1,1
1789661126121.0,7.38,0.15403795,0.2009971,9.866804,0.0,0.00015271618,-0.0007635809,-48.9,4.275,5.55,9.87005312542261,0.0007787027818613482,0.15563086394592499,0.20121988946541594,9.867872163451956,,,,,,,,634080.0,,1,0,0,1,1
1789661126131.0,7.39,0.1591227,0.2009971,9.870692,0.0,0.00015271618,-0.0007635809,-48.9,4.275,5.55,9.874020479355291,0.0007787027818613482,0.15667773209784558,0.20201255852983457,9.868762803482877,,,,,,,,634080.0,,1,0,0,1,1
1789661126141.0,7.4,0.15732808,0.20428723,9.869795,0.0,0.00015271618,0.00015271618,-48.9,4.275,5.55,9.873162550020261,0.0002159732929498108,0.15744249226710033,0.20308000749042632,9.86961251763391,,,,,,,,634080.0,,1,0,0,1,1
1789661126151.0,7.41,0.15732808,0.20428723,9.869795,0.0,0.00015271618,0.00015271618,-48.9,4.275,5.55,9.873162550020261,0.0002159732929498108,0.1577589498508457,0.20398518038846422,9.869934509149292,,,,,,,,634080.0,,1,0,0,1,1
1789661126161.0,7.42,0.15732808,0.20428723,9.869795,0.0,0.00015271618,0.00015271618,-47.550003,3.825,3.9,9.873162550020261,0.0002159732929498108,0.15770434143615128,0.20445573164972128,9.869794072299406,,,,,,,,634080.0,,1,0,0,1,1
1789661126171.0,7.43,0.15732808,0.20428723,9.869795,0.0,0.00015271618,0.00015271618,-47.550003,3.825,3.9,9.873162550020261,0.0002159732929498108,0.1574656290530749,0.2045178346596018,9.869700475081201,,,,,,,,634080.0,,1,0,0,1,1
1789661126181.0,7.44,0.15732808,0.20428723,9.869795,0.0,0.00015271618,0.00015271618,-47.550003,3.825,3.9,9.873162550020261,0.0002159732929498108,0.157178172096414,0.2044014409970996,9.870186026744282,,,,,,,,634080.0,,1,0,0,1,1
1789661126191.0,7.45,0.15732808,0.20428723,9.869795,0.0,0.00015271618,0.00015271618,-47.550003,3.825,3.9,9.873162550020261,0.0002159732929498108,0.1568868756141208,0.20432642511259966,9.871388863835017,,,,,,,,634080.0,,1,0,0,1,1
1789661126201.0,7.46,0.15643078,0.20428723,9.87458,0.0,0.00015271618,0.00015271618,-47.550003,3.825,3.9,9.877931667999759,0.0002159732929498108,0.15661698203983887,0.20434307713731645,9.872933128668679,,,,,,,,634080.0,,1,0,0,1,1
1789661126211.0,7.47,0.15643078,0.20428723,9.87458,0.0,0.00015271618,0.00015271618,-47.550003,3.825,3.9,9.877931667999759,0.0002159732929498108,0.15644179544550949,0.20432564425259075,9.874187578538114,,,,,,,,634080.0,,1,0,0,1,1
1789661126221.0,7.48,0.15643078,0.20428723,9.87458,0.0,0.00015271618,0.00015271618,-47.550003,3.825,3.9,9.877931667999759,0.0002159732929498108,0.15647123955962533,0.20410004413325702,9.874696976163198,,,,,,,,634080.0,,1,0,0,1,1
1789661126231.0,7.49,0.15643078,0.20428723,9.87458,0.0,0.00015271618,0.00015271618,-47.550003,3.825,3.9,9.877931667999759,0.0002159732929498108,0.15677864023001908,0.20360209202548124,9.874450925300758,,,,,,,,634080.0,,1,0,0,1,1
1789661126241.0,7.5,0.15792629,0.20219351,9.873085,0.0,-0.0007635809,0.00015271618,-47.550003,3.825,3.9,9.876417890398537,0.0007787027818613482,0.15733062798000985,0.20294669423713713,9.8738130777774,,,,,,,,634080.0,,1,0,0,1,1
1789661126251.0,7.51,0.15792629,0.20219351,9.873085,0.0,-0.0007635809,0.00015271618,-47.550003,3.825,3.9,9.876417890398537,0.0007787027818613482,0.1579620728873853,0.20235850050986112,9.873220453652987,,,,,,,,634080.0,,1,0,0,1,1
1789661126261.0,7.52,0.15792629,0.20219351,9.873085,0.0,-0.0007635809,0.00015271618,-48.300003,3.7500002,4.9500003,9.876417890398537,0.0007787027818613482,0.1583991504434625,0.20202846030201288,9.872911121458982,,,,,,,,634080.0,,1,0,0,1,1
1789661126271.0,7.53,0.15792629,0.20219351,9.873085,0.0,-0.0007635809,0.00015271618,-48.300003,3.7500002,4.9500003,9.876417890398537,0.0007787027818613482,0.15833450589853426,0.2020133476969163,9.872857201586134,,,,,,,,634080.0,,1,0,0,1,1
1789661126281.0,7.54,0.15792629,0.20219351,9.873085,0.0,-0.0007635809,0.00015271618,-48.300003,3.7500002,4.9500003,9.876417890398537,0.0007787027818613482,0.15757054609206383,0.20223763458421617,9.87288517310105,,,,,,,,634080.0,,1,0,0,1,1
1789661126291.0,7.55,0.15792629,0.20219351,9.873085,0.0,-0.0007635809,0.00015271618,-48.300003,3.7500002,4.9500003,9.876417890398537,0.0007787027818613482,0.15618987349685215,0.2025683916753579,9.872832736350135,,,,,,,,634080.0,,1,0,0,1,1
1789661126301.0,7.56,0.15314065,0.20338993,9.871889,0.0,-0.0007635809,0.00015271618,-48.300003,3.7500002,4.9500003,9.875171489682032,0.0007787027818613482,0.1546131644679258,0.20290316215997006,9.87261311395249,,,,,,,,634080.0,,1,0,0,1,1
1789661126311.0,7.57,0.15314065,0.20338993,9.871889,0.0,-0.0007635809,0.00015271618,-48.300003,3.7500002,4.9500003,9.875171489682032,0.0007787027818613482,0.15342675971942182,0.2032243184661895,9.872186499046869,,,,,,,,634080.0,,1,0,0,1,1
1789661126321.0,7.58,0.15314065,0.20338993,9.871889,0.0,-0.0007635809,0.00015271618,-48.300003,3.7500002,4.9500003,9.875171489682032,0.0007787027818613482,0.15305718990534867,0.20358845457488806,9.871536600605028,,,,,,,,634080.0,,1,0,0,1,1
1789661126331.0,7.59,0.15314065,0.20338993,9.871889,0.0,-0.0007635809,0.00015271618,-48.300003,3.7500002,4.9500003,9.875171489682032,0.0007787027818613482,0.15353351500528672,0.20405177193523336,9.870712068823591,,,,,,,,634080.0,,1,0,0,1,1
1789661126341.0,7.6,0.15553348,0.20518455,9.868897,-0.0007635809,0.00015271618,-0.0006108647,-48.300003,3.7500002,4.9500003,9.872255029098906,0.0009897139506871127,0.1545083172000348,0.20458905507140226,9.869868479749005,,,,,,,,634080.0,,1,0,0,1,1
1789661126351.0,7.61,0.15553348,0.20518455,9.868897,-0.0007635809,0.00015271618,-0.0006108647,-48.300003,3.7500002,4.9500003,9.872255029098906,0.0009897139506871127,0.15548328904160177,0.20507929021445445,9.869210748630456,,,,,,,,634080.0,,1,0,0,1,1
1789661126361.0,7.62,0.15553348,0.20518455,9.868897,-0.0007635809,0.00015271618,-0.0006108647,-49.575,3.3750002,6.675,9.872255029098906,0.0009897139506871127,0.15604648140165936,0.2053684379234036,9.868854816838338,,,,,,,,634080.0,,1,0,0,1,1
1789661126371.0,7.63,0.15553348,0.20518455,9.868897,-0.0007635809,0.00015271618,-0.0006108647,-49.575,3.3750002,6.675,9.872255029098906,0.0009897139506871127,0.15598902860466604,0.2053533868113859,9.868743535859826,,,,,,,,634080.0,,1,0,0,1,1
1789661126381.0,7.64,0.15553348,0.20518455,9.868897,-0.0007635809,0.00015271618,-0.0006108647,-49.575,3.3750002,6.675,9.872255029098906,0.0009897139506871127,0.1553206786019524,0.20503302794649986,9.868704874694506,,,,,,,,634080.0,,1,0,0,1,1
1789661126391.0,7.65,0.15553348,0.20518455,9.868897,-0.0007635809,0.00015271618,-0.0006108647,-49.575,3.3750002,6.675,9.872255029098906,0.0009897139506871127,0.1542570580016821,0.20450703443206783,9.868593435965765,,,,,,,,634080.0,,1,0,0,1,1
1789661126401.0,7.66,0.15224335,0.20309082,9.868001,-0.0007635809,0.00015271618,-0.0006108647,-49.575,3.3750002,6.675,9.871264744438196,0.0009897139506871127,0.15317108930739642,0.20391920531961186,9.868383439349266,,,,,,,,634080.0,,1,0,0,1,1
1789661126411.0,7.67,0.15224335,0.20309082,9.868001,-0.0007635809,0.00015271618,-0.0006108647,-49.575,3.3750002,6.675,9.871264744438196,0.0009897139506871127,0.15244930807108187,0.2033671520402271,9.868143936816946,,,,,,,,634080.0,,1,0,0,1,1
1789661126421.0,7.68,0.15224335,0.20309082,9.868001,-0.0007635809,0.00015271618,-0.0006108647,-49.575,3.3750002,6.675,9.871264744438196,0.0009897139506871127,0.15228586904171654,0.20284653380594928,9.867940371769558,,,,,,,,634080.0,,1,0,0,1,1
1789661126431.0,7.69,0.15224335,0.20309082,9.868001,-0.0007635809,0.00015271618,-0.0006108647,-49.575,3.3750002,6.675,9.871264744438196,0.0009897139506871127,0.1525654835811322,0.20229098568249732,9.867759458860293,,,,,,,,634080.0,,1,0,0,1,1
1789661126441.0,7.7,0.15343975,0.2009971,9.867104,0.0,0.00015271618,0.00015271618,-49.575,3.3750002,6.675,9.870343709208129,0.0002159732929498108,0.15295709454604814,0.2016768735938604,9.867518424163846,,,,,,,,634080.0,,1,0,0,1,1
1789661126451.0,7.71,0.15343975,0.2009971,9.867104,0.0,0.00015271618,0.00015271618,-49.575,3.3750002,6.675,9.870343709208129,0.0002159732929498108,0.15317356733758875,0.2010930602357476,9.867154051188795,,,,,,,,634080.0,,1,0,0,1,1
1789661126461.0,7.72,0.15343975,0.2009971,9.867104,0.0,0.00015271618,0.00015271618,-49.275,4.125,6.2250004,9.870343709208129,0.0002159732929498108,0.15320628425605412,0.2007179815734909,9.866741714113203,,,,,,,,634080.0,,1,0,0,1,1
1789661126471.0,7.73,0.15343975,0.2009971,9.867104,0.0,0.00015271618,0.00015271618,-49.275,4.125,6.2250004,9.870343709208129,0.0002159732929498108,0.15334173408974572,0.20072688046073264,9.866559954243892,,,,,,,,634080.0,,1,0,0,1,1
1789661126481.0,7.74,0.15343975,0.2009971,9.867104,0.0,0.00015271618,0.00015271618,-49.275,4.125,6.2250004,9.870343709208129,0.0002159732929498108,0.15392040602499837,0.2011767170743506,9.867000190280017,,,,,,,,634080.0,,1,0,0,1,1
1789661126491.0,7.75,0.15343975,0.2009971,9.867104,0.0,0.00015271618,0.00015271618,-49.275,4.125,6.2250004,9.870343709208129,0.0002159732929498108,0.15500953490368036,0.2019168612589632,9.868291829690813,,,,,,,,634080.0,,1,0,0,1,1
1789661126501.0,7.76,0.1576272,0.20309082,9.870692,0.0,0.00015271618,0.00015271618,-49.275,4.125,6.2250004,9.87403933424473,0.0002159732929498108,0.15626562746481076,0.20259644564282234,9.87018261535347,,,,,,,,634080.0,,1,0,0,1,1
1789661126511.0,7.77,0.1576272,0.20309082,9.870692,0.0,0.00015271618,0.00015271618,-49.275,4.125,6.2250004,9.87403933424473,0.0002159732929498108,0.15713297177702168,0.2028194301435183,9.871847463115468,,,,,,,,634080.0,,1,0,0,1,1
1789661126521.0,7.78,0.1576272,0.20309082,9.870692,0.0,0.00015271618,0.00015271618,-49.275,4.125,6.2250004,9.87403933424473,0.0002159732929498108,0.15723158104007962,0.2023809679267933,9.872226490161811,,,,,,,,634080.0,,1,0,0,1,1
1789661126531.0,7.79,0.15613168,0.2009971,9.87817,0.0,0.00015271618,0.00015271618,-49.275,4.125,6.2250004,9.881448248339312,0.0002159732929498108,0.15661016903908423,0.20140878215059616,9.870684606473958,,,,,,,,634080.0,,1,0,0,1,1
1789661126541.0,7.8,0.15493527,0.19950159,9.862617,0.0,0.00015271618,0.00015271618,-49.275,4.125,6.2250004,9.865851200529608,0.0002159732929498108,0.15567218108594338,0.20028553930432288,9.867540005425917,,,,,,,,634080.0,,1,0,0,1,1
1789661126551.0,7.81,0.15493527,0.19950159,9.862617,0.0,0.00015271618,0.00015271618,-49.275,4.125,6.2250004,9.865851200529608,0.0002159732929498108,0.1548829894310962,0.19941808978362674,9.864002748521253,,,,,,,,634080.0,,1,0,0,1,1
1789661126561.0,7.82,0.15493527,0.19950159,9.862617,0.0,0.00015271618,0.00015271618,-49.2,3.9,6.9,9.865851200529608,0.0002159732929498108,0.154520180917632,0.19904352724983956,9.861537435636704,,,,,,,,634080.0,,1,0,0,1,1
1789661126571.0,7.83,0.15493527,0.19950159,9.862617,0.0,0.00015271618,0.00015271618,-49.2,3.9,6.9,9.865851200529608,0.0002159732929498108,0.15461827457060573,0.19918925027804738,9.86113734871556,,,,,,,,634080.0,,1,0,0,1,1
1789661126581.0,7.84,0.15493527,0.19950159,9.862617,0.0,0.00015271618,0.00015271618,-49.2,3.9,6.9,9.865851200529608,0.0002159732929498108,0.15505468978270684,0.1997423504907467,9.862938460170806,,,,,,,,634080.0,,1,0,0,1,1
1789661126591.0,7.85,0.15493527,0.19950159,9.862617,0.0,0.00015271618,0.00015271618,-49.2,3.9,6.9,9.865851200529608,0.0002159732929498108,0.1556470474052196,0.20052827971481918,9.866234479905303,,,,,,,,634080.0,,1,0,0,1,1
1789661126601.0,7.86,0.15672988,0.20249261,9.873085,0.0,0.00015271618,0.00015271618,-49.2,3.9,6.9,9.876404959782402,0.0002159732929498108,0.15620980472873675,0.2013708172684688,9.869802720859685,,,,,,,,634080.0,,1,0,0,1,1
1789661126611.0,7.87,0.15672988,0.20249261,9.873085,0.0,0.00015271618,0.00015271618,-49.2,3.9,6.9,9.876404959782402,0.0002159732929498108,0.1566008916052483,0.20215194585952032,9.872454782518394,,,,,,,,634080.0,,1,0,0,1,1
1789661126621.0,7.88,0.15672988,0.20249261,9.873085,0.0,0.00015271618,0.00015271618,-49.2,3.9,6.9,9.876404959782402,0.0002159732929498108,0.1567726059725676,0.2028431713646673,9.873582707353407,,,,,,,,634080.0,,1,0,0,1,1
1789661126631.0,7.89,0.15672988,0.20249261,9.873085,0.0,0.00015271618,0.00015271618,-49.2,3.9,6.9,9.876404959782402,0.0002159732929498108,0.15678684941815255,0.20346042082488547,9.873356134132223,,,,,,,,634080.0,,1,0,0,1,1
1789661126641.0,7.9,0.15672988,0.20458634,9.87159,0.0,0.00015271618,0.00015271618,-49.2,3.9,6.9,9.87495361781003,0.0002159732929498108,0.1567624685885983,0.20398264335130595,9.87245049423289,,,,,,,,634080.0,,1,0,0,1,1
1789661126651.0,7.91,0.15672988,0.20458634,9.87159,0.0,0.00015271618,0.00015271618,-49.2,3.9,6.9,9.87495361781003,0.0002159732929498108,0.1567828145161604,0.2043407948401905,9.87156435062042,,,,,,,,634080.0,,1,0,0,1,1
1789661126661.0,7.92,0.15672988,0.20458634,9.87159,0.0,0.00015271618,0.00015271618,-49.500004,4.2000003,8.400001,9.87495361781003,0.0002159732929498108,0.15682958755005158,0.20450324013730847,9.871095358875992,,,,,,,,634080.0,,1,0,0,1,1
1789661126671.0,7.93,0.15672988,0.20458634,9.87159,0.0,0.00015271618,0.00015271618,-49.500004,4.2000003,8.400001,9.87495361781003,0.0002159732929498108,0.15679318966269815,0.2045540781910152,9.871118980008461,,,,,,,,634080.0,,1,0,0,1,1
1789661126681.0,7.94,0.15672988,0.20458634,9.87159,0.0,0.00015271618,0.00015271618,-49.500004,4.2000003,8.400001,9.87495361781003,0.0002159732929498108,0.15655889221692876,0.204653450280448,9.87153279051925,,,,,,,,634080.0,,1,0,0,1,1
1789661126691.0,7.95,0.15672988,0.20458634,9.87159,0.0,0.00015271618,0.00015271618,-49.500004,4.2000003,8.400001,9.87495361781003,0.0002159732929498108,0.15611040032168197,0.2048876926131515,9.872154036197843,,,,,,,,634080.0,,1,0,0,1,1
1789661126701.0,7.96,0.15493527,0.20488544,9.872487,0.0,0.00015271618,0.00015271618,-49.500004,4.2000003,8.400001,9.875828195477226,0.0002159732929498108,0.15556610323124265,0.2051337022803101,9.872705938083795,,,,,,,,634080.0,,1,0,0,1,1
1789661126711.0,7.97,0.15493527,0.20488544,9.872487,0.0,0.00015271618,0.00015271618,-49.500004,4.2000003,8.400001,9.875828195477226,0.0002159732929498108,0.15510821070262265,0.2050767654947665,9.87280803076225,,,,,,,,634080.0,,1,0,0,1,1
1789661126721.0,7.98,0.15493527,0.20488544,9.872487,0.0,0.00015271618,0.00015271618,-49.500004,4.2000003,8.400001,9.875828195477226,0.0002159732929498108,0.15485989916363405,0.20441713155809133,9.872102514358035,,,,,,,,634080.0,,1,0,0,1,1
1789661126731.0,7.99,0.15493527,0.20488544,9.872487,0.0,0.00015271618,0.00015271618,-49.500004,4.2000003,8.400001,9.875828195477226,0.0002159732929498108,0.1548149716806159,0.20313343730235286,9.870488319924393,,,,,,,,634080.0,,1,0,0,1,1
1789661126741.0,8.0,0.15493527,0.19980069,9.865907,0.0,0.00015271618,0.00015271618,-49.500004,4.2000003,8.400001,9.869146173112618,0.0002159732929498108,0.15487077847999708,0.20157499724905995,9.868277224383542,,,,,,,,634080.0,,1,0,0,1,1
1789661126751.0,8.01,0.15493527,0.19980069,9.865907,0.0,0.00015271618,0.00015271618,-49.500004,4.2000003,8.400001,9.869146173112618,0.0002159732929498108,0.1549212741670577,0.20026574663666505,9.866125948761873,,,,,,,,634080.0,,1,0,0,1,1
1789661126761.0,8.02,0.15493527,0.19980069,9.865907,0.0,0.00015271618,0.00015271618,-48.975002,3.9750001,5.7000003,9.869146173112618,0.0002159732929498108,0.15492945051964588,0.19956422660890347,9.86479474828034,,,,,,,,634080.0,,1,0,0,1,1
1789661126771.0,8.03,0.15493527,0.19980069,9.865907,0.0,0.00015271618,0.00015271618,-48.975002,3.9750001,5.7000003,9.869146173112618,0.0002159732929498108,0.15493211539140736,0.1994651257627585,9.864879297283002,,,,,,,,634080.0,,1,0,0,1,1
1789661126781.0,8.04,0.15493527,0.19980069,9.865907,0.0,0.00015271618,0.00015271618,-48.975002,3.9750001,5.7000003,9.869146173112618,0.0002159732929498108,0.15498572264591895,0.19968534748472752,9.866573748617435,,,,,,,,634080.0,,1,0,0,1,1
1789661126791.0,8.05,0.15493527,0.19980069,9.865907,0.0,0.00015271618,0.00015271618,-48.975002,3.9750001,5.7000003,9.869146173112618,0.0002159732929498108,0.1550993733290643,0.19992377991776436,9.86949015477305,,,,,,,,634080.0,,1,0,0,1,1
1789661126801.0,8.06,0.15523437,0.20039889,9.875777,0.0,0.00015271618,0.00015271618,-48.975002,3.9750001,5.7000003,9.879029748840294,0.0002159732929498108,0.15520797796167668,0.20007796280459272,9.872690760227723,,,,,,,,634080.0,,1,0,0,1,1
1789661126811.0,8.07,0.15523437,0.20039889,9.875777,0.0,0.00015271618,0.00015271618,-48.975002,3.9750001,5.7000003,9.879029748840294,0.0002159732929498108,0.15521307099318712,0.20027793031727992,9.875084440324072,,,,,,,,634080.0,,1,0,0,1,1
1789661126821.0,8.08,0.15523437,0.20039889,9.875777,0.0,0.00015271618,0.00015271618,-48.975002,3.9750001,5.7000003,9.879029748840294,0.0002159732929498108,0.15506820724779458,0.20073703874665724,9.876015838336805,,,,,,,,634080.0,,1,0,0,1,1
1789661126831.0,8.09,0.15523437,0.20039889,9.875777,0.0,0.00015271618,0.00015271618,-48.975002,3.9750001,5.7000003,9.879029748840294,0.0002159732929498108,0.15483878602608536,0.2015385162499615,9.87560218821184,,,,,,,,634080.0,,1,0,0,1,1
1789661126841.0,8.1,0.15433706,0.20368902,9.873384,0.0,0.00015271618,0.00015271618,-48.975002,3.9750001,5.7000003,9.876690779629278,0.0002159732929498108,0.15466595371929354,0.20252677580112688,9.874547147436667,,,,,,,,634080.0,,1,0,0,1,1
1789661126851.0,8.11,0.15433706,0.20368902,9.873384,0.0,0.00015271618,0.00015271618,-48.975002,3.9750001,5.7000003,9.876690779629278,0.0002159732929498108,0.1546343162336984,0.20339528931815748,9.873609176189504,,,,,,,,634080.0,,1,0,0,1,1
1789661126861.0,8.12,0.15433706,0.20368902,9.873384,0.0,0.00015271618,0.00015271618,-49.050003,3.825,6.3750005,9.876690779629278,0.0002159732929498108,0.15464521240042062,0.20389061083276963,9.873150947953762,,,,,,,,634080.0,,1,0,0,1,1
1789661126871.0,8.13,0.15433706,0.20368902,9.873384,0.0,0.00015271618,0.00015271618,-49.050003,3.825,6.3750005,9.876690779629278,0.0002159732929498108,0.15443516341064017,0.2039547052480082,9.873060478069656,,,,,,,,634080.0,,1,0,0,1,1
1789661126881.0,8.14,0.15433706,0.20368902,9.873384,0.0,0.00015271618,0.00015271618,-49.050003,3.825,6.3750005,9.876690779629278,0.0002159732929498108,0.15378133226078178,0.2037095865494424,9.873003903020237,,,,,,,,634080.0,,1,0,0,1,1
1789661126891.0,8.15,0.15433706,0.20368902,9.873384,0.0,0.00015271618,0.00015271618,-49.050003,3.825,6.3750005,9.876690779629278,0.0002159732929498108,0.1527506148868596,0.20333642414876824,9.872736232752906,,,,,,,,634080.0,,1,0,0,1,1
1789661126901.0,8.16,0.15044872,0.20249261,9.870992,0.0,0.00015271618,0.00015271618,-49.050003,3.825,6.3750005,9.874214963151159,0.0002159732929498108,0.15174615984888412,0.20295727604072636,9.872219158975916,,,,,,,,634080.0,,1,0,0,1,1
1789661126911.0,8.17,0.15044872,0.20249261,9.870992,0.0,0.00015271618,0.00015271618,-49.050003,3.825,6.3750005,9.874214963151159,0.0002159732929498108,0.1512399807899674,0.20258855458677014,9.871519148807138,,,,,,,,634080.0,,1,0,0,1,1
1789661126921.0,8.18,0.15044872,0.20249261,9.870992,0.0,0.00015271618,0.00015271618,-49.050003,3.825,6.3750005,9.874214963151159,0.0002159732929498108,0.1513861361950699,0.20218004099575057,9.870669408407167,,,,,,,,634080.0,,1,0,0,1,1
1789661126931.0,8.19,0.15373886,0.20219351,9.871291,0.0,0.00015271618,0.00015271618,-49.050003,3.825,6.3750005,9.874558413379365,0.0002159732929498108,0.15187347731577455,0.20170354129767243,9.869670430096102,,,,,,,,634080.0,,1,0,0,1,1
1789661126941.0,8.2,0.15194423,0.200698,9.867402,-0.0006108647,0.00015271618,0.00015271618,-49.050003,3.825,6.3750005,9.870612390618845,0.0006479198599932517,0.15217988185179512,0.20121483518371353,9.868599938681008,,,,,,,,634080.0,,1,0,0,1,1
1789661126951.0,8.21,0.15194423,0.200698,9.867402,-0.0006108647,0.00015271618,0.00015271618,-49.050003,3.825,6.3750005,9.870612390618845,0.0006479198599932517,0.15201964112127764,0.2008292056213965,9.8676643856225,,,,,,,,634080.0,,1,0,0,1,1
1789661126961.0,8.22,0.15194423,0.200698,9.867402,-0.0006108647,0.00015271618,0.00015271618,-49.050003,4.275,5.55,9.870612390618845,0.0006479198599932517,0.15161475484381598,0.20063387034205102,9.867113460670744,,,,,,,,634080.0,,1,0,0,1,1
1789661126971.0,8.23,0.15194423,0.200698,9.867402,-0.0006108647,0.00015271618,0.00015271618,-49.050003,4.275,5.55,9.870612390618845,0.0006479198599932517,0.1515790965745552,0.20062297322257408,9.867101509670338,,,,,,,,634080.0,,1,0,0,1,1
1789661126981.0,8.24,0.15194423,0.200698,9.867402,-0.0006108647,0.00015271618,0.00015271618,-49.050003,4.275,5.55,9.870612390618845,0.0006479198599932517,0.15248368147579253,0.20071268767589748,9.86760731559439,,,,,,,,634080.0,,1,0,0,1,1
1789661126991.0,8.25,0.15194423,0.200698,9.867402,-0.0006108647,0.00015271618,0.00015271618,-49.050003,4.275,5.55,9.870612390618845,0.0006479198599932517,0.15438651354499988,0.20081880148044187,9.868450374019812,,,,,,,,634080.0,,1,0,0,1,1
1789661127001.0,8.26,0.15882361,0.20129621,9.870692,-0.0006108647,0.00015271618,0.00015271618,-49.050003,4.275,5.55,9.874021757223234,0.0006479198599932517,0.15667491088678664,0.20093412576018302,9.8693929121764,,,,,,,,634080.0,,1,0,0,1,1
1789661127011.0,8.27,0.15882361,0.20129621,9.870692,-0.0006108647,0.00015271618,0.00015271618,-49.050003,4.275,5.55,9.874021757223234,0.0006479198599932517,0.1583906189269303,0.20114474193538248,9.870279810875118,,,,,,,,634080.0,,1,0,0,1,1
1789661127021.0,8.28,0.15882361,0.20129621,9.870692,-0.0006108647,0.00015271618,0.00015271618,-49.050003,4.275,5.55,9.874021757223234,0.0006479198599932517,0.15883514695371573,0.20155919273579354,9.871113072436078,,,,,,,,634080.0,,1,0,0,1,1
1789661127031.0,8.29,0.15882361,0.20129621,9.870692,-0.0006108647,0.00015271618,0.00015271618,-49.050003,4.275,5.55,9.874021757223234,0.0006479198599932517,0.15800197717532705,0.20219160542305947,9.871981138186559,,,,,,,,634080.0,,1,0,0,1,1
1789661127041.0,8.3,0.15493527,0.20368902,9.873982,0.0,-0.0010690133,0.00015271618,-49.050003,4.275,5.55,9.877297944837066,0.0010798665043470338,0.15652175148999173,0.20290141454156507,9.872905218537758,,,,,,,,634080.0,,1,0,0,1,1
1789661127051.0,8.31,0.15493527,0.20368902,9.873982,0.0,-0.0010690133,0.00015271618,-49.050003,4.275,5.55,9.877297944837066,0.0010798665043470338,0.1552049489011084,0.2034659140766723,9.873755973376479,,,,,,,,634080.0,,1,0,0,1,1
1789661127061.0,8.32,0.15493527,0.20368902,9.873982,0.0,-0.0010690133,0.00015271618,-49.125004,3.9750001,5.3250003,9.877297944837066,0.0010798665043470338,0.1545543063607888,0.2037386522155891,9.874306799920001,,,,,,,,634080.0,,1,0,0,1,1
1789661127071.0,8.33,0.15493527,0.20368902,9.873982,0.0,-0.0010690133,0.00015271618,-49.125004,3.9750001,5.3250003,9.877297944837066,0.0010798665043470338,0.15457721947560554,0.20375356980438908,9.874356975613344,,,,,,,,634080.0,,1,0,0,1,1
1789661127081.0,8.34,0.15493527,0.20368902,9.873982,0.0,-0.0010690133,0.00015271618,-49.125004,3.9750001,5.3250003,9.877297944837066,0.0010798665043470338,0.15494971218799877,0.2036792947866437,9.873842875715702,,,,,,,,634080.0,,1,0,0,1,1
1789661127091.0,8.35,0.15493527,0.20368902,9.873982,0.0,-0.0010690133,0.00015271618,-49.125004,3.9750001,5.3250003,9.877297944837066,0.0010798665043470338,0.155340362359501,0.20365622035232495,9.872903515409488,,,,,,,,634080.0,,1,0,0,1,1
1789661127101.0,8.36,0.15643078,0.20309082,9.870992,0.0,-0.0010690133,0.00015271618,-49.125004,3.9750001,5.3250003,9.874320206179446,0.0010798665043470338,0.1556611432719197,0.2036399297780474,9.871866608631553,,,,,,,,634080.0,,1,0,0,1,1
1789661127111.0,8.37,0.15643078,0.20309082,9.870992,0.0,-0.0010690133,0.00015271618,-49.125004,3.9750001,5.3250003,9.874320206179446,0.0010798665043470338,0.1561089210761826,0.20337969058815733,9.871121693512722,,,,,,,,634080.0,,1,0,0,1,1
1789661127121.0,8.38,0.15643078,0.20309082,9.870992,0.0,-0.0010690133,0.00015271618,-49.125004,3.9750001,5.3250003,9.874320206179446,0.0010798665043470338,0.1569833230436828,0.20258309087034798,9.870926214915766,,,,,,,,634080.0,,1,0,0,1,1
1789661127131.0,8.39,0.15643078,0.20309082,9.870992,0.0,-0.0010690133,0.00015271618,-49.125004,3.9750001,5.3250003,9.874320206179446,0.0010798665043470338,0.15840007044917626,0.20117252367617278,9.87127245056759,,,,,,,,634080.0,,1,0,0,1,1
1789661127141.0,8.4,0.16211374,0.19740787,9.872487,0.0,0.00015271618,-0.00045814854,-49.125004,3.9750001,5.3250003,9.875791122588797,0.000482930964360253,0.16012253814738936,0.19942327409553304,9.87190980534786,,,,,,,,634080.0,,1,0,0,1,1
1789661127151.0,8.41,0.16211374,0.19740787,9.872487,0.0,0.00015271618,-0.00045814854,-49.125004,3.9750001,5.3250003,9.875791122588797,0.000482930964360253,0.16166536607131396,0.1978435898324968,9.872495791222931,,,,,,,,634080.0,,1,0,0,1,1
1789661127161.0,8.42,0.16211374,0.19740787,9.872487,0.0,0.00015271618,-0.00045814854,-48.750004,3.9,6.6000004,9.875791122588797,0.000482930964360253,0.16257970298723762,0.1968946251110171,9.87276599892996,,,,,,,,634080.0,,1,0,0,1,1
1789661127171.0,8.43,0.16211374,0.19740787,9.872487,0.0,0.00015271618,-0.00045814854,-48.750004,3.9,6.6000004,9.875791122588797,0.000482930964360253,0.1626740483212587,0.1967841240806999,9.872632456152832,,,,,,,,634080.0,,1,0,0,1,1
1789661127181.0,8.44,0.16211374,0.19740787,9.872487,0.0,0.00015271618,-0.00045814854,-48.750004,3.9,6.6000004,9.875791122588797,0.000482930964360253,0.16203656541760575,0.1974433618917002,9.872189986930328,,,,,,,,634080.0,,1,0,0,1,1
1789661127191.0,8.45,0.16211374,0.19740787,9.872487,0.0,0.00015271618,-0.00045814854,-48.750004,3.9,6.6000004,9.875791122588797,0.000482930964360253,0.16092317186493094,0.19860989158811307,9.871645495695779,,,,,,,,634080.0,,1,0,0,1,1
1789661127201.0,8.46,0.1582254,0.2009971,9.870094,0.0,0.00015271618,-0.00045814854,-48.750004,3.9,6.6000004,9.873408260588112,0.000482930964360253,0.15962498819197643,0.1999220386500241,9.871184073482317,,,,,,,,634080.0,,1,0,0,1,1
1789661127211.0,8.47,0.1582254,0.2009971,9.870094,0.0,0.00015271618,-0.00045814854,-48.750004,3.9,6.6000004,9.873408260588112,0.000482930964360253,0.15837200284358768,0.20101710439470163,9.87082682981024,,,,,,,,634080.0,,1,0,0,1,1
1789661127221.0,8.48,0.1582254,0.2009971,9.870094,0.0,0.00015271618,-0.00045814854,-48.750004,3.9,6.6000004,9.873408260588112,0.000482930964360253,0.15730160263244472,0.2016402325066149,9.870406979895225,,,,,,,,634080.0,,1,0,0,1,1
1789661127231.0,8.49,0.15672988,0.20249261,9.873085,0.0,0.00015271618,-0.00045814854,-48.750004,3.9,6.6000004,9.876404959782402,0.000482930964360253,0.15649263123288407,0.20172669225485182,9.869738491457069,,,,,,,,634080.0,,1,0,0,1,1
1789661127241.0,8.5,0.15553348,0.2009971,9.867104,-0.0010690133,0.00015271618,0.00015271618,-48.750004,3.9,6.6000004,9.87037647936619,0.0010906117085583095,0.15599751221676078,0.20141593031288715,9.86883776056449,,,,,,,,634080.0,,1,0,0,1,1
1789661127251.0,8.51,0.15553348,0.2009971,9.867104,-0.0010690133,0.00015271618,0.00015271618,-48.750004,3.9,6.6000004,9.87037647936619,0.0010906117085583095,0.15580110985276666,0.20099014564025103,9.867944828998985,,,,,,,,634080.0,,1,0,0,1,1
1789661127261.0,8.52,0.15553348,0.2009971,9.867104,-0.0010690133,0.00015271618,0.00015271618,-49.350002,3.825,6.525,9.87037647936619,0.0010906117085583095,0.1557476953900686,0.20075635883063916,9.867297350690778,,,,,,,,634080.0,,1,0,0,1,1
1789661127271.0,8.53,0.15553348,0.2009971,9.867104,-0.0010690133,0.00015271618,0.00015271618,-49.350002,3.825,6.525,9.87037647936619,0.0010906117085583095,0.15556372605058155,0.20090546151146232,9.866911895149233,,,,,,,,634080.0,,1,0,0,1,1
1789661127281.0,8.54,0.15553348,0.2009971,9.867104,-0.0010690133,0.00015271618,0.00015271618,-49.350002,3.825,6.525,9.87037647936619,0.0010906117085583095,0.15502862012524446,0.20139963631467617,9.866626445503158,,,,,,,,634080.0,,1,0,0,1,1
1789661127291.0,8.55,0.15553348,0.2009971,9.867104,-0.0010690133,0.00015271618,0.00015271618,-49.350002,3.825,6.525,9.87037647936619,0.0010906117085583095,0.15417183190814182,0.20196304297921464,9.86635646897369,,,,,,,,634080.0,,1,0,0,1,1
1789661127301.0,8.56,0.15194423,0.20309082,9.866206,-0.0010690133,0.00015271618,0.00015271618,-49.350002,3.825,6.525,9.869465728428999,0.0010906117085583095,0.15329200614809813,0.20224149328805108,9.86627767005345,,,,,,,,634080.0,,1,0,0,1,1
1789661127311.0,8.57,0.15194423,0.20309082,9.866206,-0.0010690133,0.00015271618,0.00015271618,-49.350002,3.825,6.525,9.869465728428999,0.0010906117085583095,0.15272913766861956,0.20208652236619418,9.866717324959271,,,,,,,,634080.0,,1,0,0,1,1
1789661127321.0,8.58,0.15194423,0.20309082,9.866206,-0.0010690133,0.00015271618,0.00015271618,-49.350002,3.825,6.525,9.869465728428999,0.0010906117085583095,0.15257799006358597,0.20174843903527925,9.867828899647094,,,,,,,,634080.0,,1,0,0,1,1
1789661127331.0,8.59,0.15493527,0.19770697,9.870394,-0.0010690133,0.00015271618,0.00015271618,-49.350002,3.825,6.525,9.873589554924417,0.0010906117085583095,0.1526243700127361,0.20174804342952896,9.86935988996859,,,,,,,,634080.0,,1,0,0,1,1
1789661127341.0,8.6,0.15194423,0.20428723,9.87159,0.0,0.00015271618,0.00015271618,-49.350002,3.825,6.525,9.87487262953155,0.0002159732929498108,0.15256667329126644,0.20246194231787215,9.870761882485132,,,,,,,,634080.0,,1,0,0,1,1
1789661127351.0,8.61,0.15194423,0.20428723,9.87159,0.0,0.00015271618,0.00015271618,-49.350002,3.825,6.525,9.87487262953155,0.0002159732929498108,0.1522925713965893,0.20375099498010382,9.871573161870124,,,,,,,,634080.0,,1,0,0,1,1
1789661127361.0,8.62,0.15194423,0.20428723,9.87159,0.0,0.00015271618,0.00015271618,-48.750004,3.525,5.4,9.87487262953155,0.0002159732929498108,0.1519558398893891,0.2049355641718603,9.871746564161123,,,,,,,,634080.0,,1,0,0,1,1
1789661127371.0,8.63,0.15194423,0.20428723,9.87159,0.0,0.00015271618,0.00015271618,-48.750004,3.525,5.4,9.87487262953155,0.0002159732929498108,0.15182678260463944,0.20513705322740636,9.871653841758942,,,,,,,,634080.0,,1,0,0,1,1
1789661127381.0,8.64,0.15194423,0.20428723,9.87159,0.0,0.00015271618,0.00015271618,-48.750004,3.525,5.4,9.87487262953155,0.0002159732929498108,0.15207796418434305,0.20379401768604247,9.871780067297484,,,,,,,,634080.0,,1,0,0,1,1
1789661127391.0,8.65,0.15194423,0.20428723,9.87159,0.0,0.00015271618,0.00015271618,-48.750004,3.525,5.4,9.87487262953155,0.0002159732929498108,0.15266902218334494,0.20109473393202726,9.872349556432049,,,,,,,,634080.0,,1,0,0,1,1
1789661127401.0,8.66,0.15433706,0.19561325,9.873684,0.0,0.00015271618,0.00015271618,-48.750004,3.525,5.4,9.876827436151803,0.0002159732929498108,0.15339475866047395,0.19804130178303558,9.873149239143698,,,,,,,,634080.0,,1,0,0,1,1
1789661127411.0,8.67,0.15433706,0.19561325,9.873684,0.0,0.00015271618,0.00015271618,-48.750004,3.525,5.4,9.876827436151803,0.0002159732929498108,0.15404801756534203,0.19598300127913026,9.873666758397151,,,,,,,,634080.0,,1,0,0,1,1
1789661127421.0,8.68,0.15433706,0.19561325,9.873684,0.0,0.00015271618,0.00015271618,-48.750004,3.525,5.4,9.876827436151803,0.0002159732929498108,0.15456418802057148,0.1958314745150948,9.87344485569194,,,,,,,,634080.0,,1,0,0,1,1
1789661127431.0,8.69,0.15433706,0.19561325,9.873684,0.0,0.00015271618,0.00015271618,-48.750004,3.525,5.4,9.876827436151803,0.0002159732929498108,0.15502769825833848,0.19750053169344267,9.872402725647234,,,,,,,,634080.0,,1,0,0,1,1
1789661127441.0,8.7,0.15613168,0.20279172,9.869197,0.0,0.00015271618,-0.0010690133,-48.750004,3.525,5.4,9.872514928224174,0.0010798665043470338,0.15554553842546187,0.2000045873828358,9.870898278372977,,,,,,,,634080.0,,1,0,0,1,1
1789661127451.0,8.71,0.15613168,0.20279172,9.869197,0.0,0.00015271618,-0.0010690133,-48.750004,3.525,5.4,9.872514928224174,0.0010798665043470338,0.15610376492435246,0.20214326731932558,9.869503554710603,,,,,,,,634080.0,,1,0,0,1,1
1789661127461.0,8.72,0.15613168,0.20279172,9.869197,0.0,0.00015271618,-0.0010690133,-48.9,4.275,6.0750003,9.872514928224174,0.0010798665043470338,0.15651528752888164,0.20324160660534749,9.868686258964035,,,,,,,,634080.0,,1,0,0,1,1
1789661127471.0,8.73,0.15613168,0.20279172,9.869197,0.0,0.00015271618,-0.0010690133,-48.9,4.275,6.0750003,9.872514928224174,0.0010798665043470338,0.1564946309989927,0.2034111820636174,9.868626190360839,,,,,,,,634080.0,,1,0,0,1,1
1789661127481.0,8.74,0.15613168,0.20279172,9.869197,0.0,0.00015271618,-0.0010690133,-48.9,4.275,6.0750003,9.872514928224174,0.0010798665043470338,0.15583840088286213,0.20323469230132582,9.869221392859405,,,,,,,,634080.0,,1,0,0,1,1
1789661127491.0,8.75,0.15613168,0.20279172,9.869197,0.0,0.00015271618,-0.0010690133,-48.9,4.275,6.0750003,9.872514928224174,0.0010798665043470338,0.15462712078836613,0.20323073853770499,9.870177500394929,,,,,,,,634080.0,,1,0,0,1,1
1789661127501.0,8.76,0.15224335,0.20428723,9.87159,0.0,0.00015271618,-0.0010690133,-48.9,4.275,6.0750003,9.874877236607059,0.0010798665043470338,0.1532925328347236,0.2035359246494752,9.871098143084387,,,,,,,,634080.0,,1,0,0,1,1
1789661127511.0,8.77,0.15224335,0.20428723,9.87159,0.0,0.00015271618,-0.0010690133,-48.9,4.275,6.0750003,9.874877236607059,0.0010798665043470338,0.15243017117641067,0.20396538933266625,9.871597642554631,,,,,,,,634080.0,,1,0,0,1,1
1789661127521.0,8.78,0.15224335,0.20428723,9.87159,0.0,0.00015271618,-0.0010690133,-48.9,4.275,6.0750003,9.874877236607059,0.0010798665043470338,0.15243447392811496,0.20428899934355055,9.871454242011868,,,,,,,,634080.0,,1,0,0,1,1
1789661127531.0,8.79,0.15224335,0.20428723,9.87159,0.0,0.00015271618,-0.0010690133,-48.9,4.275,6.0750003,9.874877236607059,0.0010798665043470338,0.15322469614356116,0.20444721248541478,9.870726899629181,,,,,,,,634080.0,,1,0,0,1,1
1789661127541.0,8.8,0.15553348,0.20458634,9.868599,0.0,-0.00030543236,-0.0010690133,-48.9,4.275,6.0750003,9.871944715035458,0.0011117906107321017,0.1542994808070208,0.20455293309944717,9.869727174030206,,,,,,,,634080.0,,1,0,0,1,1
1789661127551.0,8.81,0.15553348,0.20458634,9.868599,0.0,-0.00030543236,-0.0010690133,-48.9,4.275,6.0750003,9.871944715035458,0.0011117906107321017,0.15510535723031013,0.20472419110828802,9.868839644106902,,,,,,,,634080.0,,1,0,0,1,1
1789661127561.0,8.82,0.15553348,0.20458634,9.868599,0.0,-0.00030543236,-0.0010690133,-48.825,4.05,5.3250003,9.871944715035458,0.0011117906107321017,0.15544197415084118,0.2049084637729153,9.868320937247189,,,,,,,,634080.0,,1,0,0,1,1
1789661127571.0,8.83,0.15553348,0.20458634,9.868599,0.0,-0.00030543236,-0.0010690133,-48.825,4.05,5.3250003,9.871944715035458,0.0011117906107321017,0.1555826150560906,0.20485243146325458,9.868223087711508,,,,,,,,634080.0,,1,0,0,1,1
1789661127581.0,8.84,0.15553348,0.20458634,9.868599,0.0,-0.00030543236,-0.0010690133,-48.825,4.05,5.3250003,9.871944715035458,0.0011117906107321017,0.1560120269290182,0.20427148403634546,9.868455449582399,,,,,,,,634080.0,,1,0,0,1,1
1789661127591.0,8.85,0.15553348,0.20458634,9.868599,0.0,-0.00030543236,-0.0010690133,-48.825,4.05,5.3250003,9.871944715035458,0.0011117906107321017,0.15699404487828064,0.20312130826494235,9.868873069665106,,,,,,,,634080.0,,1,0,0,1,1
1789661127601.0,8.86,0.15972091,0.200698,9.869197,0.0,-0.00030543236,-0.0010690133,-48.825,4.05,5.3250003,9.872529558380883,0.0011117906107321017,0.15831985186636646,0.20175560463346243,9.869298580009286,,,,,,,,634080.0,,1,0,0,1,1
1789661127611.0,8.87,0.15972091,0.200698,9.869197,0.0,-0.00030543236,-0.0010690133,-48.825,4.05,5.3250003,9.872529558380883,0.0011117906107321017,0.1594349053046941,0.2007979299551458,9.869503830350231,,,,,,,,634080.0,,1,0,0,1,1
1789661127621.0,8.88,0.15972091,0.200698,9.869197,0.0,-0.00030543236,-0.0010690133,-48.825,4.05,5.3250003,9.872529558380883,0.0011117906107321017,0.1598272485468011,0.20077644811965908,9.869246241231885,,,,,,,,634080.0,,1,0,0,1,1
1789661127631.0,8.89,0.15972091,0.200698,9.869197,0.0,-0.00030543236,-0.0010690133,-48.825,4.05,5.3250003,9.872529558380883,0.0011117906107321017,0.15936331361596798,0.20178063478137526,9.868398021641537,,,,,,,,634080.0,,1,0,0,1,1
1789661127641.0,8.9,0.15792629,0.20458634,9.867402,0.0,-0.00030543236,-0.0010690133,-48.825,4.05,5.3250003,9.870786114246005,0.0011117906107321017,0.15833940142048916,0.20339494890659574,9.867083716281961,,,,,,,,634080.0,,1,0,0,1,1
1789661127651.0,8.91,0.15672988,0.20548365,9.864711,0.0,0.00015271618,0.00015271618,-48.825,4.05,5.3250003,9.868095606510058,0.0002159732929498108,0.15726200712308158,0.2049483009769407,9.865686436096436,,,,,,,,634080.0,,1,0,0,1,1
1789661127661.0,8.92,0.15672988,0.20548365,9.864711,0.0,0.00015271618,0.00015271618,-48.600002,3.6750002,5.4,9.868095606510058,0.0002159732929498108,0.15655195495521182,0.20588169704697704,9.864675635856187,,,,,,,,634080.0,,1,0,0,1,1
1789661127671.0,8.93,0.15672988,0.20548365,9.864711,0.0,0.00015271618,0.00015271618,-48.600002,3.6750002,5.4,9.868095606510058,0.0002159732929498108,0.15636995228305925,0.20598216644559075,9.864366630008032,,,,,,,,634080.0,,1,0,0,1,1
1789661127681.0,8.94,0.15672988,0.20548365,9.864711,0.0,0.00015271618,0.00015271618,-48.600002,3.6750002,5.4,9.868095606510058,0.0002159732929498108,0.15662482620185683,0.20538400176897295,9.864777198036073,,,,,,,,634080.0,,1,0,0,1,1
1789661127691.0,8.95,0.15672988,0.20548365,9.864711,0.0,0.00015271618,0.00015271618,-48.600002,3.6750002,5.4,9.868095606510058,0.0002159732929498108,0.15708755552701612,0.2044144579588512,9.865661934994359,,,,,,,,634080.0,,1,0,0,1,1
1789661127701.0,8.96,0.1576272,0.20219351,9.868001,0.0,0.00015271618,0.00015271618,-48.600002,3.6750002,5.4,9.871330826472535,0.0002159732929498108,0.1575078550893918,0.20340173479910273,9.866687989878093,,,,,,,,634080.0,,1,0,0,1,1
1789661127711.0,8.97,0.1576272,0.20219351,9.868001,0.0,0.00015271618,0.00015271618,-48.600002,3.6750002,5.4,9.871330826472535,0.0002159732929498108,0.15769397771069316,0.20252568501010254,9.867637034947254,,,,,,,,634080.0,,1,0,0,1,1
1789661127721.0,8.98,0.1576272,0.20219351,9.868001,0.0,0.00015271618,0.00015271618,-48.600002,3.6750002,5.4,9.871330826472535,0.0002159732929498108,0.15756483251907405,0.20177892007657425,9.86849145657527,,,,,,,,634080.0,,1,0,0,1,1
1789661127731.0,8.99,0.1576272,0.20219351,9.868001,0.0,0.00015271618,0.00015271618,-48.600002,3.6750002,5.4,9.871330826472535,0.0002159732929498108,0.15717253423214195,0.20106645663876374,9.869340593507044,,,,,,,,634080.0,,1,0,0,1,1
1789661127741.0,9.0,0.15613168,0.19950159,9.871291,0.0,0.00015271618,0.00015271618,-48.600002,3.6750002,5.4,9.874541204156937,0.0002159732929498108,0.1566727199719308,0.20035788408593908,9.870209159267,,,,,,,,634080.0,,1,0,0,1,1
1789661127751.0,9.01,0.15613168,0.19950159,9.871291,0.0,0.00015271618,0.00015271618,-48.600002,3.6750002,5.4,9.874541204156937,0.0002159732929498108,0.15624258583711445,0.19974698615643624,9.870983501101906,,,,,,,,634080.0,,1,0,0,1,1
1789661127761.0,9.02,0.15613168,0.19950159,9.871291,0.0,0.00015271618,0.00015271618,-48.9,3.825,5.55,9.874541204156937,0.0002159732929498108,0.15599553335104652,0.19937616030790753,9.871487231895637,,,,,,,,634080.0,,1,0,0,1,1
1789661127771.0,9.03,0.15613168,0.19950159,9.871291,0.0,0.00015271618,0.00015271618,-48.9,3.825,5.55,9.874541204156937,0.0002159732929498108,0.15595000967544773,0.199321866127287,9.871602491716622,,,,,,,,634080.0,,1,0,0,1,1
1789661127781.0,9.04,0.15613168,0.19950159,9.871291,0.0,0.00015271618,0.00015271618,-48.9,3.825,5.55,9.874541204156937,0.0002159732929498108,0.1560558407659302,0.19954678197117706,9.871334881860657,,,,,,,,634080.0,,1,0,0,1,1
1789661127791.0,9.05,0.15613168,0.19950159,9.871291,0.0,0.00015271618,0.00015271618,-48.9,3.825,5.55,9.874541204156937,0.0002159732929498108,0.15622830643257735,0.1999365436442699,9.870817564100378,,,,,,,,634080.0,,1,0,0,1,1
1789661127801.0,9.06,0.15613168,0.2009971,9.870094,0.0,0.00015271618,0.00015271618,-48.9,3.825,5.55,9.873374929807134,0.0002159732929498108,0.1563546125357593,0.20037730175750176,9.870284058421351,,,,,,,,634080.0,,1,0,0,1,1
1789661127811.0,9.07,0.15613168,0.2009971,9.870094,0.0,0.00015271618,0.00015271618,-48.9,3.825,5.55,9.873374929807134,0.0002159732929498108,0.15629627036630617,0.20081869421497514,9.870005196043962,,,,,,,,634080.0,,1,0,0,1,1
1789661127821.0,9.08,0.15613168,0.2009971,9.870094,0.0,0.00015271618,0.00015271618,-48.9,3.825,5.55,9.873374929807134,0.0002159732929498108,0.1559340337208959,0.2012747358311042,9.870182707027007,,,,,,,,634080.0,,1,0,0,1,1
1789661127831.0,9.09,0.15613168,0.2009971,9.870094,0.0,0.00015271618,0.00015271618,-48.9,3.825,5.55,9.873374929807134,0.0002159732929498108,0.15525169405821854,0.20175844047894087,9.870842275956498,,,,,,,,634080.0,,1,0,0,1,1
1789661127841.0,9.1,0.15343975,0.20279172,9.8727865,0.0,0.00015271618,0.00015271618,-48.9,3.825,5.55,9.876061032272071,0.0002159732929498108,0.15438737289694102,0.20221879212841576,9.871799705441802,,,,,,,,634080.0,,1,0,0,1,1
1789661127851.0,9.11,0.15343975,0.20279172,9.8727865,0.0,0.00015271618,0.00015271618,-48.9,3.825,5.55,9.876061032272071,0.0002159732929498108,0.15359027970049094,0.2025613341190618,9.87272930234237,,,,,,,,634080.0,,1,0,0,1,1
1789661127861.0,9.12,0.15343975,0.20279172,9.8727865,0.0,0.00015271618,0.00015271618,-48.825,3.9750001,5.3250003,9.876061032272071,0.0002159732929498108,0.15310971803274617,0.20274136331079382,9.873285785545423,,,,,,,,634080.0,,1,0,0,1,1
1789661127871.0,9.13,0.15343975,0.20279172,9.8727865,0.0,0.00015271618,0.00015271618,-48.825,3.9750001,5.3250003,9.876061032272071,0.0002159732929498108,0.15309709071285843,0.20282595440407217,9.873215257545889,,,,,,,,634080.0,,1,0,0,1,1
1789661127881.0,9.14,0.15343975,0.20279172,9.8727865,0.0,0.00015271618,0.00015271618,-48.825,3.9750001,5.3250003,9.876061032272071,0.0002159732929498108,0.15355792708278423,0.20294659757575287,9.872442324779387,,,,,,,,634080.0,,1,0,0,1,1
1789661127891.0,9.15,0.15343975,0.20279172,9.8727865,0.0,0.00015271618,0.00015271618,-48.825,3.9750001,5.3250003,9.876061032272071,0.0002159732929498108,0.15433954542275316,0.20317819720882963,9.871130156499799,,,,,,,,634080.0,,1,0,0,1,1
1789661127901.0,9.16,0.15583257,0.20368902,9.868001,0.0,0.00015271618,0.00015271618,-48.825,3.9750001,5.3250003,9.871333078300133,0.0002159732929498108,0.15516144837962492,0.20345734572240803,9.869651375351784,,,,,,,,634080.0,,1,0,0,1,1
1789661127911.0,9.17,0.15583257,0.20368902,9.868001,0.0,0.00015271618,0.00015271618,-48.825,3.9750001,5.3250003,9.871333078300133,0.0002159732929498108,0.15571927283908207,0.20362154459466897,9.868420409149405,,,,,,,,634080.0,,1,0,0,1,1
1789661127921.0,9.18,0.15583257,0.20368902,9.868001,0.0,0.00015271618,0.00015271618,-48.825,3.9750001,5.3250003,9.871333078300133,0.0002159732929498108,0.15583547568123415,0.2035447227863025,9.867679023192974,,,,,,,,634080.0,,1,0,0,1,1
1789661127931.0,9.19,0.15583257,0.20368902,9.868001,0.0,0.00015271618,0.00015271618,-48.825,3.9750001,5.3250003,9.871333078300133,0.0002159732929498108,0.15555493514100366,0.20325535971859926,9.867409786914731,,,,,,,,634080.0,,1,0,0,1,1
1789661127941.0,9.2,0.15463616,0.20249261,9.867402,-0.0007635809,0.00015271618,0.00015271618,-48.825,3.9750001,5.3250003,9.870690848602653,0.0007935365486935022,0.15510349669736598,0.20292746205143358,9.867430327716393,,,,,,,,634080.0,,1,0,0,1,1
1789661127951.0,9.21,0.15463616,0.20249261,9.867402,-0.0007635809,0.00015271618,0.00015271618,-48.825,3.9750001,5.3250003,9.870690848602653,0.0007935365486935022,0.1547342077159269,0.20273505965351568,9.867544681023684,,,,,,,,634080.0,,1,0,0,1,1
1789661127961.0,9.22,0.15463616,0.20249261,9.867402,-0.0007635809,0.00015271618,0.00015271618,-49.125004,3.9750001,5.625,9.870690848602653,0.0007935365486935022,0.1545739166294949,0.20268398681731084,9.867616211380309,,,,,,,,634080.0,,1,0,0,1,1
1789661127971.0,9.23,0.15463616,0.20249261,9.867402,-0.0007635809,0.00015271618,0.00015271618,-49.125004,3.9750001,5.625,9.870690848602653,0.0007935365486935022,0.15457634708406243,0.2025757756774434,9.86755684768536,,,,,,,,634080.0,,1,0,0,1,1
1789661127981.0,9.24,0.15463616,0.20249261,9.867402,-0.0007635809,0.00015271618,0.00015271618,-49.125004,3.9750001,5.625,9.870690848602653,0.0007935365486935022,0.15460187540773201,0.20216483301362262,9.86731819452051,,,,,,,,634080.0,,1,0,0,1,1
1789661127991.0,9.25,0.15463616,0.20249261,9.867402,-0.0007635809,0.00015271618,0.00015271618,-49.125004,3.9750001,5.625,9.870690848602653,0.0007935365486935022,0.15455495262478952,0.2014006673080064,9.866933483228474,,,,,,,,634080.0,,1,0,0,1,1
1789661128001.0,9.26,0.15463616,0.19980069,9.866505,-0.0007635809,0.00015271618,0.00015271618,-49.125004,3.9750001,5.625,9.86973928595528,0.0007935365486935022,0.15447883746029806,0.20054235013677654,9.866562289156533,,,,,,,,634080.0,,1,0,0,1,1
1789661128011.0,9.27,0.15463616,0.19980069,9.866505,-0.0007635809,0.00015271618,0.00015271618,-49.125004,3.9750001,5.625,9.86973928595528,0.0007935365486935022,0.15453917679709853,0.20000697975595158,9.866448800693835,,,,,,,,634080.0,,1,0,0,1,1
1789661128021.0,9.28,0.15463616,0.19980069,9.866505,-0.0007635809,0.00015271618,0.00015271618,-49.125004,3.9750001,5.625,9.86973928595528,0.0007935365486935022,0.15489931933262482,0.20003674106237226,9.866771854143368,,,,,,,,634080.0,,1,0,0,1,1
1789661128031.0,9.29,0.15463616,0.19980069,9.866505,-0.0007635809,0.00015271618,0.00015271618,-49.125004,3.9750001,5.625,9.86973928595528,0.0007935365486935022,0.15557275895046163,0.2004546760836491,9.867485547952526,,,,,,,,634080.0,,1,0,0,1,1
1789661128041.0,9.3,0.15732808,0.2009971,9.869197,0.0,0.00015271618,0.0,-49.125004,3.9750001,5.625,9.872497221259366,0.00015271618,0.1563770895894591,0.2007538544221111,9.868303059991074,,,,,,,,634080.0,,1,0,0,1,1
1789661128051.0,9.31,0.15732808,0.2009971,9.869197,0.0,0.00015271618,0.0,-49.125004,3.9750001,5.625,9.872497221259366,0.00015271618,0.15704632309107078,0.2005285158849832,9.86888282880918,,,,,,,,634080.0,,1,0,0,1,1
1789661128061.0,9.32,0.15732808,0.2009971,9.869197,0.0,0.00015271618,0.0,-49.2,3.9,5.925,9.872497221259366,0.00015271618,0.1574150684034305,0.19996135047729982,9.869091971708,,,,,,,,634080.0,,1,0,0,1,1
1789661128071.0,9.33,0.15732808,0.2009971,9.869197,0.0,0.00015271618,0.0,-49.2,3.9,5.925,9.872497221259366,0.00015271618,0.1575154661513282,0.19992880987734413,9.869120849771564,,,,,,,,634080.0,,1,0,0,1,1
1789661128081.0,9.34,0.15732808,0.2009971,9.869197,0.0,0.00015271618,0.0,-49.2,3.9,5.925,9.872497221259366,0.00015271618,0.15751563367579915,0.20144417853860627,9.869320839095915,,,,,,,,634080.0,,1,0,0,1,1
1789661128091.0,9.35,0.15732808,0.2009971,9.869197,0.0,0.00015271618,0.0,-49.2,3.9,5.925,9.872497221259366,0.00015271618,0.15757773110340384,0.20464288954072626,9.869859418121532,,,,,,,,634080.0,,1,0,0,1,1
1789661128101.0,9.36,0.1582254,0.20787647,9.870094,0.0,0.00015271618,0.0,-49.2,3.9,5.925,9.873550702397837,0.00015271618,0.15776499785610804,0.20805085870177267,9.870454772490476,,,,,,,,634080.0,,1,0,0,1,1
1789661128111.0,9.37,0.1582254,0.20787647,9.870094,0.0,0.00015271618,0.0,-49.2,3.9,5.925,9.873550702397837,0.00015271618,0.15804959877561503,0.2089565684741825,9.870440599985692,,,,,,,,634080.0,,1,0,0,1,1
1789661128121.0,9.38,0.1582254,0.20787647,9.870094,0.0,0.00015271618,0.0,-49.2,3.9,5.925,9.873550702397837,0.00015271618,0.1583700852985748,0.20501121198580946,9.869197695336714,,,,,,,,634080.0,,1,0,0,1,1
1789661128131.0,9.39,0.1582254,0.20787647,9.870094,0.0,0.00015271618,0.0,-49.2,3.9,5.925,9.873550702397837,0.00015271618,0.15866668282452548,0.19605983224401308,9.866673916278717,,,,,,,,634080.0,,1,0,0,1,1
1789661128141.0,9.4,0.1591227,0.17168503,9.859925,0.0,0.00015271618,-0.0006108647,-49.2,3.9,5.925,9.862703320530654,0.0006296649214779893,0.15888580816061573,0.18467025527438113,9.863552033935179,,,,,,,,634080.0,,1,0,0,1,1
1789661128151.0,9.41,0.1591227,0.17168503,9.859925,0.0,0.00015271618,-0.0006108647,-49.2,3.9,5.925,9.862703320530654,0.0006296649214779893,0.15899507863977708,0.17470997246972345,9.860861539073888,,,,,,,,634080.0,,1,0,0,1,1
1789661128161.0,9.42,0.1591227,0.17168503,9.859925,0.0,0.00015271618,-0.0006108647,-49.800003,4.125,6.525,9.862703320530654,0.0006296649214779893,0.15902039979476393,0.16905721734237042,9.859334154465914,,,,,,,,634080.0,,1,0,0,1,1
1789661128171.0,9.43,0.1591227,0.17168503,9.859925,0.0,0.00015271618,-0.0006108647,-49.800003,4.125,6.525,9.862703320530654,0.0006296649214779893,0.1590580532664057,0.16828155194231734,9.859041840574019,,,,,,,,634080.0,,1,0,0,1,1
1789661128181.0,9.44,0.1591227,0.17168503,9.859925,0.0,0.00015271618,-0.0006108647,-49.800003,4.125,6.525,9.862703320530654,0.0006296649214779893,0.1592152609819888,0.17102196585708637,9.85954326108438,,,,,,,,634080.0,,1,0,0,1,1
1789661128191.0,9.45,0.1591227,0.17168503,9.859925,0.0,0.00015271618,-0.0006108647,-49.800003,4.125,6.525,9.862703320530654,0.0006296649214779893,0.1595021200337073,0.17523682651194988,9.860285061308987,,,,,,,,634080.0,,1,0,0,1,1
1789661128201.0,9.46,0.15972091,0.18155542,9.860822,0.0,0.00015271618,-0.0006108647,-49.800003,4.125,6.525,9.863786476567029,0.0006296649214779893,0.1597669127615379,0.17918872190350285,9.860880835097163,,,,,,,,634080.0,,1,0,0,1,1
1789661128211.0,9.47,0.15972091,0.18155542,9.860822,0.0,0.00015271618,-0.0006108647,-49.800003,4.125,6.525,9.863786476567029,0.0006296649214779893,0.15976254671321916,0.18177694459713675,9.86113416120344,,,,,,,,634080.0,,1,0,0,1,1
1789661128221.0,9.48,0.15972091,0.18155542,9.860822,0.0,0.00015271618,-0.0006108647,-49.800003,4.125,6.525,9.863786476567029,0.0006296649214779893,0.15933547996755298,0.18245771193626475,9.860931872140048,,,,,,,,634080.0,,1,0,0,1,1
1789661128231.0,9.49,0.15972091,0.18155542,9.860822,0.0,0.00015271618,-0.0006108647,-49.800003,4.125,6.525,9.863786476567029,0.0006296649214779893,0.15859891095886,0.1810893474320607,9.860190092536744,,,,,,,,634080.0,,1,0,0,1,1
1789661128241.0,9.5,0.15702899,0.17527425,9.857831,0.0,0.00015271618,-0.0010690133,-49.800003,4.125,6.525,9.86063949198907,0.0010798665043470338,0.15790712098871995,0.1779423436222768,9.858933181927396,,,,,,,,634080.0,,1,0,0,1,1
1789661128251.0,9.51,0.15702899,0.17527425,9.857831,0.0,0.00015271618,-0.0010690133,-49.800003,4.125,6.525,9.86063949198907,0.0010798665043470338,0.1575779450116791,0.17397233081928482,9.857457635182172,,,,,,,,634080.0,,1,0,0,1,1
1789661128261.0,9.52,0.15702899,0.17527425,9.857831,0.0,0.00015271618,-0.0010690133,-49.275,4.05,6.15,9.86063949198907,0.0010798665043470338,0.15755366245076108,0.17113099180244754,9.856440252620406,,,,,,,,634080.0,,1,0,0,1,1
1789661128271.0,9.53,0.15702899,0.17527425,9.857831,0.0,0.00015271618,-0.0010690133,-49.275,4.05,6.15,9.86063949198907,0.0010798665043470338,0.1573231286338952,0.17210216096224532,9.856801722832984,,,,,,,,634080.0,,1,0,0,1,1
1789661128281.0,9.54,0.15702899,0.17527425,9.857831,0.0,0.00015271618,-0.0010690133,-49.275,4.05,6.15,9.86063949198907,0.0010798665043470338,0.15626783908372505,0.1789651364469071,9.859224400323486,,,,,,,,634080.0,,1,0,0,1,1
1789661128291.0,9.55,0.15702899,0.17527425,9.857831,0.0,0.00015271618,-0.0010690133,-49.275,4.05,6.15,9.86063949198907,0.0010798665043470338,0.15422271298346596,0.1912985637017589,9.863544495406645,,,,,,,,634080.0,,1,0,0,1,1
1789661128301.0,9.56,0.14955142,0.21864417,9.873982,0.0,0.00015271618,-0.0010690133,-49.275,4.05,6.15,9.877534684151861,0.0010798665043470338,0.15178056368736104,0.20537587106537472,9.868559996852003,,,,,,,,634080.0,,1,0,0,1,1
1789661128311.0,9.57,0.14955142,0.21864417,9.873982,0.0,0.00015271618,-0.0010690133,-49.275,4.05,6.15,9.877534684151861,0.0010798665043470338,0.1500130515812153,0.21575484366757414,9.872609121355747,,,,,,,,634080.0,,1,0,0,1,1
1789661128321.0,9.58,0.14955142,0.21864417,9.873982,0.0,0.00015271618,-0.0010690133,-49.275,4.05,6.15,9.877534684151861,0.0010798665043470338,0.14977005085457318,0.21847633738094963,9.874561725515084,,,,,,,,634080.0,,1,0,0,1,1
1789661128331.0,9.59,0.14955142,0.21864417,9.873982,0.0,0.00015271618,-0.0010690133,-49.275,4.05,6.15,9.877534684151861,0.0010798665043470338,0.15110559670360946,0.21338539820081315,9.874408889057797,,,,,,,,634080.0,,1,0,0,1,1
1789661128341.0,9.6,0.15583257,0.19172491,9.871291,-0.0007635809,0.00015271618,0.00015271618,-49.275,4.05,6.15,9.87438242310213,0.0007935365486935022,0.15327725049552515,0.20378811735116134,9.87302517112666,,,,,,,,634080.0,,1,0,0,1,1
1789661128351.0,9.61,0.15583257,0.19172491,9.871291,-0.0007635809,0.00015271618,0.00015271618,-49.275,4.05,6.15,9.87438242310213,0.0007935365486935022,0.15527719396133766,0.19405639186995072,9.871455694504764,,,,,,,,634080.0,,1,0,0,1,1
1789661128361.0,9.62,0.15583257,0.19172491,9.871291,-0.0007635809,0.00015271618,0.00015271618,-48.825,3.6000001,6.0750003,9.87438242310213,0.0007935365486935022,0.1564354000714362,0.18740802919672045,9.870389744528431,,,,,,,,634080.0,,1,0,0,1,1
1789661128371.0,9.63,0.15583257,0.19172491,9.871291,-0.0007635809,0.00015271618,0.00015271618,-48.825,3.6000001,6.0750003,9.87438242310213,0.0007935365486935022,0.15665347510183802,0.18540172625038642,9.870121010908578,,,,,,,,634080.0,,1,0,0,1,1
1789661128381.0,9.64,0.15583257,0.19172491,9.871291,-0.0007635809,0.00015271618,0.00015271618,-48.825,3.6000001,6.0750003,9.87438242310213,0.0007935365486935022,0.15622325885810565,0.18857491643572133,9.87075302695066,,,,,,,,634080.0,,1,0,0,1,1
1789661128391.0,9.65,0.15583257,0.19172491,9.871291,-0.0007635809,0.00015271618,0.00015271618,-48.825,3.6000001,6.0750003,9.87438242310213,0.0007935365486935022,0.15553260204510017,0.19652552789017044,9.872239029808968,,,,,,,,634080.0,,1,0,0,1,1
1789661128401.0,9.66,0.15583257,0.19172491,9.871291,-0.0007635809,0.00015271618,0.00015271618,-48.825,3.6000001,6.0750003,9.87438242310213,0.0007935365486935022,0.15493433616608587,0.20694147329866375,9.87416997282645,,,,,,,,634080.0,,1,0,0,1,1
1789661128411.0,9.67,0.15493527,0.22253251,9.876974,-0.0007635809,0.00015271618,0.00015271618,-48.825,3.6000001,6.0750003,9.880695372926589,0.0007935365486935022,0.15476866186075744,0.21515082308733685,9.875657463427322,,,,,,,,634080.0,,1,0,0,1,1
1789661128421.0,9.68,0.15493527,0.22253251,9.876974,-0.0007635809,0.00015271618,0.00015271618,-48.825,3.6000001,6.0750003,9.880695372926589,0.0007935365486935022,0.15534597399095104,0.21592695767947764,9.875674263834862,,,,,,,,634080.0,,1,0,0,1,1
1789661128431.0,9.69,0.15493527,0.22253251,9.876974,-0.0007635809,0.00015271618,0.00015271618,-48.825,3.6000001,6.0750003,9.880695372926589,0.0007935365486935022,0.15679566078014176,0.20688736791700013,9.873728243556894,,,,,,,,634080.0,,1,0,0,1,1
1789661128441.0,9.7,0.16121642,0.16959131,9.865907,0.0,0.00015271618,0.00015271618,-48.825,3.6000001,6.0750003,9.868681415424968,0.0002159732929498108,0.15889915394829485,0.1906059814575978,9.870302274013746,,,,,,,,634080.0,,1,0,0,1,1
1789661128451.0,9.71,0.16121642,0.16959131,9.865907,0.0,0.00015271618,0.00015271618,-48.825,3.6000001,6.0750003,9.868681415424968,0.0002159732929498108,0.1610709785524977,0.17345695827103091,9.866663419982233,,,,,,,,634080.0,,1,0,0,1,1
1789661128461.0,9.72,0.16121642,0.16959131,9.865907,0.0,0.00015271618,0.00015271618,-49.2,3.825,5.8500004,9.868681415424968,0.0002159732929498108,0.16250760825316846,0.16229038196761855,9.86424152435781,,,,,,,,634080.0,,1,0,0,1,1
1789661128471.0,9.73,0.16121642,0.16959131,9.865907,0.0,0.00015271618,0.00015271618,-49.2,3.825,5.8500004,9.868681415424968,0.0002159732929498108,0.16243857948223758,0.1615241447886649,9.864053186884927,,,,,,,,634080.0,,1,0,0,1,1
1789661128481.0,9.74,0.16121642,0.16959131,9.865907,0.0,0.00015271618,0.00015271618,-49.2,3.825,5.8500004,9.868681415424968,0.0002159732929498108,0.16046756527746883,0.171801560709628,9.866359986800635,,,,,,,,634080.0,,1,0,0,1,1
1789661128491.0,9.75,0.16121642,0.16959131,9.865907,0.0,0.00015271618,0.00015271618,-49.2,3.825,5.8500004,9.868681415424968,0.0002159732929498108,0.15693877295120157,0.1897640315858504,9.870479445751174,,,,,,,,634080.0,,1,0,0,1,1
1789661128501.0,9.76,0.14985052,0.22372891,9.877572,0.0,0.00015271618,0.00015271618,-49.2,3.825,5.8500004,9.881241744775707,0.0002159732929498108,0.15304101669504483,0.20885746223340804,9.874829473614431,,,,,,,,634080.0,,1,0,0,1,1
1789661128511.0,9.77,0.14985052,0.22372891,9.877572,0.0,0.00015271618,0.00015271618,-49.2,3.825,5.8500004,9.881241744775707,0.0002159732929498108,0.15035533624940967,0.22175066169537286,9.877462354591131,,,,,,,,634080.0,,1,0,0,1,1
1789661128521.0,9.78,0.14985052,0.22372891,9.877572,0.0,0.00015271618,0.00015271618,-49.2,3.825,5.8500004,9.881241744775707,0.0002159732929498108,0.14999422567655105,0.22381732434247964,9.877028357273346,,,,,,,,634080.0,,1,0,0,1,1
1789661128531.0,9.79,0.14985052,0.22372891,9.877572,0.0,0.00015271618,0.00015271618,-49.2,3.825,5.8500004,9.881241744775707,0.0002159732929498108,0.15193902565123382,0.2154990013420643,9.873582202357909,,,,,,,,634080.0,,1,0,0,1,1
1789661128541.0,9.8,0.1585245,0.18723837,9.8632145,0.00045814854,0.00015271618,0.00015271618,-49.2,3.825,5.8500004,9.86626517469051,0.0005065022684763775,0.15509363945760024,0.2017341246578675,9.868589462196027,,,,,,,,634080.0,,1,0,0,1,1
1789661128551.0,9.81,0.1585245,0.18723837,9.8632145,0.00045814854,0.00015271618,0.00015271618,-49.2,3.825,5.8500004,9.86626517469051,0.0005065022684763775,0.15799121507512526,0.18893071181277363,9.86407940757173,,,,,,,,634080.0,,1,0,0,1,1
1789661128561.0,9.82,0.1585245,0.18723837,9.8632145,0.00045814854,0.00015271618,0.00015271618,-48.600002,4.05,5.1000004,9.86626517469051,0.0005065022684763775,0.15958898203311753,0.18179703804469802,9.861579505478087,,,,,,,,634080.0,,1,0,0,1,1
1789661128571.0,9.83,0.1585245,0.18723837,9.8632145,0.00045814854,0.00015271618,0.00015271618,-48.600002,4.05,5.1000004,9.86626517469051,0.0005065022684763775,0.1596219691728246,0.18195839877370962,9.861556222836713,,,,,,,,634080.0,,1,0,0,1,1
1789661128581.0,9.84,0.1585245,0.18723837,9.8632145,0.00045814854,0.00015271618,0.00015271618,-48.600002,4.05,5.1000004,9.86626517469051,0.0005065022684763775,0.15845559868965406,0.18834879133704313,9.863524950381983,,,,,,,,634080.0,,1,0,0,1,1
1789661128591.0,9.85,0.1585245,0.18723837,9.8632145,0.00045814854,0.00015271618,0.00015271618,-48.600002,4.05,5.1000004,9.86626517469051,0.0005065022684763775,0.15674655045774136,0.19815900439527168,9.866477957626687,,,,,,,,634080.0,,1,0,0,1,1
1789661128601.0,9.86,0.15403795,0.21475583,9.871889,0.00045814854,0.00015271618,0.00015271618,-48.600002,4.05,5.1000004,9.875426076118446,0.0005065022684763775,0.15516735677581373,0.20771432975489784,9.869318411424159,,,,,,,,634080.0,,1,0,0,1,1
1789661128611.0,9.87,0.15403795,0.21475583,9.871889,0.00045814854,0.00015271618,0.00015271618,-48.600002,4.05,5.1000004,9.875426076118446,0.0005065022684763775,0.1542152550161094,0.2136032651836224,9.871246781185414,,,,,,,,634080.0,,1,0,0,1,1
1789661128621.0,9.88,0.15403795,0.21475583,9.871889,0.00045814854,0.00015271618,0.00015271618,-48.600002,4.05,5.1000004,9.875426076118446,0.0005065022684763775,0.15407016497320583,0.21409582480758263,9.872040623239716,,,,,,,,634080.0,,1,0,0,1,1
1789661128631.0,9.89,0.15403795,0.21475583,9.871889,0.00045814854,0.00015271618,0.00015271618,-48.600002,4.05,5.1000004,9.875426076118446,0.0005065022684763775,0.15456029395893925,0.2099801484582182,9.872047819417904,,,,,,,,634080.0,,1,0,0,1,1
1789661128641.0,9.9,0.15702899,0.19351953,9.869496,0.00045814854,0.00015271618,0.00015271618,-48.600002,4.05,5.1000004,9.872641956751385,0.0005065022684763775,0.15529078381422395,0.20398563273100076,9.871856371809987,,,,,,,,634080.0,,1,0,0,1,1
1789661128651.0,9.91,0.15523437,0.20039889,9.873384,0.0,0.00015271618,0.00015271618,-48.600002,4.05,5.1000004,9.876637536945381,0.0002159732929498108,0.15585649169362864,0.1991140407908672,9.871905336325879,,,,,,,,634080.0,,1,0,0,1,1
1789661128661.0,9.92,0.15523437,0.20039889,9.873384,0.0,0.00015271618,0.00015271618,-46.800003,4.3500004,2.9250002,9.876637536945381,0.0002159732929498108,0.15598809606483244,0.19714202067872685,9.872341439052027,,,,,,,,634080.0,,1,0,0,1,1
1789661128671.0,9.93,0.15523437,0.20039889,9.873384,0.0,0.00015271618,0.00015271618,-46.800003,4.3500004,2.9250002,9.876637536945381,0.0002159732929498108,0.15558497637323065,0.19822702576690268,9.873123809710902,,,,,,,,634080.0,,1,0,0,1,1
1789661128681.0,9.94,0.15523437,0.20039889,9.873384,0.0,0.00015271618,0.00015271618,-46.800003,4.3500004,2.9250002,9.876637536945381,0.0002159732929498108,0.15472792414256112,0.2014086616735522,9.874118900562816,,,,,,,,634080.0,,1,0,0,1,1
1789661128691.0,9.95,0.15523437,0.20039889,9.873384,0.0,0.00015271618,0.00015271618,-46.800003,4.3500004,2.9250002,9.876637536945381,0.0002159732929498108,0.15372958665866523,0.2052263614232012,9.875038698550737,,,,,,,,634080.0,,1,0,0,1,1
1789661128701.0,9.96,0.15254244,0.2105684,9.875777,0.0,0.00015271618,0.00015271618,-46.800003,4.3500004,2.9250002,9.87919934006844,0.0002159732929498108,0.15311188938324896,0.20814176952366664,9.875390674988145,,,,,,,,634080.0,,1,0,0,1,1
1789661128711.0,9.97,0.15254244,0.2105684,9.875777,0.0,0.00015271618,0.00015271618,-46.800003,4.3500004,2.9250002,9.87919934006844,0.0002159732929498108,0.15337388291659773,0.2090025373218571,9.874679058232335,,,,,,,,634080.0,,1,0,0,1,1
1789661128721.0,9.98,0.15254244,0.2105684,9.875777,0.0,0.00015271618,0.00015271618,-46.800003,4.3500004,2.9250002,9.87919934006844,0.0002159732929498108,0.15464534028454388,0.20758011263760037,9.872786811621726,,,,,,,,634080.0,,1,0,0,1,1
1789661128731.0,9.99,0.1591227,0.200698,9.866505,0.0,0.00015271618,0.00015271618,-46.800003,4.3500004,2.9250002,9.869828804791108,0.0002159732929498108,0.15653866039313835,0.20472935064811978,9.87016224766124,,,,,,,,634080.0,,1,0,0,1,1
1789661128741.0,10.0,0.1591227,0.200698,9.866505,0.0,0.00015271618,-0.0007635809,-46.800003,4.3500004,2.9250002,9.869828804791108,0.0007787027818613482,0.15837989772813618,0.2018533227600522,9.867578693599546,,,,,,,,634080.0,,1,0,0,1,1
1789661128751.0,10.01,0.1591227,0.200698,9.866505,0.0,0.00015271618,-0.0007635809,-46.800003,4.3500004,2.9250002,9.869828804791108,0.0007787027818613482,0.15961715609224003,0.20003952637359054,9.865707149314034,,,,,,,,634080.0,,1,0,0,1,1
1789661128761.0,10.02,0.1591227,0.200698,9.866505,0.0,0.00015271618,-0.0007635809,-45.825,4.425,0.45000002,9.869828804791108,0.0007787027818613482,0.1600386316883628,0.19956749763434956,9.864926926866426,,,,,,,,634080.0,,1,0,0,1,1
1789661128771.0,10.03,0.1591227,0.200698,9.866505,0.0,0.00015271618,-0.0007635809,-45.825,4.425,0.45000002,9.869828804791108,0.0007787027818613482,0.1596899271505049,0.20006532353022255,9.86543370066126,,,,,,,,634080.0,,1,0,0,1,1
1789661128781.0,10.04,0.1591227,0.200698,9.866505,0.0,0.00015271618,-0.0007635809,-45.825,4.425,0.45000002,9.869828804791108,0.0007787027818613482,0.1587125071634341,0.20098065104372595,9.867293625597636,,,,,,,,634080.0,,1,0,0,1,1
1789661128791.0,10.05,0.1591227,0.200698,9.866505,0.0,0.00015271618,-0.0007635809,-45.825,4.425,0.45000002,9.869828804791108,0.0007787027818613482,0.15732330315608498,0.20190253264990193,9.870213430087988,,,,,,,,634080.0,,1,0,0,1,1
1789661128801.0,10.06,0.15463616,0.20309082,9.875478,0.0,0.00015271618,-0.0007635809,-45.825,4.425,0.45000002,9.878776440006718,0.0007787027818613482,0.15588485907241142,0.20260101747753162,9.873292662415468,,,,,,,,634080.0,,1,0,0,1,1
1789661128811.0,10.07,0.15463616,0.20309082,9.875478,0.0,0.00015271618,-0.0007635809,-45.825,4.425,0.45000002,9.878776440006718,0.0007787027818613482,0.15486467626601758,0.2029569292959075,9.875220506645892,,,,,,,,634080.0,,1,0,0,1,1
1789661128821.0,10.08,0.15463616,0.20309082,9.875478,0.0,0.00015271618,-0.0007635809,-45.825,4.425,0.45000002,9.878776440006718,0.0007787027818613482,0.15462811525148953,0.2029492037107766,9.874972396523097,,,,,,,,634080.0,,1,0,0,1,1
1789661128831.0,10.09,0.15463616,0.20309082,9.875478,0.0,0.00015271618,-0.0007635809,-45.825,4.425,0.45000002,9.878776440006718,0.0007787027818613482,0.15522895025356553,0.20268538869693628,9.872499605305194,,,,,,,,634080.0,,1,0,0,1,1
1789661128841.0,10.1,0.1576272,0.20189442,9.864711,-0.0007635809,0.00015271618,0.00015271618,-45.825,4.425,0.45000002,9.868035812892451,0.0007935365486935022,0.156376779149035,0.20236707561105546,9.868821680699732,,,,,,,,634080.0,,1,0,0,1,1
1789661128851.0,10.11,0.1576272,0.20189442,9.864711,-0.0007635809,0.00015271618,0.00015271618,-45.825,4.425,0.45000002,9.868035812892451,0.0007935365486935022,0.1575836543856519,0.20215781954213102,9.865428740895002,,,,,,,,634080.0,,1,0,0,1,1
1789661128861.0,10.12,0.1576272,0.20189442,9.864711,-0.0007635809,0.00015271618,0.00015271618,-47.25,4.5,2.775,9.868035812892451,0.0007935365486935022,0.1583516879790304,0.20205018532538976,9.863480879099058,,,,,,,,634080.0,,1,0,0,1,1
1789661128871.0,10.13,0.1576272,0.20189442,9.864711,-0.0007635809,0.00015271618,0.00015271618,-47.25,4.5,2.775,9.868035812892451,0.0007935365486935022,0.15830488609170235,0.2018636004631746,9.863376720075951,,,,,,,,634080.0,,1,0,0,1,1
1789661128881.0,10.14,0.1576272,0.20189442,9.864711,-0.0007635809,0.00015271618,0.00015271618,-47.25,4.5,2.775,9.868035812892451,0.0007935365486935022,0.15729813077694435,0.20139918624852726,9.864819158171144,,,,,,,,634080.0,,1,0,0,1,1
1789661128891.0,10.15,0.1576272,0.20189442,9.864711,-0.0007635809,0.00015271618,0.00015271618,-47.25,4.5,2.775,9.868035812892451,0.0007935365486935022,0.15554294869943747,0.20061914548238274,9.867098591985554,,,,,,,,634080.0,,1,0,0,1,1
1789661128901.0,10.16,0.15224335,0.19800608,9.870992,-0.0007635809,0.00015271618,0.00015271618,-47.25,4.5,2.775,9.874151483008562,0.0007935365486935022,0.15364677089805887,0.19966663695089046,9.86935655825043,,,,,,,,634080.0,,1,0,0,1,1
1789661128911.0,10.17,0.15224335,0.19800608,9.870992,-0.0007635809,0.00015271618,0.00015271618,-47.25,4.5,2.775,9.874151483008562,0.0007935365486935022,0.15240794382342981,0.1986881542337633,9.87083169772423,,,,,,,,634080.0,,1,0,0,1,1
1789661128921.0,10.18,0.15224335,0.19800608,9.870992,-0.0007635809,0.00015271618,0.00015271618,-47.25,4.5,2.775,9.874151483008562,0.0007935365486935022,0.15240111969526754,0.19764427901806658,9.871112647278181,,,,,,,,634080.0,,1,0,0,1,1
1789661128931.0,10.19,0.15224335,0.19800608,9.870992,-0.0007635809,0.00015271618,0.00015271618,-47.25,4.5,2.775,9.874151483008562,0.0007935365486935022,0.1536318183669222,0.19633480209589713,9.870282136197952,,,,,,,,634080.0,,1,0,0,1,1
1789661128941.0,10.2,0.1576272,0.19292133,9.867402,0.0,0.00015271618,0.00015271618,-47.25,4.5,2.775,9.87054644907529,0.0002159732929498108,0.1555339433885076,0.19464937529194187,9.86883428030267,,,,,,,,634080.0,,1,0,0,1,1
1789661128951.0,10.21,0.1576272,0.19292133,9.867402,0.0,0.00015271618,0.00015271618,-47.25,4.5,2.775,9.87054644907529,0.0002159732929498108,0.15730943130076813,0.19283807127282668,9.867419995242948,,,,,,,,634080.0,,1,0,0,1,1
1789661128961.0,10.22,0.1576272,0.19292133,9.867402,0.0,0.00015271618,0.00015271618,-48.0,4.3500004,3.825,9.87054644907529,0.0002159732929498108,0.15833725727915554,0.19158957686209344,9.866600022317929,,,,,,,,634080.0,,1,0,0,1,1
1789661128971.0,10.23,0.1576272,0.19292133,9.867402,0.0,0.00015271618,0.00015271618,-48.0,4.3500004,3.825,9.87054644907529,0.0002159732929498108,0.15837860412339674,0.19181135564887047,9.866714692484695,,,,,,,,634080.0,,1,0,0,1,1
1789661128981.0,10.24,0.1576272,0.19292133,9.867402,0.0,0.00015271618,0.00015271618,-48.0,4.3500004,3.825,9.87054644907529,0.0002159732929498108,0.15754857412602294,0.19412092877482826,9.86782308761752,,,,,,,,634080.0,,1,0,0,1,1
1789661128991.0,10.25,0.1576272,0.19292133,9.867402,0.0,0.00015271618,0.00015271618,-48.0,4.3500004,3.825,9.87054644907529,0.0002159732929498108,0.15620838848866167,0.1982789710554285,9.869646749334947,,,,,,,,634080.0,,1,0,0,1,1
1789661129001.0,10.26,0.15403795,0.20787647,9.873384,0.0,0.00015271618,0.00015271618,-48.0,4.3500004,3.825,9.876773356125767,0.0002159732929498108,0.1548687793289273,0.20303922367494406,9.871594438111279,,,,,,,,634080.0,,1,0,0,1,1
1789661129011.0,10.27,0.15403795,0.20787647,9.873384,0.0,0.00015271618,0.00015271618,-48.0,4.3500004,3.825,9.876773356125767,0.0002159732929498108,0.15405608055109038,0.20673170604336363,9.872990085229365,,,,,,,,634080.0,,1,0,0,1,1
1789661129021.0,10.28,0.15403795,0.20787647,9.873384,0.0,0.00015271618,0.00015271618,-48.0,4.3500004,3.825,9.876773356125767,0.0002159732929498108,0.1541113799466809,0.20825339758471262,9.873432540641678,,,,,,,,634080.0,,1,0,0,1,1
1789661129031.0,10.29,0.15403795,0.20787647,9.873384,0.0,0.00015271618,0.00015271618,-48.0,4.3500004,3.825,9.876773356125767,0.0002159732929498108,0.15502352306731962,0.20768500188696354,9.873016531442328,,,,,,,,634080.0,,1,0,0,1,1
1789661129041.0,10.3,0.15792629,0.20428723,9.871291,0.0,0.00015271618,0.00015271618,-48.0,4.3500004,3.825,9.874667588941676,0.0002159732929498108,0.15642999474100036,0.20606363657131407,9.87222049124876,,,,,,,,634080.0,,1,0,0,1,1
1789661129051.0,10.31,0.15792629,0.20428723,9.871291,0.0,0.00015271618,0.00015271618,-48.0,4.3500004,3.825,9.874667588941676,0.0002159732929498108,0.15779343072234817,0.2045784545404031,9.87154917564756,,,,,,,,634080.0,,1,0,0,1,1
1789661129061.0,10.32,0.15792629,0.20428723,9.871291,0.0,0.00015271618,0.00015271618,-46.875,4.425,2.775,9.874667588941676,0.0002159732929498108,0.15862106006260968,0.20385682342662403,9.871214111831101,,,,,,,,634080.0,,1,0,0,1,1
1789661129071.0,10.33,0.15792629,0.20428723,9.871291,0.0,0.00015271618,0.00015271618,-46.875,4.425,2.775,9.874667588941676,0.0002159732929498108,0.15860545240681545,0.20379965743627523,9.871078838889163,,,,,,,,634080.0,,1,0,0,1,1
1789661129081.0,10.34,0.15792629,0.20428723,9.871291,0.0,0.00015271618,0.00015271618,-46.875,4.425,2.775,9.874667588941676,0.0002159732929498108,0.15769804120972,0.20392397424267578,9.870863824859924,,,,,,,,634080.0,,1,0,0,1,1
1789661129091.0,10.35,0.15792629,0.20428723,9.871291,0.0,0.00015271618,0.00015271618,-46.875,4.425,2.775,9.874667588941676,0.0002159732929498108,0.15617479752048266,0.20382887920108558,9.870400271034692,,,,,,,,634080.0,,1,0,0,1,1
1789661129101.0,10.36,0.15373886,0.20249261,9.8682995,0.0,0.00015271618,0.00015271618,-46.875,4.425,2.775,9.871574034361437,0.0002159732929498108,0.15463630031650843,0.20342591058287884,9.869709962248848,,,,,,,,634080.0,,1,0,0,1,1
1789661129111.0,10.37,0.15373886,0.20249261,9.8682995,0.0,0.00015271618,0.00015271618,-46.875,4.425,2.775,9.871574034361437,0.0002159732929498108,0.15380646229294492,0.2028536436404018,9.86887848125445,,,,,,,,634080.0,,1,0,0,1,1
1789661129121.0,10.38,0.15373886,0.20249261,9.8682995,0.0,0.00015271618,0.00015271618,-46.875,4.425,2.775,9.871574034361437,0.0002159732929498108,0.1541443510297049,0.20225793142982032,9.867903044396515,,,,,,,,634080.0,,1,0,0,1,1
1789661129131.0,10.39,0.15373886,0.20249261,9.8682995,0.0,0.00015271618,0.00015271618,-46.875,4.425,2.775,9.871574034361437,0.0002159732929498108,0.155527778257538,0.2016626106884538,9.86670592899326,,,,,,,,634080.0,,1,0,0,1,1
1789661129141.0,10.4,0.1594218,0.2000998,9.863813,0.0,0.00015271618,-0.0009162971,-46.875,4.425,2.775,9.867130390303165,0.0009289362772021568,0.15730454524212062,0.20100525317050782,9.865299234241212,,,,,,,,634080.0,,1,0,0,1,1
1789661129151.0,10.41,0.1594218,0.2000998,9.863813,0.0,0.00015271618,-0.0009162971,-46.875,4.425,2.775,9.867130390303165,0.0009289362772021568,0.15873478771956523,0.20026564011084505,9.863922618464413,,,,,,,,634080.0,,1,0,0,1,1
1789661129161.0,10.42,0.1594218,0.2000998,9.863813,0.0,0.00015271618,-0.0009162971,-47.625,3.7500002,4.65,9.867130390303165,0.0009289362772021568,0.15949112510645608,0.1995892808883509,9.8630252868672,,,,,,,,634080.0,,1,0,0,1,1
1789661129171.0,10.43,0.1594218,0.2000998,9.863813,0.0,0.00015271618,-0.0009162971,-47.625,3.7500002,4.65,9.867130390303165,0.0009289362772021568,0.1597998092559483,0.19932481106432148,9.863090127247382,,,,,,,,634080.0,,1,0,0,1,1
1789661129181.0,10.44,0.1594218,0.2000998,9.863813,0.0,0.00015271618,-0.0009162971,-47.625,3.7500002,4.65,9.867130390303165,0.0009289362772021568,0.1601152102997875,0.19988171735212867,9.86434979549936,,,,,,,,634080.0,,1,0,0,1,1
1789661129191.0,10.45,0.1594218,0.2000998,9.863813,0.0,0.00015271618,-0.0009162971,-47.625,3.7500002,4.65,9.867130390303165,0.0009289362772021568,0.16063803568067753,0.20137480526406956,9.86650667409186,,,,,,,,634080.0,,1,0,0,1,1
1789661129201.0,10.46,0.16211374,0.20279172,9.870394,0.0,0.00015271618,-0.0009162971,-47.625,3.7500002,4.65,9.873807931169885,0.0009289362772021568,0.1611188176878164,0.2032345846457047,9.86868737454057,,,,,,,,634080.0,,1,0,0,1,1
1789661129211.0,10.47,0.16211374,0.20279172,9.870394,0.0,0.00015271618,-0.0009162971,-47.625,3.7500002,4.65,9.873807931169885,0.0009289362772021568,0.16111615253902967,0.20415982834832785,9.869817451464458,,,,,,,,634080.0,,1,0,0,1,1
1789661129221.0,10.48,0.16211374,0.20279172,9.870394,0.0,0.00015271618,-0.0009162971,-47.625,3.7500002,4.65,9.873807931169885,0.0009289362772021568,0.1604492348065479,0.20267995788013926,9.869262562226712,,,,,,,,634080.0,,1,0,0,1,1
1789661129231.0,10.49,0.15643078,0.20668006,9.867402,0.0,0.00015271618,-0.0009162971,-47.625,3.7500002,4.65,9.87080591774233,0.0009289362772021568,0.15940058689282607,0.19811759127055303,9.867258511738772,,,,,,,,634080.0,,1,0,0,1,1
1789661129241.0,10.5,0.1585245,0.18305093,9.862617,-0.00045814854,0.00015271618,0.00015271618,-47.625,3.7500002,4.65,9.865589275292335,0.0005065022684763775,0.15848735111635862,0.19127461782931285,9.864757709730023,,,,,,,,634080.0,,1,0,0,1,1
1789661129251.0,10.51,0.1585245,0.18305093,9.862617,-0.00045814854,0.00015271618,0.00015271618,-47.625,3.7500002,4.65,9.865589275292335,0.0005065022684763775,0.15805739082493933,0.18427982974318605,9.862805646316849,,,,,,,,634080.0,,1,0,0,1,1
1789661129261.0,10.52,0.1585245,0.18305093,9.862617,-0.00045814854,0.00015271618,0.00015271618,-47.925003,3.825,5.4,9.865589275292335,0.0005065022684763775,0.15809687301401937,0.17972463990621726,9.86194461317531,,,,,,,,634080.0,,1,0,0,1,1
1789661129271.0,10.53,0.1585245,0.18305093,9.862617,-0.00045814854,0.00015271618,0.00015271618,-47.925003,3.825,5.4,9.865589275292335,0.0005065022684763775,0.15835774969202057,0.17965668435547463,9.862056877347504,,,,,,,,634080.0,,1,0,0,1,1
1789661129281.0,10.54,0.1585245,0.18305093,9.862617,-0.00045814854,0.00015271618,0.00015271618,-47.925003,3.825,5.4,9.865589275292335,0.0005065022684763775,0.15860128926403347,0.18475284848367055,9.862645661862523,,,,,,,,634080.0,,1,0,0,1,1
1789661129291.0,10.55,0.1585245,0.18305093,9.862617,-0.00045814854,0.00015271618,0.00015271618,-47.925003,3.825,5.4,9.865589275292335,0.0005065022684763775,0.1587253617839895,0.19376478577345657,9.863248087474586,,,,,,,,634080.0,,1,0,0,1,1
1789661129301.0,10.56,0.1585245,0.212363,9.864411,-0.00045814854,0.00015271618,0.00015271618,-47.925003,3.825,5.4,9.867970026190305,0.0005065022684763775,0.15872678952138694,0.20363803989449453,9.863697269822312,,,,,,,,634080.0,,1,0,0,1,1
1789661129311.0,10.57,0.1585245,0.212363,9.864411,-0.00045814854,0.00015271618,0.00015271618,-47.925003,3.825,5.4,9.867970026190305,0.0005065022684763775,0.1586063549927672,0.2107438439112427,9.864138407610977,,,,,,,,634080.0,,1,0,0,1,1
1789661129321.0,10.58,0.1585245,0.212363,9.864411,-0.00045814854,0.00015271618,0.00015271618,-47.925003,3.825,5.4,9.867970026190305,0.0005065022684763775,0.15833465696809979,0.21276726215951441,9.864844200853353,,,,,,,,634080.0,,1,0,0,1,1
1789661129331.0,10.59,0.1585245,0.212363,9.864411,-0.00045814854,0.00015271618,0.00015271618,-47.925003,3.825,5.4,9.867970026190305,0.0005065022684763775,0.15790033055623345,0.2099243951427155,9.86595527503174,,,,,,,,634080.0,,1,0,0,1,1
1789661129341.0,10.6,0.15672988,0.19890338,9.868897,0.0,0.00015271618,0.00015271618,-47.925003,3.825,5.4,9.872145400391409,0.0002159732929498108,0.1573680648866889,0.20457563057755673,9.86732274218839,,,,,,,,634080.0,,1,0,0,1,1
1789661129351.0,10.61,0.15672988,0.19890338,9.868897,0.0,0.00015271618,0.00015271618,-47.925003,3.825,5.4,9.872145400391409,0.0002159732929498108,0.15687262521878062,0.1996251252148576,9.868571569468754,,,,,,,,634080.0,,1,0,0,1,1
1789661129361.0,10.62,0.15672988,0.19890338,9.868897,0.0,0.00015271618,0.00015271618,-48.525,3.9,4.425,9.872145400391409,0.0002159732929498108,0.15655447281996732,0.19697417175382786,9.869320024245177,,,,,,,,634080.0,,1,0,0,1,1
1789661129371.0,10.63,0.15672988,0.19890338,9.868897,0.0,0.00015271618,0.00015271618,-48.525,3.9,4.425,9.872145400391409,0.0002159732929498108,0.1564976000133306,0.1969871055459004,9.869371282996484,,,,,,,,634080.0,,1,0,0,1,1
1789661129381.0,10.64,0.15672988,0.19890338,9.868897,0.0,0.00015271618,0.00015271618,-48.525,3.9,4.425,9.872145400391409,0.0002159732929498108,0.1567008689818273,0.1989234099432719,9.868771401799613,,,,,,,,634080.0,,1,0,0,1,1
1789661129391.0,10.65,0.15672988,0.19890338,9.868897,0.0,0.00015271618,0.00015271618,-48.525,3.9,4.425,9.872145400391409,0.0002159732929498108,0.15706601479532206,0.2016413751707555,9.867762658147262,,,,,,,,634080.0,,1,0,0,1,1
1789661129401.0,10.66,0.15732808,0.20548365,9.865608,0.0,0.00015271618,0.00015271618,-48.525,3.9,4.425,9.869001817045016,0.0002159732929498108,0.1573975580847825,0.20406570740817148,9.866683354316146,,,,,,,,634080.0,,1,0,0,1,1
1789661129411.0,10.67,0.15732808,0.20548365,9.865608,0.0,0.00015271618,0.00015271618,-48.525,3.9,4.425,9.869001817045016,0.0002159732929498108,0.15745138494281544,0.205423212717873,9.865834455923496,,,,,,,,634080.0,,1,0,0,1,1
1789661129421.0,10.68,0.15732808,0.20548365,9.865608,0.0,0.00015271618,0.00015271618,-48.525,3.9,4.425,9.869001817045016,0.0002159732929498108,0.15705370894426218,0.20541154752050186,9.865362568230658,,,,,,,,634080.0,,1,0,0,1,1
1789661129431.0,10.69,0.15732808,0.20548365,9.865608,0.0,0.00015271618,0.00015271618,-48.525,3.9,4.425,9.869001817045016,0.0002159732929498108,0.1562294949763067,0.204277347078197,9.865235438052538,,,,,,,,634080.0,,1,0,0,1,1
1789661129441.0,10.7,0.15403795,0.2009971,9.865309,0.0,-0.0010690133,0.00015271618,-48.525,3.9,4.425,9.8685586176366,0.0010798665043470338,0.15522282111855412,0.20267104560404112,9.865316714359341,,,,,,,,634080.0,,1,0,0,1,1
1789661129451.0,10.71,0.15403795,0.2009971,9.865309,0.0,-0.0010690133,0.00015271618,-48.525,3.9,4.425,9.8685586176366,0.0010798665043470338,0.15435914079893634,0.20129494456989527,9.865456692651474,,,,,,,,634080.0,,1,0,0,1,1
1789661129461.0,10.72,0.15403795,0.2009971,9.865309,0.0,-0.0010690133,0.00015271618,-47.100002,4.125,2.775,9.8685586176366,0.0010798665043470338,0.153852300845303,0.20056524829933944,9.865528648860014,,,,,,,,634080.0,,1,0,0,1,1
1789661129471.0,10.73,0.15403795,0.2009971,9.865309,0.0,-0.0010690133,0.00015271618,-47.100002,4.125,2.775,9.8685586176366,0.0010798665043470338,0.153724468786596,0.20051167684698074,9.865429269090788,,,,,,,,634080.0,,1,0,0,1,1
1789661129481.0,10.74,0.15403795,0.2009971,9.865309,0.0,-0.0010690133,0.00015271618,-47.100002,4.125,2.775,9.8685586176366,0.0010798665043470338,0.15389386839586094,0.20092776185721498,9.865103163431952,,,,,,,,634080.0,,1,0,0,1,1
1789661129491.0,10.75,0.15403795,0.2009971,9.865309,0.0,-0.0010690133,0.00015271618,-47.100002,4.125,2.775,9.8685586176366,0.0010798665043470338,0.15432185518385788,0.20159212807955804,9.86459734107222,,,,,,,,634080.0,,1,0,0,1,1
1789661129501.0,10.76,0.15583257,0.20309082,9.863514,0.0,-0.0010690133,0.00015271618,-47.100002,4.125,2.775,9.86683526259748,0.0010798665043470338,0.1550698694914021,0.2023877429537809,9.864076670183199,,,,,,,,634080.0,,1,0,0,1,1
1789661129511.0,10.77,0.15583257,0.20309082,9.863514,0.0,-0.0010690133,0.00015271618,-47.100002,4.125,2.775,9.86683526259748,0.0010798665043470338,0.15621133386632327,0.2032837294559382,9.86374125377568,,,,,,,,634080.0,,1,0,0,1,1
1789661129521.0,10.78,0.15583257,0.20309082,9.863514,0.0,-0.0010690133,0.00015271618,-47.100002,4.125,2.775,9.86683526259748,0.0010798665043470338,0.15767832688657377,0.2042521502077884,9.863688592066689,,,,,,,,634080.0,,1,0,0,1,1
1789661129531.0,10.79,0.16091733,0.20638095,9.864112,0.0,-0.0010690133,0.00015271618,-47.100002,4.125,2.775,9.867582937688502,0.0010798665043470338,0.15920096979001766,0.20521409842796562,9.863840958205538,,,,,,,,634080.0,,1,0,0,1,1
1789661129541.0,10.8,0.16091733,0.20638095,9.864112,0.0,0.00015271618,0.00015271618,-47.100002,4.125,2.775,9.867582937688502,0.0002159732929498108,0.16043178461620333,0.20605713860293287,9.864011629923581,,,,,,,,634080.0,,1,0,0,1,1
1789661129551.0,10.81,0.16091733,0.20638095,9.864112,0.0,0.00015271618,0.00015271618,-47.100002,4.125,2.775,9.867582937688502,0.0002159732929498108,0.16115673424973292,0.20667610385810312,9.864059613610793,,,,,,,,634080.0,,1,0,0,1,1
1789661129561.0,10.82,0.16091733,0.20638095,9.864112,0.0,0.00015271618,0.00015271618,-48.750004,3.825,5.4,9.867582937688502,0.0002159732929498108,0.16138627160721222,0.20696366127184032,9.864008485417964,,,,,,,,634080.0,,1,0,0,1,1
1789661129571.0,10.83,0.16091733,0.20638095,9.864112,0.0,0.00015271618,0.00015271618,-48.750004,3.825,5.4,9.867582937688502,0.0002159732929498108,0.16124873911455884,0.2067728592083781,9.864036926903214,,,,,,,,634080.0,,1,0,0,1,1
1789661129581.0,10.84,0.16091733,0.20638095,9.864112,0.0,0.00015271618,0.00015271618,-48.750004,3.825,5.4,9.867582937688502,0.0002159732929498108,0.16082225702740188,0.20596060972920863,9.864344545816733,,,,,,,,634080.0,,1,0,0,1,1
1789661129591.0,10.85,0.16091733,0.20638095,9.864112,0.0,0.00015271618,0.00015271618,-48.750004,3.825,5.4,9.867582937688502,0.0002159732929498108,0.16008393862846168,0.2045404641463217,9.864989310693858,,,,,,,,634080.0,,1,0,0,1,1
1789661129601.0,10.86,0.15792629,0.2009971,9.866804,0.0,0.00015271618,0.00015271618,-48.750004,3.825,5.4,9.870114574902237,0.0002159732929498108,0.15901412566630446,0.20280341926539971,9.865823087814707,,,,,,,,634080.0,,1,0,0,1,1
1789661129611.0,10.87,0.15792629,0.2009971,9.866804,0.0,0.00015271618,0.00015271618,-48.750004,3.825,5.4,9.870114574902237,0.0002159732929498108,0.1577550789470167,0.20124641354781458,9.866579435111495,,,,,,,,634080.0,,1,0,0,1,1
1789661129621.0,10.88,0.15792629,0.2009971,9.866804,0.0,0.00015271618,0.00015271618,-48.750004,3.825,5.4,9.870114574902237,0.0002159732929498108,0.1566888236358907,0.20033118168316869,9.86703717039466,,,,,,,,634080.0,,1,0,0,1,1
1789661129631.0,10.89,0.15792629,0.2009971,9.866804,0.0,0.00015271618,0.00015271618,-48.750004,3.825,5.4,9.870114574902237,0.0002159732929498108,0.15632504815605858,0.20025231981332975,9.867126804554658,,,,,,,,634080.0,,1,0,0,1,1
1789661129641.0,10.9,0.15134603,0.19830517,9.867104,0.0,0.00015271618,0.00015271618,-48.750004,3.825,5.4,9.870256932221242,0.0002159732929498108,0.15698748392832532,0.20086053909217136,9.866925838810523,,,,,,,,634080.0,,1,0,0,1,1
1789661129651.0,10.91,0.16121642,0.20338993,9.866505,0.0,0.00015271618,0.00015271618,-48.750004,3.825,5.4,9.869917887841217,0.0002159732929498108,0.15849865824399684,0.20177449716884552,9.866595858856817,,,,,,,,634080.0,,1,0,0,1,1
1789661129661.0,10.92,0.16121642,0.20338993,9.866505,0.0,0.00015271618,0.00015271618,-49.350002,3.7500002,7.5000005,9.869917887841217,0.0002159732929498108,0.16018554673626714,0.20262856583735922,9.866327217646818,,,,,,,,634080.0,,1,0,0,1,1
1789661129671.0,10.93,0.16121642,0.20338993,9.866505,0.0,0.00015271618,0.00015271618,-49.350002,3.7500002,7.5000005,9.869917887841217,0.0002159732929498108,0.1612863489858119,0.20330459980830684,9.866296531864371,,,,,,,,634080.0,,1,0,0,1,1
1789661129681.0,10.94,0.16121642,0.20338993,9.866505,0.0,0.00015271618,0.00015271618,-49.350002,3.7500002,7.5000005,9.869917887841217,0.0002159732929498108,0.16142968783079176,0.20394845018056573,9.866606324729833,,,,,,,,634080.0,,1,0,0,1,1
1789661129691.0,10.95,0.16121642,0.20338993,9.866505,0.0,0.00015271618,0.00015271618,-49.350002,3.7500002,7.5000005,9.869917887841217,0.0002159732929498108,0.16078359914223866,0.20473154406809646,9.867208928770197,,,,,,,,634080.0,,1,0,0,1,1
1789661129701.0,10.96,0.1585245,0.20638095,9.8682995,0.0,0.00015271618,0.00015271618,-49.350002,3.7500002,7.5000005,9.871730250332176,0.0002159732929498108,0.15980212424391613,0.2055815180320577,9.867876537864266,,,,,,,,634080.0,,1,0,0,1,1
1789661129711.0,10.97,0.1585245,0.20638095,9.8682995,0.0,0.00015271618,0.00015271618,-49.350002,3.7500002,7.5000005,9.871730250332176,0.0002159732929498108,0.15883822102606265,0.20616003222739743,9.868284393262154,,,,,,,,634080.0,,1,0,0,1,1
1789661129721.0,10.98,0.1585245,0.20638095,9.8682995,0.0,0.00015271618,0.00015271618,-49.350002,3.7500002,7.5000005,9.871730250332176,0.0002159732929498108,0.1579491783243902,0.20612351756997754,9.868190787097483,,,,,,,,634080.0,,1,0,0,1,1
1789661129731.0,10.99,0.1585245,0.20638095,9.8682995,0.0,0.00015271618,0.00015271618,-49.350002,3.7500002,7.5000005,9.871730250332176,0.0002159732929498108,0.15700788283158781,0.205424926693629,9.8675971711887,,,,,,,,634080.0,,1,0,0,1,1
1789661129741.0,11.0,0.15463616,0.20309082,9.865907,0.0,-0.0010690133,0.00015271618,-49.350002,3.7500002,7.5000005,9.86920863878137,0.0010798665043470338,0.15595462713424743,0.20438081973641473,9.86676188934433,,,,,,,,634080.0,,1,0,0,1,1
1789661129751.0,11.01,0.15463616,0.20309082,9.865907,0.0,-0.0010690133,0.00015271618,-49.350002,3.7500002,7.5000005,9.86920863878137,0.0010798665043470338,0.15493633836673695,0.20344976249024357,9.866046471341988,,,,,,,,634080.0,,1,0,0,1,1
1789661129761.0,11.02,0.15463616,0.20309082,9.865907,0.0,-0.0010690133,0.00015271618,-49.350002,3.7500002,7.425,9.86920863878137,0.0010798665043470338,0.15424448354396308,0.20292331096373672,9.86570537537722,,,,,,,,634080.0,,1,0,0,1,1
1789661129771.0,11.03,0.15463616,0.20309082,9.865907,0.0,-0.0010690133,0.00015271618,-49.350002,3.7500002,7.425,9.86920863878137,0.0010798665043470338,0.15415002362838018,0.2027850653364831,9.865767893061042,,,,,,,,634080.0,,1,0,0,1,1
1789661129781.0,11.04,0.15463616,0.20309082,9.865907,0.0,-0.0010690133,0.00015271618,-49.350002,3.7500002,7.425,9.86920863878137,0.0010798665043470338,0.1547469387197747,0.2028130415190619,9.866078489463137,,,,,,,,634080.0,,1,0,0,1,1
1789661129791.0,11.05,0.15463616,0.20309082,9.865907,0.0,-0.0010690133,0.00015271618,-49.350002,3.7500002,7.425,9.86920863878137,0.0010798665043470338,0.15584931150356016,0.20278325428146632,9.866453643225908,,,,,,,,634080.0,,1,0,0,1,1
1789661129801.0,11.06,0.1576272,0.20189442,9.868001,0.0,-0.0010690133,0.00015271618,-49.350002,3.7500002,7.425,9.871324704770275,0.0010798665043470338,0.15699353786935194,0.20258733258164816,9.866858064692712,,,,,,,,634080.0,,1,0,0,1,1
1789661129811.0,11.07,0.1576272,0.20189442,9.868001,0.0,-0.0010690133,0.00015271618,-49.350002,3.7500002,7.425,9.871324704770275,0.0010798665043470338,0.1576128568926181,0.20221179966435032,9.867483807227995,,,,,,,,634080.0,,1,0,0,1,1
1789661129821.0,11.08,0.1576272,0.20189442,9.868001,0.0,-0.0010690133,0.00015271618,-49.350002,3.7500002,7.425,9.871324704770275,0.0010798665043470338,0.1573465330012508,0.20167473895373528,9.868635565054303,,,,,,,,634080.0,,1,0,0,1,1
1789661129831.0,11.09,0.1576272,0.20189442,9.868001,0.0,-0.0010690133,0.00015271618,-49.350002,3.7500002,7.425,9.871324704770275,0.0010798665043470338,0.15628608794433968,0.2010226849503482,9.870454720135266,,,,,,,,634080.0,,1,0,0,1,1
1789661129841.0,11.1,0.15343975,0.19980069,9.875179,0.0,0.00015271618,0.00015271618,-49.350002,3.7500002,7.425,9.878391789894017,0.0002159732929498108,0.1549404868924692,0.20037197193925957,9.87269620615421,,,,,,,,634080.0,,1,0,0,1,1
1789661129851.0,11.11,0.15343975,0.19980069,9.875179,0.0,0.00015271618,0.00015271618,-49.350002,3.7500002,7.425,9.878391789894017,0.0002159732929498108,0.15389718839571412,0.1998977452548576,9.874770893436494,,,,,,,,634080.0,,1,0,0,1,1
1789661129861.0,11.12,0.15343975,0.19980069,9.875179,0.0,0.00015271618,0.00015271618,-48.15,3.6750002,4.425,9.878391789894017,0.0002159732929498108,0.15341863335284062,0.19973313993968367,9.87602329890139,,,,,,,,634080.0,,1,0,0,1,1
1789661129871.0,11.13,0.15343975,0.19980069,9.875179,0.0,0.00015271618,0.00015271618,-48.15,3.6750002,4.425,9.878391789894017,0.0002159732929498108,0.15329242852685498,0.1998546043016018,9.876026550164882,,,,,,,,634080.0,,1,0,0,1,1
1789661129881.0,11.14,0.15343975,0.19980069,9.875179,0.0,0.00015271618,0.00015271618,-48.15,3.6750002,4.425,9.878391789894017,0.0002159732929498108,0.15304996494919573,0.20006345699437608,9.874752668238052,,,,,,,,634080.0,,1,0,0,1,1
1789661129891.0,11.15,0.15343975,0.19980069,9.875179,0.0,0.00015271618,0.00015271618,-48.15,3.6750002,4.425,9.878391789894017,0.0002159732929498108,0.152364974771544,0.20011434778364093,9.872609377230246,,,,,,,,634080.0,,1,0,0,1,1
1789661129901.0,11.16,0.15014961,0.200698,9.868001,0.0,0.00015271618,0.00015271618,-48.15,3.6750002,4.425,9.871183734921974,0.0002159732929498108,0.15131382541823188,0.199942985883491,9.870315225132003,,,,,,,,634080.0,,1,0,0,1,1
1789661129911.0,11.17,0.15014961,0.200698,9.868001,0.0,0.00015271618,0.00015271618,-48.15,3.6750002,4.425,9.871183734921974,0.0002159732929498108,0.15031773285102468,0.19984098044141618,9.868580063917458,,,,,,,,634080.0,,1,0,0,1,1
1789661129921.0,11.18,0.15014961,0.200698,9.868001,0.0,0.00015271618,0.00015271618,-48.15,3.6750002,4.425,9.871183734921974,0.0002159732929498108,0.14984834172038733,0.20037966804365578,9.867736110141239,,,,,,,,634080.0,,1,0,0,1,1
1789661129931.0,11.19,0.15014961,0.200698,9.868001,0.0,0.00015271618,0.00015271618,-48.15,3.6750002,4.425,9.871183734921974,0.0002159732929498108,0.15012996452683416,0.20202001836748357,9.867602806739788,,,,,,,,634080.0,,1,0,0,1,1
1789661129941.0,11.2,0.15014961,0.200698,9.868001,0.0,0.00015271618,0.00015271618,-48.15,3.6750002,4.425,9.871183734921974,0.0002159732929498108,0.15102230544809098,0.20466338855917493,9.867708268861136,,,,,,,,634080.0,,1,0,0,1,1
1789661129951.0,11.21,0.15314065,0.2117648,9.867702,0.0,0.00015271618,0.00015271618,-48.15,3.6750002,4.425,9.87116199593571,0.0002159732929498108,0.15212145762838186,0.2076004393394293,9.867684473081363,,,,,,,,634080.0,,1,0,0,1,1
1789661129961.0,11.22,0.15314065,0.2117648,9.867702,0.0,0.00015271618,0.00015271618,-48.600002,4.3500004,5.55,9.87116199593571,0.0002159732929498108,0.15299443464434448,0.21003670370593952,9.867531174593248,,,,,,,,634080.0,,1,0,0,1,1
1789661129971.0,11.23,0.15314065,0.2117648,9.867702,0.0,0.00015271618,0.00015271618,-48.600002,4.3500004,5.55,9.87116199593571,0.0002159732929498108,0.15339834424564874,0.21175268200699612,9.867574946415036,,,,,,,,634080.0,,1,0,0,1,1
1789661129981.0,11.24,0.15314065,0.2117648,9.867702,0.0,0.00015271618,0.00015271618,-48.600002,4.3500004,5.55,9.87116199593571,0.0002159732929498108,0.1533572472347669,0.21320720653395284,9.868174915382031,,,,,,,,634080.0,,1,0,0,1,1
1789661129991.0,11.25,0.15314065,0.2117648,9.867702,0.0,0.00015271618,0.00015271618,-48.600002,4.3500004,5.55,9.87116199593571,0.0002159732929498108,0.15308133355830864,0.21492995884641514,9.869399181719801,,,,,,,,634080.0,,1,0,0,1,1
1789661130001.0,11.26,0.15284155,0.21864417,9.8727865,0.0,0.00015271618,0.00015271618,-48.600002,4.3500004,5.55,9.876389982532263,0.0002159732929498108,0.15281905129179377,0.21681983567596316,9.870926537128438,,,,,,,,634080.0,,1,0,0,1,1
1789661130011.0,11.27,0.15284155,0.21864417,9.8727865,0.0,0.00015271618,0.00015271618,-48.600002,4.3500004,5.55,9.876389982532263,0.0002159732929498108,0.1527398114196598,0.2180881980810598,9.872260430198041,,,,,,,,634080.0,,1,0,0,1,1
1789661130021.0,11.28,0.15284155,0.21864417,9.8727865,0.0,0.00015271618,0.00015271618,-48.600002,4.3500004,5.55,9.876389982532263,0.0002159732929498108,0.15288358911929786,0.21793385492232784,9.873070413742093,,,,,,,,634080.0,,1,0,0,1,1
1789661130031.0,11.29,0.15284155,0.21864417,9.8727865,0.0,0.00015271618,0.00015271618,-48.600002,4.3500004,5.55,9.876389982532263,0.0002159732929498108,0.15317031145505647,0.21631764405439508,9.873365885146864,,,,,,,,634080.0,,1,0,0,1,1
1789661130041.0,11.3,0.15373886,0.2114657,9.873384,-0.00045814854,0.00015271618,0.00015271618,-48.600002,4.3500004,5.55,9.876844890490412,0.0005065022684763775,0.15345777752737552,0.2141085516070084,9.873388515143773,,,,,,,,634080.0,,1,0,0,1,1
1789661130051.0,11.31,0.15373886,0.2114657,9.873384,-0.00045814854,0.00015271618,0.00015271618,-48.600002,4.3500004,5.55,9.876844890490412,0.0005065022684763775,0.1536316255892287,0.21243542663661044,9.87337169885438,,,,,,,,634080.0,,1,0,0,1,1
1789661130061.0,11.32,0.15373886,0.2114657,9.873384,-0.00045814854,0.00015271618,0.00015271618,-49.500004,4.05,7.8750005,9.876844890490412,0.0005065022684763775,0.15368367390240412,0.21177518527286968,9.873384145172302,,,,,,,,634080.0,,1,0,0,1,1
1789661130071.0,11.33,0.15373886,0.2114657,9.873384,-0.00045814854,0.00015271618,0.00015271618,-49.500004,4.05,7.8750005,9.876844890490412,0.0005065022684763775,0.15372098398456258,0.2115442838207228,9.873345636465041,,,,,,,,634080.0,,1,0,0,1,1
1789661130081.0,11.34,0.15373886,0.2114657,9.873384,-0.00045814854,0.00015271618,0.00015271618,-49.500004,4.05,7.8750005,9.876844890490412,0.0005065022684763775,0.15388647351715604,0.21054578707430455,9.87315117735575,,,,,,,,634080.0,,1,0,0,1,1
1789661130091.0,11.35,0.15373886,0.2114657,9.873384,-0.00045814854,0.00015271618,0.00015271618,-49.500004,4.05,7.8750005,9.876844890490412,0.0005065022684763775,0.15424328661610814,0.20792869298441002,9.872776950671868,,,,,,,,634080.0,,1,0,0,1,1
1789661130101.0,11.36,0.15523437,0.19980069,9.871291,-0.00045814854,0.00015271618,0.00015271618,-49.500004,4.05,7.8750005,9.874533104508524,0.0005065022684763775,0.15471337888608866,0.20392948023104884,9.87227861115715,,,,,,,,634080.0,,1,0,0,1,1
1789661130111.0,11.37,0.15523437,0.19980069,9.871291,-0.00045814854,0.00015271618,0.00015271618,-49.500004,4.05,7.8750005,9.874533104508524,0.0005065022684763775,0.15512059604448997,0.1998867825789279,9.871702064985652,,,,,,,,634080.0,,1,0,0,1,1
1789661130121.0,11.38,0.15523437,0.19980069,9.871291,-0.00045814854,0.00015271618,0.00015271618,-49.500004,4.05,7.8750005,9.874533104508524,0.0005065022684763775,0.15530010584972623,0.19758757404874994,9.87102616107599,,,,,,,,634080.0,,1,0,0,1,1
1789661130131.0,11.39,0.15523437,0.19980069,9.871291,-0.00045814854,0.00015271618,0.00015271618,-49.500004,4.05,7.8750005,9.874533104508524,0.0005065022684763775,0.15518768459552137,0.19836204387554426,9.8702248551707,,,,,,,,634080.0,,1,0,0,1,1
1789661130141.0,11.4,0.15433706,0.19531415,9.869496,-0.00045814854,0.00015271618,0.00015271618,-49.500004,4.05,7.8750005,9.872634847865877,0.0005065022684763775,0.15484181834991825,0.2023239968028772,9.869376193609538,,,,,,,,634080.0,,1,0,0,1,1
1789661130151.0,11.41,0.15463616,0.21296121,9.867702,0.0,-0.0009162971,0.00015271618,-49.500004,4.05,7.8750005,9.87121104929624,0.0009289362772021568,0.15442269306010056,0.20807231968332632,9.868652374945839,,,,,,,,634080.0,,1,0,0,1,1
1789661130161.0,11.42,0.15463616,0.21296121,9.867702,0.0,-0.0009162971,0.00015271618,-49.95,3.7500002,7.8750005,9.87121104929624,0.0009289362772021568,0.15416502465984477,0.21310980665947002,9.868152168479021,,,,,,,,634080.0,,1,0,0,1,1
1789661130171.0,11.43,0.15463616,0.21296121,9.867702,0.0,-0.0009162971,0.00015271618,-49.95,3.7500002,7.8750005,9.87121104929624,0.0009289362772021568,0.15432818211453855,0.21493540080680848,9.867750962726449,,,,,,,,634080.0,,1,0,0,1,1
1789661130181.0,11.44,0.15463616,0.21296121,9.867702,0.0,-0.0009162971,0.00015271618,-49.95,3.7500002,7.8750005,9.87121104929624,0.0009289362772021568,0.1550799711662373,0.21231840016115738,9.867168909566908,,,,,,,,634080.0,,1,0,0,1,1
1789661130191.0,11.45,0.15463616,0.21296121,9.867702,0.0,-0.0009162971,0.00015271618,-49.95,3.7500002,7.8750005,9.87121104929624,0.0009289362772021568,0.15634910493685122,0.20606335218841346,9.866234551081854,,,,,,,,634080.0,,1,0,0,1,1
1789661130201.0,11.46,0.1594218,0.19232312,9.863813,0.0,-0.0009162971,0.00015271618,-49.95,3.7500002,7.8750005,9.866975746994152,0.0009289362772021568,0.15778976444300238,0.19874258222402863,9.865094440339448,,,,,,,,634080.0,,1,0,0,1,1
1789661130211.0,11.47,0.1594218,0.19232312,9.863813,0.0,-0.0009162971,0.00015271618,-49.95,3.7500002,7.8750005,9.866975746994152,0.0009289362772021568,0.15895908949893697,0.19338416446635284,9.864151652021354,,,,,,,,634080.0,,1,0,0,1,1
1789661130221.0,11.48,0.1594218,0.19232312,9.863813,0.0,-0.0009162971,0.00015271618,-49.95,3.7500002,7.8750005,9.866975746994152,0.0009289362772021568,0.15959888593352134,0.1918341693647356,9.86378004958875,,,,,,,,634080.0,,1,0,0,1,1
1789661130231.0,11.49,0.1594218,0.19232312,9.863813,0.0,-0.0009162971,0.00015271618,-49.95,3.7500002,7.8750005,9.866975746994152,0.0009289362772021568,0.15977847107405824,0.1938773941436859,9.8640675021804,,,,,,,,634080.0,,1,0,0,1,1
1789661130241.0,11.5,0.15972091,0.2015953,9.865608,0.0,0.00015271618,0.00015271618,-49.95,3.7500002,7.8750005,9.86896005887841,0.0002159732929498108,0.15977764136211745,0.19767713204288764,9.864783584373216,,,,,,,,634080.0,,1,0,0,1,1
1789661130251.0,11.51,0.15972091,0.2015953,9.865608,0.0,0.00015271618,0.00015271618,-49.95,3.7500002,7.8750005,9.86896005887841,0.0002159732929498108,0.15982550362489348,0.20108720880739417,9.865545668997004,,,,,,,,634080.0,,1,0,0,1,1
1789661130261.0,11.52,0.15972091,0.2015953,9.865608,0.0,0.00015271618,0.00015271618,-48.600002,4.125,6.6000004,9.86896005887841,0.0002159732929498108,0.15991300944907932,0.20282797587827112,9.866014939777893,,,,,,,,634080.0,,1,0,0,1,1
1789661130271.0,11.53,0.15972091,0.2015953,9.865608,0.0,0.00015271618,0.00015271618,-48.600002,4.125,6.6000004,9.86896005887841,0.0002159732929498108,0.1598138081441763,0.20282218629663723,9.865999412287877,,,,,,,,634080.0,,1,0,0,1,1
1789661130281.0,11.54,0.15972091,0.2015953,9.865608,0.0,0.00015271618,0.00015271618,-48.600002,4.125,6.6000004,9.86896005887841,0.0002159732929498108,0.15928850632612096,0.20175884672476757,9.865475005576503,,,,,,,,634080.0,,1,0,0,1,1
1789661130291.0,11.55,0.15972091,0.2015953,9.865608,0.0,0.00015271618,0.00015271618,-48.600002,4.125,6.6000004,9.86896005887841,0.0002159732929498108,0.15831145819522122,0.20045631538654674,9.864588696419252,,,,,,,,634080.0,,1,0,0,1,1
1789661130301.0,11.56,0.15553348,0.19920248,9.862916,0.0,0.00015271618,0.00015271618,-48.600002,4.125,6.6000004,9.86615347105928,0.0002159732929498108,0.1571258892216229,0.1994844989214405,9.86364109660642,,,,,,,,634080.0,,1,0,0,1,1
1789661130311.0,11.57,0.15553348,0.19920248,9.862916,0.0,0.00015271618,0.00015271618,-48.600002,4.125,6.6000004,9.86615347105928,0.0002159732929498108,0.1560667477258921,0.19909573436704794,9.862991328229192,,,,,,,,634080.0,,1,0,0,1,1
1789661130321.0,11.58,0.15553348,0.19920248,9.862916,0.0,0.00015271618,0.00015271618,-48.600002,4.125,6.6000004,9.86615347105928,0.0002159732929498108,0.15531368299463236,0.19928666648142718,9.86288850214042,,,,,,,,634080.0,,1,0,0,1,1
1789661130331.0,11.59,0.15553348,0.19920248,9.862916,0.0,0.00015271618,0.00015271618,-48.600002,4.125,6.6000004,9.86615347105928,0.0002159732929498108,0.15481380102640158,0.19987120538131514,9.863332842157774,,,,,,,,634080.0,,1,0,0,1,1
1789661130341.0,11.6,0.15433706,0.20129621,9.864711,0.0,-0.0010690133,0.00015271618,-48.600002,4.125,6.6000004,9.867971585172446,0.0010798665043470338,0.15443478723023538,0.20056917996182896,9.86407116254128,,,,,,,,634080.0,,1,0,0,1,1
1789661130351.0,11.61,0.15433706,0.20129621,9.864711,0.0,-0.0010690133,0.00015271618,-48.600002,4.125,6.6000004,9.867971585172446,0.0010798665043470338,0.1541735242468034,0.20113155494701412,9.864732825970023,,,,,,,,634080.0,,1,0,0,1,1
1789661130361.0,11.62,0.15433706,0.20129621,9.864711,0.0,-0.0010690133,0.00015271618,-50.100002,4.05,7.8,9.867971585172446,0.0010798665043470338,0.15420738665009498,0.2014558559722801,9.865020450454155,,,,,,,,634080.0,,1,0,0,1,1
1789661130371.0,11.63,0.15433706,0.20129621,9.864711,0.0,-0.0010690133,0.00015271618,-50.100002,4.05,7.8,9.867971585172446,0.0010798665043470338,0.15473968992279744,0.20161851282726673,9.86486084139053,,,,,,,,634080.0,,1,0,0,1,1
1789661130381.0,11.64,0.15433706,0.20129621,9.864711,0.0,-0.0010690133,0.00015271618,-50.100002,4.05,7.8,9.867971585172446,0.0010798665043470338,0.15578102837984914,0.2018113200694797,9.8644672614785,,,,,,,,634080.0,,1,0,0,1,1
1789661130391.0,11.65,0.15882361,0.20398813,9.865309,0.0,-0.0010690133,0.00015271618,-50.100002,4.05,7.8,9.868695849085396,0.0010798665043470338,0.1570697516118386,0.2022265652935851,9.864283353436061,,,,,,,,634080.0,,1,0,0,1,1
1789661130401.0,11.66,0.15882361,0.20398813,9.865309,0.0,-0.0010690133,0.00015271618,-50.100002,4.05,7.8,9.868695849085396,0.0010798665043470338,0.15821280519857817,0.20291566515151876,9.864774024849766,,,,,,,,634080.0,,1,0,0,1,1
1789661130411.0,11.67,0.15732808,0.19740787,9.861421,0.0,-0.0010690133,0.00015271618,-50.100002,4.05,7.8,9.864651343617544,0.0010798665043470338,0.1589243265450272,0.20365101326682625,9.866111417899763,,,,,,,,634080.0,,1,0,0,1,1
1789661130421.0,11.68,0.15972091,0.20727827,9.870992,0.0,-0.0010690133,0.00015271618,-50.100002,4.05,7.8,9.874459889754448,0.0010798665043470338,0.1591681447918878,0.2039367705438113,9.867978426828985,,,,,,,,634080.0,,1,0,0,1,1
1789661130431.0,11.69,0.15972091,0.20727827,9.870992,0.0,-0.0010690133,0.00015271618,-50.100002,4.05,7.8,9.874459889754448,0.0010798665043470338,0.1591300750243284,0.20331555993228814,9.86972473873084,,,,,,,,634080.0,,1,0,0,1,1
1789661130441.0,11.7,0.15882361,0.19890338,9.870394,0.0,0.00015271618,0.00015271618,-50.100002,4.05,7.8,9.873675364771968,0.0002159732929498108,0.15907316305560545,0.2017969088417674,9.870799869635094,,,,,,,,634080.0,,1,0,0,1,1
1789661130451.0,11.71,0.15882361,0.19890338,9.870394,0.0,0.00015271618,0.00015271618,-50.100002,4.05,7.8,9.873675364771968,0.0002159732929498108,0.15915082477750503,0.19996882035282573,9.871080831790975,,,,,,,,634080.0,,1,0,0,1,1
1789661130461.0,11.72,0.15882361,0.19890338,9.870394,0.0,0.00015271618,0.00015271618,-50.325,4.05,7.7250004,9.873675364771968,0.0002159732929498108,0.1592620745622125,0.19862887448264818,9.87082740681044,,,,,,,,634080.0,,1,0,0,1,1
1789661130471.0,11.73,0.15882361,0.19890338,9.870394,0.0,0.00015271618,0.00015271618,-50.325,4.05,7.7250004,9.873675364771968,0.0002159732929498108,0.1590665228036811,0.19827551965805185,9.870388774594938,,,,,,,,634080.0,,1,0,0,1,1
1789661130481.0,11.74,0.15882361,0.19890338,9.870394,0.0,0.00015271618,0.00015271618,-50.325,4.05,7.7250004,9.873675364771968,0.0002159732929498108,0.1582177559141001,0.19887800516513574,9.869966139740386,,,,,,,,634080.0,,1,0,0,1,1
1789661130491.0,11.75,0.15882361,0.19890338,9.870394,0.0,0.00015271618,0.00015271618,-50.325,4.05,7.7250004,9.873675364771968,0.0002159732929498108,0.1566834611071743,0.20001120532171507,9.869573425123622,,,,,,,,634080.0,,1,0,0,1,1
1789661130501.0,11.76,0.15284155,0.20249261,9.868001,0.0,0.00015271618,0.00015271618,-50.325,4.05,7.7250004,9.871261699119927,0.0002159732929498108,0.1548740378780253,0.20117763891372495,9.869114187709684,,,,,,,,634080.0,,1,0,0,1,1
1789661130511.0,11.77,0.15284155,0.20249261,9.868001,0.0,0.00015271618,0.00015271618,-50.325,4.05,7.7250004,9.871261699119927,0.0002159732929498108,0.15341452564741634,0.2021009095376096,9.868458645620645,,,,,,,,634080.0,,1,0,0,1,1
1789661130521.0,11.78,0.15284155,0.20249261,9.868001,0.0,0.00015271618,0.00015271618,-50.325,4.05,7.7250004,9.871261699119927,0.0002159732929498108,0.1527223810052594,0.20282380470084668,9.867512901307075,,,,,,,,634080.0,,1,0,0,1,1
1789661130531.0,11.79,0.15284155,0.20249261,9.868001,0.0,0.00015271618,0.00015271618,-50.325,4.05,7.7250004,9.871261699119927,0.0002159732929498108,0.15275479127593464,0.2035509663655775,9.866308051456329,,,,,,,,634080.0,,1,0,0,1,1
1789661130541.0,11.8,0.15373886,0.20488544,9.863514,0.0,-0.0009162971,0.00015271618,-50.325,4.05,7.7250004,9.866839519764882,0.0009289362772021568,0.1531288965524749,0.2043611066632912,9.865044514871746,,,,,,,,634080.0,,1,0,0,1,1
1789661130551.0,11.81,0.15373886,0.20488544,9.863514,0.0,-0.0009162971,0.00015271618,-50.325,4.05,7.7250004,9.866839519764882,0.0009289362772021568,0.15347687493999587,0.2050351870545955,9.863999819022274,,,,,,,,634080.0,,1,0,0,1,1
1789661130561.0,11.82,0.15373886,0.20488544,9.863514,0.0,-0.0009162971,0.00015271618,-49.725002,3.9750001,7.3500004,9.866839519764882,0.0009289362772021568,0.15372123640436638,0.20515918985969486,9.863356109713747,,,,,,,,634080.0,,1,0,0,1,1
1789661130571.0,11.83,0.15373886,0.20488544,9.863514,0.0,-0.0009162971,0.00015271618,-49.725002,3.9750001,7.3500004,9.866839519764882,0.0009289362772021568,0.1540642111209328,0.2044383052733442,9.86312757101944,,,,,,,,634080.0,,1,0,0,1,1
1789661130581.0,11.84,0.15373886,0.20488544,9.863514,0.0,-0.0009162971,0.00015271618,-49.725002,3.9750001,7.3500004,9.866839519764882,0.0009289362772021568,0.15473878227520052,0.20298688956519328,9.863263993388879,,,,,,,,634080.0,,1,0,0,1,1
1789661130591.0,11.85,0.15672988,0.19950159,9.864411,0.0,-0.0009162971,0.00015271618,-49.725002,3.9750001,7.3500004,9.867672953468734,0.0009289362772021568,0.15575136606482812,0.20134728857968923,9.863795083380566,,,,,,,,634080.0,,1,0,0,1,1
1789661130601.0,11.86,0.15672988,0.19950159,9.864411,0.0,-0.0009162971,0.00015271618,-49.725002,3.9750001,7.3500004,9.867672953468734,0.0009289362772021568,0.1568248479605469,0.20017729769192694,9.864826393396088,,,,,,,,634080.0,,1,0,0,1,1
1789661130611.0,11.87,0.15672988,0.19950159,9.864411,0.0,-0.0009162971,0.00015271618,-49.725002,3.9750001,7.3500004,9.867672953468734,0.0009289362772021568,0.15757041029031832,0.19983591730354006,9.866369026713397,,,,,,,,634080.0,,1,0,0,1,1
1789661130621.0,11.88,0.15972091,0.20129621,9.869197,0.0,-0.0009162971,0.00015271618,-49.725002,3.9750001,7.3500004,9.872541737468655,0.0009289362772021568,0.15774565642961777,0.20021394172526139,9.868195795640204,,,,,,,,634080.0,,1,0,0,1,1
1789661130631.0,11.89,0.15643078,0.2015953,9.871291,0.0,-0.0009162971,0.00015271618,-49.725002,3.9750001,7.3500004,9.874588460315422,0.0009289362772021568,0.1574100327439282,0.20092617186162673,9.869916552188219,,,,,,,,634080.0,,1,0,0,1,1
1789661130641.0,11.9,0.15643078,0.2015953,9.871291,0.0,0.00015271618,0.00015271618,-49.725002,3.9750001,7.3500004,9.874588460315422,0.0002159732929498108,0.15686819434382385,0.20163089314752244,9.871216090832487,,,,,,,,634080.0,,1,0,0,1,1
1789661130651.0,11.91,0.15643078,0.2015953,9.871291,0.0,0.00015271618,0.00015271618,-49.725002,3.9750001,7.3500004,9.874588460315422,0.0002159732929498108,0.15644912375129635,0.20215689895154398,9.871987973681248,,,,,,,,634080.0,,1,0,0,1,1
1789661130661.0,11.92,0.15643078,0.2015953,9.871291,0.0,0.00015271618,0.00015271618,-49.95,3.825,7.8750005,9.874588460315422,0.0002159732929498108,0.15629722930249204,0.2023747912927379,9.872218216424246,,,,,,,,634080.0,,1,0,0,1,1
1789661130671.0,11.93,0.15643078,0.2015953,9.871291,0.0,0.00015271618,0.00015271618,-49.95,3.825,7.8750005,9.874588460315422,0.0002159732929498108,0.15632853729873863,0.20205104317505138,9.871797595893275,,,,,,,,634080.0,,1,0,0,1,1
1789661130681.0,11.94,0.15643078,0.2015953,9.871291,0.0,0.00015271618,0.00015271618,-49.95,3.825,7.8750005,9.874588460315422,0.0002159732929498108,0.15635353423084178,0.2009490097022259,9.870558789147333,,,,,,,,634080.0,,1,0,0,1,1
1789661130691.0,11.95,0.15643078,0.2015953,9.871291,0.0,0.00015271618,0.00015271618,-49.95,3.825,7.8750005,9.874588460315422,0.0002159732929498108,0.15624514268106002,0.1991546625197132,9.868572931410299,,,,,,,,634080.0,,1,0,0,1,1
1789661130701.0,11.96,0.15583257,0.19591236,9.864411,0.0,0.00015271618,0.00015271618,-49.95,3.825,7.8750005,9.867586828581475,0.0002159732929498108,0.1560275593261726,0.1972875015118985,9.866386113997498,,,,,,,,634080.0,,1,0,0,1,1
1789661130711.0,11.97,0.15583257,0.19591236,9.864411,0.0,0.00015271618,0.00015271618,-49.95,3.825,7.8750005,9.867586828581475,0.0002159732929498108,0.15584162951496938,0.19626745515128904,9.864857874774064,,,,,,,,634080.0,,1,0,0,1,1
1789661130721.0,11.98,0.15583257,0.19591236,9.864411,0.0,0.00015271618,0.00015271618,-49.95,3.825,7.8750005,9.867586828581475,0.0002159732929498108,0.1558294494764046,0.1967078961750153,9.864647691490466,,,,,,,,634080.0,,1,0,0,1,1
1789661130731.0,11.99,0.15583257,0.19591236,9.864411,0.0,0.00015271618,0.00015271618,-49.95,3.825,7.8750005,9.867586828581475,0.0002159732929498108,0.15602582437464674,0.19842127175918983,9.865770713391488,,,,,,,,634080.0,,1,0,0,1,1
1789661130741.0,12.0,0.15613168,0.20488544,9.870394,0.0,0.00015271618,0.00015271618,-49.95,3.825,7.8750005,9.873754749853756,0.0002159732929498108,0.15633372905389248,0.20050673700774574,9.867597367708974,,,,,,,,634080.0,,1,0,0,1,1
1789661130751.0,12.01,0.15702899,0.20189442,9.869197,0.0,0.00015271618,0.00015271618,-49.95,3.825,7.8750005,9.87251076906663,0.0002159732929498108,0.15660610719606277,0.2019954510021994,9.86926511027285,,,,,,,,634080.0,,1,0,0,1,1
1789661130761.0,12.02,0.15702899,0.20189442,9.869197,0.0,0.00015271618,0.00015271618,-49.800003,3.9750001,7.3500004,9.87251076906663,0.0002159732929498108,0.1567789674609463,0.2025148118630333,9.87013559373574,,,,,,,,634080.0,,1,0,0,1,1
1789661130771.0,12.03,0.15702899,0.20189442,9.869197,0.0,0.00015271618,0.00015271618,-49.800003,3.9750001,7.3500004,9.87251076906663,0.0002159732929498108,0.15694453849376502,0.20242476655806782,9.869986748246514,,,,,,,,634080.0,,1,0,0,1,1
1789661130781.0,12.04,0.15702899,0.20189442,9.869197,0.0,0.00015271618,0.00015271618,-49.800003,3.9750001,7.3500004,9.87251076906663,0.0002159732929498108,0.15728032261274036,0.20238701653374144,9.868953055470001,,,,,,,,634080.0,,1,0,0,1,1
1789661130791.0,12.05,0.15702899,0.20189442,9.869197,0.0,0.00015271618,0.00015271618,-49.800003,3.9750001,7.3500004,9.87251076906663,0.0002159732929498108,0.15786984710263774,0.20281273148223447,9.867411256296442,,,,,,,,634080.0,,1,0,0,1,1
1789661130801.0,12.06,0.1591227,0.20518455,9.864711,0.0,0.00015271618,0.00015271618,-49.800003,3.9750001,7.3500004,9.868127676856181,0.0002159732929498108,0.15856677147990764,0.20364959316167625,9.86588784417497,,,,,,,,634080.0,,1,0,0,1,1
1789661130811.0,12.07,0.1591227,0.20518455,9.864711,0.0,0.00015271618,0.00015271618,-49.800003,3.9750001,7.3500004,9.868127676856181,0.0002159732929498108,0.159039725134203,0.2045937437413902,9.864907120810816,,,,,,,,634080.0,,1,0,0,1,1
1789661130821.0,12.08,0.1591227,0.20518455,9.864711,0.0,0.00015271618,0.00015271618,-49.800003,3.9750001,7.3500004,9.868127676856181,0.0002159732929498108,0.15898351282225348,0.20543989490818754,9.864763326641414,,,,,,,,634080.0,,1,0,0,1,1
1789661130831.0,12.09,0.1591227,0.20518455,9.864711,0.0,0.00015271618,0.00015271618,-49.800003,3.9750001,7.3500004,9.868127676856181,0.0002159732929498108,0.15833337135886572,0.20622667813181572,9.865366193271626,,,,,,,,634080.0,,1,0,0,1,1
1789661130841.0,12.1,0.15613168,0.20787647,9.867402,0.0,0.00015271618,0.00015271618,-49.800003,3.9750001,7.3500004,9.870826305729592,0.0002159732929498108,0.1573161864320611,0.20708759327555315,9.866311977065266,,,,,,,,634080.0,,1,0,0,1,1
1789661130851.0,12.11,0.15613168,0.20787647,9.867402,0.0,0.00015271618,0.00015271618,-49.800003,3.9750001,7.3500004,9.870826305729592,0.0002159732929498108,0.15631660787239032,0.2079897967638253,9.867146824201592,,,,,,,,634080.0,,1,0,0,1,1
1789661130861.0,12.12,0.15613168,0.20787647,9.867402,0.0,0.00015271618,0.00015271618,-49.125004,4.125,6.675,9.870826305729592,0.0002159732929498108,0.15568582515904755,0.20859953067924272,9.867619354107445,,,,,,,,634080.0,,1,0,0,1,1
1789661130871.0,12.13,0.15613168,0.20787647,9.867402,0.0,0.00015271618,0.00015271618,-49.125004,4.125,6.675,9.870826305729592,0.0002159732929498108,0.15562775083393313,0.20840101575751344,9.8677384133094,,,,,,,,634080.0,,1,0,0,1,1
1789661130881.0,12.14,0.15613168,0.20787647,9.867402,0.0,0.00015271618,0.00015271618,-49.125004,4.125,6.675,9.870826305729592,0.0002159732929498108,0.15617253361539235,0.20704126923704125,9.867636743887406,,,,,,,,634080.0,,1,0,0,1,1
1789661130891.0,12.15,0.15613168,0.20787647,9.867402,0.0,0.00015271618,0.00015271618,-49.125004,4.125,6.675,9.870826305729592,0.0002159732929498108,0.15716436508148193,0.20469295396235795,9.867406983878926,,,,,,,,634080.0,,1,0,0,1,1
1789661130901.0,12.16,0.15882361,0.19920248,9.867104,0.0,0.00015271618,0.00015271618,-49.125004,4.125,6.675,9.87039249036975,0.0002159732929498108,0.158251998264908,0.20210521773992954,9.867071341001072,,,,,,,,634080.0,,1,0,0,1,1
1789661130911.0,12.17,0.15882361,0.19920248,9.867104,0.0,0.00015271618,0.00015271618,-49.125004,4.125,6.675,9.87039249036975,0.0002159732929498108,0.15895949167522705,0.2001787391344544,9.866695792461046,,,,,,,,634080.0,,1,0,0,1,1
1789661130921.0,12.18,0.15882361,0.19920248,9.867104,0.0,0.00015271618,0.00015271618,-49.125004,4.125,6.675,9.87039249036975,0.0002159732929498108,0.1588793139891371,0.19934536412425097,9.866506446787202,,,,,,,,634080.0,,1,0,0,1,1
1789661130931.0,12.19,0.15882361,0.19920248,9.867104,0.0,0.00015271618,0.00015271618,-49.125004,4.125,6.675,9.87039249036975,0.0002159732929498108,0.15790092263708444,0.1992957815221633,9.86683802573157,,,,,,,,634080.0,,1,0,0,1,1
1789661130941.0,12.2,0.15613168,0.20219351,9.865009,0.0,0.00015271618,0.00015271618,-49.125004,4.125,6.675,9.868316061368665,0.0002159732929498108,0.15631318510975506,0.1993125533174718,9.867886917302556,,,,,,,,634080.0,,1,0,0,1,1
1789661130951.0,12.21,0.15373886,0.19770697,9.871291,0.0,0.00015271618,-0.0007635809,-49.125004,4.125,6.675,9.874467564873646,0.0007787027818613482,0.15468297550151766,0.198900886469856,9.869458258536026,,,,,,,,634080.0,,1,0,0,1,1
1789661130961.0,12.22,0.15373886,0.19770697,9.871291,0.0,0.00015271618,-0.0007635809,-49.350002,3.825,7.05,9.874467564873646,0.0007787027818613482,0.15357307408446705,0.19816325898159864,9.870962972923932,,,,,,,,634080.0,,1,0,0,1,1
1789661130971.0,12.23,0.15373886,0.19770697,9.871291,0.0,0.00015271618,-0.0007635809,-49.350002,3.825,7.05,9.874467564873646,0.0007787027818613482,0.15328237164918176,0.19764751690177057,9.87172132308451,,,,,,,,634080.0,,1,0,0,1,1
1789661130981.0,12.24,0.15373886,0.19770697,9.871291,0.0,0.00015271618,-0.0007635809,-49.350002,3.825,7.05,9.874467564873646,0.0007787027818613482,0.15375638190343413,0.19786330162042115,9.871365018258288,,,,,,,,634080.0,,1,0,0,1,1
1789661130991.0,12.25,0.15373886,0.19770697,9.871291,0.0,0.00015271618,-0.0007635809,-49.350002,3.825,7.05,9.874467564873646,0.0007787027818613482,0.15467971661050986,0.19887391967652687,9.870069561046561,,,,,,,,634080.0,,1,0,0,1,1
1789661131001.0,12.26,0.15672988,0.2015953,9.867402,0.0,0.00015271618,-0.0007635809,-49.350002,3.825,7.05,9.87070550416083,0.0007787027818613482,0.1556694339980775,0.2002433244306752,9.868485965950562,,,,,,,,634080.0,,1,0,0,1,1
1789661131011.0,12.27,0.15672988,0.2015953,9.867402,0.0,0.00015271618,-0.0007635809,-49.350002,3.825,7.05,9.87070550416083,0.0007787027818613482,0.15646860605810653,0.201335227974014,9.867414416030707,,,,,,,,634080.0,,1,0,0,1,1
1789661131021.0,12.28,0.15672988,0.2015953,9.867402,0.0,0.00015271618,-0.0007635809,-49.350002,3.825,7.05,9.87070550416083,0.0007787027818613482,0.15703958390143155,0.20172240529136748,9.867397094167172,,,,,,,,634080.0,,1,0,0,1,1
1789661131031.0,12.29,0.15672988,0.2015953,9.867402,0.0,0.00015271618,-0.0007635809,-49.350002,3.825,7.05,9.87070550416083,0.0007787027818613482,0.1575008452172739,0.20141218422164725,9.868460551909015,,,,,,,,634080.0,,1,0,0,1,1
1789661131041.0,12.3,0.1585245,0.2000998,9.871889,0.0,0.00015271618,0.00015271618,-49.350002,3.825,7.05,9.875189232383411,0.0002159732929498108,0.15796588210204815,0.2007610183286478,9.870147354736739,,,,,,,,634080.0,,1,0,0,1,1
1789661131051.0,12.31,0.1585245,0.2000998,9.871889,0.0,0.00015271618,0.00015271618,-49.350002,3.825,7.05,9.875189232383411,0.0002159732929498108,0.15842112567199726,0.20019035152906403,9.87177815651332,,,,,,,,634080.0,,1,0,0,1,1
1789661131061.0,12.32,0.1585245,0.2000998,9.871889,0.0,0.00015271618,0.00015271618,-49.125004,3.825,5.925,9.875189232383411,0.0002159732929498108,0.15872626506401097,0.1999305321845615,9.872742325348936,,,,,,,,634080.0,,1,0,0,1,1
1789661131071.0,12.33,0.1585245,0.2000998,9.871889,0.0,0.00015271618,0.00015271618,-49.125004,3.825,5.925,9.875189232383411,0.0002159732929498108,0.15871094473240666,0.1999494470659627,9.872667073371634,,,,,,,,634080.0,,1,0,0,1,1
1789661131081.0,12.34,0.1585245,0.2000998,9.871889,0.0,0.00015271618,0.00015271618,-49.125004,3.825,5.925,9.875189232383411,0.0002159732929498108,0.15829315860711893,0.20006241800564908,9.871488037862552,,,,,,,,634080.0,,1,0,0,1,1
1789661131091.0,12.35,0.1585245,0.2000998,9.871889,0.0,0.00015271618,0.00015271618,-49.125004,3.825,5.925,9.875189232383411,0.0002159732929498108,0.1575493027034058,0.20010626550705435,9.86949743756843,,,,,,,,634080.0,,1,0,0,1,1
1789661131101.0,12.36,0.15553348,0.2000998,9.865309,0.0,0.00015271618,0.00015271618,-49.125004,3.825,5.925,9.86856383973078,0.0002159732929498108,0.15668183474402544,0.20005617300672668,9.867316714464453,,,,,,,,634080.0,,1,0,0,1,1
1789661131111.0,12.37,0.15553348,0.2000998,9.865309,0.0,0.00015271618,0.00015271618,-49.125004,3.825,5.925,9.86856383973078,0.0002159732929498108,0.155889366335363,0.20003072916362213,9.865680204130276,,,,,,,,634080.0,,1,0,0,1,1
1789661131121.0,12.38,0.15553348,0.2000998,9.865309,0.0,0.00015271618,0.00015271618,-49.125004,3.825,5.925,9.86856383973078,0.0002159732929498108,0.15524119129891947,0.20020184978384917,9.865089875648593,,,,,,,,634080.0,,1,0,0,1,1
1789661131131.0,12.39,0.15553348,0.2000998,9.865309,0.0,0.00015271618,0.00015271618,-49.125004,3.825,5.925,9.86856383973078,0.0002159732929498108,0.15467375881188808,0.2006721754457539,9.865582962345357,,,,,,,,634080.0,,1,0,0,1,1
1789661131141.0,12.4,0.15343975,0.20219351,9.868001,0.0,0.00015271618,0.00015271618,-49.125004,3.825,5.925,9.871264848456208,0.0002159732929498108,0.1541061072570326,0.20139318250633953,9.866772177873441,,,,,,,,634080.0,,1,0,0,1,1
1789661131151.0,12.41,0.15343975,0.20219351,9.868001,0.0,0.00015271618,0.00015271618,-49.125004,3.825,5.925,9.871264848456208,0.0002159732929498108,0.15355653454796173,0.20216198951516876,9.868069895156651,,,,,,,,634080.0,,1,0,0,1,1
1789661131161.0,12.42,0.15343975,0.20219351,9.868001,0.0,0.00015271618,0.00015271618,-48.975002,3.3000002,7.5000005,9.871264848456208,0.0002159732929498108,0.15316656178928584,0.2026805675605147,9.868896308937572,,,,,,,,634080.0,,1,0,0,1,1
1789661131171.0,12.43,0.15343975,0.20219351,9.868001,0.0,0.00015271618,0.00015271618,-48.975002,3.3000002,7.5000005,9.871264848456208,0.0002159732929498108,0.15313038081026992,0.2026512603918463,9.868798596003876,,,,,,,,634080.0,,1,0,0,1,1
1789661131181.0,12.44,0.15343975,0.20219351,9.868001,0.0,0.00015271618,0.00015271618,-48.975002,3.3000002,7.5000005,9.871264848456208,0.0002159732929498108,0.15356950919777604,0.2019118482269551,9.867575950831405,,,,,,,,634080.0,,1,0,0,1,1
1789661131191.0,12.45,0.15343975,0.20219351,9.868001,0.0,0.00015271618,0.00015271618,-48.975002,3.3000002,7.5000005,9.871264848456208,0.0002159732929498108,0.15440383534878163,0.20058621973973154,9.86546525375544,,,,,,,,634080.0,,1,0,0,1,1
1789661131201.0,12.46,0.15583257,0.19800608,9.861719,0.0,0.00015271618,0.00015271618,-48.975002,3.3000002,7.5000005,9.864937497650494,0.0002159732929498108,0.1553047699262341,0.19913305747133445,9.863223718060318,,,,,,,,634080.0,,1,0,0,1,1
1789661131211.0,12.47,0.15583257,0.19800608,9.861719,0.0,0.00015271618,0.00015271618,-48.975002,3.3000002,7.5000005,9.864937497650494,0.0002159732929498108,0.15581256213100433,0.198170363413341,9.861873403703804,,,,,,,,634080.0,,1,0,0,1,1
1789661131221.0,12.48,0.15583257,0.19800608,9.861719,0.0,0.00015271618,0.00015271618,-48.975002,3.3000002,7.5000005,9.864937497650494,0.0002159732929498108,0.15558846683721703,0.19812861097110096,9.86214010578353,,,,,,,,634080.0,,1,0,0,1,1
1789661131231.0,12.49,0.15583257,0.19800608,9.861719,0.0,0.00015271618,0.00015271618,-48.975002,3.3000002,7.5000005,9.864937497650494,0.0002159732929498108,0.1546327484411391,0.19897583943796146,9.86397134205914,,,,,,,,634080.0,,1,0,0,1,1
1789661131241.0,12.5,0.15164514,0.2015953,9.869496,0.00030543236,0.00015271618,0.00015271618,-48.975002,3.3000002,7.5000005,9.872719392724768,0.0003740767164670295,0.1532903344571107,0.20023903962224207,9.86654447614564,,,,,,,,634080.0,,1,0,0,1,1
1789661131251.0,12.51,0.15164514,0.2015953,9.869496,0.00030543236,0.00015271618,0.00015271618,-48.975002,3.3000002,7.5000005,9.872719392724768,0.0003740767164670295,0.15203378441648413,0.2013158738638272,9.868795307915244,,,,,,,,634080.0,,1,0,0,1,1
1789661131261.0,12.52,0.15164514,0.2015953,9.869496,0.00030543236,0.00015271618,0.00015271618,-50.100002,3.825,8.700001,9.872719392724768,0.0003740767164670295,0.15121127498948336,0.20184120528883936,9.87005233566527,,,,,,,,634080.0,,1,0,0,1,1
1789661131271.0,12.53,0.15164514,0.2015953,9.869496,0.00030543236,0.00015271618,0.00015271618,-50.100002,3.825,8.700001,9.872719392724768,0.0003740767164670295,0.1509592033228641,0.2018492880521808,9.87029187580368,,,,,,,,634080.0,,1,0,0,1,1
1789661131281.0,12.54,0.15164514,0.2015953,9.869496,0.00030543236,0.00015271618,0.00015271618,-50.100002,3.825,8.700001,9.872719392724768,0.0003740767164670295,0.15127816159866583,0.20166065656905466,9.869905506401157,,,,,,,,634080.0,,1,0,0,1,1
1789661131291.0,12.55,0.15164514,0.2015953,9.869496,0.00030543236,0.00015271618,0.00015271618,-50.100002,3.825,8.700001,9.872719392724768,0.0003740767164670295,0.15209938968653575,0.20163068648618215,9.86928578837119,,,,,,,,634080.0,,1,0,0,1,1
1789661131301.0,12.56,0.15164514,0.2015953,9.869496,0.00030543236,0.00015271618,0.00015271618,-50.100002,3.825,8.700001,9.872719392724768,0.0003740767164670295,0.15324077994079785,0.2019505759395314,9.86858643509044,,,,,,,,634080.0,,1,0,0,1,1
1789661131311.0,12.57,0.15553348,0.20338993,9.866804,0.00030543236,0.00015271618,0.00015271618,-50.100002,3.825,8.700001,9.87012559704497,0.0003740767164670295,0.15435915773315376,0.2025981547862408,9.86775593711579,,,,,,,,634080.0,,1,0,0,1,1
1789661131321.0,12.58,0.15553348,0.20338993,9.866804,0.00030543236,0.00015271618,0.00015271618,-50.100002,3.825,8.700001,9.87012559704497,0.0003740767164670295,0.15505666957958436,0.20341005993144531,9.866714050504553,,,,,,,,634080.0,,1,0,0,1,1
1789661131331.0,12.59,0.15553348,0.20338993,9.866804,0.00030543236,0.00015271618,0.00015271618,-50.100002,3.825,8.700001,9.87012559704497,0.0003740767164670295,0.1551119595364002,0.20418494912926108,9.86550443486947,,,,,,,,634080.0,,1,0,0,1,1
1789661131341.0,12.6,0.15373886,0.20518455,9.8632145,0.0,0.00015271618,-0.0010690133,-50.100002,3.825,8.700001,9.866546336466628,0.0010798665043470338,0.15462809774205397,0.2047586927294383,9.864327348651678,,,,,,,,634080.0,,1,0,0,1,1
1789661131351.0,12.61,0.15373886,0.20518455,9.8632145,0.0,0.00015271618,-0.0010690133,-50.100002,3.825,8.700001,9.866546336466628,0.0010798665043470338,0.15395701044702426,0.20505566949519663,9.863439946316158,,,,,,,,634080.0,,1,0,0,1,1
1789661131361.0,12.62,0.15373886,0.20518455,9.8632145,0.0,0.00015271618,-0.0010690133,-49.500004,4.05,8.1,9.866546336466628,0.0010798665043470338,0.15348009721803368,0.20512541355142444,9.863001458384879,,,,,,,,634080.0,,1,0,0,1,1
1789661131371.0,12.63,0.15373886,0.20518455,9.8632145,0.0,0.00015271618,-0.0010690133,-49.500004,4.05,8.1,9.866546336466628,0.0010798665043470338,0.153426238248686,0.20513068945374852,9.862986597021429,,,,,,,,634080.0,,1,0,0,1,1
1789661131381.0,12.64,0.15373886,0.20518455,9.8632145,0.0,0.00015271618,-0.0010690133,-49.500004,4.05,8.1,9.866546336466628,0.0010798665043470338,0.15381735421822332,0.20525279974813715,9.863226205982164,,,,,,,,634080.0,,1,0,0,1,1
1789661131391.0,12.65,0.15373886,0.20518455,9.8632145,0.0,0.00015271618,-0.0010690133,-49.500004,4.05,8.1,9.866546336466628,0.0010798665043470338,0.1545116001989536,0.20554875053993651,9.863524974004562,,,,,,,,634080.0,,1,0,0,1,1
1789661131401.0,12.66,0.15613168,0.20578274,9.864112,0.0,0.00015271618,-0.0010690133,-49.500004,4.05,8.1,9.867493561494,0.0010798665043470338,0.15529072188784596,0.20586309681102768,9.863769271725484,,,,,,,,634080.0,,1,0,0,1,1
1789661131411.0,12.67,0.15613168,0.20578274,9.864112,0.0,0.00015271618,-0.0010690133,-49.500004,4.05,8.1,9.867493561494,0.0010798665043470338,0.15595828309756737,0.20589062050663537,9.863972246175416,,,,,,,,634080.0,,1,0,0,1,1
1789661131421.0,12.68,0.15613168,0.20578274,9.864112,0.0,0.00015271618,-0.0010690133,-49.500004,4.05,8.1,9.867493561494,0.0010798665043470338,0.1564064283934417,0.20538713670975145,9.864240518415922,,,,,,,,634080.0,,1,0,0,1,1
1789661131431.0,12.69,0.15613168,0.20578274,9.864112,0.0,0.00015271618,-0.0010690133,-49.500004,4.05,8.1,9.867493561494,0.0010798665043470338,0.15661513747011716,0.2043886763028963,9.864678550906373,,,,,,,,634080.0,,1,0,0,1,1
1789661131441.0,12.7,0.15672988,0.20189442,9.865907,0.0,0.00015271618,0.00015271618,-49.500004,4.05,8.1,9.869217119141767,0.0002159732929498108,0.15661344266218483,0.20324205053078329,9.865285952550732,,,,,,,,634080.0,,1,0,0,1,1
1789661131451.0,12.71,0.15672988,0.20189442,9.865907,0.0,0.00015271618,0.00015271618,-49.500004,4.05,8.1,9.869217119141767,0.0002159732929498108,0.15647543148448567,0.20237330563295255,9.86591351938536,,,,,,,,634080.0,,1,0,0,1,1
1789661131461.0,12.72,0.15672988,0.20189442,9.865907,0.0,0.00015271618,0.00015271618,-49.800003,4.05,8.025001,9.869217119141767,0.0002159732929498108,0.15636186673488814,0.20196069018593152,9.866303580064683,,,,,,,,634080.0,,1,0,0,1,1
1789661131471.0,12.73,0.15672988,0.20189442,9.865907,0.0,0.00015271618,0.00015271618,-49.800003,4.05,8.025001,9.869217119141767,0.0002159732929498108,0.15652004555496346,0.20179868864444483,9.866197611346834,,,,,,,,634080.0,,1,0,0,1,1
1789661131481.0,12.74,0.15672988,0.20189442,9.865907,0.0,0.00015271618,0.00015271618,-49.800003,4.05,8.025001,9.869217119141767,0.0002159732929498108,0.15716093913557855,0.20148688603249187,9.865477028014723,,,,,,,,634080.0,,1,0,0,1,1
1789661131491.0,12.75,0.15672988,0.20189442,9.865907,0.0,0.00015271618,0.00015271618,-49.800003,4.05,8.025001,9.869217119141767,0.0002159732929498108,0.1582701475627661,0.20078867151866345,9.864268088039713,,,,,,,,634080.0,,1,0,0,1,1
1789661131501.0,12.76,0.16091733,0.19890338,9.861121,0.0,0.00015271618,0.00015271618,-49.800003,4.05,8.025001,9.86443938185596,0.0002159732929498108,0.1595358055927345,0.19985498514132446,9.862904129446466,,,,,,,,634080.0,,1,0,0,1,1
1789661131511.0,12.77,0.16091733,0.19890338,9.861121,0.0,0.00015271618,0.00015271618,-49.800003,4.05,8.025001,9.86443938185596,0.0002159732929498108,0.16051776681150076,0.19912706449655462,9.861714572159071,,,,,,,,634080.0,,1,0,0,1,1
1789661131521.0,12.78,0.16091733,0.19890338,9.861121,0.0,0.00015271618,0.00015271618,-49.800003,4.05,8.025001,9.86443938185596,0.0002159732929498108,0.16095353006839005,0.1990058046514218,9.860795089811935,,,,,,,,634080.0,,1,0,0,1,1
1789661131531.0,12.79,0.16091733,0.19890338,9.861121,0.0,0.00015271618,0.00015271618,-49.800003,4.05,8.025001,9.86443938185596,0.0002159732929498108,0.16093899799698294,0.1995609905545379,9.859980402408329,,,,,,,,634080.0,,1,0,0,1,1
1789661131541.0,12.8,0.16061822,0.2015953,9.85813,0.0,-0.00015271618,0.00015271618,-49.800003,4.05,8.025001,9.861499174794776,0.0002159732929498108,0.1608194473702916,0.2004985191889524,9.85906104874732,,,,,,,,634080.0,,1,0,0,1,1
1789661131551.0,12.81,0.16061822,0.2015953,9.85813,0.0,-0.00015271618,0.00015271618,-49.800003,4.05,8.025001,9.861499174794776,0.0002159732929498108,0.16087353755931527,0.20137755125907628,9.85806036525685,,,,,,,,634080.0,,1,0,0,1,1
1789661131561.0,12.82,0.16061822,0.2015953,9.85813,0.0,-0.00015271618,0.00015271618,-49.725002,3.9750001,7.1250005,9.861499174794776,0.0002159732929498108,0.161038815646992,0.2018798851458531,9.857353033694586,,,,,,,,634080.0,,1,0,0,1,1
1789661131571.0,12.83,0.16061822,0.2015953,9.85813,0.0,-0.00015271618,0.00015271618,-49.725002,3.9750001,7.1250005,9.861499174794776,0.0002159732929498108,0.16090485646731167,0.20193548603309078,9.857522316699459,,,,,,,,634080.0,,1,0,0,1,1
1789661131581.0,12.84,0.16061822,0.2015953,9.85813,0.0,-0.00015271618,0.00015271618,-49.725002,3.9750001,7.1250005,9.861499174794776,0.0002159732929498108,0.1600207113794972,0.20167059243817329,9.858993683757785,,,,,,,,634080.0,,1,0,0,1,1
1789661131591.0,12.85,0.16061822,0.2015953,9.85813,0.0,-0.00015271618,0.00015271618,-49.725002,3.9750001,7.1250005,9.861499174794776,0.0002159732929498108,0.15831740862388408,0.20128769117169243,9.861649626069967,,,,,,,,634080.0,,1,0,0,1,1
1789661131601.0,12.86,0.15433706,0.2009971,9.8682995,0.0,-0.00015271618,0.00015271618,-49.725002,3.9750001,7.1250005,9.871552805106099,0.0002159732929498108,0.1562987875341195,0.2009818230085679,9.864752685793736,,,,,,,,634080.0,,1,0,0,1,1
1789661131611.0,12.87,0.15433706,0.2009971,9.8682995,0.0,-0.00015271618,0.00015271618,-49.725002,3.9750001,7.1250005,9.871552805106099,0.0002159732929498108,0.1547872398350908,0.20090263234532804,9.86734067116113,,,,,,,,634080.0,,1,0,0,1,1
1789661131621.0,12.88,0.15433706,0.2009971,9.8682995,0.0,-0.00015271618,0.00015271618,-49.725002,3.9750001,7.1250005,9.871552805106099,0.0002159732929498108,0.1543835467198591,0.20112085487593553,9.868823334187256,,,,,,,,634080.0,,1,0,0,1,1
1789661131631.0,12.89,0.15433706,0.2009971,9.8682995,0.0,-0.00015271618,0.00015271618,-49.725002,3.9750001,7.1250005,9.871552805106099,0.0002159732929498108,0.15506941486711154,0.20159267679393297,9.869277469525949,,,,,,,,634080.0,,1,0,0,1,1
1789661131641.0,12.9,0.1576272,0.20279172,9.869197,-0.0009162971,0.00015271618,0.00015271618,-49.725002,3.9750001,7.1250005,9.872538692792721,0.0009414057779385012,0.15626561810597198,0.20216477332444432,9.869227254435513,,,,,,,,634080.0,,1,0,0,1,1
1789661131651.0,12.91,0.1576272,0.20279172,9.869197,-0.0009162971,0.00015271618,0.00015271618,-49.725002,3.9750001,7.1250005,9.872538692792721,0.0009414057779385012,0.15727560803314475,0.20264780593073253,9.86916890710633,,,,,,,,634080.0,,1,0,0,1,1
1789661131661.0,12.92,0.1576272,0.20279172,9.869197,-0.0009162971,0.00015271618,0.00015271618,-50.325,3.6000001,7.7250004,9.872538692792721,0.0009414057779385012,0.15775104781988902,0.20291651317282433,9.869243570219268,,,,,,,,634080.0,,1,0,0,1,1
1789661131671.0,12.93,0.1576272,0.20279172,9.869197,-0.0009162971,0.00015271618,0.00015271618,-50.325,3.6000001,7.7250004,9.872538692792721,0.0009414057779385012,0.15783855068144456,0.2029601233451574,9.869246902610362,,,,,,,,634080.0,,1,0,0,1,1
1789661131681.0,12.94,0.1576272,0.20279172,9.869197,-0.0009162971,0.00015271618,0.00015271618,-50.325,3.6000001,7.7250004,9.872538692792721,0.0009414057779385012,0.15794694725407654,0.20285675444499046,9.8688905759179,,,,,,,,634080.0,,1,0,0,1,1
1789661131691.0,12.95,0.1576272,0.20279172,9.869197,-0.0009162971,0.00015271618,0.00015271618,-50.325,3.6000001,7.7250004,9.872538692792721,0.0009414057779385012,0.1583623564223656,0.20271571423884702,9.868090996688442,,,,,,,,634080.0,,1,0,0,1,1
1789661131701.0,12.96,0.15972091,0.20279172,9.865907,-0.0009162971,0.00015271618,0.00015271618,-50.325,3.6000001,7.7250004,9.869283468592885,0.0009414057779385012,0.15901680283698263,0.20263842559538645,9.867072324925683,,,,,,,,634080.0,,1,0,0,1,1
1789661131711.0,12.97,0.15972091,0.20279172,9.865907,-0.0009162971,0.00015271618,0.00015271618,-50.325,3.6000001,7.7250004,9.869283468592885,0.0009414057779385012,0.15955975376170956,0.20270089504428282,9.86621605666998,,,,,,,,634080.0,,1,0,0,1,1
1789661131721.0,12.98,0.15972091,0.20279172,9.865907,-0.0009162971,0.00015271618,0.00015271618,-50.325,3.6000001,7.7250004,9.869283468592885,0.0009414057779385012,0.159638481650026,0.2029308283846259,9.865791574955413,,,,,,,,634080.0,,1,0,0,1,1
1789661131731.0,12.99,0.15972091,0.20279172,9.865907,-0.0009162971,0.00015271618,0.00015271618,-50.325,3.6000001,7.7250004,9.869283468592885,0.0009414057779385012,0.15915344602913215,0.2032781055056662,9.86579276707148,,,,,,,,634080.0,,1,0,0,1,1
1789661131741.0,13.0,0.15732808,0.20398813,9.866206,0.0,-0.0010690133,0.00015271618,-50.325,3.6000001,7.7250004,9.869568588158927,0.0010798665043470338,0.1583104980419112,0.203619857962706,9.865994721876982,,,,,,,,634080.0,,1,0,0,1,1
1789661131751.0,13.01,0.15732808,0.20398813,9.866206,0.0,-0.0010690133,0.00015271618,-50.325,3.6000001,7.7250004,9.869568588158927,0.0010798665043470338,0.1574727800927485,0.20383264567901746,9.86615318929682,,,,,,,,634080.0,,1,0,0,1,1
1789661131761.0,13.02,0.15732808,0.20398813,9.866206,0.0,-0.0010690133,0.00015271618,-49.95,3.6000001,8.175,9.869568588158927,0.0010798665043470338,0.15695960926374605,0.20389424970710912,9.866178901565036,,,,,,,,634080.0,,1,0,0,1,1
1789661131771.0,13.03,0.15732808,0.20398813,9.866206,0.0,-0.0010690133,0.00015271618,-49.95,3.6000001,8.175,9.869568588158927,0.0010798665043470338,0.15693066881367945,0.20392218531987855,9.866169524127274,,,,,,,,634080.0,,1,0,0,1,1
1789661131781.0,13.04,0.15732808,0.20398813,9.866206,0.0,-0.0010690133,0.00015271618,-49.95,3.6000001,8.175,9.869568588158927,0.0010798665043470338,0.157369639008381,0.20408915070875533,9.866294213907192,,,,,,,,634080.0,,1,0,0,1,1
1789661131791.0,13.05,0.15732808,0.20398813,9.866206,0.0,-0.0010690133,0.00015271618,-49.95,3.6000001,8.175,9.869568588158927,0.0010798665043470338,0.15810063601217825,0.20445870942942865,9.866620073014795,,,,,,,,634080.0,,1,0,0,1,1
1789661131801.0,13.06,0.1591227,0.20488544,9.867104,0.0,-0.0010690133,0.00015271618,-49.95,3.6000001,8.175,9.870513635267178,0.0010798665043470338,0.15881635339071043,0.20486934649949629,9.867006840074392,,,,,,,,634080.0,,1,0,0,1,1
1789661131811.0,13.07,0.1591227,0.20488544,9.867104,0.0,-0.0010690133,0.00015271618,-49.95,3.6000001,8.175,9.870513635267178,0.0010798665043470338,0.15916747271299697,0.20498541706654472,9.86715774482385,,,,,,,,634080.0,,1,0,0,1,1
1789661131821.0,13.08,0.1591227,0.20488544,9.867104,0.0,-0.0010690133,0.00015271618,-49.95,3.6000001,8.175,9.870513635267178,0.0010798665043470338,0.15892962221138193,0.20451779257713873,9.866808413725364,,,,,,,,634080.0,,1,0,0,1,1
1789661131831.0,13.09,0.1591227,0.20488544,9.867104,0.0,-0.0010690133,0.00015271618,-49.95,3.6000001,8.175,9.870513635267178,0.0010798665043470338,0.15815485544296998,0.2034653622168383,9.865921458214995,,,,,,,,634080.0,,1,0,0,1,1
1789661131841.0,13.1,0.15613168,0.200698,9.8632145,-0.00015271618,-0.0009162971,0.00015271618,-49.95,3.6000001,8.175,9.86649162882703,0.0009414057779385012,0.15716995953697857,0.20217017564652248,9.864730179269324,,,,,,,,634080.0,,1,0,0,1,1
1789661131851.0,13.11,0.15613168,0.200698,9.8632145,-0.00015271618,-0.0009162971,0.00015271618,-49.95,3.6000001,8.175,9.86649162882703,0.0009414057779385012,0.15638297804860304,0.20110688724634723,9.863595539047415,,,,,,,,634080.0,,1,0,0,1,1
1789661131861.0,13.12,0.15613168,0.200698,9.8632145,-0.00015271618,-0.0009162971,0.00015271618,-49.050003,3.825,6.4500003,9.86649162882703,0.0009414057779385012,0.15602554259573273,0.20056288538063613,9.862813799215804,,,,,,,,634080.0,,1,0,0,1,1
1789661131871.0,13.13,0.15613168,0.200698,9.8632145,-0.00015271618,-0.0009162971,0.00015271618,-49.050003,3.825,6.4500003,9.86649162882703,0.0009414057779385012,0.1560256650311566,0.2004757222312812,9.862541845924417,,,,,,,,634080.0,,1,0,0,1,1
1789661131881.0,13.14,0.15613168,0.200698,9.8632145,-0.00015271618,-0.0009162971,0.00015271618,-49.050003,3.825,6.4500003,9.86649162882703,0.0009414057779385012,0.15609958233361992,0.20055268477361116,9.862842331199937,,,,,,,,634080.0,,1,0,0,1,1
1789661131891.0,13.15,0.15613168,0.200698,9.8632145,-0.00015271618,-0.0009162971,0.00015271618,-49.050003,3.825,6.4500003,9.86649162882703,0.0009414057779385012,0.1559794640180002,0.20055492009876977,9.863703722684981,,,,,,,,634080.0,,1,0,0,1,1
1789661131901.0,13.16,0.15613168,0.200698,9.8632145,-0.00015271618,-0.0009162971,0.00015271618,-49.050003,3.825,6.4500003,9.86649162882703,0.0009414057779385012,0.15560656645922638,0.2005145583082861,9.864965095778947,,,,,,,,634080.0,,1,0,0,1,1
1789661131911.0,13.17,0.15463616,0.2009971,9.867702,-0.00015271618,-0.0009162971,0.00015271618,-49.050003,3.825,6.4500003,9.870960183132741,0.0009414057779385012,0.15515906623484033,0.2007223539405419,9.866268504574395,,,,,,,,634080.0,,1,0,0,1,1
1789661131921.0,13.18,0.15463616,0.2009971,9.867702,-0.00015271618,-0.0009162971,0.00015271618,-49.050003,3.825,6.4500003,9.870960183132741,0.0009414057779385012,0.1549059211137828,0.20148924500596782,9.867188771120079,,,,,,,,634080.0,,1,0,0,1,1
1789661131931.0,13.19,0.15463616,0.2009971,9.867702,-0.00015271618,-0.0009162971,0.00015271618,-49.050003,3.825,6.4500003,9.870960183132741,0.0009414057779385012,0.1550064669464562,0.2028543144349649,9.867484662228854,,,,,,,,634080.0,,1,0,0,1,1
1789661131941.0,13.2,0.15613168,0.20638095,9.866505,-0.00045814854,0.00015271618,0.00015271618,-49.050003,3.825,6.4500003,9.869898232152524,0.0005065022684763775,0.15541205644336434,0.2044819733638785,9.867242395262908,,,,,,,,634080.0,,1,0,0,1,1
1789661131951.0,13.21,0.15613168,0.20638095,9.866505,-0.00045814854,0.00015271618,0.00015271618,-49.050003,3.825,6.4500003,9.869898232152524,0.0005065022684763775,0.15592571956023518,0.20585965685489713,9.866777440269987,,,,,,,,634080.0,,1,0,0,1,1
1789661131961.0,13.22,0.15613168,0.20638095,9.866505,-0.00045814854,0.00015271618,0.00015271618,-49.050003,3.825,6.4500003,9.869898232152524,0.0005065022684763775,0.15633338561567614,0.20663676867071673,9.866401769665803,,,,,,,,634080.0,,1,0,0,1,1
1789661131971.0,13.23,0.15613168,0.20638095,9.866505,-0.00045814854,0.00015271618,0.00015271618,-49.425003,3.9750001,7.5750003,9.869898232152524,0.0005065022684763775,0.15648740835274869,0.20681024171633225,9.866262487159805,,,,,,,,634080.0,,1,0,0,1,1
1789661131981.0,13.24,0.15613168,0.20638095,9.866505,-0.00045814854,0.00015271618,0.00015271618,-49.425003,3.9750001,7.5750003,9.869898232152524,0.0005065022684763775,0.1563197935265657,0.20662506295994784,9.86634137356325,,,,,,,,634080.0,,1,0,0,1,1
1789661131991.0,13.25,0.15613168,0.20638095,9.866505,-0.00045814854,0.00015271618,0.00015271618,-49.425003,3.9750001,7.5750003,9.869898232152524,0.0005065022684763775,0.15584969530103543,0.2063257983755517,9.866546336530064,,,,,,,,634080.0,,1,0,0,1,1
1789661132001.0,13.26,0.15613168,0.20638095,9.866505,-0.00045814854,0.00015271618,0.00015271618,-49.425003,3.9750001,7.5750003,9.869898232152524,0.0005065022684763775,0.15521484232784893,0.20598179199186042,9.866785435717276,,,,,,,,634080.0,,1,0,0,1,1
1789661132011.0,13.27,0.15403795,0.20488544,9.867104,-0.00045814854,0.00015271618,0.00015271618,-49.425003,3.9750001,7.5750003,9.870432973298598,0.0005065022684763775,0.15466128952528338,0.20549067431332535,9.866983792098296,,,,,,,,634080.0,,1,0,0,1,1
1789661132021.0,13.28,0.15403795,0.20488544,9.867104,-0.00045814854,0.00015271618,0.00015271618,-49.425003,3.9750001,7.5750003,9.870432973298598,0.0005065022684763775,0.15442461970427046,0.20471658288754443,9.867075608299873,,,,,,,,634080.0,,1,0,0,1,1
1789661132031.0,13.29,0.15403795,0.20488544,9.867104,-0.00045814854,0.00015271618,0.00015271618,-49.425003,3.9750001,7.5750003,9.870432973298598,0.0005065022684763775,0.15456340505547975,0.20364970956173473,9.867010772961217,,,,,,,,634080.0,,1,0,0,1,1
1789661132041.0,13.3,0.15553348,0.20129621,9.866505,0.0,0.00015271618,0.00015271618,-49.425003,3.9750001,7.5750003,9.8697837738517,0.0002159732929498108,0.15490724318269017,0.20247400322985665,9.866782244520264,,,,,,,,634080.0,,1,0,0,1,1
1789661132051.0,13.31,0.15553348,0.20129621,9.866505,0.0,0.00015271618,0.00015271618,-49.425003,3.9750001,7.5750003,9.8697837738517,0.0002159732929498108,0.15520317323353397,0.20149158142740778,9.866458301164654,,,,,,,,634080.0,,1,0,0,1,1
1789661132061.0,13.32,0.15553348,0.20129621,9.866505,0.0,0.00015271618,0.00015271618,-49.65,3.7500002,8.325001,9.8697837738517,0.0002159732929498108,0.15534758570711432,0.2009627658205487,9.866198463955493,,,,,,,,634080.0,,1,0,0,1,1
1789661132071.0,13.33,0.15553348,0.20129621,9.866505,0.0,0.00015271618,0.00015271618,-49.65,3.7500002,8.325001,9.8697837738517,0.0002159732929498108,0.15548887746341492,0.20098340465585834,9.866221517354075,,,,,,,,634080.0,,1,0,0,1,1
1789661132081.0,13.34,0.15553348,0.20129621,9.866505,0.0,0.00015271618,0.00015271618,-49.65,3.7500002,8.325001,9.8697837738517,0.0002159732929498108,0.1558915672838972,0.2014655834808278,9.866696614375558,,,,,,,,634080.0,,1,0,0,1,1
1789661132091.0,13.35,0.15553348,0.20129621,9.866505,0.0,0.00015271618,0.00015271618,-49.65,3.7500002,8.325001,9.8697837738517,0.0002159732929498108,0.15666801322803534,0.20220099054293503,9.86758836531347,,,,,,,,634080.0,,1,0,0,1,1
1789661132101.0,13.36,0.1585245,0.20398813,9.869197,0.0,0.00015271618,0.00015271618,-49.65,3.7500002,8.325001,9.872577707928672,0.0002159732929498108,0.157614520953764,0.20296818242604317,9.868575613737036,,,,,,,,634080.0,,1,0,0,1,1
1789661132111.0,13.37,0.1585245,0.20398813,9.869197,0.0,0.00015271618,0.00015271618,-49.65,3.7500002,8.325001,9.872577707928672,0.0002159732929498108,0.15831112537343353,0.20364769157264534,9.869164202643548,,,,,,,,634080.0,,1,0,0,1,1
1789661132121.0,13.38,0.1585245,0.20398813,9.869197,0.0,0.00015271618,0.00015271618,-49.65,3.7500002,8.325001,9.872577707928672,0.0002159732929498108,0.15841567228054237,0.20427522703385703,9.86897030200956,,,,,,,,634080.0,,1,0,0,1,1
1789661132131.0,13.39,0.1585245,0.20398813,9.869197,0.0,0.00015271618,0.00015271618,-49.65,3.7500002,8.325001,9.872577707928672,0.0002159732929498108,0.15791026374755698,0.20497130859884008,9.867981039723066,,,,,,,,634080.0,,1,0,0,1,1
1789661132141.0,13.4,0.15613168,0.20668006,9.865009,0.0007635809,0.00015271618,0.00015271618,-49.65,3.7500002,8.325001,9.86840900646007,0.0007935365486935022,0.15710183695311936,0.20578958243581705,9.86658271436494,,,,,,,,634080.0,,1,0,0,1,1
1789661132151.0,13.41,0.15613168,0.20668006,9.865009,0.0007635809,0.00015271618,0.00015271618,-49.65,3.7500002,8.325001,9.86840900646007,0.0007935365486935022,0.15639025665873793,0.20660856698022503,9.865325608168929,,,,,,,,634080.0,,1,0,0,1,1
1789661132161.0,13.42,0.15613168,0.20668006,9.865009,0.0007635809,0.00015271618,0.00015271618,-49.800003,3.825,8.325001,9.86840900646007,0.0007935365486935022,0.15600312515087836,0.20714660121830475,9.864613104218753,,,,,,,,634080.0,,1,0,0,1,1
1789661132171.0,13.43,0.15613168,0.20668006,9.865009,0.0007635809,0.00015271618,0.00015271618,-49.800003,3.825,8.325001,9.86840900646007,0.0007935365486935022,0.15590060771294817,0.2070871674888148,9.86454486327991,,,,,,,,634080.0,,1,0,0,1,1
1789661132181.0,13.44,0.15613168,0.20668006,9.865009,0.0007635809,0.00015271618,0.00015271618,-49.800003,3.825,8.325001,9.86840900646007,0.0007935365486935022,0.15588713473303742,0.20626125050732366,9.864972413482953,,,,,,,,634080.0,,1,0,0,1,1
1789661132191.0,13.45,0.15613168,0.20668006,9.865009,0.0007635809,0.00015271618,0.00015271618,-49.800003,3.825,8.325001,9.86840900646007,0.0007935365486935022,0.15579338340653745,0.2048019993921403,9.865645721778323,,,,,,,,634080.0,,1,0,0,1,1
1789661132201.0,13.46,0.15493527,0.20129621,9.866804,0.0007635809,0.00015271618,0.00015271618,-49.800003,3.825,8.325001,9.870073266013092,0.0007935365486935022,0.1555657754962046,0.2031425910468756,9.866321492579974,,,,,,,,634080.0,,1,0,0,1,1
1789661132211.0,13.47,0.15493527,0.20129621,9.866804,0.0007635809,0.00015271618,0.00015271618,-49.800003,3.825,8.325001,9.870073266013092,0.0007935365486935022,0.1552225776175054,0.2017931089948498,9.86680615052691,,,,,,,,634080.0,,1,0,0,1,1
1789661132221.0,13.48,0.15493527,0.20129621,9.866804,0.0007635809,0.00015271618,0.00015271618,-49.800003,3.825,8.325001,9.870073266013092,0.0007935365486935022,0.15477095478130867,0.20103520952185205,9.866966454005066,,,,,,,,634080.0,,1,0,0,1,1
1789661132231.0,13.49,0.15493527,0.20129621,9.866804,0.0007635809,0.00015271618,0.00015271618,-49.800003,3.825,8.325001,9.870073266013092,0.0007935365486935022,0.15419439948291663,0.20078757141132264,9.866736383515404,,,,,,,,634080.0,,1,0,0,1,1
1789661132241.0,13.5,0.15284155,0.200698,9.865608,-0.0010690133,0.00015271618,0.00015271618,-49.800003,3.825,8.325001,9.868832830495935,0.0010906117085583095,0.15351727447378372,0.20074716357568603,9.866142542483377,,,,,,,,634080.0,,1,0,0,1,1
1789661132251.0,13.51,0.15284155,0.200698,9.865608,-0.0010690133,0.00015271618,0.00015271618,-49.800003,3.825,8.325001,9.868832830495935,0.0010906117085583095,0.15286578453917188,0.2006653523515296,9.865363776500063,,,,,,,,634080.0,,1,0,0,1,1
1789661132261.0,13.52,0.15284155,0.200698,9.865608,-0.0010690133,0.00015271618,0.00015271618,-50.4,4.05,8.25,9.868832830495935,0.0010906117085583095,0.15246043491824496,0.2005348265066958,9.864788716122815,,,,,,,,634080.0,,1,0,0,1,1
1789661132271.0,13.53,0.15284155,0.200698,9.865608,-0.0010690133,0.00015271618,0.00015271618,-50.4,4.05,8.25,9.868832830495935,0.0010906117085583095,0.15253476681606645,0.20056785355187318,9.864957300856851,,,,,,,,634080.0,,1,0,0,1,1
1789661132281.0,13.54,0.15284155,0.200698,9.865608,-0.0010690133,0.00015271618,0.00015271618,-50.4,4.05,8.25,9.868832830495935,0.0010906117085583095,0.15320814894153278,0.2009993188347682,9.866287911539361,,,,,,,,634080.0,,1,0,0,1,1
1789661132291.0,13.55,0.15284155,0.200698,9.865608,-0.0010690133,0.00015271618,0.00015271618,-50.4,4.05,8.25,9.868832830495935,0.0010906117085583095,0.15437538541835452,0.20185963812262975,9.8686885900367,,,,,,,,634080.0,,1,0,0,1,1
1789661132301.0,13.56,0.15732808,0.20398813,9.873684,-0.0010690133,0.00015271618,0.00015271618,-50.4,4.05,8.25,9.877044042313136,0.0010906117085583095,0.15571564457709966,0.2028937821445581,9.871384753188554,,,,,,,,634080.0,,1,0,0,1,1
1789661132311.0,13.57,0.15732808,0.20398813,9.873684,-0.0010690133,0.00015271618,0.00015271618,-50.4,4.05,8.25,9.877044042313136,0.0010906117085583095,0.1568657854245421,0.20370686024465187,9.873243842146662,,,,,,,,634080.0,,1,0,0,1,1
1789661132321.0,13.58,0.15732808,0.20398813,9.873684,-0.0010690133,0.00015271618,0.00015271618,-50.4,4.05,8.25,9.877044042313136,0.0010906117085583095,0.15763943461959856,0.204029434689085,9.873463098732755,,,,,,,,634080.0,,1,0,0,1,1
1789661132331.0,13.59,0.15732808,0.20398813,9.873684,-0.0010690133,0.00015271618,0.00015271618,-50.4,4.05,8.25,9.877044042313136,0.0010906117085583095,0.15809909753873108,0.2038854592801157,9.872103841710524,,,,,,,,634080.0,,1,0,0,1,1
1789661132341.0,13.6,0.15882361,0.20309082,9.867702,0.0,0.00015271618,0.00015271618,-50.4,4.05,8.25,9.871069525693034,0.0002159732929498108,0.158429156829448,0.2035333827284547,9.870030881791262,,,,,,,,634080.0,,1,0,0,1,1
1789661132351.0,13.61,0.15882361,0.20309082,9.867702,0.0,0.00015271618,0.00015271618,-50.4,4.05,8.25,9.871069525693034,0.0002159732929498108,0.15874520048498478,0.20324644311186882,9.868296858420242,,,,,,,,634080.0,,1,0,0,1,1
1789661132361.0,13.62,0.15882361,0.20309082,9.867702,0.0,0.00015271618,0.00015271618,-50.100002,4.05,8.475,9.871069525693034,0.0002159732929498108,0.15899749801593674,0.2031162683353985,9.86745617646991,,,,,,,,634080.0,,1,0,0,1,1
1789661132371.0,13.63,0.15882361,0.20309082,9.867702,0.0,0.00015271618,0.00015271618,-50.100002,4.05,8.475,9.871069525693034,0.0002159732929498108,0.15901561872743636,0.2030233097654488,9.867319998843193,,,,,,,,634080.0,,1,0,0,1,1
1789661132381.0,13.64,0.15882361,0.20309082,9.867702,0.0,0.00015271618,0.00015271618,-50.100002,4.05,8.475,9.871069525693034,0.0002159732929498108,0.15864665223450075,0.20277402613819934,9.867275458554031,,,,,,,,634080.0,,1,0,0,1,1
1789661132391.0,13.65,0.15882361,0.20309082,9.867702,0.0,0.00015271618,0.00015271618,-50.100002,4.05,8.475,9.871069525693034,0.0002159732929498108,0.1578994546738787,0.2022728381203977,9.866852137889845,,,,,,,,634080.0,,1,0,0,1,1
1789661132401.0,13.66,0.15613168,0.20039889,9.865309,0.0,0.00015271618,0.00015271618,-50.100002,4.05,8.475,9.868579354805526,0.0002159732929498108,0.15699605585509113,0.2015782813991383,9.866086690652088,,,,,,,,634080.0,,1,0,0,1,1
1789661132411.0,13.67,0.15613168,0.20039889,9.865309,0.0,0.00015271618,0.00015271618,-50.100002,4.05,8.475,9.868579354805526,0.0002159732929498108,0.15627736799938724,0.20081226627140403,9.865455058128243,,,,,,,,634080.0,,1,0,0,1,1
1789661132421.0,13.68,0.15613168,0.20039889,9.865309,0.0,0.00015271618,0.00015271618,-50.100002,4.05,8.475,9.868579354805526,0.0002159732929498108,0.15602065093971873,0.2000430320707069,9.865484795125457,,,,,,,,634080.0,,1,0,0,1,1
1789661132431.0,13.69,0.15613168,0.20039889,9.865309,0.0,0.00015271618,0.00015271618,-50.100002,4.05,8.475,9.868579354805526,0.0002159732929498108,0.1562995446633819,0.19927546856939712,9.866365998061966,,,,,,,,634080.0,,1,0,0,1,1
1789661132441.0,13.7,0.1576272,0.19770697,9.869496,0.0,-0.0010690133,0.00015271618,-50.100002,4.05,8.475,9.872734457797517,0.0010798665043470338,0.15696641588055046,0.19853532683834638,9.867827131251865,,,,,,,,634080.0,,1,0,0,1,1
1789661132451.0,13.71,0.1576272,0.19770697,9.869496,0.0,-0.0010690133,0.00015271618,-50.100002,4.05,8.475,9.872734457797517,0.0010798665043470338,0.15772411916880455,0.19792057316864167,9.869305441915325,,,,,,,,634080.0,,1,0,0,1,1
1789661132461.0,13.72,0.1576272,0.19770697,9.869496,0.0,-0.0010690133,0.00015271618,-50.025,3.825,8.325001,9.872734457797517,0.0010798665043470338,0.15821212679657215,0.1975556435542767,9.870229470456872,,,,,,,,634080.0,,1,0,0,1,1
1789661132471.0,13.73,0.1576272,0.19770697,9.869496,0.0,-0.0010690133,0.00015271618,-50.025,3.825,8.325001,9.872734457797517,0.0010798665043470338,0.1580934979001578,0.1975089011150448,9.870226159398227,,,,,,,,634080.0,,1,0,0,1,1
1789661132481.0,13.74,0.1576272,0.19770697,9.869496,0.0,-0.0010690133,0.00015271618,-50.025,3.825,8.325001,9.872734457797517,0.0010798665043470338,0.15718747552030934,0.19775276217331902,9.869225534450743,,,,,,,,634080.0,,1,0,0,1,1
1789661132491.0,13.75,0.1576272,0.19770697,9.869496,0.0,-0.0010690133,0.00015271618,-50.025,3.825,8.325001,9.872734457797517,0.0010798665043470338,0.1556287454430145,0.19818112497842227,9.867518925829174,,,,,,,,634080.0,,1,0,0,1,1
1789661132501.0,13.76,0.15224335,0.19920248,9.864411,0.0,-0.0010690133,0.00015271618,-50.025,3.825,8.325001,9.86759667003969,0.0010798665043470338,0.15390457350237774,0.19865939336485855,9.865729513271743,,,,,,,,634080.0,,1,0,0,1,1
1789661132511.0,13.77,0.15224335,0.19920248,9.864411,0.0,-0.0010690133,0.00015271618,-50.025,3.825,8.325001,9.86759667003969,0.0010798665043470338,0.15263877325795727,0.1990800309072867,9.864586854477647,,,,,,,,634080.0,,1,0,0,1,1
1789661132521.0,13.78,0.15224335,0.19920248,9.864411,0.0,-0.0010690133,0.00015271618,-50.025,3.825,8.325001,9.86759667003969,0.0010798665043470338,0.15222056981058857,0.19939217462442477,9.864546765843162,,,,,,,,634080.0,,1,0,0,1,1
1789661132531.0,13.79,0.15224335,0.19920248,9.864411,0.0,-0.0010690133,0.00015271618,-50.025,3.825,8.325001,9.86759667003969,0.0010798665043470338,0.15256922218975505,0.19958622944393326,9.865509051525907,,,,,,,,634080.0,,1,0,0,1,1
1789661132541.0,13.8,0.15403795,0.19980069,9.8682995,0.0,0.00015271618,0.00015271618,-50.025,3.825,8.325001,9.87152384525636,0.0002159732929498108,0.15323583676950486,0.19966220647155222,9.866878335460333,,,,,,,,634080.0,,1,0,0,1,1
1789661132551.0,13.81,0.15403795,0.19980069,9.8682995,0.0,0.00015271618,0.00015271618,-50.025,3.825,8.325001,9.87152384525636,0.0002159732929498108,0.15375827752707363,0.19963530408035235,9.867958882525784,,,,,,,,634080.0,,1,0,0,1,1
1789661132561.0,13.82,0.15403795,0.19980069,9.8682995,0.0,0.00015271618,0.00015271618,-49.800003,3.7500002,7.8750005,9.87152384525636,0.0002159732929498108,0.1539845813060561,0.1995816943861968,9.868405078937625,,,,,,,,634080.0,,1,0,0,1,1
1789661132571.0,13.83,0.15403795,0.19980069,9.8682995,0.0,0.00015271618,0.00015271618,-49.800003,3.7500002,7.8750005,9.87152384525636,0.0002159732929498108,0.15412205067880344,0.19965523321875073,9.868404772783128,,,,,,,,634080.0,,1,0,0,1,1
1789661132581.0,13.84,0.15403795,0.19980069,9.8682995,0.0,0.00015271618,0.00015271618,-49.800003,3.7500002,7.8750005,9.87152384525636,0.0002159732929498108,0.15449514991704175,0.20000928087978403,9.868484168968095,,,,,,,,634080.0,,1,0,0,1,1
1789661132591.0,13.85,0.15403795,0.19980069,9.8682995,0.0,0.00015271618,0.00015271618,-49.800003,3.7500002,7.8750005,9.87152384525636,0.0002159732929498108,0.15522676537116,0.20065325348460547,9.869096843423975,,,,,,,,634080.0,,1,0,0,1,1
1789661132601.0,13.86,0.15732808,0.20189442,9.871291,0.0,0.00015271618,0.00015271618,-49.800003,3.7500002,7.8750005,9.874608827101184,0.0002159732929498108,0.1561185391396861,0.2013699154139781,9.870278121224262,,,,,,,,634080.0,,1,0,0,1,1
1789661132611.0,13.87,0.15732808,0.20189442,9.871291,0.0,0.00015271618,0.00015271618,-49.800003,3.7500002,7.8750005,9.874608827101184,0.0002159732929498108,0.15683473412300694,0.2018036804921452,9.871562888940066,,,,,,,,634080.0,,1,0,0,1,1
1789661132621.0,13.88,0.15732808,0.20189442,9.871291,0.0,0.00015271618,0.00015271618,-49.800003,3.7500002,7.8750005,9.874608827101184,0.0002159732929498108,0.1572177513167104,0.20168941230750523,9.872196809571708,,,,,,,,634080.0,,1,0,0,1,1
1789661132631.0,13.89,0.15732808,0.20189442,9.871291,0.0,0.00015271618,0.00015271618,-49.800003,3.7500002,7.8750005,9.874608827101184,0.0002159732929498108,0.1574355605097003,0.20105050677154565,9.87154371795068,,,,,,,,634080.0,,1,0,0,1,1
1789661132641.0,13.9,0.15702899,0.19890338,9.873384,0.0,0.00015271618,0.00015271618,-49.800003,3.7500002,7.8750005,9.876635675660605,0.0002159732929498108,0.157814600290987,0.20019863588830014,9.869507469258286,,,,,,,,634080.0,,1,0,0,1,1
1789661132651.0,13.91,0.15882361,0.19950159,9.863813,0.0,0.00015271618,0.00015271618,-49.800003,3.7500002,7.8750005,9.867108630316936,0.0002159732929498108,0.15849541352372581,0.19952676606535857,9.86671423821654,,,,,,,,634080.0,,1,0,0,1,1
1789661132661.0,13.92,0.15882361,0.19950159,9.863813,0.0,0.00015271618,0.00015271618,-49.95,3.6750002,7.275,9.867108630316936,0.0002159732929498108,0.1592003903690927,0.19926024127433184,9.864264385137947,,,,,,,,634080.0,,1,0,0,1,1
1789661132671.0,13.93,0.15882361,0.19950159,9.863813,0.0,0.00015271618,0.00015271618,-49.95,3.6750002,7.275,9.867108630316936,0.0002159732929498108,0.15932411162599108,0.1993546937440264,9.863154544374279,,,,,,,,634080.0,,1,0,0,1,1
1789661132681.0,13.94,0.15882361,0.19950159,9.863813,0.0,0.00015271618,0.00015271618,-49.95,3.6750002,7.275,9.867108630316936,0.0002159732929498108,0.15833666642435362,0.19959331980233205,9.863747273456376,,,,,,,,634080.0,,1,0,0,1,1
1789661132691.0,13.95,0.15882361,0.19950159,9.863813,0.0,0.00015271618,0.00015271618,-49.95,3.6750002,7.275,9.867108630316936,0.0002159732929498108,0.15625724477989764,0.1997891926869073,9.865625972279414,,,,,,,,634080.0,,1,0,0,1,1
1789661132701.0,13.96,0.15194423,0.200698,9.870094,0.0,0.00015271618,0.00015271618,-49.95,3.6750002,7.275,9.873303515291642,0.0002159732929498108,0.15383493996612121,0.19995410293633242,9.867890953845112,,,,,,,,634080.0,,1,0,0,1,1
1789661132711.0,13.97,0.15194423,0.200698,9.870094,0.0,0.00015271618,0.00015271618,-49.95,3.6750002,7.275,9.873303515291642,0.0002159732929498108,0.1522117804264283,0.20032589368496315,9.86968583445965,,,,,,,,634080.0,,1,0,0,1,1
1789661132721.0,13.98,0.15194423,0.200698,9.870094,0.0,0.00015271618,0.00015271618,-49.95,3.6750002,7.275,9.873303515291642,0.0002159732929498108,0.15223231451959457,0.20121100909972184,9.87061803966258,,,,,,,,634080.0,,1,0,0,1,1
1789661132731.0,13.99,0.15194423,0.200698,9.870094,0.0,0.00015271618,0.00015271618,-49.95,3.6750002,7.275,9.873303515291642,0.0002159732929498108,0.15389383069936094,0.2027202702825103,9.870821611498807,,,,,,,,634080.0,,1,0,0,1,1
1789661132741.0,14.0,0.1591227,0.20668006,9.870692,-0.0006108647,0.00015271618,0.00015271618,-49.95,3.6750002,7.275,9.874137797282398,0.0006479198599932517,0.15636194995476174,0.20459941860346165,9.870690831256363,,,,,,,,634080.0,,1,0,0,1,1
1789661132751.0,14.01,0.1591227,0.20668006,9.870692,-0.0006108647,0.00015271618,0.00015271618,-49.95,3.6750002,7.275,9.874137797282398,0.0006479198599932517,0.15853384733555037,0.20631383227095254,9.870552998207444,,,,,,,,634080.0,,1,0,0,1,1
1789661132761.0,14.02,0.1591227,0.20668006,9.870692,-0.0006108647,0.00015271618,0.00015271618,-49.725002,3.7500002,7.8750005,9.874137797282398,0.0006479198599932517,0.1597006326609299,0.20732268705933118,9.870521406188,,,,,,,,634080.0,,1,0,0,1,1
1789661132771.0,14.03,0.1591227,0.20668006,9.870692,-0.0006108647,0.00015271618,0.00015271618,-49.725002,3.7500002,7.8750005,9.874137797282398,0.0006479198599932517,0.15982909543916063,0.20732690798433334,9.870553420062661,,,,,,,,634080.0,,1,0,0,1,1
1789661132781.0,14.04,0.1591227,0.20668006,9.870692,-0.0006108647,0.00015271618,0.00015271618,-49.725002,3.7500002,7.8750005,9.874137797282398,0.0006479198599932517,0.15935954294697588,0.2063634409980331,9.870574637506108,,,,,,,,634080.0,,1,0,0,1,1
1789661132791.0,14.05,0.1591227,0.20668006,9.870692,-0.0006108647,0.00015271618,0.00015271618,-49.725002,3.7500002,7.8750005,9.874137797282398,0.0006479198599932517,0.15880234232364687,0.204764408094516,9.870530901950909,,,,,,,,634080.0,,1,0,0,1,1
1789661132801.0,14.06,0.1585245,0.2009971,9.869496,-0.0006108647,0.00015271618,0.00015271618,-49.725002,3.7500002,7.8750005,9.872815259353567,0.0006479198599932517,0.15846289262897717,0.20301352978168533,9.870343057404254,,,,,,,,634080.0,,1,0,0,1,1
1789661132811.0,14.07,0.1585245,0.2009971,9.869496,-0.0006108647,0.00015271618,0.00015271618,-49.725002,3.7500002,7.8750005,9.872815259353567,0.0006479198599932517,0.15840276156034955,0.20152457041683475,9.869859135361311,,,,,,,,634080.0,,1,0,0,1,1
1789661132821.0,14.08,0.1585245,0.2009971,9.869496,-0.0006108647,0.00015271618,0.00015271618,-49.725002,3.7500002,7.8750005,9.872815259353567,0.0006479198599932517,0.15854380074745034,0.20045783982477425,9.868920650509512,,,,,,,,634080.0,,1,0,0,1,1
1789661132831.0,14.09,0.1585245,0.2009971,9.869496,-0.0006108647,0.00015271618,0.00015271618,-49.725002,3.7500002,7.8750005,9.872815259353567,0.0006479198599932517,0.15878476670873576,0.1997218569341723,9.867533370973533,,,,,,,,634080.0,,1,0,0,1,1
1789661132841.0,14.1,0.1594218,0.19830517,9.864112,0.0,0.00015271618,0.00015271618,-49.725002,3.7500002,7.8750005,9.867393059937765,0.0002159732929498108,0.15906332494611128,0.1991441852463361,9.86596898294832,,,,,,,,634080.0,,1,0,0,1,1
1789661132851.0,14.11,0.1594218,0.19830517,9.864112,0.0,0.00015271618,0.00015271618,-49.725002,3.7500002,7.8750005,9.867393059937765,0.0002159732929498108,0.15935494868036493,0.19863438551567228,9.864644595284174,,,,,,,,634080.0,,1,0,0,1,1
1789661132861.0,14.12,0.1594218,0.19830517,9.864112,0.0,0.00015271618,0.00015271618,-49.65,3.9,7.5750003,9.867393059937765,0.0002159732929498108,0.15962435503098168,0.19822001706319758,9.86386111849419,,,,,,,,634080.0,,1,0,0,1,1
1789661132871.0,14.13,0.1594218,0.19830517,9.864112,0.0,0.00015271618,0.00015271618,-49.65,3.9,7.5750003,9.867393059937765,0.0002159732929498108,0.15976739400153864,0.19799683269524657,9.863646861588172,,,,,,,,634080.0,,1,0,0,1,1
1789661132881.0,14.14,0.1594218,0.19830517,9.864112,0.0,0.00015271618,0.00015271618,-49.65,3.9,7.5750003,9.867393059937765,0.0002159732929498108,0.15960916877175324,0.1980715370189143,9.863832197415217,,,,,,,,634080.0,,1,0,0,1,1
1789661132891.0,14.15,0.1594218,0.19830517,9.864112,0.0,0.00015271618,0.00015271618,-49.65,3.9,7.5750003,9.867393059937765,0.0002159732929498108,0.15900296995223862,0.19850522071338356,9.864240846499689,,,,,,,,634080.0,,1,0,0,1,1
1789661132901.0,14.16,0.1594218,0.19830517,9.864112,0.0,0.00015271618,0.00015271618,-49.65,3.9,7.5750003,9.867393059937765,0.0002159732929498108,0.15797330229574613,0.19924759005776446,9.864811412934241,,,,,,,,634080.0,,1,0,0,1,1
1789661132911.0,14.17,0.15523437,0.2009971,9.866505,0.0,0.00015271618,0.00015271618,-49.65,3.9,7.5750003,9.869772968962494,0.0002159732929498108,0.15675653914232243,0.20010902368777375,9.865581793198567,,,,,,,,634080.0,,1,0,0,1,1
1789661132921.0,14.18,0.15523437,0.2009971,9.866505,0.0,0.00015271618,0.00015271618,-49.65,3.9,7.5750003,9.869772968962494,0.0002159732929498108,0.15565708920353588,0.20082755680766687,9.86659191994947,,,,,,,,634080.0,,1,0,0,1,1
1789661132931.0,14.19,0.15523437,0.2009971,9.866505,0.0,0.00015271618,0.00015271618,-49.65,3.9,7.5750003,9.869772968962494,0.0002159732929498108,0.15483280276395914,0.2012029712965115,9.867786894020334,,,,,,,,634080.0,,1,0,0,1,1
1789661132941.0,14.2,0.15403795,0.2009971,9.870094,0.0,0.00015271618,-0.0006108647,-49.65,3.9,7.5750003,9.873342042747462,0.0006296649214779893,0.15422593357769002,0.20119998767517755,9.868983266965268,,,,,,,,634080.0,,1,0,0,1,1
1789661132951.0,14.21,0.15403795,0.2009971,9.870094,0.0,0.00015271618,-0.0006108647,-49.65,3.9,7.5750003,9.873342042747462,0.0006296649214779893,0.1537234535077177,0.20095939921481823,9.869928727024728,,,,,,,,634080.0,,1,0,0,1,1
1789661132961.0,14.22,0.15403795,0.2009971,9.870094,0.0,0.00015271618,-0.0006108647,-49.500004,4.05,7.7250004,9.873342042747462,0.0006296649214779893,0.15340004749247846,0.20073412839268756,9.870419985082062,,,,,,,,634080.0,,1,0,0,1,1
1789661132971.0,14.23,0.15403795,0.2009971,9.870094,0.0,0.00015271618,-0.0006108647,-49.500004,4.05,7.7250004,9.873342042747462,0.0006296649214779893,0.15359557460998738,0.20078635025566172,9.870395705951049,,,,,,,,634080.0,,1,0,0,1,1
1789661132981.0,14.24,0.15403795,0.2009971,9.870094,0.0,0.00015271618,-0.0006108647,-49.500004,4.05,7.7250004,9.873342042747462,0.0006296649214779893,0.15469290180216436,0.20126398314581792,9.869957981052282,,,,,,,,634080.0,,1,0,0,1,1
1789661132991.0,14.25,0.15403795,0.2009971,9.870094,0.0,0.00015271618,-0.0006108647,-49.500004,4.05,7.7250004,9.873342042747462,0.0006296649214779893,0.15672554435269062,0.20209823636010243,9.869336022800011,,,,,,,,634080.0,,1,0,0,1,1
1789661133001.0,14.26,0.16151553,0.20398813,9.8682995,0.0,0.00015271618,-0.0006108647,-49.500004,4.05,7.7250004,9.871728999790882,0.0006296649214779893,0.15915843287969553,0.20300869927557424,9.868804247579915,,,,,,,,634080.0,,1,0,0,1,1
1789661133011.0,14.27,0.16151553,0.20398813,9.8682995,0.0,0.00015271618,-0.0006108647,-49.500004,4.05,7.7250004,9.871728999790882,0.0006296649214779893,0.16110214099219852,0.20366197918520346,9.86855512033358,,,,,,,,634080.0,,1,0,0,1,1
1789661133021.0,14.28,0.16151553,0.20398813,9.8682995,0.0,0.00015271618,-0.0006108647,-49.500004,4.05,7.7250004,9.871728999790882,0.0006296649214779893,0.1618465109449697,0.20388929683073412,9.868581276100212,,,,,,,,634080.0,,1,0,0,1,1
1789661133031.0,14.29,0.16151553,0.20398813,9.8682995,0.0,0.00015271618,-0.0006108647,-49.500004,4.05,7.7250004,9.871728999790882,0.0006296649214779893,0.16130040044577718,0.2037821097252999,9.86867473230559,,,,,,,,634080.0,,1,0,0,1,1
1789661133041.0,14.3,0.16091733,0.20189442,9.870692,0.0,0.00015271618,-0.0006108647,-49.500004,4.05,7.7250004,9.874067870071862,0.0006296649214779893,0.1600008188968591,0.20358641434055638,9.86858325241719,,,,,,,,634080.0,,1,0,0,1,1
1789661133051.0,14.31,0.15702899,0.20428723,9.867104,0.0,0.0,0.00015271618,-49.500004,4.05,7.7250004,9.870467705375338,0.00015271618,0.15869108869801632,0.20351382450809213,9.868206431017784,,,,,,,,634080.0,,1,0,0,1,1
1789661133061.0,14.32,0.15702899,0.20428723,9.867104,0.0,0.0,0.00015271618,-49.65,3.9,7.7250004,9.870467705375338,0.00015271618,0.15777427062164065,0.20365345432140242,9.867653608408379,,,,,,,,634080.0,,1,0,0,1,1
1789661133071.0,14.33,0.15702899,0.20428723,9.867104,0.0,0.0,0.00015271618,-49.65,3.9,7.7250004,9.870467705375338,0.00015271618,0.15705288608022613,0.20402353645851531,9.867123472359276,,,,,,,,634080.0,,1,0,0,1,1
1789661133081.0,14.34,0.15702899,0.20428723,9.867104,0.0,0.0,0.00015271618,-49.65,3.9,7.7250004,9.870467705375338,0.00015271618,0.1559820305063269,0.20463033457599983,9.866743463082807,,,,,,,,634080.0,,1,0,0,1,1
1789661133091.0,14.35,0.15702899,0.20428723,9.867104,0.0,0.0,0.00015271618,-49.65,3.9,7.7250004,9.870467705375338,0.00015271618,0.15424286820520905,0.20542581971465887,9.866507374539632,,,,,,,,634080.0,,1,0,0,1,1
1789661133101.0,14.36,0.14955142,0.20697916,9.865608,0.0,0.0,0.00015271618,-49.65,3.9,7.7250004,9.868912159380198,0.00015271618,0.15212322479894103,0.20623204469371464,9.866307041498786,,,,,,,,634080.0,,1,0,0,1,1
1789661133111.0,14.37,0.14955142,0.20697916,9.865608,0.0,0.0,0.00015271618,-49.65,3.9,7.7250004,9.868912159380198,0.00015271618,0.15034134724460918,0.2067790055326606,9.865983195300108,,,,,,,,634080.0,,1,0,0,1,1
1789661133121.0,14.38,0.14955142,0.20697916,9.865608,0.0,0.0,0.00015271618,-49.65,3.9,7.7250004,9.868912159380198,0.00015271618,0.14947799252799093,0.2068749170531157,9.865380134944395,,,,,,,,634080.0,,1,0,0,1,1
1789661133131.0,14.39,0.14955142,0.20697916,9.865608,0.0,0.0,0.00015271618,-49.65,3.9,7.7250004,9.868912159380198,0.00015271618,0.14954461536666105,0.20655978122121418,9.864430915611141,,,,,,,,634080.0,,1,0,0,1,1
1789661133141.0,14.4,0.15074782,0.20548365,9.862019,0.0,0.00015271618,0.00015271618,-49.65,3.9,7.7250004,9.865311307405007,0.0002159732929498108,0.15004711358793132,0.20608655341115759,9.863242653590962,,,,,,,,634080.0,,1,0,0,1,1
1789661133151.0,14.41,0.15074782,0.20548365,9.862019,0.0,0.00015271618,0.00015271618,-49.65,3.9,7.7250004,9.865311307405007,0.0002159732929498108,0.15043788283454101,0.20572866629140338,9.86210613092318,,,,,,,,634080.0,,1,0,0,1,1
1789661133161.0,14.42,0.15074782,0.20548365,9.862019,0.0,0.00015271618,0.00015271618,-50.100002,4.05,7.9500003,9.865311307405007,0.0002159732929498108,0.1505532133509004,0.20556953951408122,9.861408704469104,,,,,,,,634080.0,,1,0,0,1,1
1789661133171.0,14.43,0.15074782,0.20548365,9.862019,0.0,0.00015271618,0.00015271618,-50.100002,4.05,7.9500003,9.865311307405007,0.0002159732929498108,0.15069760101412497,0.205449513562032,9.861493572233819,,,,,,,,634080.0,,1,0,0,1,1
1789661133181.0,14.44,0.15074782,0.20548365,9.862019,0.0,0.00015271618,0.00015271618,-50.100002,4.05,7.9500003,9.865311307405007,0.0002159732929498108,0.15133281706809285,0.20511420299604477,9.862503310199022,,,,,,,,634080.0,,1,0,0,1,1
1789661133191.0,14.45,0.15074782,0.20548365,9.862019,0.0,0.00015271618,0.00015271618,-50.100002,4.05,7.9500003,9.865311307405007,0.0002159732929498108,0.15263241877599415,0.20443569342408366,9.864257214201835,,,,,,,,634080.0,,1,0,0,1,1
1789661133201.0,14.46,0.15613168,0.20219351,9.868599,0.0,0.00015271618,0.00015271618,-50.100002,4.05,7.9500003,9.871904858728469,0.0002159732929498108,0.15427115084975737,0.2035151471646232,9.866273340616397,,,,,,,,634080.0,,1,0,0,1,1
1789661133211.0,14.47,0.15613168,0.20219351,9.868599,0.0,0.00015271618,0.00015271618,-50.100002,4.05,7.9500003,9.871904858728469,0.0002159732929498108,0.15563043636319626,0.2025906661044761,9.867997621960207,,,,,,,,634080.0,,1,0,0,1,1
1789661133221.0,14.48,0.15613168,0.20219351,9.868599,0.0,0.00015271618,0.00015271618,-50.100002,4.05,7.9500003,9.871904858728469,0.0002159732929498108,0.15624203802122155,0.20186341288253143,9.869097012388654,,,,,,,,634080.0,,1,0,0,1,1
1789661133231.0,14.49,0.15613168,0.20219351,9.868599,0.0,0.00015271618,0.00015271618,-50.100002,4.05,7.9500003,9.871904858728469,0.0002159732929498108,0.15609196086507046,0.20141114448336764,9.869572895924534,,,,,,,,634080.0,,1,0,0,1,1
1789661133241.0,14.5,0.15493527,0.2009971,9.869795,0.0,0.00015271618,0.00015271618,-50.100002,4.05,7.9500003,9.873057181750918,0.0002159732929498108,0.15555925832263726,0.20122084538902119,9.869636380987169,,,,,,,,634080.0,,1,0,0,1,1
1789661133251.0,14.51,0.15493527,0.2009971,9.869795,0.0,0.00015271618,0.00015271618,-50.100002,4.05,7.9500003,9.873057181750918,0.0002159732929498108,0.15508995973085218,0.20123081021780104,9.869526485088706,,,,,,,,634080.0,,1,0,0,1,1
1789661133261.0,14.52,0.15493527,0.2009971,9.869795,0.0,0.00015271618,0.00015271618,-49.95,3.7500002,8.175,9.873057181750918,0.0002159732929498108,0.15488958806809083,0.20130877559261398,9.869442892254662,,,,,,,,634080.0,,1,0,0,1,1
1789661133271.0,14.53,0.15493527,0.2009971,9.869795,0.0,0.00015271618,0.00015271618,-49.95,3.7500002,8.175,9.873057181750918,0.0002159732929498108,0.1548487403753122,0.20123263371260677,9.869567758599846,,,,,,,,634080.0,,1,0,0,1,1
1789661133281.0,14.54,0.15493527,0.2009971,9.869795,0.0,0.00015271618,0.00015271618,-49.95,3.7500002,8.175,9.873057181750918,0.0002159732929498108,0.15471113240306036,0.2007830048333277,9.870043027624478,,,,,,,,634080.0,,1,0,0,1,1
1789661133291.0,14.55,0.15493527,0.2009971,9.869795,0.0,0.00015271618,0.00015271618,-49.95,3.7500002,8.175,9.873057181750918,0.0002159732929498108,0.1543224522809495,0.19993875366775135,9.870860835353412,,,,,,,,634080.0,,1,0,0,1,1
1789661133301.0,14.56,0.15314065,0.19860429,9.872487,0.0,0.00015271618,0.00015271618,-49.95,3.7500002,8.175,9.875671890451697,0.0002159732929498108,0.15376507113015347,0.1990133574121721,9.871778130845247,,,,,,,,634080.0,,1,0,0,1,1
1789661133311.0,14.57,0.15314065,0.19860429,9.872487,0.0,0.00015271618,0.00015271618,-49.95,3.7500002,8.175,9.875671890451697,0.0002159732929498108,0.15329221156937844,0.198555978123077,9.872391495660583,,,,,,,,634080.0,,1,0,0,1,1
1789661133321.0,14.58,0.15314065,0.19860429,9.872487,0.0,0.00015271618,0.00015271618,-49.95,3.7500002,8.175,9.875671890451697,0.0002159732929498108,0.153136801149711,0.19901718854187286,9.872365394243223,,,,,,,,634080.0,,1,0,0,1,1
1789661133331.0,14.59,0.15314065,0.19860429,9.872487,0.0,0.00015271618,0.00015271618,-49.95,3.7500002,8.175,9.875671890451697,0.0002159732929498108,0.15335513219147348,0.2004068543768133,9.87164868787013,,,,,,,,634080.0,,1,0,0,1,1
1789661133341.0,14.6,0.15433706,0.20428723,9.869197,0.0,0.00015271618,0.00015271618,-49.95,3.7500002,8.175,9.872517542412346,0.0002159732929498108,0.15381117366269348,0.20223169021067156,9.870511087284514,,,,,,,,634080.0,,1,0,0,1,1
1789661133351.0,14.61,0.15433706,0.20428723,9.869197,0.0,0.00015271618,0.00015271618,-49.95,3.7500002,8.175,9.872517542412346,0.0002159732929498108,0.15427989026620542,0.20379524769272853,9.869387316663689,,,,,,,,634080.0,,1,0,0,1,1
1789661133361.0,14.62,0.15433706,0.20428723,9.869197,0.0,0.00015271618,0.00015271618,-49.95,3.7500002,8.175,9.872517542412346,0.0002159732929498108,0.1545678122623331,0.20463069949379248,9.868671618468301,,,,,,,,634080.0,,1,0,0,1,1
1789661133371.0,14.63,0.15433706,0.20428723,9.869197,0.0,0.00015271618,0.00015271618,-49.95,3.7500002,8.175,9.872517542412346,0.0002159732929498108,0.15457427893671877,0.20472564781058544,9.86859911494229,,,,,,,,634080.0,,1,0,0,1,1
1789661133381.0,14.64,0.15433706,0.20428723,9.869197,0.0,0.00015271618,0.00015271618,-49.95,3.7500002,8.175,9.872517542412346,0.0002159732929498108,0.1542983375531204,0.20440565092631544,9.869208179031068,,,,,,,,634080.0,,1,0,0,1,1
1789661133391.0,14.65,0.15433706,0.20428723,9.869197,0.0,0.00015271618,0.00015271618,-49.95,3.7500002,8.175,9.872517542412346,0.0002159732929498108,0.1538352235604137,0.20403217658119052,9.870298925888699,,,,,,,,634080.0,,1,0,0,1,1
1789661133401.0,14.66,0.15314065,0.20338993,9.87159,0.0,0.00015271618,0.00015271618,-49.95,3.7500002,8.175,9.874872589072115,0.0002159732929498108,0.15336840858584716,0.20376168994771202,9.87139696743542,,,,,,,,634080.0,,1,0,0,1,1
1789661133411.0,14.67,0.15314065,0.20338993,9.87159,0.0,0.00015271618,0.00015271618,-49.95,3.7500002,8.175,9.874872589072115,0.0002159732929498108,0.15311997490368465,0.203503175793958,9.871850023933138,,,,,,,,634080.0,,1,0,0,1,1
1789661133421.0,14.68,0.15314065,0.20338993,9.87159,0.0,0.00015271618,0.00015271618,-49.95,3.7500002,8.175,9.874872589072115,0.0002159732929498108,0.15324811473050712,0.20306071017215274,9.871124365122158,,,,,,,,634080.0,,1,0,0,1,1
1789661133431.0,14.69,0.15314065,0.20338993,9.87159,0.0,0.00015271618,0.00015271618,-49.95,3.7500002,8.175,9.874872589072115,0.0002159732929498108,0.15374970229667098,0.20234041575955072,9.869153103768124,,,,,,,,634080.0,,1,0,0,1,1
1789661133441.0,14.7,0.15523437,0.20039889,9.863514,0.0,-0.0,0.00015271618,-49.95,3.7500002,8.175,9.866770791547685,0.00015271618,0.15444940401846569,0.20146162578091556,9.866460370587543,,,,,,,,634080.0,,1,0,0,1,1
1789661133451.0,14.71,0.15523437,0.20039889,9.863514,0.0,-0.0,0.00015271618,-49.95,3.7500002,8.175,9.866770791547685,0.00015271618,0.15509394387670286,0.2006849698390427,9.863933409427426,,,,,,,,634080.0,,1,0,0,1,1
1789661133461.0,14.72,0.15523437,0.20039889,9.863514,0.0,-0.0,0.00015271618,-48.600002,4.05,6.6000004,9.866770791547685,0.00015271618,0.15547956504931068,0.20022960843801463,9.862415921727086,,,,,,,,634080.0,,1,0,0,1,1
1789661133471.0,14.73,0.15523437,0.20039889,9.863514,0.0,-0.0,0.00015271618,-48.600002,4.05,6.6000004,9.866770791547685,0.00015271618,0.15552367569881403,0.20014314922778784,9.862400374521327,,,,,,,,634080.0,,1,0,0,1,1
1789661133481.0,14.74,0.15523437,0.20039889,9.863514,0.0,-0.0,0.00015271618,-48.600002,4.05,6.6000004,9.866770791547685,0.00015271618,0.15526626644654745,0.20031134300261813,9.86390232937829,,,,,,,,634080.0,,1,0,0,1,1
1789661133491.0,14.75,0.15523437,0.20039889,9.863514,0.0,-0.0,0.00015271618,-48.600002,4.05,6.6000004,9.866770791547685,0.00015271618,0.15485115887294704,0.20055633521566718,9.866436251908297,,,,,,,,634080.0,,1,0,0,1,1
1789661133501.0,14.76,0.15463616,0.200698,9.871291,0.0,-0.0,0.00015271618,-48.600002,4.05,6.6000004,9.874541915241664,0.00015271618,0.1545089698666828,0.20072809745108286,9.869108276550586,,,,,,,,634080.0,,1,0,0,1,1
1789661133511.0,14.77,0.15463616,0.200698,9.871291,0.0,-0.0,0.00015271618,-48.600002,4.05,6.6000004,9.874541915241664,0.00015271618,0.15449879984801781,0.2007487300529372,9.870935964827739,,,,,,,,634080.0,,1,0,0,1,1
1789661133521.0,14.78,0.15463616,0.200698,9.871291,0.0,-0.0,0.00015271618,-48.600002,4.05,6.6000004,9.874541915241664,0.00015271618,0.1549765044854501,0.2006231489589945,9.871322941194395,,,,,,,,634080.0,,1,0,0,1,1
1789661133531.0,14.79,0.15463616,0.200698,9.871291,0.0,-0.0,0.00015271618,-48.600002,4.05,6.6000004,9.874541915241664,0.00015271618,0.15585799257774652,0.2004290892192236,9.870371342158128,,,,,,,,634080.0,,1,0,0,1,1
1789661133541.0,14.8,0.15792629,0.2000998,9.867104,0.0,-0.00015271618,0.00015271618,-48.600002,4.05,6.6000004,9.870396242798423,0.0002159732929498108,0.1568205135894205,0.20027651759423631,9.868773859581726,,,,,,,,634080.0,,1,0,0,1,1
1789661133551.0,14.81,0.15792629,0.2000998,9.867104,0.0,-0.00015271618,0.00015271618,-48.600002,4.05,6.6000004,9.870396242798423,0.0002159732929498108,0.15750729712017283,0.20023329281431437,9.867361576177577,,,,,,,,634080.0,,1,0,0,1,1
1789661133561.0,14.82,0.15792629,0.2000998,9.867104,0.0,-0.00015271618,0.00015271618,-49.800003,4.2000003,7.5750003,9.870396242798423,0.0002159732929498108,0.15780319023683018,0.20025602729287506,9.866647894713555,,,,,,,,634080.0,,1,0,0,1,1
1789661133571.0,14.83,0.15792629,0.2000998,9.867104,0.0,-0.00015271618,0.00015271618,-49.800003,4.2000003,7.5750003,9.870396242798423,0.0002159732929498108,0.15793668027151242,0.20019335774022934,9.866665392248871,,,,,,,,634080.0,,1,0,0,1,1
1789661133581.0,14.84,0.15792629,0.2000998,9.867104,0.0,-0.00015271618,0.00015271618,-49.800003,4.2000003,7.5750003,9.870396242798423,0.0002159732929498108,0.15828700464278841,0.19989229746632478,9.867122478988229,,,,,,,,634080.0,,1,0,0,1,1
1789661133591.0,14.85,0.15792629,0.2000998,9.867104,0.0,-0.00015271618,0.00015271618,-49.800003,4.2000003,7.5750003,9.870396242798423,0.0002159732929498108,0.15903428717351628,0.19934694777801196,9.867685962132397,,,,,,,,634080.0,,1,0,0,1,1
1789661133601.0,14.86,0.16061822,0.19830517,9.868897,0.0,-0.00015271618,0.00015271618,-49.800003,4.2000003,7.5750003,9.872195862605933,0.0002159732929498108,0.15994534371437627,0.19876072440530376,9.868187306150036,,,,,,,,634080.0,,1,0,0,1,1
1789661133611.0,14.87,0.16061822,0.19830517,9.868897,0.0,-0.00015271618,0.00015271618,-49.800003,4.2000003,7.5750003,9.872195862605933,0.0002159732929498108,0.16049605133863626,0.19843299265378678,9.868664738321979,,,,,,,,634080.0,,1,0,0,1,1
1789661133621.0,14.88,0.16061822,0.19830517,9.868897,0.0,-0.00015271618,0.00015271618,-49.800003,4.2000003,7.5750003,9.872195862605933,0.0002159732929498108,0.16025952004029706,0.19852559488086546,9.869249186071835,,,,,,,,634080.0,,1,0,0,1,1
1789661133631.0,14.89,0.16061822,0.19830517,9.868897,0.0,-0.00015271618,0.00015271618,-49.800003,4.2000003,7.5750003,9.872195862605933,0.0002159732929498108,0.1592561968711066,0.19889591756691016,9.869975853457559,,,,,,,,634080.0,,1,0,0,1,1
1789661133641.0,14.9,0.15643078,0.19950159,9.871291,0.0,-0.0010690133,0.00015271618,-49.800003,4.2000003,7.5750003,9.874545937916585,0.0010798665043470338,0.15796765566115642,0.19917156274370362,9.870674418821451,,,,,,,,634080.0,,1,0,0,1,1
1789661133651.0,14.91,0.15643078,0.19950159,9.871291,0.0,-0.0010690133,0.00015271618,-49.800003,4.2000003,7.5750003,9.874545937916585,0.0010798665043470338,0.15697792232879484,0.1990707598694773,9.871069126362123,,,,,,,,634080.0,,1,0,0,1,1
1789661133661.0,14.92,0.15643078,0.19950159,9.871291,0.0,-0.0010690133,0.00015271618,-50.250004,3.9,8.400001,9.874545937916585,0.0010798665043470338,0.1565257061379495,0.1987511590012564,9.871049306641819,,,,,,,,634080.0,,1,0,0,1,1
1789661133671.0,14.93,0.15643078,0.19950159,9.871291,0.0,-0.0010690133,0.00015271618,-50.250004,3.9,8.400001,9.874545937916585,0.0010798665043470338,0.15634659892825198,0.1988652418698589,9.870886584195063,,,,,,,,634080.0,,1,0,0,1,1
1789661133681.0,14.94,0.15643078,0.19950159,9.871291,0.0,-0.0010690133,0.00015271618,-50.250004,3.9,8.400001,9.874545937916585,0.0010798665043470338,0.15594918064658764,0.20014575463523174,9.871165963661294,,,,,,,,634080.0,,1,0,0,1,1
1789661133691.0,14.95,0.15643078,0.19950159,9.871291,0.0,-0.0010690133,0.00015271618,-50.250004,3.9,8.400001,9.874545937916585,0.0010798665043470338,0.155100941905313,0.202715634039163,9.872388909574696,,,,,,,,634080.0,,1,0,0,1,1
1789661133701.0,14.96,0.15343975,0.20727827,9.875179,0.0,-0.0010690133,0.00015271618,-50.250004,3.9,8.400001,9.87854586060799,0.0010798665043470338,0.15411413597187096,0.20565516121570726,9.874459612385863,,,,,,,,634080.0,,1,0,0,1,1
1789661133711.0,14.97,0.15343975,0.20727827,9.875179,0.0,-0.0010690133,0.00015271618,-50.250004,3.9,8.400001,9.87854586060799,0.0010798665043470338,0.15367114276941904,0.20730263392353157,9.876414141857081,,,,,,,,634080.0,,1,0,0,1,1
1789661133721.0,14.98,0.15343975,0.20727827,9.875179,0.0,-0.0010690133,0.00015271618,-50.250004,3.9,8.400001,9.87854586060799,0.0010798665043470338,0.1543047387614013,0.2062272008163354,9.876696856047278,,,,,,,,634080.0,,1,0,0,1,1
1789661133731.0,14.99,0.15343975,0.20727827,9.875179,0.0,-0.0010690133,0.00015271618,-50.250004,3.9,8.400001,9.87854586060799,0.0010798665043470338,0.15595498543425054,0.20220778931030098,9.874008399681124,,,,,,,,634080.0,,1,0,0,1,1
1789661133741.0,15.0,0.16331014,0.18873389,9.876077,0.0,-0.0010690133,0.00015271618,-50.250004,3.9,8.400001,9.879230111349283,0.0010798665043470338,0.15797612092707397,0.1964717743120852,9.868301360290706,,,,,,,,634080.0,,1,0,0,1,1
1789661133751.0,15.01,0.1585245,0.19082761,9.853943,0.0,0.00015271618,-0.0007635809,-50.250004,3.9,8.400001,9.857065376727881,0.0007787027818613482,0.159557902908186,0.19105297355943904,9.861169135889808,,,,,,,,634080.0,,1,0,0,1,1
1789661133761.0,15.02,0.1585245,0.19082761,9.853943,0.0,0.00015271618,-0.0007635809,-49.800003,3.9750001,7.275,9.857065376727881,0.0007787027818613482,0.16015032449644256,0.18785430762758412,9.855147612586867,,,,,,,,634080.0,,1,0,0,1,1
1789661133771.0,15.03,0.1585245,0.19082761,9.853943,0.0,0.00015271618,-0.0007635809,-49.800003,3.9750001,7.275,9.857065376727881,0.0007787027818613482,0.15957449408962207,0.1880450706502851,9.852321945104269,,,,,,,,634080.0,,1,0,0,1,1
1789661133781.0,15.04,0.1585245,0.19082761,9.853943,0.0,0.00015271618,-0.0007635809,-49.800003,3.9750001,7.275,9.857065376727881,0.0007787027818613482,0.157932139086844,0.19180976306943617,9.853237057752745,,,,,,,,634080.0,,1,0,0,1,1
1789661133791.0,15.05,0.1585245,0.19082761,9.853943,0.0,0.00015271618,-0.0007635809,-49.800003,3.9750001,7.275,9.857065376727881,0.0007787027818613482,0.15558981072076897,0.19814969882034708,9.85679128384783,,,,,,,,634080.0,,1,0,0,1,1
1789661133801.0,15.06,0.15134603,0.20967108,9.864411,0.0,0.00015271618,-0.0007635809,-49.800003,3.9750001,7.275,9.867799752706079,0.0007787027818613482,0.15322346145126112,0.20487021887007262,9.861010006050813,,,,,,,,634080.0,,1,0,0,1,1
1789661133811.0,15.07,0.15134603,0.20967108,9.864411,0.0,0.00015271618,-0.0007635809,-49.800003,3.9750001,7.275,9.867799752706079,0.0007787027818613482,0.15166683840492512,0.20923597262818766,9.864116177901224,,,,,,,,634080.0,,1,0,0,1,1
1789661133821.0,15.08,0.15134603,0.20967108,9.864411,0.0,0.00015271618,-0.0007635809,-49.800003,3.9750001,7.275,9.867799752706079,0.0007787027818613482,0.1515036581907348,0.20927269902002876,9.865285715407984,,,,,,,,634080.0,,1,0,0,1,1
1789661133831.0,15.09,0.15134603,0.20967108,9.864411,0.0,0.00015271618,-0.0007635809,-49.800003,3.9750001,7.275,9.867799752706079,0.0007787027818613482,0.1526998095271725,0.2048895172962786,9.864748566607116,,,,,,,,634080.0,,1,0,0,1,1
1789661133841.0,15.1,0.15672988,0.1905285,9.862318,0.0,-0.00015271618,-0.0007635809,-49.800003,3.9750001,7.275,9.865403270911994,0.0007787027818613482,0.15460996063420335,0.19795079774219085,9.863343228145313,,,,,,,,634080.0,,1,0,0,1,1
1789661133851.0,15.11,0.15672988,0.1905285,9.862318,0.0,-0.00015271618,-0.0007635809,-49.800003,3.9750001,7.275,9.865403270911994,0.0007787027818613482,0.15636974342226015,0.19126841252970866,9.861961056920897,,,,,,,,634080.0,,1,0,0,1,1
1789661133861.0,15.12,0.15672988,0.1905285,9.862318,0.0,-0.00015271618,-0.0007635809,-49.500004,3.9750001,7.3500004,9.865403270911994,0.0007787027818613482,0.15735896810288422,0.18732262818907408,9.861247416905048,,,,,,,,634080.0,,1,0,0,1,1
1789661133871.0,15.13,0.15672988,0.1905285,9.862318,0.0,-0.00015271618,-0.0007635809,-49.500004,3.9750001,7.3500004,9.865403270911994,0.0007787027818613482,0.15741415862014307,0.18748632713780317,9.861571875712468,,,,,,,,634080.0,,1,0,0,1,1
1789661133881.0,15.14,0.15672988,0.1905285,9.862318,0.0,-0.00015271618,-0.0007635809,-49.500004,3.9750001,7.3500004,9.865403270911994,0.0007787027818613482,0.1567448546235899,0.19179604087417645,9.863033518534337,,,,,,,,634080.0,,1,0,0,1,1
1789661133891.0,15.15,0.15672988,0.1905285,9.862318,0.0,-0.00015271618,-0.0007635809,-49.500004,3.9750001,7.3500004,9.865403270911994,0.0007787027818613482,0.15573944367355028,0.19893271716587463,9.865374123439626,,,,,,,,634080.0,,1,0,0,1,1
1789661133901.0,15.16,0.15433706,0.21296121,9.870692,0.0,-0.00015271618,-0.0007635809,-49.500004,3.9750001,7.3500004,9.874195307158862,0.0007787027818613482,0.15481543055145555,0.2064745765099617,9.867956699481839,,,,,,,,634080.0,,1,0,0,1,1
1789661133911.0,15.17,0.15433706,0.21296121,9.870692,0.0,-0.00015271618,-0.0007635809,-49.500004,3.9750001,7.3500004,9.874195307158862,0.0007787027818613482,0.15431301178787754,0.21177490729107554,9.870014840666657,,,,,,,,634080.0,,1,0,0,1,1
1789661133921.0,15.18,0.15433706,0.21296121,9.870692,0.0,-0.00015271618,-0.0007635809,-49.500004,3.9750001,7.3500004,9.874195307158862,0.0007787027818613482,0.15438644807885313,0.2132644831898982,9.871078429236226,,,,,,,,634080.0,,1,0,0,1,1
1789661133931.0,15.19,0.15433706,0.21296121,9.870692,0.0,-0.00015271618,-0.0007635809,-49.500004,3.9750001,7.3500004,9.874195307158862,0.0007787027818613482,0.15492749335065084,0.21128110772879227,9.871228299186418,,,,,,,,634080.0,,1,0,0,1,1
1789661133941.0,15.2,0.15613168,0.20428723,9.870992,0.0,-0.0007635809,0.00015271618,-49.500004,3.9750001,7.3500004,9.874340152025587,0.0007787027818613482,0.15560611811006,0.20772605706887445,9.870969510945724,,,,,,,,634080.0,,1,0,0,1,1
1789661133951.0,15.21,0.15613168,0.20428723,9.870992,0.0,-0.0007635809,0.00015271618,-49.500004,3.9750001,7.3500004,9.874340152025587,0.0007787027818613482,0.15605383218392976,0.20478269795797732,9.870847678437643,,,,,,,,634080.0,,1,0,0,1,1
1789661133961.0,15.22,0.15613168,0.20428723,9.870992,0.0,-0.0007635809,0.00015271618,-49.275,4.125,6.525,9.874340152025587,0.0007787027818613482,0.1561000217290339,0.20362680995896723,9.871087024801847,,,,,,,,634080.0,,1,0,0,1,1
1789661133971.0,15.23,0.15613168,0.20428723,9.870992,0.0,-0.0007635809,0.00015271618,-49.275,4.125,6.525,9.874340152025587,0.0007787027818613482,0.15590734142982915,0.20395138885037142,9.87145019637431,,,,,,,,634080.0,,1,0,0,1,1
1789661133981.0,15.24,0.15613168,0.20428723,9.870992,0.0,-0.0007635809,0.00015271618,-49.275,4.125,6.525,9.874340152025587,0.0007787027818613482,0.15589460520574422,0.20446593929101875,9.871384656653795,,,,,,,,634080.0,,1,0,0,1,1
1789661133991.0,15.25,0.15613168,0.20428723,9.870992,0.0,-0.0007635809,0.00015271618,-49.275,4.125,6.525,9.874340152025587,0.0007787027818613482,0.15646099759716298,0.20391188788960102,9.870398880367494,,,,,,,,634080.0,,1,0,0,1,1
1789661134001.0,15.26,0.15613168,0.20428723,9.870992,0.0,-0.0007635809,0.00015271618,-49.275,4.125,6.525,9.874340152025587,0.0007787027818613482,0.1576687448548573,0.20192903859746741,9.868466199347607,,,,,,,,634080.0,,1,0,0,1,1
1789661134011.0,15.27,0.16031912,0.19710876,9.863813,0.0,-0.0007635809,0.00015271618,-49.275,4.125,6.525,9.86708472561553,0.0007787027818613482,0.1591151292092927,0.19928054917647825,9.866157706424774,,,,,,,,634080.0,,1,0,0,1,1
1789661134021.0,15.28,0.16031912,0.19710876,9.863813,0.0,-0.0007635809,0.00015271618,-49.275,4.125,6.525,9.86708472561553,0.0007787027818613482,0.16013175005909538,0.19733836756950368,9.864342007939152,,,,,,,,634080.0,,1,0,0,1,1
1789661134031.0,15.29,0.16031912,0.19710876,9.863813,0.0,-0.0007635809,0.00015271618,-49.275,4.125,6.525,9.86708472561553,0.0007787027818613482,0.16020401665284434,0.19718441376122123,9.863643116709863,,,,,,,,634080.0,,1,0,0,1,1
1789661134041.0,15.3,0.16031912,0.19710876,9.863813,0.0,-0.0007635809,0.00015271618,-49.275,4.125,6.525,9.86708472561553,0.0007787027818613482,0.1593086478978947,0.1989279342947075,9.864076036682576,,,,,,,,634080.0,,1,0,0,1,1
1789661134051.0,15.31,0.15643078,0.20428723,9.866206,0.0,0.00015271618,0.00015271618,-49.275,4.125,6.525,9.869560511781083,0.0002159732929498108,0.15791881195993054,0.20166927043023433,9.865118043766214,,,,,,,,634080.0,,1,0,0,1,1
1789661134061.0,15.32,0.15643078,0.20428723,9.866206,0.0,0.00015271618,0.00015271618,-49.725002,3.9,7.275,9.869560511781083,0.0002159732929498108,0.1566885738824314,0.204073027781031,9.866099786994907,,,,,,,,634080.0,,1,0,0,1,1
1789661134071.0,15.33,0.15643078,0.20428723,9.866206,0.0,0.00015271618,0.00015271618,-49.725002,3.9,7.275,9.869560511781083,0.0002159732929498108,0.15606844188701574,0.20511654777923977,9.866589609917364,,,,,,,,634080.0,,1,0,0,1,1
1789661134081.0,15.34,0.15643078,0.20428723,9.866206,0.0,0.00015271618,0.00015271618,-49.725002,3.9,7.275,9.869560511781083,0.0002159732929498108,0.15611826402886647,0.20454635405401164,9.86653787276271,,,,,,,,634080.0,,1,0,0,1,1
1789661134091.0,15.35,0.15643078,0.20428723,9.866206,0.0,0.00015271618,0.00015271618,-49.725002,3.9,7.275,9.869560511781083,0.0002159732929498108,0.156585678696219,0.20286318054422633,9.866185099351558,,,,,,,,634080.0,,1,0,0,1,1
1789661134101.0,15.36,0.15732808,0.19950159,9.866206,0.0,0.00015271618,0.00015271618,-49.725002,3.9,7.275,9.869476877910248,0.0002159732929498108,0.15711860900673152,0.20095632680624392,9.865881067554799,,,,,,,,634080.0,,1,0,0,1,1
1789661134111.0,15.37,0.15732808,0.19950159,9.866206,0.0,0.00015271618,0.00015271618,-49.725002,3.9,7.275,9.869476877910248,0.0002159732929498108,0.15744478430437764,0.19962718029239299,9.865927897664983,,,,,,,,634080.0,,1,0,0,1,1
1789661134121.0,15.38,0.15732808,0.19950159,9.866206,0.0,0.00015271618,0.00015271618,-49.725002,3.9,7.275,9.869476877910248,0.0002159732929498108,0.15744302507632635,0.1992363681276469,9.866464503606426,,,,,,,,634080.0,,1,0,0,1,1
1789661134131.0,15.39,0.15732808,0.19950159,9.866206,0.0,0.00015271618,0.00015271618,-49.725002,3.9,7.275,9.869476877910248,0.0002159732929498108,0.15712641729091842,0.1996330977215533,9.867395237421597,,,,,,,,634080.0,,1,0,0,1,1
1789661134141.0,15.4,0.15613168,0.2009971,9.869496,0.0,-0.0010690133,-0.0009162971,-49.725002,3.9,7.275,9.872777128535011,0.0014079736542440345,0.156597359725587,0.20036267969001564,9.868418073836818,,,,,,,,634080.0,,1,0,0,1,1
1789661134151.0,15.41,0.15613168,0.2009971,9.869496,0.0,-0.0010690133,-0.0009162971,-49.725002,3.9,7.275,9.872777128535011,0.0014079736542440345,0.15602392088597236,0.20098003772305306,9.86919116125521,,,,,,,,634080.0,,1,0,0,1,1
1789661134161.0,15.42,0.15613168,0.2009971,9.869496,0.0,-0.0010690133,-0.0009162971,-49.725002,3.6750002,7.5000005,9.872777128535011,0.0014079736542440345,0.15564134750292125,0.20126159614888636,9.869551093183714,,,,,,,,634080.0,,1,0,0,1,1
1789661134171.0,15.43,0.15613168,0.2009971,9.869496,0.0,-0.0010690133,-0.0009162971,-49.725002,3.6750002,7.5000005,9.872777128535011,0.0014079736542440345,0.15572442610189738,0.2012241361753732,9.869610071675362,,,,,,,,634080.0,,1,0,0,1,1
1789661134181.0,15.44,0.15613168,0.2009971,9.869496,0.0,-0.0010690133,-0.0009162971,-49.725002,3.6750002,7.5000005,9.872777128535011,0.0014079736542440345,0.1564647770197367,0.20101244031806664,9.869643799986644,,,,,,,,634080.0,,1,0,0,1,1
1789661134191.0,15.45,0.15613168,0.2009971,9.869496,0.0,-0.0010690133,-0.0009162971,-49.725002,3.6750002,7.5000005,9.872777128535011,0.0014079736542440345,0.15778084782601243,0.20078096469683043,9.869858159246293,,,,,,,,634080.0,,1,0,0,1,1
1789661134201.0,15.46,0.16031912,0.200698,9.870394,0.0,-0.0010690133,-0.0009162971,-49.725002,3.6750002,7.5000005,9.87373584934687,0.0014079736542440345,0.1592255523769959,0.20064054048037383,9.87021530232361,,,,,,,,634080.0,,1,0,0,1,1
1789661134211.0,15.47,0.16031912,0.200698,9.870394,0.0,-0.0010690133,-0.0009162971,-49.725002,3.6750002,7.5000005,9.87373584934687,0.0014079736542440345,0.16015442554520645,0.20065213682478572,9.870444653015095,,,,,,,,634080.0,,1,0,0,1,1
1789661134221.0,15.48,0.16031912,0.200698,9.870394,0.0,-0.0010690133,-0.0009162971,-49.725002,3.6750002,7.5000005,9.87373584934687,0.0014079736542440345,0.16010552555205887,0.2008203445053666,9.870226762696952,,,,,,,,634080.0,,1,0,0,1,1
1789661134231.0,15.49,0.16031912,0.200698,9.870394,0.0,-0.0010690133,-0.0009162971,-49.725002,3.6750002,7.5000005,9.87373584934687,0.0014079736542440345,0.15911563657980893,0.20107992378785028,9.869419604910838,,,,,,,,634080.0,,1,0,0,1,1
1789661134241.0,15.5,0.15613168,0.2015953,9.866804,0.0,0.00015271618,0.00015271618,-49.725002,3.6750002,7.5000005,9.870098223467572,0.0002159732929498108,0.1577058431588392,0.20131411537174732,9.868175951049647,,,,,,,,634080.0,,1,0,0,1,1
1789661134251.0,15.51,0.15613168,0.2015953,9.866804,0.0,0.00015271618,0.00015271618,-49.725002,3.6750002,7.5000005,9.870098223467572,0.0002159732929498108,0.15652850252876996,0.20142978481716306,9.86689408492177,,,,,,,,634080.0,,1,0,0,1,1
1789661134261.0,15.52,0.15613168,0.2015953,9.866804,0.0,0.00015271618,0.00015271618,-48.975002,4.125,6.675,9.870098223467572,0.0002159732929498108,0.15594746212336705,0.20144761881727838,9.866066754934595,,,,,,,,634080.0,,1,0,0,1,1
1789661134271.0,15.53,0.15613168,0.2015953,9.866804,0.0,0.00015271618,0.00015271618,-48.975002,4.125,6.675,9.870098223467572,0.0002159732929498108,0.15587055416422327,0.2015202147536355,9.866113518635462,,,,,,,,634080.0,,1,0,0,1,1
1789661134281.0,15.54,0.15613168,0.2015953,9.866804,0.0,0.00015271618,0.00015271618,-48.975002,4.125,6.675,9.870098223467572,0.0002159732929498108,0.1559299924534939,0.2018320709914342,9.86720760439621,,,,,,,,634080.0,,1,0,0,1,1
1789661134291.0,15.55,0.15613168,0.2015953,9.866804,0.0,0.00015271618,0.00015271618,-48.975002,4.125,6.675,9.870098223467572,0.0002159732929498108,0.15583001553927386,0.2024415051809581,9.869110771396038,,,,,,,,634080.0,,1,0,0,1,1
1789661134301.0,15.56,0.15553348,0.20398813,9.8727865,0.0,0.00015271618,0.00015271618,-48.975002,4.125,6.675,9.876118422495958,0.0002159732929498108,0.1555860349743887,0.20319675387234895,9.871150750970957,,,,,,,,634080.0,,1,0,0,1,1
1789661134311.0,15.57,0.15553348,0.20398813,9.8727865,0.0,0.00015271618,0.00015271618,-48.975002,4.125,6.675,9.876118422495958,0.0002159732929498108,0.1554951767716918,0.20381118460058348,9.872490780585817,,,,,,,,634080.0,,1,0,0,1,1
1789661134321.0,15.58,0.15553348,0.20398813,9.8727865,0.0,0.00015271618,0.00015271618,-48.975002,4.125,6.675,9.876118422495958,0.0002159732929498108,0.15588040438204256,0.2040440038004611,9.872605121996758,,,,,,,,634080.0,,1,0,0,1,1
1789661134331.0,15.59,0.15553348,0.20398813,9.8727865,0.0,0.00015271618,0.00015271618,-48.975002,4.125,6.675,9.876118422495958,0.0002159732929498108,0.1568088569981371,0.20384165480596983,9.871618089468297,,,,,,,,634080.0,,1,0,0,1,1
1789661134341.0,15.6,0.1594218,0.20279172,9.868599,0.0,0.00015271618,0.00015271618,-48.975002,4.125,6.675,9.871969713021652,0.0002159732929498108,0.15800674255270447,0.20334548083271248,9.870208000256946,,,,,,,,634080.0,,1,0,0,1,1
1789661134351.0,15.61,0.1594218,0.20279172,9.868599,0.0,0.00015271618,0.00015271618,-48.975002,4.125,6.675,9.871969713021652,0.0002159732929498108,0.1590414932023702,0.20279718810253258,9.869116615873697,,,,,,,,634080.0,,1,0,0,1,1
1789661134361.0,15.62,0.1594218,0.20279172,9.868599,0.0,0.00015271618,0.00015271618,-48.975002,3.6750002,7.1250005,9.871969713021652,0.0002159732929498108,0.15961499232163634,0.20243795819632784,9.868633559585106,,,,,,,,634080.0,,1,0,0,1,1
1789661134371.0,15.63,0.1594218,0.20279172,9.868599,0.0,0.00015271618,0.00015271618,-48.975002,3.6750002,7.1250005,9.871969713021652,0.0002159732929498108,0.1597221675451249,0.20244968612210018,9.868453710194402,,,,,,,,634080.0,,1,0,0,1,1
1789661134381.0,15.64,0.1594218,0.20279172,9.868599,0.0,0.00015271618,0.00015271618,-48.975002,3.6750002,7.1250005,9.871969713021652,0.0002159732929498108,0.15957237632798407,0.20290642379055257,9.868004309042178,,,,,,,,634080.0,,1,0,0,1,1
1789661134391.0,15.65,0.1594218,0.20279172,9.868599,0.0,0.00015271618,0.00015271618,-48.975002,3.6750002,7.1250005,9.871969713021652,0.0002159732929498108,0.15938461716297384,0.20370408813753163,9.866959892356844,,,,,,,,634080.0,,1,0,0,1,1
1789661134401.0,15.66,0.1591227,0.20488544,9.863813,0.0,0.00015271618,0.00015271618,-48.975002,3.6750002,7.1250005,9.867223772477661,0.0002159732929498108,0.1592402331607756,0.2045231399265616,9.865523518461526,,,,,,,,634080.0,,1,0,0,1,1
1789661134411.0,15.67,0.1591227,0.20488544,9.863813,0.0,0.00015271618,0.00015271618,-48.975002,3.6750002,7.1250005,9.867223772477661,0.0002159732929498108,0.15908842575876522,0.20492529951835387,9.864266717627904,,,,,,,,634080.0,,1,0,0,1,1
1789661134421.0,15.68,0.1591227,0.20488544,9.863813,0.0,0.00015271618,0.00015271618,-48.975002,3.6750002,7.1250005,9.867223772477661,0.0002159732929498108,0.15886818687691157,0.2045920503963271,9.86369958384117,,,,,,,,634080.0,,1,0,0,1,1
1789661134431.0,15.69,0.1591227,0.20488544,9.863813,0.0,0.00015271618,0.00015271618,-48.975002,3.6750002,7.1250005,9.867223772477661,0.0002159732929498108,0.1586262398529844,0.20355351920389791,9.863940499712532,,,,,,,,634080.0,,1,0,0,1,1
1789661134441.0,15.7,0.1582254,0.200698,9.865608,0.0,0.00015271618,-0.00030543236,-48.975002,3.6750002,7.1250005,9.868917679972467,0.0003414837597440938,0.15850956140557054,0.2022076003069559,9.864707257529833,,,,,,,,634080.0,,1,0,0,1,1
1789661134451.0,15.71,0.1582254,0.200698,9.865608,0.0,0.00015271618,-0.00030543236,-48.975002,3.6750002,7.1250005,9.868917679972467,0.0003414837597440938,0.15860579053044477,0.20107748941874534,9.865548311862007,,,,,,,,634080.0,,1,0,0,1,1
1789661134461.0,15.72,0.1582254,0.200698,9.865608,0.0,0.00015271618,-0.00030543236,-49.65,3.525,7.3500004,9.868917679972467,0.0003414837597440938,0.15875412885481058,0.20048534661911954,9.866080395650823,,,,,,,,634080.0,,1,0,0,1,1
1789661134471.0,15.73,0.1582254,0.200698,9.865608,0.0,0.00015271618,-0.00030543236,-49.65,3.525,7.3500004,9.868917679972467,0.0003414837597440938,0.1585309363039403,0.20039872461450386,9.866091982017098,,,,,,,,634080.0,,1,0,0,1,1
1789661134481.0,15.74,0.1582254,0.200698,9.865608,0.0,0.00015271618,-0.00030543236,-49.65,3.525,7.3500004,9.868917679972467,0.0003414837597440938,0.15751136235510435,0.20054478298840583,9.865553991832439,,,,,,,,634080.0,,1,0,0,1,1
1789661134491.0,15.75,0.1582254,0.200698,9.865608,0.0,0.00015271618,-0.00030543236,-49.65,3.525,7.3500004,9.868917679972467,0.0003414837597440938,0.15565192294022145,0.20066039818004336,9.864637749827793,,,,,,,,634080.0,,1,0,0,1,1
1789661134501.0,15.76,0.15104693,0.200698,9.863514,0.0,0.00015271618,-0.00030543236,-49.65,3.525,7.3500004,9.866711878354533,0.0003414837597440938,0.153452775718237,0.20067218710166612,9.86373362010065,,,,,,,,634080.0,,1,0,0,1,1
1789661134511.0,15.77,0.15104693,0.200698,9.863514,0.0,0.00015271618,-0.00030543236,-49.65,3.525,7.3500004,9.866711878354533,0.0003414837597440938,0.15168896457667416,0.20069734935716851,9.863359293995082,,,,,,,,634080.0,,1,0,0,1,1
1789661134521.0,15.78,0.15104693,0.200698,9.863514,0.0,0.00015271618,-0.00030543236,-49.65,3.525,7.3500004,9.866711878354533,0.0003414837597440938,0.150892903560976,0.20089944870069804,9.86390964612266,,,,,,,,634080.0,,1,0,0,1,1
1789661134531.0,15.79,0.15104693,0.200698,9.863514,0.0,0.00015271618,-0.00030543236,-49.65,3.525,7.3500004,9.866711878354533,0.0003414837597440938,0.15102257279946438,0.20132474316339438,9.865384822554297,,,,,,,,634080.0,,1,0,0,1,1
1789661134541.0,15.8,0.15224335,0.20249261,9.869496,0.0,0.00015271618,0.00015271618,-49.65,3.525,7.3500004,9.872746962661397,0.0002159732929498108,0.15157702381507937,0.20184846929443304,9.8673282395536,,,,,,,,634080.0,,1,0,0,1,1
1789661134551.0,15.81,0.15224335,0.20249261,9.869496,0.0,0.00015271618,0.00015271618,-49.65,3.525,7.3500004,9.872746962661397,0.0002159732929498108,0.15202398308139242,0.2022724109083418,9.8690647975093,,,,,,,,634080.0,,1,0,0,1,1
1789661134561.0,15.82,0.15224335,0.20249261,9.869496,0.0,0.00015271618,0.00015271618,-50.025,3.7500002,7.9500003,9.872746962661397,0.0002159732929498108,0.15217995183917007,0.20248705331239067,9.870063623417767,,,,,,,,634080.0,,1,0,0,1,1
1789661134571.0,15.83,0.15224335,0.20249261,9.869496,0.0,0.00015271618,0.00015271618,-50.025,3.7500002,7.9500003,9.872746962661397,0.0002159732929498108,0.15227230789381577,0.2025540645644696,9.870152900416638,,,,,,,,634080.0,,1,0,0,1,1
1789661134581.0,15.84,0.15224335,0.20249261,9.869496,0.0,0.00015271618,0.00015271618,-50.025,3.7500002,7.9500003,9.872746962661397,0.0002159732929498108,0.1526771794064206,0.2026385837730976,9.869495675206545,,,,,,,,634080.0,,1,0,0,1,1
1789661134591.0,15.85,0.15224335,0.20249261,9.869496,0.0,0.00015271618,0.00015271618,-50.025,3.7500002,7.9500003,9.872746962661397,0.0002159732929498108,0.1535625962747511,0.20285429694137963,9.868449294820033,,,,,,,,634080.0,,1,0,0,1,1
1789661134601.0,15.86,0.15613168,0.20338993,9.866804,0.0,0.00015271618,0.00015271618,-50.025,3.7500002,7.9500003,9.870135041606119,0.0002159732929498108,0.15472463046570992,0.20315403311735775,9.867434370995607,,,,,,,,634080.0,,1,0,0,1,1
1789661134611.0,15.87,0.15613168,0.20338993,9.866804,0.0,0.00015271618,0.00015271618,-50.025,3.7500002,7.9500003,9.870135041606119,0.0002159732929498108,0.15573813732241074,0.20335464806304002,9.86682124163959,,,,,,,,634080.0,,1,0,0,1,1
1789661134621.0,15.88,0.15613168,0.20338993,9.866804,0.0,0.00015271618,0.00015271618,-50.025,3.7500002,7.9500003,9.870135041606119,0.0002159732929498108,0.15627446444614262,0.20327434544145762,9.866813632305453,,,,,,,,634080.0,,1,0,0,1,1
1789661134631.0,15.89,0.15613168,0.20338993,9.866804,0.0,0.00015271618,0.00015271618,-50.025,3.7500002,7.9500003,9.870135041606119,0.0002159732929498108,0.15631023768982216,0.2028728686532015,9.867374426342435,,,,,,,,634080.0,,1,0,0,1,1
1789661134641.0,15.9,0.15583257,0.2015953,9.869197,0.0,0.00015271618,0.00015271618,-50.025,3.7500002,7.9500003,9.872485699136964,0.0002159732929498108,0.15608154590214063,0.20228655175155513,9.868255798467532,,,,,,,,634080.0,,1,0,0,1,1
1789661134651.0,15.91,0.15583257,0.2015953,9.869197,0.0,0.00015271618,0.00015271618,-50.025,3.7500002,7.9500003,9.872485699136964,0.0002159732929498108,0.15586898783644404,0.2017392572830315,9.869119833964678,,,,,,,,634080.0,,1,0,0,1,1
1789661134661.0,15.92,0.15583257,0.2015953,9.869197,0.0,0.00015271618,0.00015271618,-50.025,4.05,7.425,9.872485699136964,0.0002159732929498108,0.1558045257065382,0.20141137515862476,9.869661464071955,,,,,,,,634080.0,,1,0,0,1,1
1789661134671.0,15.93,0.15583257,0.2015953,9.869197,0.0,0.00015271618,0.00015271618,-50.025,4.05,7.425,9.872485699136964,0.0002159732929498108,0.15582626219507414,0.20136785651550562,9.869671575681469,,,,,,,,634080.0,,1,0,0,1,1
1789661134681.0,15.94,0.15583257,0.2015953,9.869197,0.0,0.00015271618,0.00015271618,-50.025,4.05,7.425,9.872485699136964,0.0002159732929498108,0.15577996198278132,0.20157018801605187,9.869071497055407,,,,,,,,634080.0,,1,0,0,1,1
1789661134691.0,15.95,0.15583257,0.2015953,9.869197,0.0,0.00015271618,0.00015271618,-50.025,4.05,7.425,9.872485699136964,0.0002159732929498108,0.15557611879006397,0.2019208656182541,9.867972652487252,,,,,,,,634080.0,,1,0,0,1,1
1789661134701.0,15.96,0.15523437,0.20249261,9.865907,0.0,0.00015271618,0.00015271618,-50.025,4.05,7.425,9.869205738020812,0.0002159732929498108,0.15528958053301636,0.2022923153424986,9.866722082296894,,,,,,,,634080.0,,1,0,0,1,1
1789661134711.0,15.97,0.15523437,0.20249261,9.865907,0.0,0.00015271618,0.00015271618,-50.025,4.05,7.425,9.869205738020812,0.0002159732929498108,0.15512787471422354,0.20254227155563123,9.8658252939651,,,,,,,,634080.0,,1,0,0,1,1
1789661134721.0,15.98,0.15523437,0.20249261,9.865907,0.0,0.00015271618,0.00015271618,-50.025,4.05,7.425,9.869205738020812,0.0002159732929498108,0.155275723375268,0.20253913099482912,9.86571671747135,,,,,,,,634080.0,,1,0,0,1,1
1789661134731.0,15.99,0.15523437,0.20249261,9.865907,0.0,0.00015271618,0.00015271618,-50.025,4.05,7.425,9.869205738020812,0.0002159732929498108,0.15571563899566113,0.20220288413624324,9.866499671284398,,,,,,,,634080.0,,1,0,0,1,1
1789661134741.0,16.0,0.15433706,0.200698,9.866505,0.0,0.00015271618,0.00015271618,-50.025,4.05,7.425,9.869752809990656,0.0002159732929498108,0.15617521618840274,0.20154850551387254,9.867843997237866,,,,,,,,634080.0,,1,0,0,1,1
1789661134751.0,16.01,0.16061822,0.20189442,9.872188,0.0,0.00015271618,0.00015271618,-50.025,4.05,7.425,9.875558489359834,0.0002159732929498108,0.1562872488810399,0.20071385267788594,9.869144474119814,,,,,,,,634080.0,,1,0,0,1,1
1789661134761.0,16.02,0.15403795,0.19950159,9.868897,0.0,-0.0009162971,-0.0010690133,-49.95,3.825,7.9500003,9.872115101185852,0.0014079736542440345,0.15585816456205218,0.19994685986586672,9.869850985109645,,,,,,,,634080.0,,1,0,0,1,1
1789661134771.0,16.03,0.15403795,0.19950159,9.868897,0.0,-0.0009162971,-0.0010690133,-49.95,3.825,7.9500003,9.872115101185852,0.0014079736542440345,0.15500214926759795,0.19952410857172453,9.869735700860803,,,,,,,,634080.0,,1,0,0,1,1
1789661134781.0,16.04,0.15403795,0.19950159,9.868897,0.0,-0.0009162971,-0.0010690133,-49.95,3.825,7.9500003,9.872115101185852,0.0014079736542440345,0.15402501204950844,0.19961166965268595,9.86893172113257,,,,,,,,634080.0,,1,0,0,1,1
1789661134791.0,16.05,0.15403795,0.19950159,9.868897,0.0,-0.0009162971,-0.0010690133,-49.95,3.825,7.9500003,9.872115101185852,0.0014079736542440345,0.15320775470777326,0.2001500125906231,9.86779110152169,,,,,,,,634080.0,,1,0,0,1,1
1789661134801.0,16.06,0.15254244,0.2015953,9.865907,0.0,-0.0009162971,-0.0010690133,-49.95,3.825,7.9500003,9.869145393276575,0.0014079736542440345,0.15269711352716078,0.2008656699805226,9.866708868421007,,,,,,,,634080.0,,1,0,0,1,1
1789661134811.0,16.07,0.15254244,0.2015953,9.865907,0.0,-0.0009162971,-0.0010690133,-49.95,3.825,7.9500003,9.869145393276575,0.0014079736542440345,0.1525259180465643,0.20142927016663656,9.865988331629115,,,,,,,,634080.0,,1,0,0,1,1
1789661134821.0,16.08,0.15254244,0.2015953,9.865907,0.0,-0.0009162971,-0.0010690133,-49.95,3.825,7.9500003,9.869145393276575,0.0014079736542440345,0.15265407310538684,0.20165483438794124,9.865758838326709,,,,,,,,634080.0,,1,0,0,1,1
1789661134831.0,16.09,0.15254244,0.2015953,9.865907,0.0,-0.0009162971,-0.0010690133,-49.95,3.825,7.9500003,9.869145393276575,0.0014079736542440345,0.15297586729307916,0.20159193725553673,9.865963216302394,,,,,,,,634080.0,,1,0,0,1,1
1789661134841.0,16.1,0.15373886,0.20129621,9.866804,0.0,-0.00045814854,0.00015271618,-49.95,3.825,7.9500003,9.870054557886215,0.000482930964360253,0.15333574372083844,0.20144665329524525,9.866417139453807,,,,,,,,634080.0,,1,0,0,1,1
1789661134851.0,16.11,0.15373886,0.20129621,9.866804,0.0,-0.00045814854,0.00015271618,-49.95,3.825,7.9500003,9.870054557886215,0.000482930964360253,0.1535940417692139,0.2013983952178272,9.866892587157894,,,,,,,,634080.0,,1,0,0,1,1
1789661134861.0,16.12,0.15373886,0.20129621,9.866804,0.0,-0.00045814854,0.00015271618,-49.95,3.7500002,7.65,9.870054557886215,0.000482930964360253,0.15370988586338732,0.20144910943342123,9.867172045634721,,,,,,,,634080.0,,1,0,0,1,1
1789661134871.0,16.13,0.15373886,0.20129621,9.866804,0.0,-0.00045814854,0.00015271618,-49.95,3.7500002,7.65,9.870054557886215,0.000482930964360253,0.1537643309187663,0.20141454329217626,9.867077979626115,,,,,,,,634080.0,,1,0,0,1,1
1789661134881.0,16.14,0.15373886,0.20129621,9.866804,0.0,-0.00045814854,0.00015271618,-49.95,3.7500002,7.65,9.870054557886215,0.000482930964360253,0.15388941666269174,0.20107335641130986,9.866525028450905,,,,,,,,634080.0,,1,0,0,1,1
1789661134891.0,16.15,0.15373886,0.20129621,9.866804,0.0,-0.00045814854,0.00015271618,-49.95,3.7500002,7.65,9.870054557886215,0.000482930964360253,0.15415504245489497,0.20037642761302255,9.865597629714829,,,,,,,,634080.0,,1,0,0,1,1
1789661134901.0,16.16,0.15493527,0.19890338,9.863514,0.0,-0.00045814854,0.00015271618,-49.95,3.7500002,7.65,9.866735829070393,0.000482930964360253,0.15450783275368718,0.19955352372883114,9.86456887352044,,,,,,,,634080.0,,1,0,0,1,1
1789661134911.0,16.17,0.15493527,0.19890338,9.863514,0.0,-0.00045814854,0.00015271618,-49.95,3.7500002,7.65,9.866735829070393,0.000482930964360253,0.15481139414854786,0.19900910036439978,9.863783030984534,,,,,,,,634080.0,,1,0,0,1,1
1789661134921.0,16.18,0.15493527,0.19890338,9.863514,0.0,-0.00045814854,0.00015271618,-49.95,3.7500002,7.65,9.866735829070393,0.000482930964360253,0.15494673153729396,0.19906265008679166,9.863458132448551,,,,,,,,634080.0,,1,0,0,1,1
1789661134931.0,16.19,0.15493527,0.19890338,9.863514,0.0,-0.00045814854,0.00015271618,-49.95,3.7500002,7.65,9.866735829070393,0.000482930964360253,0.1548837292461031,0.19972874255473402,9.863570132729281,,,,,,,,634080.0,,1,0,0,1,1
1789661134941.0,16.2,0.15433706,0.20189442,9.864411,0.0,0.00015271618,0.00015271618,-49.95,3.7500002,7.65,9.867683905650686,0.0002159732929498108,0.15467509964225437,0.20071072685110242,9.863914388766446,,,,,,,,634080.0,,1,0,0,1,1
1789661134951.0,16.21,0.15433706,0.20189442,9.864411,0.0,0.00015271618,0.00015271618,-49.95,3.7500002,7.65,9.867683905650686,0.0002159732929498108,0.15440485504886012,0.20160643199564404,9.864274350070948,,,,,,,,634080.0,,1,0,0,1,1
1789661134961.0,16.22,0.15433706,0.20189442,9.864411,0.0,0.00015271618,0.00015271618,-49.500004,3.9,7.275,9.867683905650686,0.0002159732929498108,0.1541582504219288,0.20214830738831294,9.864540882533985,,,,,,,,634080.0,,1,0,0,1,1
1789661134971.0,16.23,0.15433706,0.20189442,9.864411,0.0,0.00015271618,0.00015271618,-49.500004,3.9,7.275,9.867683905650686,0.0002159732929498108,0.15403626335382142,0.20229129776208804,9.864692650816696,,,,,,,,634080.0,,1,0,0,1,1
1789661134981.0,16.24,0.15433706,0.20189442,9.864411,0.0,0.00015271618,0.00015271618,-49.500004,3.9,7.275,9.867683905650686,0.0002159732929498108,0.15416548830110305,0.2021266249211809,9.864690898086069,,,,,,,,634080.0,,1,0,0,1,1
1789661134991.0,16.25,0.15433706,0.20189442,9.864411,0.0,0.00015271618,0.00015271618,-49.500004,3.9,7.275,9.867683905650686,0.0002159732929498108,0.15464206835722766,0.20175821277774952,9.864426312219177,,,,,,,,634080.0,,1,0,0,1,1
1789661135001.0,16.26,0.15433706,0.20189442,9.864411,0.0,0.00015271618,0.00015271618,-49.500004,3.9,7.275,9.867683905650686,0.0002159732929498108,0.15542902539439246,0.20126815940470405,9.863805451080696,,,,,,,,634080.0,,1,0,0,1,1
1789661135011.0,16.27,0.15732808,0.20039889,9.862617,0.0,0.00015271618,0.00015271618,-49.500004,3.9,7.275,9.865907253190592,0.0002159732929498108,0.15631657749835648,0.2007621283241673,9.862924226103063,,,,,,,,634080.0,,1,0,0,1,1
1789661135021.0,16.28,0.15732808,0.20039889,9.862617,0.0,0.00015271618,0.00015271618,-49.500004,3.9,7.275,9.865907253190592,0.0002159732929498108,0.15702649907316293,0.20039540018585542,9.86216998122221,,,,,,,,634080.0,,1,0,0,1,1
1789661135031.0,16.29,0.15732808,0.20039889,9.862617,0.0,0.00015271618,0.00015271618,-49.500004,3.9,7.275,9.865907253190592,0.0002159732929498108,0.1573942136651314,0.20031976826278802,9.86211121938921,,,,,,,,634080.0,,1,0,0,1,1
1789661135041.0,16.3,0.15732808,0.20039889,9.862617,0.0,0.00015271618,0.00015271618,-49.500004,3.9,7.275,9.865907253190592,0.0002159732929498108,0.15746370664323772,0.20059019173237114,9.86317083627688,,,,,,,,634080.0,,1,0,0,1,1
1789661135051.0,16.31,0.15732808,0.20039889,9.862617,0.0,0.00015271618,0.00015271618,-49.500004,3.9,7.275,9.865907253190592,0.0002159732929498108,0.15740603791084193,0.20112173086635826,9.865267561904579,,,,,,,,634080.0,,1,0,0,1,1
1789661135061.0,16.32,0.15702899,0.20279172,9.870094,0.0,-0.00045814854,0.00015271618,-49.425003,3.6750002,7.5000005,9.8734258570284,0.000482930964360253,0.1573379466984921,0.20175378604778085,9.867722170330664,,,,,,,,634080.0,,1,0,0,1,1
1789661135071.0,16.33,0.15702899,0.20279172,9.870094,0.0,-0.00045814854,0.00015271618,-49.425003,3.6750002,7.5000005,9.8734258570284,0.000482930964360253,0.15720388158867382,0.20238086190261104,9.869592864877644,,,,,,,,634080.0,,1,0,0,1,1
1789661135081.0,16.34,0.15702899,0.20279172,9.870094,0.0,-0.00045814854,0.00015271618,-49.425003,3.6750002,7.5000005,9.8734258570284,0.000482930964360253,0.1568304111139949,0.20302048764679687,9.870250142037513,,,,,,,,634080.0,,1,0,0,1,1
1789661135091.0,16.35,0.15702899,0.20279172,9.870094,0.0,-0.00045814854,0.00015271618,-49.425003,3.6750002,7.5000005,9.8734258570284,0.000482930964360253,0.1561203202085867,0.20372270316390098,9.869759830542487,,,,,,,,634080.0,,1,0,0,1,1
1789661135101.0,16.36,0.15463616,0.20458634,9.868001,0.0,-0.00045814854,0.00015271618,-49.425003,3.6750002,7.5000005,9.871332820267744,0.000482930964360253,0.15522843236198897,0.20439271767512854,9.868789096539864,,,,,,,,634080.0,,1,0,0,1,1
1789661135111.0,16.37,0.15463616,0.20458634,9.868001,0.0,-0.00045814854,0.00015271618,-49.425003,3.6750002,7.5000005,9.871332820267744,0.000482930964360253,0.15455677452751487,0.20472430267113764,9.868131525863333,,,,,,,,634080.0,,1,0,0,1,1
1789661135121.0,16.38,0.15463616,0.20458634,9.868001,0.0,-0.00045814854,0.00015271618,-49.425003,3.6750002,7.5000005,9.871332820267744,0.000482930964360253,0.15454175076559257,0.20436193350757595,9.868207167085716,,,,,,,,634080.0,,1,0,0,1,1
1789661135131.0,16.39,0.15463616,0.20458634,9.868001,0.0,-0.00045814854,0.00015271618,-49.425003,3.6750002,7.5000005,9.871332820267744,0.000482930964360253,0.15537115243942023,0.20318835791351517,9.868869332772125,,,,,,,,634080.0,,1,0,0,1,1
1789661135141.0,16.4,0.15643078,0.200698,9.871889,0.0,-0.00045814854,0.00015271618,-49.425003,3.6750002,7.5000005,9.875167983606984,0.000482930964360253,0.15683282146921318,0.20149020242026985,9.86961283414112,,,,,,,,634080.0,,1,0,0,1,1
1789661135151.0,16.41,0.15972091,0.19890338,9.869496,0.0,0.00015271618,0.00015271618,-49.425003,3.6750002,7.5000005,9.872792138887695,0.0002159732929498108,0.15841520619983118,0.19983662589445708,9.869992998726932,,,,,,,,634080.0,,1,0,0,1,1
1789661135161.0,16.42,0.15972091,0.19890338,9.869496,0.0,0.00015271618,0.00015271618,-50.100002,3.825,8.475,9.872792138887695,0.0002159732929498108,0.1595987430560006,0.19875368837372862,9.869925853160487,,,,,,,,634080.0,,1,0,0,1,1
1789661135171.0,16.43,0.15972091,0.19890338,9.869496,0.0,0.00015271618,0.00015271618,-50.100002,3.825,8.475,9.872792138887695,0.0002159732929498108,0.16012639291584643,0.1984512574923271,9.869666986873336,,,,,,,,634080.0,,1,0,0,1,1
1789661135181.0,16.44,0.15972091,0.19890338,9.869496,0.0,0.00015271618,0.00015271618,-50.100002,3.825,8.475,9.872792138887695,0.0002159732929498108,0.1600704195780263,0.19878599923372664,9.869547418218161,,,,,,,,634080.0,,1,0,0,1,1
1789661135191.0,16.45,0.15972091,0.19890338,9.869496,0.0,0.00015271618,0.00015271618,-50.100002,3.825,8.475,9.872792138887695,0.0002159732929498108,0.15970261474577513,0.19942851628232575,9.869713297110817,,,,,,,,634080.0,,1,0,0,1,1
1789661135201.0,16.46,0.1594218,0.200698,9.870394,0.0,0.00015271618,0.00015271618,-50.100002,3.825,8.475,9.87372132039158,0.0002159732929498108,0.15932227544038466,0.20007762410110502,9.870053791688033,,,,,,,,634080.0,,1,0,0,1,1
1789661135211.0,16.47,0.1594218,0.200698,9.870394,0.0,0.00015271618,0.00015271618,-50.100002,3.825,8.475,9.87372132039158,0.0002159732929498108,0.15916470768983942,0.20059155642203003,9.870325293529769,,,,,,,,634080.0,,1,0,0,1,1
1789661135221.0,16.48,0.1594218,0.200698,9.870394,0.0,0.00015271618,0.00015271618,-50.100002,3.825,8.475,9.87372132039158,0.0002159732929498108,0.15938671494737044,0.20098763343757872,9.870348524866602,,,,,,,,634080.0,,1,0,0,1,1
1789661135231.0,16.49,0.1594218,0.200698,9.870394,0.0,0.00015271618,0.00015271618,-50.100002,3.825,8.475,9.87372132039158,0.0002159732929498108,0.16005763453695857,0.201341418726069,9.870131454471622,,,,,,,,634080.0,,1,0,0,1,1
1789661135241.0,16.5,0.16211374,0.20219351,9.869496,0.0,0.00015271618,0.00015271618,-50.100002,3.825,8.475,9.872897972439445,0.0002159732929498108,0.16111345259222123,0.20168129889002037,9.86984036776311,,,,,,,,634080.0,,1,0,0,1,1
1789661135251.0,16.51,0.16211374,0.20219351,9.869496,0.0,0.00015271618,0.00015271618,-50.100002,3.825,8.475,9.872897972439445,0.0002159732929498108,0.16228998514282947,0.2019697213869502,9.869651292022759,,,,,,,,634080.0,,1,0,0,1,1
1789661135261.0,16.52,0.16211374,0.20219351,9.869496,0.0,0.00015271618,0.00015271618,-50.025,3.7500002,7.1250005,9.872897972439445,0.0002159732929498108,0.1630940324571991,0.2021673817390248,9.869597942112003,,,,,,,,634080.0,,1,0,0,1,1
1789661135271.0,16.53,0.16211374,0.20219351,9.869496,0.0,0.00015271618,0.00015271618,-50.025,3.7500002,7.1250005,9.872897972439445,0.0002159732929498108,0.16290736886099894,0.20229133961041662,9.869536278705722,,,,,,,,634080.0,,1,0,0,1,1
1789661135281.0,16.54,0.16211374,0.20219351,9.869496,0.0,0.00015271618,0.00015271618,-50.025,3.7500002,7.1250005,9.872897972439445,0.0002159732929498108,0.16129437342687217,0.2024028349010373,9.869260015913534,,,,,,,,634080.0,,1,0,0,1,1
1789661135291.0,16.55,0.16211374,0.20219351,9.869496,0.0,0.00015271618,0.00015271618,-50.025,3.7500002,7.1250005,9.872897972439445,0.0002159732929498108,0.15840041107659344,0.2025551133630599,9.86868100751748,,,,,,,,634080.0,,1,0,0,1,1
1789661135301.0,16.56,0.15194423,0.20338993,9.867104,0.0,0.00015271618,0.00015271618,-50.025,3.7500002,7.1250005,9.870369590824433,0.0002159732929498108,0.1550987395880232,0.2027754015020706,9.86792810774206,,,,,,,,634080.0,,1,0,0,1,1
1789661135311.0,16.57,0.15194423,0.20338993,9.867104,0.0,0.00015271618,0.00015271618,-50.025,3.7500002,7.1250005,9.870369590824433,0.0002159732929498108,0.1526160899363752,0.2030992721034561,9.867281229565226,,,,,,,,634080.0,,1,0,0,1,1
1789661135321.0,16.58,0.15194423,0.20338993,9.867104,0.0,0.00015271618,0.00015271618,-50.025,3.7500002,7.1250005,9.870369590824433,0.0002159732929498108,0.1518187404125368,0.20359378585059462,9.866998489621261,,,,,,,,634080.0,,1,0,0,1,1
1789661135331.0,16.59,0.15194423,0.20338993,9.867104,0.0,0.00015271618,0.00015271618,-50.025,3.7500002,7.1250005,9.870369590824433,0.0002159732929498108,0.15270594429709158,0.20430879938986787,9.86717531052461,,,,,,,,634080.0,,1,0,0,1,1
1789661135341.0,16.6,0.15643078,0.20608185,9.8682995,0.0,0.00015271618,0.00015271618,-50.025,3.7500002,7.1250005,9.871690601894443,0.0002159732929498108,0.15449618264598977,0.20518787486231035,9.867716102149878,,,,,,,,634080.0,,1,0,0,1,1
1789661135351.0,16.61,0.15643078,0.20608185,9.8682995,0.0,0.00015271618,0.00015271618,-50.025,3.7500002,7.1250005,9.871690601894443,0.0002159732929498108,0.1561805457236629,0.20602893196409294,9.868383782932423,,,,,,,,634080.0,,1,0,0,1,1
1789661135361.0,16.62,0.15643078,0.20608185,9.8682995,0.0,0.00015271618,0.00015271618,-50.175003,3.6000001,8.175,9.871690601894443,0.0002159732929498108,0.15708238906603442,0.20653778164400285,9.868857202374661,,,,,,,,634080.0,,1,0,0,1,1
1789661135371.0,16.63,0.15643078,0.20608185,9.8682995,0.0,0.00015271618,0.00015271618,-50.175003,3.6000001,8.175,9.871690601894443,0.0002159732929498108,0.15706629669164784,0.2064472109829743,9.86879706582609,,,,,,,,634080.0,,1,0,0,1,1
1789661135381.0,16.64,0.15643078,0.20608185,9.8682995,0.0,0.00015271618,0.00015271618,-50.175003,3.6000001,8.175,9.871690601894443,0.0002159732929498108,0.15639585572104994,0.2056563597178532,9.867982553083916,,,,,,,,634080.0,,1,0,0,1,1
1789661135391.0,16.65,0.15643078,0.20608185,9.8682995,0.0,0.00015271618,0.00015271618,-50.175003,3.6000001,8.175,9.871690601894443,0.0002159732929498108,0.15547510373627116,0.20432738657394164,9.866510870239392,,,,,,,,634080.0,,1,0,0,1,1
1789661135401.0,16.66,0.15403795,0.2009971,9.863813,0.0,0.00015271618,0.00015271618,-50.175003,3.6000001,8.175,9.867063110329113,0.0002159732929498108,0.15465860573118811,0.2028408538665659,9.86489908476411,,,,,,,,634080.0,,1,0,0,1,1
1789661135411.0,16.67,0.15403795,0.2009971,9.863813,0.0,0.00015271618,0.00015271618,-50.175003,3.6000001,8.175,9.867063110329113,0.0002159732929498108,0.15415329918282678,0.201575906973672,9.86390589767427,,,,,,,,634080.0,,1,0,0,1,1
1789661135421.0,16.68,0.15403795,0.2009971,9.863813,0.0,0.00015271618,0.00015271618,-50.175003,3.6000001,8.175,9.867063110329113,0.0002159732929498108,0.15397992278480852,0.20066396030137543,9.864106031507527,,,,,,,,634080.0,,1,0,0,1,1
1789661135431.0,16.69,0.15403795,0.2009971,9.863813,0.0,0.00015271618,0.00015271618,-50.175003,3.6000001,8.175,9.867063110329113,0.0002159732929498108,0.1540009613843068,0.19994218606286704,9.865508914987466,,,,,,,,634080.0,,1,0,0,1,1
1789661135441.0,16.7,0.15403795,0.19830517,9.869795,0.0,-0.0010690133,0.00015271618,-50.175003,3.6000001,8.175,9.872988705175041,0.0010798665043470338,0.1540256174020181,0.1991614730300945,9.867530443134696,,,,,,,,634080.0,,1,0,0,1,1
1789661135451.0,16.71,0.15403795,0.19830517,9.869795,0.0,-0.0010690133,0.00015271618,-50.175003,3.6000001,8.175,9.872988705175041,0.0010798665043470338,0.1539480114732776,0.19827533421563892,9.869351570838662,,,,,,,,634080.0,,1,0,0,1,1
1789661135461.0,16.72,0.15403795,0.19830517,9.869795,0.0,-0.0010690133,0.00015271618,-50.325,3.9750001,7.65,9.872988705175041,0.0010798665043470338,0.15383503535554702,0.19758988437100344,9.870379049077748,,,,,,,,634080.0,,1,0,0,1,1
1789661135471.0,16.73,0.15403795,0.19830517,9.869795,0.0,-0.0010690133,0.00015271618,-50.325,3.9750001,7.65,9.872988705175041,0.0010798665043470338,0.15389651188156545,0.19765744947161118,9.87047479573302,,,,,,,,634080.0,,1,0,0,1,1
1789661135481.0,16.74,0.15403795,0.19830517,9.869795,0.0,-0.0010690133,0.00015271618,-50.325,3.9750001,7.65,9.872988705175041,0.0010798665043470338,0.1543364926229557,0.19892469959572745,9.869876935741713,,,,,,,,634080.0,,1,0,0,1,1
1789661135491.0,16.75,0.15403795,0.19830517,9.869795,0.0,-0.0010690133,0.00015271618,-50.325,3.9750001,7.65,9.872988705175041,0.0010798665043470338,0.15517614305020747,0.20130969709360635,9.868991486235116,,,,,,,,634080.0,,1,0,0,1,1
1789661135501.0,16.76,0.15732808,0.20638095,9.868001,0.0,-0.0010690133,0.00015271618,-50.325,3.9750001,7.65,9.871412713349613,0.0010798665043470338,0.15619105592176774,0.2040356696379961,9.868230625696878,,,,,,,,634080.0,,1,0,0,1,1
1789661135511.0,16.77,0.15732808,0.20638095,9.868001,0.0,-0.0010690133,0.00015271618,-50.325,3.9750001,7.65,9.871412713349613,0.0010798665043470338,0.15703640950548622,0.20596208175636826,9.867913146506814,,,,,,,,634080.0,,1,0,0,1,1
1789661135521.0,16.78,0.15732808,0.20638095,9.868001,0.0,-0.0010690133,0.00015271618,-50.325,3.9750001,7.65,9.871412713349613,0.0010798665043470338,0.1574686036127668,0.2062592721731434,9.86817342202901,,,,,,,,634080.0,,1,0,0,1,1
1789661135531.0,16.79,0.15732808,0.20638095,9.868001,0.0,-0.0010690133,0.00015271618,-50.325,3.9750001,7.65,9.871412713349613,0.0010798665043470338,0.1574804464296605,0.20492933503254993,9.868896633541715,,,,,,,,634080.0,,1,0,0,1,1
1789661135541.0,16.8,0.15702899,0.20039889,9.870692,0.0,0.00015271618,-0.0010690133,-50.325,3.9750001,7.65,9.873974801349133,0.0010798665043470338,0.1572568234333244,0.20276937992715124,9.869763698836252,,,,,,,,634080.0,,1,0,0,1,1
1789661135551.0,16.81,0.15702899,0.20039889,9.870692,0.0,0.00015271618,-0.0010690133,-50.325,3.9750001,7.65,9.873974801349133,0.0010798665043470338,0.15702142756418952,0.20082889058417802,9.870432135065835,,,,,,,,634080.0,,1,0,0,1,1
1789661135561.0,16.82,0.15702899,0.20039889,9.870692,0.0,0.00015271618,-0.0010690133,-49.95,3.9750001,7.9500003,9.873974801349133,0.0010798665043470338,0.15690962668453098,0.19979932682009346,9.87074566134176,,,,,,,,634080.0,,1,0,0,1,1
1789661135571.0,16.83,0.15702899,0.20039889,9.870692,0.0,0.00015271618,-0.0010690133,-49.95,3.9750001,7.9500003,9.873974801349133,0.0010798665043470338,0.1569393418395996,0.19975849827347575,9.87080988007924,,,,,,,,634080.0,,1,0,0,1,1
1789661135581.0,16.84,0.15702899,0.20039889,9.870692,0.0,0.00015271618,-0.0010690133,-49.95,3.9750001,7.9500003,9.873974801349133,0.0010798665043470338,0.15705871801299412,0.20033948551002323,9.87087312083555,,,,,,,,634080.0,,1,0,0,1,1
1789661135591.0,16.85,0.15702899,0.20039889,9.870692,0.0,0.00015271618,-0.0010690133,-49.95,3.9750001,7.9500003,9.873974801349133,0.0010798665043470338,0.1572105144897072,0.2010781231216573,9.87111339213609,,,,,,,,634080.0,,1,0,0,1,1
1789661135601.0,16.86,0.1576272,0.20219351,9.871889,0.0,0.00015271618,-0.0010690133,-49.95,3.9750001,7.9500003,9.875217515477162,0.0010798665043470338,0.1573714568245666,0.2016742562834838,9.871499605645658,,,,,,,,634080.0,,1,0,0,1,1
1789661135611.0,16.87,0.1576272,0.20219351,9.871889,0.0,0.00015271618,-0.0010690133,-49.95,3.9750001,7.9500003,9.875217515477162,0.0010798665043470338,0.1575546274642936,0.20207203994031456,9.871821602935738,,,,,,,,634080.0,,1,0,0,1,1
1789661135621.0,16.88,0.1576272,0.20219351,9.871889,0.0,0.00015271618,-0.0010690133,-49.95,3.9750001,7.9500003,9.875217515477162,0.0010798665043470338,0.1577790461989557,0.20239298421838534,9.871847731946925,,,,,,,,634080.0,,1,0,0,1,1
1789661135631.0,16.89,0.1576272,0.20219351,9.871889,0.0,0.00015271618,-0.0010690133,-49.95,3.9750001,7.9500003,9.875217515477162,0.0010798665043470338,0.15802803238905302,0.20279343438823902,9.871483851938937,,,,,,,,634080.0,,1,0,0,1,1
1789661135641.0,16.9,0.1585245,0.20398813,9.870094,0.0,0.00015271618,0.00015271618,-49.95,3.9750001,7.9500003,9.873474400793125,0.0002159732929498108,0.15823898351599128,0.2033307652778054,9.87083047804706,,,,,,,,634080.0,,1,0,0,1,1
1789661135651.0,16.91,0.1585245,0.20398813,9.870094,0.0,0.00015271618,0.00015271618,-49.95,3.9750001,7.9500003,9.873474400793125,0.0002159732929498108,0.158353120228307,0.2039091580530438,9.870129656994065,,,,,,,,634080.0,,1,0,0,1,1
1789661135661.0,16.92,0.1585245,0.20398813,9.870094,0.0,0.00015271618,0.00015271618,-50.025,3.7500002,7.3500004,9.873474400793125,0.0002159732929498108,0.15839090335334738,0.20431730112295843,9.869666861986168,,,,,,,,634080.0,,1,0,0,1,1
1789661135671.0,16.93,0.1585245,0.20398813,9.870094,0.0,0.00015271618,0.00015271618,-50.025,3.7500002,7.3500004,9.873474400793125,0.0002159732929498108,0.15846997311673452,0.20432386205819977,9.869678854627741,,,,,,,,634080.0,,1,0,0,1,1
1789661135681.0,16.94,0.1585245,0.20398813,9.870094,0.0,0.00015271618,0.00015271618,-50.025,3.7500002,7.3500004,9.873474400793125,0.0002159732929498108,0.15871746514866653,0.20380126628111783,9.870256409869128,,,,,,,,634080.0,,1,0,0,1,1
1789661135691.0,16.95,0.1585245,0.20398813,9.870094,0.0,0.00015271618,0.00015271618,-50.025,3.7500002,7.3500004,9.873474400793125,0.0002159732929498108,0.1591306729653569,0.20284320309877374,9.871235822672832,,,,,,,,634080.0,,1,0,0,1,1
1789661135701.0,16.96,0.15972091,0.2009971,9.872487,0.0,0.00015271618,0.00015271618,-50.025,3.7500002,7.3500004,9.875824531069222,0.0002159732929498108,0.15951539951491986,0.20179395032874003,9.87216602061531,,,,,,,,634080.0,,1,0,0,1,1
1789661135711.0,16.97,0.15972091,0.2009971,9.872487,0.0,0.00015271618,0.00015271618,-50.025,3.7500002,7.3500004,9.875824531069222,0.0002159732929498108,0.15959486804483858,0.20111200620357908,9.872474491073557,,,,,,,,634080.0,,1,0,0,1,1
1789661135721.0,16.98,0.15972091,0.2009971,9.872487,0.0,0.00015271618,0.00015271618,-50.025,3.7500002,7.3500004,9.875824531069222,0.0002159732929498108,0.1592377969000391,0.2011137191413466,9.871812755815712,,,,,,,,634080.0,,1,0,0,1,1
1789661135731.0,16.99,0.15972091,0.2009971,9.872487,0.0,0.00015271618,0.00015271618,-50.025,3.7500002,7.3500004,9.875824531069222,0.0002159732929498108,0.15861585206387227,0.2017748147439094,9.870343368543768,,,,,,,,634080.0,,1,0,0,1,1
1789661135741.0,17.0,0.15613168,0.20398813,9.865309,0.0,0.00015271618,0.00015271618,-50.025,3.7500002,7.3500004,9.868652893083306,0.0002159732929498108,0.15811454666999147,0.2027489615935048,9.868689865377656,,,,,,,,634080.0,,1,0,0,1,1
1789661135751.0,17.01,0.1582254,0.20368902,9.867702,0.0,-0.0009162971,-0.0009162971,-50.025,3.7500002,7.3500004,9.87107224443615,0.001295839785983136,0.1580224747461151,0.2035910467787921,9.867529586302188,,,,,,,,634080.0,,1,0,0,1,1
1789661135761.0,17.02,0.1582254,0.20368902,9.867702,0.0,-0.0009162971,-0.0009162971,-49.350002,3.7500002,8.25,9.87107224443615,0.001295839785983136,0.15824886906428648,0.20400949162997373,9.867149539124737,,,,,,,,634080.0,,1,0,0,1,1
1789661135771.0,17.03,0.1582254,0.20368902,9.867702,0.0,-0.0009162971,-0.0009162971,-49.350002,3.7500002,8.25,9.87107224443615,0.001295839785983136,0.1583345549190433,0.20397135945362507,9.867330354321238,,,,,,,,634080.0,,1,0,0,1,1
1789661135781.0,17.04,0.1582254,0.20368902,9.867702,0.0,-0.0009162971,-0.0009162971,-49.350002,3.7500002,8.25,9.87107224443615,0.001295839785983136,0.15778558415135435,0.20363174092114206,9.867609344559163,,,,,,,,634080.0,,1,0,0,1,1
1789661135791.0,17.05,0.1582254,0.20368902,9.867702,0.0,-0.0009162971,-0.0009162971,-49.350002,3.7500002,8.25,9.87107224443615,0.001295839785983136,0.1564816683072959,0.2031885302715187,9.867657041261875,,,,,,,,634080.0,,1,0,0,1,1
1789661135801.0,17.06,0.15314065,0.20219351,9.867402,0.0,-0.0009162971,-0.0009162971,-49.350002,3.7500002,8.25,9.870661401535996,0.001295839785983136,0.15482970090124876,0.20276659248284548,9.867479661452062,,,,,,,,634080.0,,1,0,0,1,1
1789661135811.0,17.07,0.15314065,0.20219351,9.867402,0.0,-0.0009162971,-0.0009162971,-49.350002,3.7500002,8.25,9.870661401535996,0.001295839785983136,0.1535213227937029,0.2023745581501101,9.867354170639944,,,,,,,,634080.0,,1,0,0,1,1
1789661135821.0,17.08,0.15314065,0.20219351,9.867402,0.0,-0.0009162971,-0.0009162971,-49.350002,3.7500002,8.25,9.870661401535996,0.001295839785983136,0.15307617358781794,0.2019412910496443,9.867590240049688,,,,,,,,634080.0,,1,0,0,1,1
1789661135831.0,17.09,0.15314065,0.20219351,9.867402,0.0,-0.0009162971,-0.0009162971,-49.350002,3.7500002,8.25,9.870661401535996,0.001295839785983136,0.15352752100990338,0.20140959176262932,9.868294828753305,,,,,,,,634080.0,,1,0,0,1,1
1789661135841.0,17.1,0.15553348,0.2000998,9.870394,0.0,0.00015271618,0.00015271618,-49.350002,3.7500002,8.25,9.873647163464822,0.0002159732929498108,0.15446746002549086,0.20081661139008095,9.869290453706927,,,,,,,,634080.0,,1,0,0,1,1
1789661135851.0,17.11,0.15553348,0.2000998,9.870394,0.0,0.00015271618,0.00015271618,-49.350002,3.7500002,8.25,9.873647163464822,0.0002159732929498108,0.1553621307755599,0.20028851587401708,9.870223861186707,,,,,,,,634080.0,,1,0,0,1,1
1789661135861.0,17.12,0.15553348,0.2000998,9.870394,0.0,0.00015271618,0.00015271618,-49.500004,4.125,7.275,9.873647163464822,0.0002159732929498108,0.15586349442461486,0.19995867440927345,9.870764035299542,,,,,,,,634080.0,,1,0,0,1,1
1789661135871.0,17.13,0.15553348,0.2000998,9.870394,0.0,0.00015271618,0.00015271618,-49.500004,4.125,7.275,9.873647163464822,0.0002159732929498108,0.15591496292144752,0.19989023193764452,9.870747467263142,,,,,,,,634080.0,,1,0,0,1,1
1789661135881.0,17.14,0.15553348,0.2000998,9.870394,0.0,0.00015271618,0.00015271618,-49.500004,4.125,7.275,9.873647163464822,0.0002159732929498108,0.15566260819959402,0.20005606447878016,9.870214028550944,,,,,,,,634080.0,,1,0,0,1,1
1789661135891.0,17.15,0.15553348,0.2000998,9.870394,0.0,0.00015271618,0.00015271618,-49.500004,4.125,7.275,9.873647163464822,0.0002159732929498108,0.15532454014119465,0.20035778310315572,9.869363568955631,,,,,,,,634080.0,,1,0,0,1,1
1789661135901.0,17.16,0.15553348,0.200698,9.867402,0.0,0.00015271618,0.00015271618,-49.500004,4.125,7.275,9.870668294508175,0.0002159732929498108,0.15512748363039647,0.20065049549281486,9.868461645999227,,,,,,,,634080.0,,1,0,0,1,1
1789661135911.0,17.17,0.15553348,0.200698,9.867402,0.0,0.00015271618,0.00015271618,-49.500004,4.125,7.275,9.870668294508175,0.0002159732929498108,0.1552827199292709,0.20077576848209105,9.867710886069467,,,,,,,,634080.0,,1,0,0,1,1
1789661135921.0,17.18,0.15553348,0.200698,9.867402,0.0,0.00015271618,0.00015271618,-49.500004,4.125,7.275,9.870668294508175,0.0002159732929498108,0.1559167075425195,0.20061824092687827,9.867153173643745,,,,,,,,634080.0,,1,0,0,1,1
1789661135931.0,17.19,0.15553348,0.200698,9.867402,0.0,0.00015271618,0.00015271618,-49.500004,4.125,7.275,9.870668294508175,0.0002159732929498108,0.15696032273458918,0.20016884827739795,9.866687116843485,,,,,,,,634080.0,,1,0,0,1,1
1789661135941.0,17.2,0.1594218,0.19890338,9.865608,0.00030543236,0.00015271618,-0.0007635809,-49.500004,4.125,7.275,9.868900601108244,0.000836460966820193,0.1581202360497977,0.1995475818962957,9.866195161157673,,,,,,,,634080.0,,1,0,0,1,1
1789661135951.0,17.21,0.1594218,0.19890338,9.865608,0.00030543236,0.00015271618,-0.0007635809,-49.500004,4.125,7.275,9.868900601108244,0.000836460966820193,0.15902921824292768,0.19895971763169495,9.86567551840279,,,,,,,,634080.0,,1,0,0,1,1
1789661135961.0,17.22,0.1594218,0.19890338,9.865608,0.00030543236,0.00015271618,-0.0007635809,-49.65,3.9750001,7.8,9.868900601108244,0.000836460966820193,0.15948927763061388,0.19861383401063068,9.865284299614164,,,,,,,,634080.0,,1,0,0,1,1
1789661135971.0,17.23,0.1594218,0.19890338,9.865608,0.00030543236,0.00015271618,-0.0007635809,-49.65,3.9750001,7.8,9.868900601108244,0.000836460966820193,0.15959571518628013,0.1986497874536188,9.86526610993641,,,,,,,,634080.0,,1,0,0,1,1
1789661135981.0,17.24,0.1594218,0.19890338,9.865608,0.00030543236,0.00015271618,-0.0007635809,-49.65,3.9750001,7.8,9.868900601108244,0.000836460966820193,0.15962733830689177,0.1990929598866248,9.865797685037535,,,,,,,,634080.0,,1,0,0,1,1
1789661135991.0,17.25,0.1594218,0.19890338,9.865608,0.00030543236,0.00015271618,-0.0007635809,-49.65,3.9750001,7.8,9.868900601108244,0.000836460966820193,0.15980126720110968,0.19983394751985747,9.866810358655002,,,,,,,,634080.0,,1,0,0,1,1
1789661136001.0,17.26,0.16031912,0.2015953,9.868599,0.00030543236,0.00015271618,-0.0007635809,-49.65,3.9750001,7.8,9.871959739991885,0.000836460966820193,0.16009796993854122,0.20065908649344372,9.867917582349534,,,,,,,,634080.0,,1,0,0,1,1
1789661136011.0,17.27,0.16031912,0.2015953,9.868599,0.00030543236,0.00015271618,-0.0007635809,-49.65,3.9750001,7.8,9.871959739991885,0.000836460966820193,0.16028806932837494,0.20135187283778785,9.868561846725402,,,,,,,,634080.0,,1,0,0,1,1
1789661136021.0,17.28,0.16031912,0.2015953,9.868599,0.00030543236,0.00015271618,-0.0007635809,-49.65,3.9750001,7.8,9.871959739991885,0.000836460966820193,0.1601280478831306,0.20181163239595531,9.868341381439114,,,,,,,,634080.0,,1,0,0,1,1
1789661136031.0,17.29,0.16031912,0.2015953,9.868599,0.00030543236,0.00015271618,-0.0007635809,-49.65,3.9750001,7.8,9.871959739991885,0.000836460966820193,0.15956679930860249,0.20209318362666012,9.8672947184389,,,,,,,,634080.0,,1,0,0,1,1
1789661136041.0,17.3,0.15792629,0.20279172,9.864411,0.0,0.00015271618,0.00015271618,-49.65,3.9750001,7.8,9.867759095746854,0.0002159732929498108,0.15880156156585315,0.2023370140386263,9.865904618472783,,,,,,,,634080.0,,1,0,0,1,1
1789661136051.0,17.31,0.15792629,0.20279172,9.864411,0.0,0.00015271618,0.00015271618,-49.65,3.9750001,7.8,9.867759095746854,0.0002159732929498108,0.15814288264357443,0.2026497715160684,9.864785207231298,,,,,,,,634080.0,,1,0,0,1,1
1789661136061.0,17.32,0.15792629,0.20279172,9.864411,0.0,0.00015271618,0.00015271618,-49.725002,3.6750002,7.5750003,9.867759095746854,0.0002159732929498108,0.15780307928647702,0.20300776589556188,9.864278481434685,,,,,,,,634080.0,,1,0,0,1,1
1789661136071.0,17.33,0.15792629,0.20279172,9.864411,0.0,0.00015271618,0.00015271618,-49.725002,3.6750002,7.5750003,9.867759095746854,0.0002159732929498108,0.15777570067311517,0.20322747724331575,9.86426856039167,,,,,,,,634080.0,,1,0,0,1,1
1789661136081.0,17.34,0.15792629,0.20279172,9.864411,0.0,0.00015271618,0.00015271618,-49.725002,3.6750002,7.5750003,9.867759095746854,0.0002159732929498108,0.15787925873731837,0.20304224056161724,9.864343255327853,,,,,,,,634080.0,,1,0,0,1,1
1789661136091.0,17.35,0.15792629,0.20279172,9.864411,0.0,0.00015271618,0.00015271618,-49.725002,3.6750002,7.5750003,9.867759095746854,0.0002159732929498108,0.15790204145274075,0.20229775549205586,9.864164404911696,,,,,,,,634080.0,,1,0,0,1,1
1789661136101.0,17.36,0.15792629,0.20279172,9.864411,0.0,0.00015271618,0.00015271618,-49.725002,3.6750002,7.5750003,9.867759095746854,0.0002159732929498108,0.1577318373734765,0.2011678467686042,9.86377067663467,,,,,,,,634080.0,,1,0,0,1,1
1789661136111.0,17.37,0.15702899,0.19920248,9.863514,0.0,0.00015271618,0.00015271618,-49.725002,3.6750002,7.5750003,9.866774962465424,0.0002159732929498108,0.15739812815264562,0.20018434372562033,9.863591107638642,,,,,,,,634080.0,,1,0,0,1,1
1789661136121.0,17.38,0.15702899,0.19920248,9.863514,0.0,0.00015271618,0.00015271618,-49.725002,3.6750002,7.5750003,9.866774962465424,0.0002159732929498108,0.15702888400238563,0.19995727661832652,9.864140443197822,,,,,,,,634080.0,,1,0,0,1,1
1789661136131.0,17.39,0.15702899,0.19920248,9.863514,0.0,0.00015271618,0.00015271618,-49.725002,3.6750002,7.5750003,9.866774962465424,0.0002159732929498108,0.1567701157329872,0.20074607575249725,9.865605040024365,,,,,,,,634080.0,,1,0,0,1,1
1789661136141.0,17.4,0.15672988,0.20428723,9.870094,0.0,0.00030543236,0.00015271618,-49.725002,3.6750002,7.5750003,9.873451934174891,0.0003414837597440938,0.1567119511622994,0.20224322109294904,9.867644686194756,,,,,,,,634080.0,,1,0,0,1,1
1789661136151.0,17.41,0.15672988,0.20428723,9.870094,0.0,0.00030543236,0.00015271618,-49.725002,3.6750002,7.5750003,9.873451934174891,0.0003414837597440938,0.1568356910840185,0.20377267654747275,9.869574571606687,,,,,,,,634080.0,,1,0,0,1,1
1789661136161.0,17.42,0.15672988,0.20428723,9.870094,0.0,0.00030543236,0.00015271618,-50.100002,3.825,7.8750005,9.873451934174891,0.0003414837597440938,0.15699135908216627,0.2047230318651712,9.870758986875558,,,,,,,,634080.0,,1,0,0,1,1
1789661136171.0,17.43,0.15672988,0.20428723,9.870094,0.0,0.00030543236,0.00015271618,-50.100002,3.825,7.8750005,9.873451934174891,0.0003414837597440938,0.15693848247994474,0.20485578527164744,9.87089994265089,,,,,,,,634080.0,,1,0,0,1,1
1789661136181.0,17.44,0.15672988,0.20428723,9.870094,0.0,0.00030543236,0.00015271618,-50.100002,3.825,7.8750005,9.873451934174891,0.0003414837597440938,0.15647527897566563,0.2043168572047827,9.8700895309786,,,,,,,,634080.0,,1,0,0,1,1
1789661136191.0,17.45,0.15672988,0.20428723,9.870094,0.0,0.00030543236,0.00015271618,-50.100002,3.825,7.8750005,9.873451934174891,0.0003414837597440938,0.1556049017954823,0.2034543295647258,9.868728711745577,,,,,,,,634080.0,,1,0,0,1,1
1789661136201.0,17.46,0.15373886,0.20189442,9.866804,0.0,0.00030543236,0.00015271618,-50.100002,3.825,7.8750005,9.870066776284608,0.0003414837597440938,0.1546052828159535,0.20261677168204695,9.867410994162073,,,,,,,,634080.0,,1,0,0,1,1
1789661136211.0,17.47,0.15373886,0.20189442,9.866804,0.0,0.00030543236,0.00015271618,-50.100002,3.825,7.8750005,9.870066776284608,0.0003414837597440938,0.15390027171775233,0.20201915881394183,9.866742628947398,,,,,,,,634080.0,,1,0,0,1,1
1789661136221.0,17.48,0.15373886,0.20189442,9.866804,0.0,0.00030543236,0.00015271618,-50.100002,3.825,7.8750005,9.870066776284608,0.0003414837597440938,0.15379052357548173,0.20169824392878316,9.867083813149272,,,,,,,,634080.0,,1,0,0,1,1
1789661136231.0,17.49,0.15373886,0.20189442,9.866804,0.0,0.00030543236,0.00015271618,-50.100002,3.825,7.8750005,9.870066776284608,0.0003414837597440938,0.1542434629057451,0.2015597646805899,9.868342611862442,,,,,,,,634080.0,,1,0,0,1,1
1789661136241.0,17.5,0.15553348,0.20129621,9.871889,0.0,0.00030543236,0.00015271618,-50.100002,3.825,7.8750005,9.8751659862446,0.0003414837597440938,0.15491278677015544,0.2014801850078519,9.870008509116055,,,,,,,,634080.0,,1,0,0,1,1
1789661136251.0,17.51,0.15553348,0.20129621,9.871889,0.0,0.00030543236,0.00015271618,-50.100002,3.825,7.8750005,9.8751659862446,0.0003414837597440938,0.15538353619662656,0.20138988669257432,9.871451198820862,,,,,,,,634080.0,,1,0,0,1,1
1789661136261.0,17.52,0.15553348,0.20129621,9.871889,0.0,0.00030543236,0.00015271618,-50.4,3.825,8.025001,9.8751659862446,0.0003414837597440938,0.15546942793853077,0.2012919782175758,9.872271239191774,,,,,,,,634080.0,,1,0,0,1,1
1789661136271.0,17.53,0.15553348,0.20129621,9.871889,0.0,0.00030543236,0.00015271618,-50.4,3.825,8.025001,9.8751659862446,0.0003414837597440938,0.15534876677704476,0.2012306130862376,9.872438377848543,,,,,,,,634080.0,,1,0,0,1,1
1789661136281.0,17.54,0.15553348,0.20129621,9.871889,0.0,0.00030543236,0.00015271618,-50.4,3.825,8.025001,9.8751659862446,0.0003414837597440938,0.15543136376964597,0.20124580052683214,9.872165342178052,,,,,,,,634080.0,,1,0,0,1,1
1789661136291.0,17.55,0.15553348,0.20129621,9.871889,0.0,0.00030543236,0.00015271618,-50.4,3.825,8.025001,9.8751659862446,0.0003414837597440938,0.15602892595163992,0.20133530514849113,9.871700594577415,,,,,,,,634080.0,,1,0,0,1,1
1789661136301.0,17.56,0.15553348,0.20129621,9.871889,0.0,0.00030543236,0.00015271618,-50.4,3.825,8.025001,9.8751659862446,0.0003414837597440938,0.15705533603549032,0.2014324585891351,9.871230313520782,,,,,,,,634080.0,,1,0,0,1,1
1789661136311.0,17.57,0.1591227,0.20129621,9.870692,0.0,0.00030543236,0.00015271618,-50.4,3.825,8.025001,9.874026572613609,0.0003414837597440938,0.1580103149075615,0.20141591677781437,9.870901609491163,,,,,,,,634080.0,,1,0,0,1,1
1789661136321.0,17.58,0.1591227,0.20129621,9.870692,0.0,0.00030543236,0.00015271618,-50.4,3.825,8.025001,9.874026572613609,0.0003414837597440938,0.15832029203695236,0.2011653797729653,9.87085055695501,,,,,,,,634080.0,,1,0,0,1,1
1789661136331.0,17.59,0.1591227,0.20129621,9.870692,0.0,0.00030543236,0.00015271618,-50.4,3.825,8.025001,9.874026572613609,0.0003414837597440938,0.15779477107294398,0.20064358654748385,9.871159472620638,,,,,,,,634080.0,,1,0,0,1,1
1789661136341.0,17.6,0.15523437,0.19920248,9.872487,0.0,0.00030543236,-0.00015271618,-50.4,3.825,8.025001,9.875716627305405,0.0003414837597440938,0.15679271861177446,0.1999469640176325,9.87178113344848,,,,,,,,634080.0,,1,0,0,1,1
1789661136351.0,17.61,0.15523437,0.19920248,9.872487,0.0,0.00030543236,-0.00015271618,-50.4,3.825,8.025001,9.875716627305405,0.0003414837597440938,0.1559149295762545,0.1992806235146295,9.872505736767142,,,,,,,,634080.0,,1,0,0,1,1
1789661136361.0,17.62,0.15523437,0.19920248,9.872487,0.0,0.00030543236,-0.00015271618,-50.100002,3.9,8.625,9.875716627305405,0.0003414837597440938,0.15547911284207266,0.1988759978082931,9.872999886303214,,,,,,,,634080.0,,1,0,0,1,1
1789661136371.0,17.63,0.15523437,0.19920248,9.872487,0.0,0.00030543236,-0.00015271618,-50.100002,3.9,8.625,9.875716627305405,0.0003414837597440938,0.1552528003084611,0.19890375888397194,9.87291264277657,,,,,,,,634080.0,,1,0,0,1,1
1789661136381.0,17.64,0.15523437,0.19920248,9.872487,0.0,0.00030543236,-0.00015271618,-50.100002,3.9,8.625,9.875716627305405,0.0003414837597440938,0.1546945507600447,0.19940718570674829,9.872040975699097,,,,,,,,634080.0,,1,0,0,1,1
1789661136391.0,17.65,0.15523437,0.19920248,9.872487,0.0,0.00030543236,-0.00015271618,-50.100002,3.9,8.625,9.875716627305405,0.0003414837597440938,0.1535070465342812,0.2002629269036063,9.87049502925986,,,,,,,,634080.0,,1,0,0,1,1
1789661136401.0,17.66,0.15104693,0.20219351,9.866804,0.0,0.00030543236,-0.00015271618,-50.100002,3.9,8.625,9.87003133556143,0.0003414837597440938,0.15203068686915955,0.20120556347565272,9.868719968432341,,,,,,,,634080.0,,1,0,0,1,1
1789661136411.0,17.67,0.15104693,0.20219351,9.866804,0.0,0.00030543236,-0.00015271618,-50.100002,3.9,8.625,9.87003133556143,0.0003414837597440938,0.15112194068076096,0.20194645645882933,9.867281530892896,,,,,,,,634080.0,,1,0,0,1,1
1789661136421.0,17.68,0.15104693,0.20219351,9.866804,0.0,0.00030543236,-0.00015271618,-50.100002,3.9,8.625,9.87003133556143,0.0003414837597440938,0.15157392635340186,0.20232782715320427,9.866540138112343,,,,,,,,634080.0,,1,0,0,1,1
1789661136431.0,17.69,0.15104693,0.20219351,9.866804,0.0,0.00030543236,-0.00015271618,-50.100002,3.9,8.625,9.87003133556143,0.0003414837597440938,0.1535187816102034,0.2023902099719348,9.86647538503239,,,,,,,,634080.0,,1,0,0,1,1
1789661136441.0,17.7,0.1594218,0.20219351,9.867104,0.0,0.00030543236,0.00015271618,-50.100002,3.9,8.625,9.87046295128133,0.0003414837597440938,0.15628317368155584,0.20230023969832023,9.866784616122558,,,,,,,,634080.0,,1,0,0,1,1
1789661136451.0,17.71,0.1594218,0.20219351,9.867104,0.0,0.00030543236,0.00015271618,-50.100002,3.9,8.625,9.87046295128133,0.0003414837597440938,0.1588018266542983,0.20221150843653035,9.86712809857204,,,,,,,,634080.0,,1,0,0,1,1
1789661136461.0,17.72,0.1594218,0.20219351,9.867104,0.0,0.00030543236,0.00015271618,-50.100002,4.125,8.175,9.87046295128133,0.0003414837597440938,0.16023659610490681,0.20217338291849754,9.867308855771148,,,,,,,,634080.0,,1,0,0,1,1
1789661136471.0,17.73,0.1594218,0.20219351,9.867104,0.0,0.00030543236,0.00015271618,-50.100002,4.125,8.175,9.87046295128133,0.0003414837597440938,0.16033462634609447,0.2021399979360775,9.867295396628554,,,,,,,,634080.0,,1,0,0,1,1
1789661136481.0,17.74,0.1594218,0.20219351,9.867104,0.0,0.00030543236,0.00015271618,-50.100002,4.125,8.175,9.87046295128133,0.0003414837597440938,0.1593752550342072,0.20204464556131907,9.867148895512564,,,,,,,,634080.0,,1,0,0,1,1
1789661136491.0,17.75,0.1594218,0.20219351,9.867104,0.0,0.00030543236,0.00015271618,-50.100002,4.125,8.175,9.87046295128133,0.0003414837597440938,0.15790223259324504,0.2018619684723825,9.866961738949922,,,,,,,,634080.0,,1,0,0,1,1
1789661136501.0,17.76,0.15523437,0.2009971,9.867104,0.0,0.00030543236,0.00015271618,-50.100002,4.125,8.175,9.87037177064034,0.0003414837597440938,0.15646676918712507,0.20160269940792477,9.866848775443977,,,,,,,,634080.0,,1,0,0,1,1
1789661136511.0,17.77,0.15523437,0.2009971,9.867104,0.0,0.00030543236,0.00015271618,-50.100002,4.125,8.175,9.87037177064034,0.0003414837597440938,0.15545041741955062,0.20125761426230887,9.866946326641337,,,,,,,,634080.0,,1,0,0,1,1
1789661136521.0,17.78,0.15523437,0.2009971,9.867104,0.0,0.00030543236,0.00015271618,-50.100002,4.125,8.175,9.87037177064034,0.0003414837597440938,0.15497566562118745,0.20076862163200623,9.867358796095203,,,,,,,,634080.0,,1,0,0,1,1
1789661136531.0,17.79,0.15523437,0.2009971,9.867104,0.0,0.00030543236,0.00015271618,-50.100002,4.125,8.175,9.87037177064034,0.0003414837597440938,0.1549340357235514,0.20008093316886058,9.868065983958877,,,,,,,,634080.0,,1,0,0,1,1
1789661136541.0,17.8,0.15523437,0.19830517,9.869795,0.0,0.00030543236,0.00015271618,-50.100002,4.125,8.175,9.873007444142997,0.0003414837597440938,0.15511460306836575,0.19923485518126813,9.86888484643649,,,,,,,,634080.0,,1,0,0,1,1
1789661136551.0,17.81,0.15523437,0.19830517,9.869795,0.0,0.00030543236,0.00015271618,-50.100002,4.125,8.175,9.873007444142997,0.0003414837597440938,0.15533238847337485,0.19840707044928318,9.869557076611365,,,,,,,,634080.0,,1,0,0,1,1
1789661136561.0,17.82,0.15523437,0.19830517,9.869795,0.0,0.00030543236,0.00015271618,-49.725002,4.125,7.05,9.873007444142997,0.0003414837597440938,0.15546906497193028,0.1978664599757961,9.869909570732723,,,,,,,,634080.0,,1,0,0,1,1
1789661136571.0,17.83,0.15523437,0.19830517,9.869795,0.0,0.00030543236,0.00015271618,-49.725002,4.125,7.05,9.873007444142997,0.0003414837597440938,0.15544289884160195,0.19787376968151307,9.86995102561266,,,,,,,,634080.0,,1,0,0,1,1
1789661136581.0,17.84,0.15523437,0.19830517,9.869795,0.0,0.00030543236,0.00015271618,-49.725002,4.125,7.05,9.873007444142997,0.0003414837597440938,0.1551965958966893,0.1985531357637912,9.869827229788253,,,,,,,,634080.0,,1,0,0,1,1
1789661136591.0,17.85,0.15523437,0.19830517,9.869795,0.0,0.00030543236,0.00015271618,-49.725002,4.125,7.05,9.873007444142997,0.0003414837597440938,0.15475496554348406,0.19976904266085688,9.869684243699883,,,,,,,,634080.0,,1,0,0,1,1
1789661136601.0,17.86,0.15433706,0.20219351,9.869197,0.0,0.00030543236,0.00015271618,-49.725002,4.125,7.05,9.872474439996518,0.0003414837597440938,0.15430141129803013,0.20110191634182592,9.869551035171543,,,,,,,,634080.0,,1,0,0,1,1
1789661136611.0,17.87,0.15433706,0.20219351,9.869197,0.0,0.00030543236,0.00015271618,-49.725002,4.125,7.05,9.872474439996518,0.0003414837597440938,0.15416216734021032,0.20201296637217428,9.869325782202424,,,,,,,,634080.0,,1,0,0,1,1
1789661136621.0,17.88,0.15433706,0.20219351,9.869197,0.0,0.00030543236,0.00015271618,-49.725002,4.125,7.05,9.872474439996518,0.0003414837597440938,0.15464474478787135,0.20214090511621233,9.868878232474115,,,,,,,,634080.0,,1,0,0,1,1
1789661136631.0,17.89,0.15433706,0.20219351,9.869197,0.0,0.00030543236,0.00015271618,-49.725002,4.125,7.05,9.872474439996518,0.0003414837597440938,0.15581702140845372,0.2015205697924271,9.86819429362375,,,,,,,,634080.0,,1,0,0,1,1
1789661136641.0,17.9,0.1591227,0.19950159,9.866505,0.0,0.0,-0.0007635809,-49.725002,4.125,7.05,9.869804548880024,0.0007635809,0.15740224991738025,0.20054665123858084,9.867434335695894,,,,,,,,634080.0,,1,0,0,1,1
1789661136651.0,17.91,0.1591227,0.19950159,9.866505,0.0,0.0,-0.0007635809,-49.725002,4.125,7.05,9.869804548880024,0.0007635809,0.15888841530913422,0.19970765404743063,9.86683125757285,,,,,,,,634080.0,,1,0,0,1,1
1789661136661.0,17.92,0.1591227,0.19950159,9.866505,0.0,0.0,-0.0007635809,-49.425003,3.6750002,6.9750004,9.869804548880024,0.0007635809,0.1597670768316737,0.19929411126272953,9.866506831410671,,,,,,,,634080.0,,1,0,0,1,1
1789661136671.0,17.93,0.1591227,0.19950159,9.866505,0.0,0.0,-0.0007635809,-49.425003,3.6750002,6.9750004,9.869804548880024,0.0007635809,0.1597349313872141,0.19928489098877855,9.866378633700455,,,,,,,,634080.0,,1,0,0,1,1
1789661136681.0,17.94,0.1591227,0.19950159,9.866505,0.0,0.0,-0.0007635809,-49.425003,3.6750002,6.9750004,9.869804548880024,0.0007635809,0.15878623176453688,0.19945456897428582,9.866246225507883,,,,,,,,634080.0,,1,0,0,1,1
1789661136691.0,17.95,0.1591227,0.19950159,9.866505,0.0,0.0,-0.0007635809,-49.425003,3.6750002,6.9750004,9.869804548880024,0.0007635809,0.1572168200428287,0.1995834636739013,9.865971054609506,,,,,,,,634080.0,,1,0,0,1,1
1789661136701.0,17.96,0.15373886,0.19980069,9.865009,0.0,0.0,-0.0007635809,-49.425003,3.6750002,6.9750004,9.868229756287578,0.0007635809,0.15552707293482387,0.19961622155304373,9.865582511564618,,,,,,,,634080.0,,1,0,0,1,1
1789661136711.0,17.97,0.15373886,0.19980069,9.865009,0.0,0.0,-0.0007635809,-49.425003,3.6750002,6.9750004,9.868229756287578,0.0007635809,0.1541989870683083,0.19968417938547744,9.865223503008202,,,,,,,,634080.0,,1,0,0,1,1
1789661136721.0,17.98,0.15373886,0.19980069,9.865009,0.0,0.0,-0.0007635809,-49.425003,3.6750002,6.9750004,9.868229756287578,0.0007635809,0.153450226506735,0.1999969440587872,9.86500215117816,,,,,,,,634080.0,,1,0,0,1,1
1789661136731.0,17.99,0.15373886,0.19980069,9.865009,0.0,0.0,-0.0007635809,-49.425003,3.6750002,6.9750004,9.868229756287578,0.0007635809,0.15315906587679884,0.20067934962189557,9.864893965649737,,,,,,,,634080.0,,1,0,0,1,1
1789661136741.0,18.0,0.15284155,0.20279172,9.864711,0.0,-0.0006108647,0.00015271618,-49.425003,3.6750002,6.9750004,9.867978928566272,0.0006296649214779893,0.15302787121833564,0.20166046546200983,9.864779961861363,,,,,,,,634080.0,,1,0,0,1,1
1789661136751.0,18.01,0.15284155,0.20279172,9.864711,0.0,-0.0006108647,0.00015271618,-49.425003,3.6750002,6.9750004,9.867978928566272,0.0006296649214779893,0.15284379128585807,0.202677527079309,9.864584428245818,,,,,,,,634080.0,,1,0,0,1,1
1789661136761.0,18.02,0.15284155,0.20279172,9.864711,0.0,-0.0006108647,0.00015271618,-50.175003,4.275,8.25,9.867978928566272,0.0006296649214779893,0.15263803703043805,0.2033674943384304,9.864397798113215,,,,,,,,634080.0,,1,0,0,1,1
1789661136771.0,18.03,0.15284155,0.20279172,9.864711,0.0,-0.0006108647,0.00015271618,-50.175003,4.275,8.25,9.867978928566272,0.0006296649214779893,0.15264865792218257,0.20338942964180892,9.864473720094761,,,,,,,,634080.0,,1,0,0,1,1
1789661136781.0,18.04,0.15284155,0.20279172,9.864711,0.0,-0.0006108647,0.00015271618,-50.175003,4.275,8.25,9.867978928566272,0.0006296649214779893,0.15312288971865284,0.20257229152987066,9.86506627420405,,,,,,,,634080.0,,1,0,0,1,1
1789661136791.0,18.05,0.15284155,0.20279172,9.864711,0.0,-0.0006108647,0.00015271618,-50.175003,4.275,8.25,9.867978928566272,0.0006296649214779893,0.15408959945435283,0.20108171239475622,9.866200076938254,,,,,,,,634080.0,,1,0,0,1,1
1789661136801.0,18.06,0.15643078,0.19860429,9.868897,0.0,-0.0006108647,0.00015271618,-50.175003,4.275,8.25,9.872134634897703,0.0006296649214779893,0.15526839095234793,0.1994903303419713,9.86756038416879,,,,,,,,634080.0,,1,0,0,1,1
1789661136811.0,18.07,0.15643078,0.19860429,9.868897,0.0,-0.0006108647,0.00015271618,-50.175003,4.275,8.25,9.872134634897703,0.0006296649214779893,0.1562035772647493,0.19859253126856521,9.86862954974857,,,,,,,,634080.0,,1,0,0,1,1
1789661136821.0,18.08,0.15643078,0.19860429,9.868897,0.0,-0.0006108647,0.00015271618,-50.175003,4.275,8.25,9.872134634897703,0.0006296649214779893,0.1565339326518727,0.1989792735100055,9.868988213420499,,,,,,,,634080.0,,1,0,0,1,1
1789661136831.0,18.09,0.15643078,0.19860429,9.868897,0.0,-0.0006108647,0.00015271618,-50.175003,4.275,8.25,9.872134634897703,0.0006296649214779893,0.1561945429196883,0.20064502435076792,9.868550139262569,,,,,,,,634080.0,,1,0,0,1,1
1789661136841.0,18.1,0.15463616,0.20548365,9.866505,-0.00015271618,0.00030543236,0.00015271618,-50.175003,4.275,8.25,9.869855965890377,0.0003740767164670295,0.1554210561101497,0.20294832077299513,9.86757488616317,,,,,,,,634080.0,,1,0,0,1,1
1789661136851.0,18.11,0.15463616,0.20548365,9.866505,-0.00015271618,0.00030543236,0.00015271618,-50.175003,4.275,8.25,9.869855965890377,0.0003740767164670295,0.1546019341011426,0.20498798658331405,9.866508348824588,,,,,,,,634080.0,,1,0,0,1,1
1789661136861.0,18.12,0.15463616,0.20548365,9.866505,-0.00015271618,0.00030543236,0.00015271618,-49.800003,3.7500002,7.1250005,9.869855965890377,0.0003740767164670295,0.1541143972895782,0.20610972612138878,9.865809715746975,,,,,,,,634080.0,,1,0,0,1,1
1789661136871.0,18.13,0.15463616,0.20548365,9.866505,-0.00015271618,0.00030543236,0.00015271618,-49.800003,3.7500002,7.1250005,9.869855965890377,0.0003740767164670295,0.15421964168098512,0.20617268119392057,9.86584199503565,,,,,,,,634080.0,,1,0,0,1,1
1789661136881.0,18.14,0.15463616,0.20548365,9.866505,-0.00015271618,0.00030543236,0.00015271618,-49.800003,3.7500002,7.1250005,9.869855965890377,0.0003740767164670295,0.154992420984773,0.20546282596599186,9.866765964887671,,,,,,,,634080.0,,1,0,0,1,1
1789661136891.0,18.15,0.15463616,0.20548365,9.866505,-0.00015271618,0.00030543236,0.00015271618,-49.800003,3.7500002,7.1250005,9.869855965890377,0.0003740767164670295,0.1562640001817597,0.2044281591669714,9.868389352301854,,,,,,,,634080.0,,1,0,0,1,1
1789661136901.0,18.16,0.1591227,0.20249261,9.870992,-0.00015271618,0.00030543236,0.00015271618,-49.800003,3.7500002,7.1250005,9.874350933343614,0.0003740767164670295,0.15764857459313494,0.2034456708496661,9.87009047970515,,,,,,,,634080.0,,1,0,0,1,1
1789661136911.0,18.17,0.1591227,0.20249261,9.870992,-0.00015271618,0.00030543236,0.00015271618,-49.800003,3.7500002,7.1250005,9.874350933343614,0.0003740767164670295,0.15872303458476542,0.2027015644517455,9.871012194771744,,,,,,,,634080.0,,1,0,0,1,1
1789661136921.0,18.18,0.1591227,0.20249261,9.870992,-0.00015271618,0.00030543236,0.00015271618,-49.800003,3.7500002,7.1250005,9.874350933343614,0.0003740767164670295,0.15927389876973813,0.2021885173355662,9.870527708789252,,,,,,,,634080.0,,1,0,0,1,1
1789661136931.0,18.19,0.1591227,0.20249261,9.870992,-0.00015271618,0.00030543236,0.00015271618,-49.800003,3.7500002,7.1250005,9.874350933343614,0.0003740767164670295,0.15940811545675798,0.20180171292666976,9.868678107813851,,,,,,,,634080.0,,1,0,0,1,1
1789661136941.0,18.2,0.1594218,0.2009971,9.863514,0.0,0.00030543236,0.00015271618,-49.800003,3.7500002,7.1250005,9.8668497289013,0.0003414837597440938,0.15942333493991834,0.20146409486666064,9.866208438061635,,,,,,,,634080.0,,1,0,0,1,1
1789661136951.0,18.21,0.1594218,0.2009971,9.863514,0.0,0.00030543236,0.00015271618,-49.800003,3.7500002,7.1250005,9.8668497289013,0.0003414837597440938,0.1595418776312614,0.20118170532570248,9.864117804766108,,,,,,,,634080.0,,1,0,0,1,1
1789661136961.0,18.22,0.1594218,0.2009971,9.863514,0.0,0.00030543236,0.00015271618,-49.350002,3.15,6.9750004,9.8668497289013,0.0003414837597440938,0.15971444782139602,0.20100037605880267,9.863052508110934,,,,,,,,634080.0,,1,0,0,1,1
1789661136971.0,18.23,0.1594218,0.2009971,9.863514,0.0,0.00030543236,0.00015271618,-49.350002,3.15,6.9750004,9.8668497289013,0.0003414837597440938,0.15964014046338812,0.2009335700101392,9.863003628799465,,,,,,,,634080.0,,1,0,0,1,1
1789661136981.0,18.24,0.1594218,0.2009971,9.863514,0.0,0.00030543236,0.00015271618,-49.350002,3.15,6.9750004,9.8668497289013,0.0003414837597440938,0.1590043691515519,0.20094037428889333,9.863488477524275,,,,,,,,634080.0,,1,0,0,1,1
1789661136991.0,18.25,0.1594218,0.2009971,9.863514,0.0,0.00030543236,0.00015271618,-49.350002,3.15,6.9750004,9.8668497289013,0.0003414837597440938,0.15777819957229228,0.20096258807673084,9.864009955716256,,,,,,,,634080.0,,1,0,0,1,1
1789661137001.0,18.26,0.15493527,0.2009971,9.865608,0.0,0.00030543236,0.00015271618,-49.350002,3.15,6.9750004,9.868871565775004,0.0003414837597440938,0.1563386177260951,0.2009736710209913,9.864444836780189,,,,,,,,634080.0,,1,0,0,1,1
1789661137011.0,18.27,0.15493527,0.2009971,9.865608,0.0,0.00030543236,0.00015271618,-49.350002,3.15,6.9750004,9.868871565775004,0.0003414837597440938,0.15527148494735146,0.20099405792176975,9.865115380182612,,,,,,,,634080.0,,1,0,0,1,1
1789661137021.0,18.28,0.15493527,0.2009971,9.865608,0.0,0.00030543236,0.00015271618,-49.350002,3.15,6.9750004,9.868871565775004,0.0003414837597440938,0.15498172802798016,0.20106386611329471,9.866496810441618,,,,,,,,634080.0,,1,0,0,1,1
1789661137031.0,18.29,0.15493527,0.2009971,9.865608,0.0,0.00030543236,0.00015271618,-49.350002,3.15,6.9750004,9.868871565775004,0.0003414837597440938,0.15542154148000478,0.20119955200663264,9.86875290031762,,,,,,,,634080.0,,1,0,0,1,1
1789661137041.0,18.3,0.15702899,0.2015953,9.87458,-0.0010690133,0.00030543236,0.00015271618,-49.350002,3.15,6.9750004,9.877885854021725,0.0011222301875042624,0.15615792149455487,0.20137274753859002,9.871471594901283,,,,,,,,634080.0,,1,0,0,1,1
1789661137051.0,18.31,0.15702899,0.2015953,9.87458,-0.0010690133,0.00030543236,0.00015271618,-49.350002,3.15,6.9750004,9.877885854021725,0.0011222301875042624,0.15671955933476225,0.20152882815034368,9.873855451351243,,,,,,,,634080.0,,1,0,0,1,1
1789661137061.0,18.32,0.15702899,0.2015953,9.87458,-0.0010690133,0.00030543236,0.00015271618,-50.100002,3.7500002,8.325001,9.877885854021725,0.0011222301875042624,0.1569446609596436,0.20162588023544975,9.875213179777518,,,,,,,,634080.0,,1,0,0,1,1
1789661137071.0,18.33,0.15702899,0.2015953,9.87458,-0.0010690133,0.00030543236,0.00015271618,-50.100002,3.7500002,8.325001,9.877885854021725,0.0011222301875042624,0.1570623772986906,0.2016584406005858,9.875331576178818,,,,,,,,634080.0,,1,0,0,1,1
1789661137081.0,18.34,0.15702899,0.2015953,9.87458,-0.0010690133,0.00030543236,0.00015271618,-50.100002,3.7500002,8.325001,9.877885854021725,0.0011222301875042624,0.1574556115732068,0.20165184167883782,9.874482591106263,,,,,,,,634080.0,,1,0,0,1,1
1789661137091.0,18.35,0.15702899,0.2015953,9.87458,-0.0010690133,0.00030543236,0.00015271618,-50.100002,3.7500002,8.325001,9.877885854021725,0.0011222301875042624,0.15830380861666177,0.2016444974559074,9.87316465391818,,,,,,,,634080.0,,1,0,0,1,1
1789661137101.0,18.36,0.16061822,0.20189442,9.870094,-0.0010690133,0.00030543236,0.00015271618,-50.100002,3.7500002,8.325001,9.873465204185363,0.0011222301875042624,0.1593992300183676,0.20167923317203856,9.871802269367663,,,,,,,,634080.0,,1,0,0,1,1
1789661137111.0,18.37,0.16061822,0.20189442,9.870094,-0.0010690133,0.00030543236,0.00015271618,-50.100002,3.7500002,8.325001,9.873465204185363,0.0011222301875042624,0.16028498932062146,0.20180013406812852,9.870559281251708,,,,,,,,634080.0,,1,0,0,1,1
1789661137121.0,18.38,0.16061822,0.20189442,9.870094,-0.0010690133,0.00030543236,0.00015271618,-50.100002,3.7500002,8.325001,9.873465204185363,0.0011222301875042624,0.1605878828294413,0.20203452835544816,9.869350127807131,,,,,,,,634080.0,,1,0,0,1,1
1789661137131.0,18.39,0.16061822,0.20189442,9.870094,-0.0010690133,0.00030543236,0.00015271618,-50.100002,3.7500002,8.325001,9.873465204185363,0.0011222301875042624,0.16026057634322566,0.20236037759501288,9.868035572423029,,,,,,,,634080.0,,1,0,0,1,1
1789661137141.0,18.4,0.1585245,0.20309082,9.864711,0.0,0.00030543236,0.00015271618,-50.100002,3.7500002,8.325001,9.868074736836437,0.0003414837597440938,0.1595528947249611,0.20269665630075012,9.86663076880343,,,,,,,,634080.0,,1,0,0,1,1
1789661137151.0,18.41,0.1585245,0.20309082,9.864711,0.0,0.00030543236,0.00015271618,-50.100002,3.7500002,8.325001,9.868074736836437,0.0003414837597440938,0.1587848776064501,0.20295047862672067,9.865329627350937,,,,,,,,634080.0,,1,0,0,1,1
1789661137161.0,18.42,0.1585245,0.20309082,9.864711,0.0,0.00030543236,0.00015271618,-50.100002,3.7500002,7.5750003,9.868074736836437,0.0003414837597440938,0.15814789253764736,0.20309616322790844,9.864360798345395,,,,,,,,634080.0,,1,0,0,1,1
1789661137171.0,18.43,0.1585245,0.20309082,9.864711,0.0,0.00030543236,0.00015271618,-50.100002,3.7500002,7.5750003,9.868074736836437,0.0003414837597440938,0.15768519907213271,0.20321457000136867,9.863869043893986,,,,,,,,634080.0,,1,0,0,1,1
1789661137181.0,18.44,0.15702899,0.20368902,9.864112,0.0,0.00030543236,0.00015271618,-50.100002,3.7500002,7.5750003,9.867464358644169,0.0003414837597440938,0.1573993051106483,0.20344605863883305,9.86391754836316,,,,,,,,634080.0,,1,0,0,1,1
1789661137191.0,18.45,0.15702899,0.20368902,9.864112,0.0,0.00030543236,0.00015271618,-50.100002,3.7500002,7.5750003,9.867464358644169,0.0003414837597440938,0.15732490766363724,0.20388224078906783,9.864509805836725,,,,,,,,634080.0,,1,0,0,1,1
1789661137201.0,18.46,0.15702899,0.20368902,9.864112,0.0,0.00030543236,0.00015271618,-50.100002,3.7500002,7.5750003,9.867464358644169,0.0003414837597440938,0.15749559454863804,0.20447708837498932,9.8655357050892,,,,,,,,634080.0,,1,0,0,1,1
1789661137211.0,18.47,0.1585245,0.20578274,9.868001,0.0,0.00030543236,0.00015271618,-50.100002,3.7500002,7.5750003,9.871419365480486,0.0003414837597440938,0.15788043861440665,0.2050591864958363,9.86671711555386,,,,,,,,634080.0,,1,0,0,1,1
1789661137221.0,18.48,0.1585245,0.20578274,9.868001,0.0,0.00030543236,0.00015271618,-50.100002,3.7500002,7.5750003,9.871419365480486,0.0003414837597440938,0.15838554841449476,0.205457287579988,9.867683453992928,,,,,,,,634080.0,,1,0,0,1,1
1789661137231.0,18.49,0.1585245,0.20578274,9.868001,0.0,0.00030543236,0.00015271618,-50.100002,3.7500002,7.5750003,9.871419365480486,0.0003414837597440938,0.15891309792679226,0.20564041732869423,9.868159631735605,,,,,,,,634080.0,,1,0,0,1,1
1789661137241.0,18.5,0.15972091,0.20548365,9.867702,0.0,-0.0009162971,0.00015271618,-50.100002,3.7500002,7.5750003,9.871133524591416,0.0009289362772021568,0.15940066186810858,0.2057299282323276,9.868111155415631,,,,,,,,634080.0,,1,0,0,1,1
1789661137251.0,18.51,0.15972091,0.20548365,9.867702,0.0,-0.0009162971,0.00015271618,-50.100002,3.7500002,7.5750003,9.871133524591416,0.0009289362772021568,0.15979970450287204,0.20584450021627956,9.867743078743922,,,,,,,,634080.0,,1,0,0,1,1
1789661137261.0,18.52,0.15972091,0.20548365,9.867702,0.0,-0.0009162971,0.00015271618,-50.100002,4.275,8.175,9.871133524591416,0.0009289362772021568,0.16002594334868278,0.20591031996658785,9.867389956871346,,,,,,,,634080.0,,1,0,0,1,1
1789661137271.0,18.53,0.15972091,0.20548365,9.867702,0.0,-0.0009162971,0.00015271618,-50.100002,4.275,8.175,9.871133524591416,0.0009289362772021568,0.15994903306567984,0.20563449644785753,9.867377555012753,,,,,,,,634080.0,,1,0,0,1,1
1789661137281.0,18.54,0.15972091,0.20548365,9.867702,0.0,-0.0009162971,0.00015271618,-50.100002,4.275,8.175,9.871133524591416,0.0009289362772021568,0.15946498291012082,0.20471371738164926,9.867887370691433,,,,,,,,634080.0,,1,0,0,1,1
1789661137291.0,18.55,0.15972091,0.20548365,9.867702,0.0,-0.0009162971,0.00015271618,-50.100002,4.275,8.175,9.871133524591416,0.0009289362772021568,0.1586173786568408,0.2031169678515689,9.868843801147674,,,,,,,,634080.0,,1,0,0,1,1
1789661137301.0,18.56,0.15672988,0.19830517,9.870692,0.0,-0.0009162971,0.00015271618,-50.100002,4.275,8.175,9.873927777465132,0.0009289362772021568,0.15765410466046223,0.20116157158159673,9.86989727302188,,,,,,,,634080.0,,1,0,0,1,1
1789661137311.0,18.57,0.15672988,0.19830517,9.870692,0.0,-0.0009162971,0.00015271618,-50.100002,4.275,8.175,9.873927777465132,0.0009289362772021568,0.15692696149660607,0.1992797720950595,9.870575409863449,,,,,,,,634080.0,,1,0,0,1,1
1789661137321.0,18.58,0.15672988,0.19830517,9.870692,0.0,-0.0009162971,0.00015271618,-50.100002,4.275,8.175,9.873927777465132,0.0009289362772021568,0.1566809520255648,0.1977170287073794,9.870549743287572,,,,,,,,634080.0,,1,0,0,1,1
1789661137331.0,18.59,0.15672988,0.19830517,9.870692,0.0,-0.0009162971,0.00015271618,-50.100002,4.275,8.175,9.873927777465132,0.0009289362772021568,0.15689640815385728,0.1964943075710717,9.869833724324296,,,,,,,,634080.0,,1,0,0,1,1
1789661137341.0,18.6,0.1576272,0.19531415,9.867402,0.0,0.00030543236,0.00015271618,-50.100002,4.275,8.175,9.87059350702753,0.0003414837597440938,0.15730832583786178,0.19564210753404174,9.868752482753482,,,,,,,,634080.0,,1,0,0,1,1
1789661137351.0,18.61,0.1576272,0.19531415,9.867402,0.0,0.00030543236,0.00015271618,-50.100002,4.275,8.175,9.87059350702753,0.0003414837597440938,0.15758117862850302,0.19537348476721528,9.867708425789871,,,,,,,,634080.0,,1,0,0,1,1
1789661137361.0,18.62,0.1576272,0.19531415,9.867402,0.0,0.00030543236,0.00015271618,-49.2,3.825,6.9,9.87059350702753,0.0003414837597440938,0.15750702340601108,0.1959425613342718,9.86693795133299,,,,,,,,634080.0,,1,0,0,1,1
1789661137371.0,18.63,0.1576272,0.19531415,9.867402,0.0,0.00030543236,0.00015271618,-49.2,3.825,6.9,9.87059350702753,0.0003414837597440938,0.15709432258549552,0.1973205180999477,9.866440889576756,,,,,,,,634080.0,,1,0,0,1,1
1789661137381.0,18.64,0.15493527,0.2015953,9.864711,0.0,0.00030543236,0.00015271618,-49.2,3.825,6.9,9.867987065070214,0.0003414837597440938,0.15650802217130882,0.19904750816112743,9.866088864342524,,,,,,,,634080.0,,1,0,0,1,1
1789661137391.0,18.65,0.15643078,0.200698,9.866206,0.0,0.00030543236,0.00015271618,-49.2,3.825,6.9,9.86948687169558,0.0003414837597440938,0.15594030613046897,0.20044259236536419,9.86578477750007,,,,,,,,634080.0,,1,0,0,1,1
1789661137401.0,18.66,0.15643078,0.200698,9.866206,0.0,0.00030543236,0.00015271618,-49.2,3.825,6.9,9.86948687169558,0.0003414837597440938,0.15553351362234247,0.20098726541588324,9.865562762265517,,,,,,,,634080.0,,1,0,0,1,1
1789661137411.0,18.67,0.15523437,0.19950159,9.865608,0.0,0.00030543236,0.00015271618,-49.2,3.825,6.9,9.868845920557572,0.0003414837597440938,0.1553876133701414,0.2005543598097153,9.865584016078632,,,,,,,,634080.0,,1,0,0,1,1
1789661137421.0,18.68,0.15523437,0.19950159,9.865608,0.0,0.00030543236,0.00015271618,-49.2,3.825,6.9,9.868845920557572,0.0003414837597440938,0.15557027997240483,0.19936087121054408,9.866020003589885,,,,,,,,634080.0,,1,0,0,1,1
1789661137431.0,18.69,0.15523437,0.19950159,9.865608,0.0,0.00030543236,0.00015271618,-49.2,3.825,6.9,9.868845920557572,0.0003414837597440938,0.15606861226708918,0.19777974248190394,9.866881597367371,,,,,,,,634080.0,,1,0,0,1,1
1789661137441.0,18.7,0.1576272,0.19441684,9.869197,0.0,-0.0009162971,0.00015271618,-49.2,3.825,6.9,9.872370215235266,0.0009289362772021568,0.15674348170358504,0.1961716199088336,9.867939327306136,,,,,,,,634080.0,,1,0,0,1,1
1789661137451.0,18.71,0.1576272,0.19441684,9.869197,0.0,-0.0009162971,0.00015271618,-49.2,3.825,6.9,9.872370215235266,0.0009289362772021568,0.15737636770199726,0.19479452133621306,9.868839562548276,,,,,,,,634080.0,,1,0,0,1,1
1789661137461.0,18.72,0.1576272,0.19441684,9.869197,0.0,-0.0009162971,0.00015271618,-49.050003,3.6000001,6.7500005,9.872370215235266,0.0009289362772021568,0.15778611749489865,0.19381418375538004,9.869335736621972,,,,,,,,634080.0,,1,0,0,1,1
1789661137471.0,18.73,0.1576272,0.19441684,9.869197,0.0,-0.0009162971,0.00015271618,-49.050003,3.6000001,6.7500005,9.872370215235266,0.0009289362772021568,0.1579073442618393,0.19340995889303536,9.869431561123394,,,,,,,,634080.0,,1,0,0,1,1
1789661137481.0,18.74,0.1576272,0.19441684,9.869197,0.0,-0.0009162971,0.00015271618,-49.050003,3.6000001,6.7500005,9.872370215235266,0.0009289362772021568,0.15777947182590288,0.19384921591441814,9.869324676659204,,,,,,,,634080.0,,1,0,0,1,1
1789661137491.0,18.75,0.1576272,0.19441684,9.869197,0.0,-0.0009162971,0.00015271618,-49.050003,3.6000001,6.7500005,9.872370215235266,0.0009289362772021568,0.15749997758938244,0.1953538060582137,9.869226037100685,,,,,,,,634080.0,,1,0,0,1,1
1789661137501.0,18.76,0.1576272,0.19441684,9.869197,0.0,-0.0009162971,0.00015271618,-49.050003,3.6000001,6.7500005,9.872370215235266,0.0009289362772021568,0.15720512890014582,0.19779665996374168,9.869211918899877,,,,,,,,634080.0,,1,0,0,1,1
1789661137511.0,18.77,0.15702899,0.20368902,9.869197,0.0,-0.0009162971,0.00015271618,-49.050003,3.6000001,6.7500005,9.872547631962988,0.0009289362772021568,0.1570648478964454,0.20055273524171627,9.869204200794146,,,,,,,,634080.0,,1,0,0,1,1
1789661137521.0,18.78,0.15702899,0.20368902,9.869197,0.0,-0.0009162971,0.00015271618,-49.050003,3.6000001,6.7500005,9.872547631962988,0.0009289362772021568,0.15723537726017672,0.20277002640862304,9.869066389556684,,,,,,,,634080.0,,1,0,0,1,1
1789661137531.0,18.79,0.15702899,0.20368902,9.869197,0.0,-0.0009162971,0.00015271618,-49.050003,3.6000001,6.7500005,9.872547631962988,0.0009289362772021568,0.1577668286271132,0.20389264450904238,9.868730055289118,,,,,,,,634080.0,,1,0,0,1,1
1789661137541.0,18.8,0.1594218,0.20309082,9.867702,0.0,0.00030543236,0.00015271618,-49.050003,3.6000001,6.7500005,9.871079168575617,0.0003414837597440938,0.1585408191671039,0.20396973448225153,9.868258039054812,,,,,,,,634080.0,,1,0,0,1,1
1789661137551.0,18.81,0.1594218,0.20309082,9.867702,0.0,0.00030543236,0.00015271618,-49.050003,3.6000001,6.7500005,9.871079168575617,0.0003414837597440938,0.15930494025097583,0.20350161327370195,9.86780724742708,,,,,,,,634080.0,,1,0,0,1,1
1789661137561.0,18.82,0.1594218,0.20309082,9.867702,0.0,0.00030543236,0.00015271618,-49.725002,3.9750001,8.025001,9.871079168575617,0.0003414837597440938,0.15978063993993016,0.20302500349559716,9.867535013563279,,,,,,,,634080.0,,1,0,0,1,1
1789661137571.0,18.83,0.1594218,0.20309082,9.867702,0.0,0.00030543236,0.00015271618,-49.725002,3.9750001,8.025001,9.871079168575617,0.0003414837597440938,0.15976968419716092,0.20280795087585018,9.867525158254864,,,,,,,,634080.0,,1,0,0,1,1
1789661137581.0,18.84,0.1594218,0.20309082,9.867702,0.0,0.00030543236,0.00015271618,-49.725002,3.9750001,8.025001,9.871079168575617,0.0003414837597440938,0.15922351143775054,0.2028245970228931,9.867768728612807,,,,,,,,634080.0,,1,0,0,1,1
1789661137591.0,18.85,0.1594218,0.20309082,9.867702,0.0,0.00030543236,0.00015271618,-49.725002,3.9750001,8.025001,9.871079168575617,0.0003414837597440938,0.15827643098215308,0.20291071586057133,9.868183937814825,,,,,,,,634080.0,,1,0,0,1,1
1789661137601.0,18.86,0.15613168,0.20249261,9.869197,0.0,0.00030543236,0.00015271618,-49.725002,3.9750001,8.025001,9.872508788723017,0.0003414837597440938,0.157216958416094,0.20291278514887395,9.868654441816822,,,,,,,,634080.0,,1,0,0,1,1
1789661137611.0,18.87,0.15613168,0.20249261,9.869197,0.0,0.00030543236,0.00015271618,-49.725002,3.9750001,8.025001,9.872508788723017,0.0003414837597440938,0.15636881102094297,0.20273918580066483,9.869074328797723,,,,,,,,634080.0,,1,0,0,1,1
1789661137621.0,18.88,0.15613168,0.20249261,9.869197,0.0,0.00030543236,0.00015271618,-49.725002,3.9750001,8.025001,9.872508788723017,0.0003414837597440938,0.15593585088942863,0.2023522402072834,9.869376905037322,,,,,,,,634080.0,,1,0,0,1,1
1789661137631.0,18.89,0.15613168,0.20249261,9.869197,0.0,0.00030543236,0.00015271618,-49.725002,3.9750001,8.025001,9.872508788723017,0.0003414837597440938,0.15592497189831653,0.20177142828187133,9.869527803359846,,,,,,,,634080.0,,1,0,0,1,1
1789661137641.0,18.9,0.15643078,0.20039889,9.869496,0.0,0.00030543236,0.00015271618,-49.725002,3.9750001,8.025001,9.872769702472587,0.0003414837597440938,0.15619132293168483,0.201092948808111,9.869507813863382,,,,,,,,634080.0,,1,0,0,1,1
1789661137651.0,18.91,0.15643078,0.20039889,9.869496,0.0,-0.0009162971,0.00015271618,-49.725002,3.9750001,8.025001,9.872769702472587,0.0009289362772021568,0.1565344186556101,0.20048120619495383,9.869337393690785,,,,,,,,634080.0,,1,0,0,1,1
1789661137661.0,18.92,0.15643078,0.20039889,9.869496,0.0,-0.0009162971,0.00015271618,-49.95,3.7500002,7.8750005,9.872769702472587,0.0009289362772021568,0.15675790896423064,0.2001174910405718,9.869141720413282,,,,,,,,634080.0,,1,0,0,1,1
1789661137671.0,18.93,0.15643078,0.20039889,9.869496,0.0,-0.0009162971,0.00015271618,-49.95,3.7500002,7.8750005,9.872769702472587,0.0009289362772021568,0.15669158940102962,0.20013473960518174,9.86916885419382,,,,,,,,634080.0,,1,0,0,1,1
1789661137681.0,18.94,0.15643078,0.20039889,9.869496,0.0,-0.0009162971,0.00015271618,-49.95,3.7500002,7.8750005,9.872769702472587,0.0009289362772021568,0.156237751493669,0.20056071775133572,9.869666229706345,,,,,,,,634080.0,,1,0,0,1,1
1789661137691.0,18.95,0.15643078,0.20039889,9.869496,0.0,-0.0009162971,0.00015271618,-49.95,3.7500002,7.8750005,9.872769702472587,0.0009289362772021568,0.1554592978907289,0.2012802481083121,9.870640426486885,,,,,,,,634080.0,,1,0,0,1,1
1789661137701.0,18.96,0.15403795,0.20279172,9.871889,0.0,-0.0009162971,0.00015271618,-49.95,3.7500002,7.8750005,9.875173142789029,0.0009289362772021568,0.1546263526222396,0.2020521499922577,9.87168474251178,,,,,,,,634080.0,,1,0,0,1,1
1789661137711.0,18.97,0.15403795,0.20279172,9.871889,0.0,-0.0009162971,0.00015271618,-49.95,3.7500002,7.8750005,9.875173142789029,0.0009289362772021568,0.1541193217418613,0.20261413795699607,9.872089135956815,,,,,,,,634080.0,,1,0,0,1,1
1789661137721.0,18.98,0.15403795,0.20279172,9.871889,0.0,-0.0009162971,0.00015271618,-49.95,3.7500002,7.8750005,9.875173142789029,0.0009289362772021568,0.15420568365675796,0.20283044689563437,9.871257403919463,,,,,,,,634080.0,,1,0,0,1,1
1789661137731.0,18.99,0.15403795,0.20279172,9.871889,0.0,-0.0009162971,0.00015271618,-49.95,3.7500002,7.8750005,9.875173142789029,0.0009289362772021568,0.1548504638060854,0.2027683974482573,9.869166271971906,,,,,,,,634080.0,,1,0,0,1,1
1789661137741.0,19.0,0.15672988,0.20249261,9.863514,0.0,0.00030543236,0.00015271618,-49.95,3.7500002,7.8750005,9.866837180200422,0.0003414837597440938,0.15572696025550362,0.20263184079385443,9.866481621062258,,,,,,,,634080.0,,1,0,0,1,1
1789661137751.0,19.01,0.15672988,0.20249261,9.863514,0.0,0.00030543236,0.00015271618,-49.95,3.7500002,7.8750005,9.866837180200422,0.0003414837597440938,0.15643986782357502,0.202594839076472,9.864181251540579,,,,,,,,634080.0,,1,0,0,1,1
1789661137761.0,19.02,0.15672988,0.20249261,9.863514,0.0,0.00030543236,0.00015271618,-49.500004,3.9750001,7.3500004,9.866837180200422,0.0003414837597440938,0.15679137583860853,0.20265686774637434,9.862960576455755,,,,,,,,634080.0,,1,0,0,1,1
1789661137771.0,19.03,0.15672988,0.20249261,9.863514,0.0,0.00030543236,0.00015271618,-49.500004,3.9750001,7.3500004,9.866837180200422,0.0003414837597440938,0.15688155094014086,0.20262884091547642,9.862884045584753,,,,,,,,634080.0,,1,0,0,1,1
1789661137781.0,19.04,0.15672988,0.20249261,9.863514,0.0,0.00030543236,0.00015271618,-49.500004,3.9750001,7.3500004,9.866837180200422,0.0003414837597440938,0.1569788880605999,0.20227494376795663,9.863491697121507,,,,,,,,634080.0,,1,0,0,1,1
1789661137791.0,19.05,0.15672988,0.20249261,9.863514,0.0,0.00030543236,0.00015271618,-49.500004,3.9750001,7.3500004,9.866837180200422,0.0003414837597440938,0.15728793921401776,0.2015228934984362,9.864190122938439,,,,,,,,634080.0,,1,0,0,1,1
1789661137801.0,19.06,0.1585245,0.19980069,9.865309,0.0,0.00030543236,0.00015271618,-49.500004,3.9750001,7.3500004,9.868605372508606,0.0003414837597440938,0.1578051606443235,0.20058468176610875,9.864629326145923,,,,,,,,634080.0,,1,0,0,1,1
1789661137811.0,19.07,0.1585245,0.19980069,9.865309,0.0,0.00030543236,0.00015271618,-49.500004,3.9750001,7.3500004,9.868605372508606,0.0003414837597440938,0.15835248236143112,0.1998766697622777,9.864874056557559,,,,,,,,634080.0,,1,0,0,1,1
1789661137821.0,19.08,0.1585245,0.19980069,9.865309,0.0,0.00030543236,0.00015271618,-49.500004,3.9750001,7.3500004,9.868605372508606,0.0003414837597440938,0.15872249076385517,0.1997815234731273,9.86530848421576,,,,,,,,634080.0,,1,0,0,1,1
1789661137831.0,19.09,0.1585245,0.19980069,9.865309,0.0,0.00030543236,0.00015271618,-49.500004,3.9750001,7.3500004,9.868605372508606,0.0003414837597440938,0.15880450786421332,0.2004232140706533,9.866324588240994,,,,,,,,634080.0,,1,0,0,1,1
1789661137841.0,19.1,0.1591227,0.20219351,9.866804,0.0,0.00030543236,0.00015271618,-49.500004,3.9750001,7.3500004,9.870158226875464,0.0003414837597440938,0.15862084508811913,0.2016088254332497,9.86798545228441,,,,,,,,634080.0,,1,0,0,1,1
1789661137851.0,19.11,0.15792629,0.20368902,9.871889,0.0,0.00030543236,0.00015271618,-49.500004,3.9750001,7.3500004,9.875253027556443,0.0003414837597440938,0.15829008724400737,0.20294824730485567,9.869920501749892,,,,,,,,634080.0,,1,0,0,1,1
1789661137861.0,19.12,0.15792629,0.20368902,9.871889,0.0,0.00030543236,0.00015271618,-49.425003,4.2000003,7.8750005,9.875253027556443,0.0003414837597440938,0.15796435721550084,0.20402749220028962,9.871546964229834,,,,,,,,634080.0,,1,0,0,1,1
1789661137871.0,19.13,0.15792629,0.20368902,9.871889,0.0,0.00030543236,0.00015271618,-49.425003,4.2000003,7.8750005,9.875253027556443,0.0003414837597440938,0.1577742928565443,0.20451146835931985,9.872425788180317,,,,,,,,634080.0,,1,0,0,1,1
1789661137881.0,19.14,0.15792629,0.20368902,9.871889,0.0,0.00030543236,0.00015271618,-49.425003,4.2000003,7.8750005,9.875253027556443,0.0003414837597440938,0.15779687830177536,0.20418895274103774,9.872467305507437,,,,,,,,634080.0,,1,0,0,1,1
1789661137891.0,19.15,0.15792629,0.20368902,9.871889,0.0,0.00030543236,0.00015271618,-49.425003,4.2000003,7.8750005,9.875253027556443,0.0003414837597440938,0.15804503871721853,0.20307189516161772,9.871897832651712,,,,,,,,634080.0,,1,0,0,1,1
1789661137901.0,19.16,0.15792629,0.20368902,9.871889,0.0,0.00030543236,0.00015271618,-49.425003,4.2000003,7.8750005,9.875253027556443,0.0003414837597440938,0.15847433623283372,0.20155314698130172,9.871113850329353,,,,,,,,634080.0,,1,0,0,1,1
1789661137911.0,19.17,0.15972091,0.19950159,9.870394,0.0,0.00030543236,0.00015271618,-49.425003,4.2000003,7.8750005,9.87370190803529,0.0003414837597440938,0.15901256518024381,0.20041649302577189,9.870548782871783,,,,,,,,634080.0,,1,0,0,1,1
1789661137921.0,19.18,0.15972091,0.19950159,9.870394,0.0,0.00030543236,0.00015271618,-49.425003,4.2000003,7.8750005,9.87370190803529,0.0003414837597440938,0.15960841523922276,0.20050206458434114,9.870556607295631,,,,,,,,634080.0,,1,0,0,1,1
1789661137931.0,19.19,0.15972091,0.19950159,9.870394,0.0,0.00030543236,0.00015271618,-49.425003,4.2000003,7.8750005,9.87370190803529,0.0003414837597440938,0.1602591511243771,0.2021642555358614,9.87128722864634,,,,,,,,634080.0,,1,0,0,1,1
1789661137941.0,19.2,0.16151553,0.20847467,9.873982,0.0,-0.00030543236,0.00015271618,-49.425003,4.2000003,7.8750005,9.877503201254191,0.0003414837597440938,0.16097200154447952,0.20495963495873726,9.872595071086876,,,,,,,,634080.0,,1,0,0,1,1
1789661137951.0,19.21,0.16151553,0.20847467,9.873982,0.0,-0.00030543236,0.00015271618,-49.425003,4.2000003,7.8750005,9.877503201254191,0.0003414837597440938,0.16166927876865209,0.20784874836284295,9.874040883380177,,,,,,,,634080.0,,1,0,0,1,1
1789661137961.0,19.22,0.16151553,0.20847467,9.873982,0.0,-0.00030543236,0.00015271618,-49.425003,3.6000001,7.275,9.877503201254191,0.0003414837597440938,0.16211369008109128,0.20972344477000487,9.874993766344383,,,,,,,,634080.0,,1,0,0,1,1
1789661137971.0,19.23,0.16151553,0.20847467,9.873982,0.0,-0.00030543236,0.00015271618,-49.425003,3.6000001,7.275,9.877503201254191,0.0003414837597440938,0.16195239804901346,0.20985635239295894,9.874828188714043,,,,,,,,634080.0,,1,0,0,1,1
1789661137981.0,19.24,0.16151553,0.20847467,9.873982,0.0,-0.00030543236,0.00015271618,-49.425003,3.6000001,7.275,9.877503201254191,0.0003414837597440938,0.1609234761388231,0.20811054616237737,9.873230759519704,,,,,,,,634080.0,,1,0,0,1,1
1789661137991.0,19.25,0.16151553,0.20847467,9.873982,0.0,-0.00030543236,0.00015271618,-49.425003,3.6000001,7.275,9.877503201254191,0.0003414837597440938,0.1591212825669162,0.2049971028323931,9.870523389587293,,,,,,,,634080.0,,1,0,0,1,1
1789661138001.0,19.26,0.15493527,0.19890338,9.865309,0.0,-0.00030543236,0.00015271618,-49.425003,3.6000001,7.275,9.868530243047664,0.0003414837597440938,0.1570794769571627,0.2015851806833379,9.867711041267464,,,,,,,,634080.0,,1,0,0,1,1
1789661138011.0,19.27,0.15493527,0.19890338,9.865309,0.0,-0.00030543236,0.00015271618,-49.425003,3.6000001,7.275,9.868530243047664,0.0003414837597440938,0.15551168102908006,0.1991438884180117,9.86601518674602,,,,,,,,634080.0,,1,0,0,1,1
1789661138021.0,19.28,0.15493527,0.19890338,9.865309,0.0,-0.00030543236,0.00015271618,-49.425003,3.6000001,7.275,9.868530243047664,0.0003414837597440938,0.15486344380287012,0.19857568625749736,9.866098261713637,,,,,,,,634080.0,,1,0,0,1,1
1789661138031.0,19.29,0.15493527,0.19890338,9.865309,0.0,-0.00030543236,0.00015271618,-49.425003,3.6000001,7.275,9.868530243047664,0.0003414837597440938,0.15504645260484576,0.1999754660786382,9.867590723952691,,,,,,,,634080.0,,1,0,0,1,1
1789661138041.0,19.3,0.15672988,0.20368902,9.875179,0.0,-0.00030543236,0.00015271618,-49.425003,3.6000001,7.275,9.87852285284568,0.0003414837597440938,0.1555735949377841,0.20261816667786636,9.869371965242959,,,,,,,,634080.0,,1,0,0,1,1
1789661138051.0,19.31,0.15583257,0.20638095,9.869197,0.0,0.00030543236,0.00015271618,-49.425003,3.6000001,7.275,9.872584581111711,0.0003414837597440938,0.1559543731043853,0.20535890981784136,9.870398636643857,,,,,,,,634080.0,,1,0,0,1,1
1789661138061.0,19.32,0.15583257,0.20638095,9.869197,0.0,0.00030543236,0.00015271618,-49.95,3.9750001,7.8,9.872584581111711,0.0003414837597440938,0.1560168671226197,0.2071566728092226,9.870376036466885,,,,,,,,634080.0,,1,0,0,1,1
1789661138071.0,19.33,0.15583257,0.20638095,9.869197,0.0,0.00030543236,0.00015271618,-49.95,3.9750001,7.8,9.872584581111711,0.0003414837597440938,0.15593648370378616,0.20743215754498526,9.86975947758749,,,,,,,,634080.0,,1,0,0,1,1
1789661138081.0,19.34,0.15583257,0.20638095,9.869197,0.0,0.00030543236,0.00015271618,-49.95,3.9750001,7.8,9.872584581111711,0.0003414837597440938,0.15601057421742648,0.20618309642672678,9.869225501779962,,,,,,,,634080.0,,1,0,0,1,1
1789661138091.0,19.35,0.15583257,0.20638095,9.869197,0.0,0.00030543236,0.00015271618,-49.95,3.9750001,7.8,9.872584581111711,0.0003414837597440938,0.15639017337712352,0.2039393410849758,9.869153536241033,,,,,,,,634080.0,,1,0,0,1,1
1789661138101.0,19.36,0.1576272,0.19980069,9.870094,0.0,0.00030543236,0.00015271618,-49.95,3.9750001,7.8,9.873374408921213,0.0003414837597440938,0.15696753638288533,0.2015904897484787,9.869487717387463,,,,,,,,634080.0,,1,0,0,1,1
1789661138111.0,19.37,0.1576272,0.19980069,9.870094,0.0,0.00030543236,0.00015271618,-49.95,3.9750001,7.8,9.873374408921213,0.0003414837597440938,0.15747271190779424,0.2000459784790337,9.869938642237942,,,,,,,,634080.0,,1,0,0,1,1
1789661138121.0,19.38,0.1576272,0.19980069,9.870094,0.0,0.00030543236,0.00015271618,-49.95,3.9750001,7.8,9.873374408921213,0.0003414837597440938,0.15767418763457983,0.19981090966967555,9.870258462411485,,,,,,,,634080.0,,1,0,0,1,1
1789661138131.0,19.39,0.1576272,0.19980069,9.870094,0.0,0.00030543236,0.00015271618,-49.95,3.9750001,7.8,9.873374408921213,0.0003414837597440938,0.1575218145216407,0.20073923252532683,9.870376191394897,,,,,,,,634080.0,,1,0,0,1,1
1789661138141.0,19.4,0.15672988,0.20368902,9.870394,0.0,0.00030543236,0.00015271618,-49.95,3.9750001,7.8,9.873739473339842,0.0003414837597440938,0.15714614239308658,0.20217040677874368,9.870363014778974,,,,,,,,634080.0,,1,0,0,1,1
1789661138151.0,19.41,0.15672988,0.20368902,9.870394,0.0,0.00030543236,0.00015271618,-49.95,3.9750001,7.8,9.873739473339842,0.0003414837597440938,0.156753591597171,0.20337000068180675,9.870326670100027,,,,,,,,634080.0,,1,0,0,1,1
1789661138161.0,19.42,0.15672988,0.20368902,9.870394,0.0,0.00030543236,0.00015271618,-49.65,3.7500002,7.5000005,9.873739473339842,0.0003414837597440938,0.15651804264738609,0.20395578012704121,9.870334624677847,,,,,,,,634080.0,,1,0,0,1,1
1789661138171.0,19.43,0.15672988,0.20368902,9.870394,0.0,0.00030543236,0.00015271618,-49.65,3.7500002,7.5000005,9.873739473339842,0.0003414837597440938,0.1565317622256128,0.2040203484163795,9.870394798317603,,,,,,,,634080.0,,1,0,0,1,1
1789661138181.0,19.44,0.15672988,0.20368902,9.870394,0.0,0.00030543236,0.00015271618,-49.65,3.7500002,7.5000005,9.873739473339842,0.0003414837597440938,0.1568034368610253,0.20392133337079102,9.870472418579018,,,,,,,,634080.0,,1,0,0,1,1
1789661138191.0,19.45,0.15672988,0.20368902,9.870394,0.0,0.00030543236,0.00015271618,-49.65,3.7500002,7.5000005,9.873739473339842,0.0003414837597440938,0.15726403959586469,0.2039573616114228,9.870521299133637,,,,,,,,634080.0,,1,0,0,1,1
1789661138201.0,19.46,0.1582254,0.20458634,9.870692,0.0,0.00030543236,0.00015271618,-49.65,3.7500002,7.5000005,9.87407977517823,0.0003414837597440938,0.15777692401040183,0.20418164629304444,9.870522744842077,,,,,,,,634080.0,,1,0,0,1,1
1789661138211.0,19.47,0.1582254,0.20458634,9.870692,0.0,0.00030543236,0.00015271618,-49.65,3.7500002,7.5000005,9.87407977517823,0.0003414837597440938,0.15817762515636968,0.20444540981803172,9.870519340375164,,,,,,,,634080.0,,1,0,0,1,1
1789661138221.0,19.48,0.1582254,0.20458634,9.870692,0.0,0.00030543236,0.00015271618,-49.65,3.7500002,7.5000005,9.87407977517823,0.0003414837597440938,0.15834241075129515,0.20457812939242584,9.870611663613424,,,,,,,,634080.0,,1,0,0,1,1
1789661138231.0,19.49,0.1582254,0.20458634,9.870692,0.0,0.00030543236,0.00015271618,-49.65,3.7500002,7.5000005,9.87407977517823,0.0003414837597440938,0.15824467139313536,0.20453816757051357,9.87089491505558,,,,,,,,634080.0,,1,0,0,1,1
1789661138241.0,19.5,0.1582254,0.20458634,9.870692,0.0,0.00030543236,0.00015271618,-49.65,3.7500002,7.5000005,9.87407977517823,0.0003414837597440938,0.15796153824418466,0.20442435624543268,9.871367856887876,,,,,,,,634080.0,,1,0,0,1,1
1789661138251.0,19.51,0.15732808,0.20398813,9.872487,0.0,0.00030543236,0.00015271618,-49.65,3.7500002,7.5000005,9.87584744956636,0.0003414837597440938,0.15762868782767966,0.2043552263121025,9.871898112807111,,,,,,,,634080.0,,1,0,0,1,1
1789661138261.0,19.52,0.15732808,0.20398813,9.872487,0.0,0.00030543236,0.00015271618,-48.675003,4.3500004,5.8500004,9.87584744956636,0.0003414837597440938,0.15737107733886818,0.20431971946484134,9.872298565293264,,,,,,,,634080.0,,1,0,0,1,1
1789661138271.0,19.53,0.15732808,0.20398813,9.872487,0.0,0.00030543236,0.00015271618,-48.675003,4.3500004,5.8500004,9.87584744956636,0.0003414837597440938,0.15724909252505767,0.20413384222478076,9.872462959262446,,,,,,,,634080.0,,1,0,0,1,1
1789661138281.0,19.54,0.15732808,0.20398813,9.872487,0.0,0.00030543236,0.00015271618,-48.675003,4.3500004,5.8500004,9.87584744956636,0.0003414837597440938,0.15724877252503772,0.20357052719689397,9.872434434237626,,,,,,,,634080.0,,1,0,0,1,1
1789661138291.0,19.55,0.15732808,0.20398813,9.872487,0.0,0.00030543236,0.00015271618,-48.675003,4.3500004,5.8500004,9.87584744956636,0.0003414837597440938,0.1573118870680383,0.20258018745939735,9.872327558796808,,,,,,,,634080.0,,1,0,0,1,1
1789661138301.0,19.56,0.15732808,0.2000998,9.871291,0.0,0.00030543236,0.00015271618,-48.675003,4.3500004,5.8500004,9.87457229764396,0.0003414837597440938,0.15737438551214905,0.20140430051451533,9.872155864948827,,,,,,,,634080.0,,1,0,0,1,1
1789661138311.0,19.57,0.15732808,0.2000998,9.871291,0.0,0.00030543236,0.00015271618,-48.675003,4.3500004,5.8500004,9.87457229764396,0.0003414837597440938,0.15738746421053817,0.20044940717266332,9.87172214774944,,,,,,,,634080.0,,1,0,0,1,1
1789661138321.0,19.58,0.15732808,0.2000998,9.871291,0.0,0.00030543236,0.00015271618,-48.675003,4.3500004,5.8500004,9.87457229764396,0.0003414837597440938,0.15732171737249112,0.20000980579357827,9.870711442570453,,,,,,,,634080.0,,1,0,0,1,1
1789661138331.0,19.59,0.15732808,0.2000998,9.871291,0.0,0.00030543236,0.00015271618,-48.675003,4.3500004,5.8500004,9.87457229764396,0.0003414837597440938,0.15716890120538818,0.20007597623401963,9.86896003807807,,,,,,,,634080.0,,1,0,0,1,1
1789661138341.0,19.6,0.15672988,0.200698,9.864112,0.0,0.00030543236,0.00015271618,-48.675003,4.3500004,5.8500004,9.86739831419776,0.0003414837597440938,0.1569484925673336,0.20038025129428022,9.866684895990861,,,,,,,,634080.0,,1,0,0,1,1
1789661138351.0,19.61,0.15672988,0.200698,9.864112,0.0,0.00030543236,0.00015271618,-48.675003,4.3500004,5.8500004,9.86739831419776,0.0003414837597440938,0.1567148494137756,0.20061964840029492,9.864471819287164,,,,,,,,634080.0,,1,0,0,1,1
1789661138361.0,19.62,0.15672988,0.200698,9.864112,0.0,0.00030543236,0.00015271618,-49.800003,3.7500002,7.8750005,9.86739831419776,0.0003414837597440938,0.15655677524281045,0.20067203012940696,9.863048824600689,,,,,,,,634080.0,,1,0,0,1,1
1789661138371.0,19.63,0.15672988,0.200698,9.864112,0.0,0.00030543236,0.00015271618,-49.800003,3.7500002,7.8750005,9.86739831419776,0.0003414837597440938,0.15657764384803427,0.20065867334123003,9.86301760657154,,,,,,,,634080.0,,1,0,0,1,1
1789661138381.0,19.64,0.15672988,0.200698,9.864112,0.0,0.00030543236,0.00015271618,-49.800003,3.7500002,7.8750005,9.86739831419776,0.0003414837597440938,0.15684451239486294,0.20083031051884548,9.864626055721287,,,,,,,,634080.0,,1,0,0,1,1
1789661138391.0,19.65,0.15672988,0.200698,9.864112,0.0,0.00030543236,0.00015271618,-49.800003,3.7500002,7.8750005,9.86739831419776,0.0003414837597440938,0.1573205771759985,0.20136792744344223,9.867586638625141,,,,,,,,634080.0,,1,0,0,1,1
1789661138401.0,19.66,0.1582254,0.20309082,9.874282,0.0,0.00030543236,0.00015271618,-49.800003,3.7500002,7.8750005,9.877637681849714,0.0003414837597440938,0.1578366497504693,0.20223221273844905,9.871053488861639,,,,,,,,634080.0,,1,0,0,1,1
1789661138411.0,19.67,0.1582254,0.20309082,9.874282,0.0,0.00030543236,0.00015271618,-49.800003,3.7500002,7.8750005,9.877637681849714,0.0003414837597440938,0.1581546208141776,0.20314835838563444,9.873907146222818,,,,,,,,634080.0,,1,0,0,1,1
1789661138421.0,19.68,0.1582254,0.20309082,9.874282,0.0,0.00030543236,0.00015271618,-49.800003,3.7500002,7.8750005,9.877637681849714,0.0003414837597440938,0.1581020357392921,0.20372226072039326,9.875257209077711,,,,,,,,634080.0,,1,0,0,1,1
1789661138431.0,19.69,0.1582254,0.20309082,9.874282,0.0,0.00030543236,0.00015271618,-49.800003,3.7500002,7.8750005,9.877637681849714,0.0003414837597440938,0.15768048578929095,0.20362949238997252,9.874844682624753,,,,,,,,634080.0,,1,0,0,1,1
1789661138441.0,19.7,0.15583257,0.20548365,9.875478,0.0,0.00030543236,0.00015271618,-49.800003,3.7500002,7.8750005,9.878844722373872,0.0003414837597440938,0.15706351590640266,0.2028033828709193,9.873109366280053,,,,,,,,634080.0,,1,0,0,1,1
1789661138451.0,19.71,0.15672988,0.19980069,9.868897,0.0,0.00030543236,0.00015271618,-49.800003,3.7500002,7.8750005,9.87216352010127,0.0003414837597440938,0.15649955139720714,0.2015192767262199,9.870929656863991,,,,,,,,634080.0,,1,0,0,1,1
1789661138461.0,19.72,0.15672988,0.19980069,9.868897,0.0,0.00030543236,0.00015271618,-49.800003,3.7500002,6.6000004,9.87216352010127,0.0003414837597440938,0.1562128118115766,0.200280124895545,9.869192372256657,,,,,,,,634080.0,,1,0,0,1,1
1789661138471.0,19.73,0.15672988,0.19980069,9.868897,0.0,0.00030543236,0.00015271618,-49.800003,3.7500002,6.6000004,9.87216352010127,0.0003414837597440938,0.15635692620135513,0.199544464995804,9.86840791721778,,,,,,,,634080.0,,1,0,0,1,1
1789661138481.0,19.74,0.15672988,0.19980069,9.868897,0.0,0.00030543236,0.00015271618,-49.800003,3.7500002,6.6000004,9.87216352010127,0.0003414837597440938,0.1569799648373882,0.19948716642187286,9.868565039015856,,,,,,,,634080.0,,1,0,0,1,1
1789661138491.0,19.75,0.15672988,0.19980069,9.868897,0.0,0.00030543236,0.00015271618,-49.800003,3.7500002,6.6000004,9.87216352010127,0.0003414837597440938,0.1579581256926485,0.19994828413021065,9.869267753309241,,,,,,,,634080.0,,1,0,0,1,1
1789661138501.0,19.76,0.15972091,0.200698,9.870394,0.0,0.00030543236,0.00015271618,-49.800003,3.7500002,6.6000004,9.873726154372077,0.0003414837597440938,0.1589639938761205,0.20055453316537927,9.8700172810023,,,,,,,,634080.0,,1,0,0,1,1
1789661138511.0,19.77,0.15972091,0.200698,9.870394,0.0,0.00030543236,0.00015271618,-49.800003,3.7500002,6.6000004,9.873726154372077,0.0003414837597440938,0.15958076135385016,0.20089905205715472,9.870457887272496,,,,,,,,634080.0,,1,0,0,1,1
1789661138521.0,19.78,0.15972091,0.200698,9.870394,0.0,0.00030543236,0.00015271618,-49.800003,3.7500002,6.6000004,9.873726154372077,0.0003414837597440938,0.15954739290757006,0.20069216157985004,9.870485676990462,,,,,,,,634080.0,,1,0,0,1,1
1789661138531.0,19.79,0.15972091,0.200698,9.870394,0.0,0.00030543236,0.00015271618,-49.800003,3.7500002,6.6000004,9.873726154372077,0.0003414837597440938,0.1589529802295226,0.19985099521229857,9.87021339374196,,,,,,,,634080.0,,1,0,0,1,1
1789661138541.0,19.8,0.15732808,0.19710876,9.869496,-0.0012217294,-0.0009162971,0.00015271618,-49.800003,3.7500002,6.6000004,9.87271772522851,0.0015347785944319664,0.15819255883329197,0.19852491036022085,9.869845466577736,,,,,,,,634080.0,,1,0,0,1,1
1789661138551.0,19.81,0.15732808,0.19710876,9.869496,-0.0012217294,-0.0009162971,0.00015271618,-49.800003,3.7500002,6.6000004,9.87271772522851,0.0015347785944319664,0.15767897269333317,0.19707783490170394,9.869546914640889,,,,,,,,634080.0,,1,0,0,1,1
1789661138561.0,19.82,0.15732808,0.19710876,9.869496,-0.0012217294,-0.0009162971,0.00015271618,-49.875004,3.6750002,8.025001,9.87271772522851,0.0015347785944319664,0.1575184906271044,0.1960549766291294,9.869380434828853,,,,,,,,634080.0,,1,0,0,1,1
1789661138571.0,19.83,0.15732808,0.19710876,9.869496,-0.0012217294,-0.0009162971,0.00015271618,-49.875004,3.6750002,8.025001,9.87271772522851,0.0015347785944319664,0.1574141103875847,0.19609768165329539,9.869333545696328,,,,,,,,634080.0,,1,0,0,1,1
1789661138581.0,19.84,0.15732808,0.19710876,9.869496,-0.0012217294,-0.0009162971,0.00015271618,-49.875004,3.6750002,8.025001,9.87271772522851,0.0015347785944319664,0.15689689250301997,0.19770540154108274,9.869388345529256,,,,,,,,634080.0,,1,0,0,1,1
1789661138591.0,19.85,0.15732808,0.19710876,9.869496,-0.0012217294,-0.0009162971,0.00015271618,-49.875004,3.6750002,8.025001,9.87271772522851,0.0015347785944319664,0.15572236488219587,0.2008583061386823,9.869554409689467,,,,,,,,634080.0,,1,0,0,1,1
1789661138601.0,19.86,0.15254244,0.20817557,9.869795,-0.0012217294,-0.0009162971,0.00015271618,-49.875004,3.6750002,8.025001,9.873168670997725,0.0015347785944319664,0.15412209855971754,0.2047682583083322,9.869823613574647,,,,,,,,634080.0,,1,0,0,1,1
1789661138611.0,19.87,0.15254244,0.20817557,9.869795,-0.0012217294,-0.0009162971,0.00015271618,-49.875004,3.6750002,8.025001,9.873168670997725,0.0015347785944319664,0.15270797350167592,0.20806738160949126,9.870085966787773,,,,,,,,634080.0,,1,0,0,1,1
1789661138621.0,19.88,0.15254244,0.20817557,9.869795,-0.0012217294,-0.0009162971,0.00015271618,-49.875004,3.6750002,8.025001,9.873168670997725,0.0015347785944319664,0.1521045185172096,0.2094174871182257,9.870101900431482,,,,,,,,634080.0,,1,0,0,1,1
1789661138631.0,19.89,0.15254244,0.20817557,9.869795,-0.0012217294,-0.0009162971,0.00015271618,-49.875004,3.6750002,8.025001,9.873168670997725,0.0015347785944319664,0.15257839372055146,0.2081819509046153,9.869605313228424,,,,,,,,634080.0,,1,0,0,1,1
1789661138641.0,19.9,0.15254244,0.20817557,9.869795,-0.0012217294,-0.0009162971,0.00015271618,-49.875004,3.6750002,8.025001,9.873168670997725,0.0015347785944319664,0.15389723271504102,0.20478165167593107,9.868507529680253,,,,,,,,634080.0,,1,0,0,1,1
1789661138651.0,19.91,0.15702899,0.19710876,9.865907,0.0,0.00030543236,0.00015271618,-49.875004,3.6750002,8.025001,9.869125133446133,0.0003414837597440938,0.1554797193908799,0.20055470332009454,9.867057355187809,,,,,,,,634080.0,,1,0,0,1,1
1789661138661.0,19.92,0.15702899,0.19710876,9.865907,0.0,0.00030543236,0.00015271618,-50.025,3.9750001,7.9500003,9.869125133446133,0.0003414837597440938,0.1567314850331543,0.19717130340974576,9.865806196713386,,,,,,,,634080.0,,1,0,0,1,1
1789661138671.0,19.93,0.15702899,0.19710876,9.865907,0.0,0.00030543236,0.00015271618,-50.025,3.9750001,7.9500003,9.869125133446133,0.0003414837597440938,0.15735196815052735,0.19588597491911208,9.865358508122533,,,,,,,,634080.0,,1,0,0,1,1
1789661138681.0,19.94,0.15702899,0.19710876,9.865907,0.0,0.00030543236,0.00015271618,-50.025,3.9750001,7.9500003,9.869125133446133,0.0003414837597440938,0.1574183902520018,0.1970088494938127,9.86603527110502,,,,,,,,634080.0,,1,0,0,1,1
1789661138691.0,19.95,0.15702899,0.19710876,9.865907,0.0,0.00030543236,0.00015271618,-50.025,3.9750001,7.9500003,9.869125133446133,0.0003414837597440938,0.15723113098903993,0.19983068211347235,9.867634497518987,,,,,,,,634080.0,,1,0,0,1,1
1789661138701.0,19.96,0.15732808,0.20548365,9.870692,0.0,0.00030543236,0.00015271618,-50.025,3.9750001,7.9500003,9.87408406962579,0.0003414837597440938,0.15708394472129775,0.20300172171902886,9.869447501616833,,,,,,,,634080.0,,1,0,0,1,1
1789661138711.0,19.97,0.15732808,0.20548365,9.870692,0.0,0.00030543236,0.00015271618,-50.025,3.9750001,7.9500003,9.87408406962579,0.0003414837597440938,0.1571281108471685,0.20519319808874856,9.870584430214953,,,,,,,,634080.0,,1,0,0,1,1
1789661138721.0,19.98,0.15732808,0.20548365,9.870692,0.0,0.00030543236,0.00015271618,-50.025,3.9750001,7.9500003,9.87408406962579,0.0003414837597440938,0.1573683228287039,0.20572795143460668,9.870461929106689,,,,,,,,634080.0,,1,0,0,1,1
1789661138731.0,19.99,0.15732808,0.20548365,9.870692,0.0,0.00030543236,0.00015271618,-50.025,3.9750001,7.9500003,9.87408406962579,0.0003414837597440938,0.15772581921506157,0.20482664232462783,9.869137759562904,,,,,,,,634080.0,,1,0,0,1,1
1789661138741.0,20.0,0.1585245,0.20189442,9.865009,0.0,0.00030543236,-0.0007635809,-50.025,3.9750001,7.9500003,9.868348085875791,0.0008224017980160182,0.15810376182233093,0.2033298113193809,9.86724050808404,,,,,,,,634080.0,,1,0,0,1,1
1789661138751.0,20.01,0.1585245,0.20189442,9.865009,0.0,0.00030543236,-0.0007635809,-50.025,3.9750001,7.9500003,9.868348085875791,0.0008224017980160182,0.1584291266453439,0.20211105053738057,9.865544130052873,,,,,,,,634080.0,,1,0,0,1,1
1789661138761.0,20.02,0.1585245,0.20189442,9.865009,0.0,0.00030543236,-0.0007635809,-49.95,3.7500002,7.275,9.868348085875791,0.0008224017980160182,0.15866056761985675,0.20158806404278434,9.864526823402441,,,,,,,,634080.0,,1,0,0,1,1
1789661138771.0,20.03,0.1585245,0.20189442,9.865009,0.0,0.00030543236,-0.0007635809,-49.95,3.7500002,7.275,9.868348085875791,0.0008224017980160182,0.15876153021629846,0.20161961649339089,9.864242810851886,,,,,,,,634080.0,,1,0,0,1,1
1789661138781.0,20.04,0.1585245,0.20189442,9.865009,0.0,0.00030543236,-0.0007635809,-49.95,3.7500002,7.275,9.868348085875791,0.0008224017980160182,0.15867143253899751,0.20177221495343836,9.864515501123185,,,,,,,,634080.0,,1,0,0,1,1
1789661138791.0,20.05,0.1585245,0.20189442,9.865009,0.0,0.00030543236,-0.0007635809,-49.95,3.7500002,7.275,9.868348085875791,0.0008224017980160182,0.1583247511442815,0.2017005440746569,9.865166527924696,,,,,,,,634080.0,,1,0,0,1,1
1789661138801.0,20.06,0.1585245,0.20189442,9.865009,0.0,0.00030543236,-0.0007635809,-49.95,3.7500002,7.275,9.868348085875791,0.0008224017980160182,0.1577196480596969,0.20136308554980448,9.86603335632736,,,,,,,,634080.0,,1,0,0,1,1
1789661138811.0,20.07,0.15613168,0.2000998,9.866804,0.0,0.00030543236,-0.0007635809,-49.95,3.7500002,7.275,9.87006779135157,0.0008224017980160182,0.1569668848722466,0.20095411867723895,9.866820556747278,,,,,,,,634080.0,,1,0,0,1,1
1789661138821.0,20.08,0.15613168,0.2000998,9.866804,0.0,0.00030543236,-0.0007635809,-49.95,3.7500002,7.275,9.87006779135157,0.0008224017980160182,0.15625310233591932,0.20065000370357058,9.867041390824609,,,,,,,,634080.0,,1,0,0,1,1
1789661138831.0,20.09,0.15613168,0.2000998,9.866804,0.0,0.00030543236,-0.0007635809,-49.95,3.7500002,7.275,9.87006779135157,0.0008224017980160182,0.15573990519207329,0.20041058948697868,9.866225655623408,,,,,,,,634080.0,,1,0,0,1,1
1789661138841.0,20.1,0.15523437,0.2015953,9.865907,0.0,0.00030543236,-0.0007635809,-49.95,3.7500002,7.275,9.869187368130184,0.0008224017980160182,0.15548421049791042,0.20003028705872072,9.864290675754768,,,,,,,,634080.0,,1,0,0,1,1
1789661138851.0,20.11,0.15553348,0.19890338,9.859925,0.0,-0.0006108647,0.00015271618,-49.95,3.7500002,7.275,9.863157416547773,0.0006296649214779893,0.15543378529652022,0.19940230682192545,9.86177137815417,,,,,,,,634080.0,,1,0,0,1,1
1789661138861.0,20.12,0.15553348,0.19890338,9.859925,0.0,-0.0006108647,0.00015271618,-49.425003,3.7500002,7.2000003,9.863157416547773,0.0006296649214779893,0.15548152748958832,0.19874503331011423,9.859678644092984,,,,,,,,634080.0,,1,0,0,1,1
1789661138871.0,20.13,0.15553348,0.19890338,9.859925,0.0,-0.0006108647,0.00015271618,-49.425003,3.7500002,7.2000003,9.863157416547773,0.0006296649214779893,0.1555306810188961,0.19855424674091446,9.859027965296484,,,,,,,,634080.0,,1,0,0,1,1
1789661138881.0,20.14,0.15553348,0.19890338,9.859925,0.0,-0.0006108647,0.00015271618,-49.425003,3.7500002,7.2000003,9.863157416547773,0.0006296649214779893,0.15553332543991738,0.19926912996976973,9.860298621963356,,,,,,,,634080.0,,1,0,0,1,1
1789661138891.0,20.15,0.15553348,0.19890338,9.859925,0.0,-0.0006108647,0.00015271618,-49.425003,3.7500002,7.2000003,9.863157416547773,0.0006296649214779893,0.155488034875006,0.2008784975222798,9.86312118512456,,,,,,,,634080.0,,1,0,0,1,1
1789661138901.0,20.16,0.15523437,0.20428723,9.869496,0.0,-0.0006108647,0.00015271618,-49.425003,3.7500002,7.2000003,9.872830509837915,0.0006296649214779893,0.15540798595990685,0.20277974838069016,9.866403874960278,,,,,,,,634080.0,,1,0,0,1,1
1789661138911.0,20.17,0.15523437,0.20428723,9.869496,0.0,-0.0006108647,0.00015271618,-49.425003,3.7500002,7.2000003,9.872830509837915,0.0006296649214779893,0.15528954173257228,0.2040579005905234,9.86889624462725,,,,,,,,634080.0,,1,0,0,1,1
1789661138921.0,20.18,0.15523437,0.20428723,9.869496,0.0,-0.0006108647,0.00015271618,-49.425003,3.7500002,7.2000003,9.872830509837915,0.0006296649214779893,0.15510923684734682,0.20403247074877823,9.869869937916262,,,,,,,,634080.0,,1,0,0,1,1
1789661138931.0,20.19,0.15523437,0.20428723,9.869496,0.0,-0.0006108647,0.00015271618,-49.425003,3.7500002,7.2000003,9.872830509837915,0.0006296649214779893,0.1548493883971208,0.20267597876972293,9.869449050517469,,,,,,,,634080.0,,1,0,0,1,1
1789661138941.0,20.2,0.15403795,0.19800608,9.867402,0.0,0.00030543236,0.00015271618,-49.425003,3.7500002,7.2000003,9.870590475111465,0.0003414837597440938,0.15452293488774702,0.20058922106195948,9.86838127541095,,,,,,,,634080.0,,1,0,0,1,1
1789661138951.0,20.21,0.15403795,0.19800608,9.867402,0.0,0.00030543236,0.00015271618,-49.425003,3.7500002,7.2000003,9.870590475111465,0.0003414837597440938,0.1541747486598338,0.19858519467221014,9.867477222316595,,,,,,,,634080.0,,1,0,0,1,1
1789661138961.0,20.22,0.15403795,0.19800608,9.867402,0.0,0.00030543236,0.00015271618,-48.825,3.825,6.3750005,9.870590475111465,0.0003414837597440938,0.15387401421440217,0.1972549095364726,9.867140263581666,,,,,,,,634080.0,,1,0,0,1,1
1789661138971.0,20.23,0.15403795,0.19800608,9.867402,0.0,0.00030543236,0.00015271618,-48.825,3.825,6.3750005,9.870590475111465,0.0003414837597440938,0.1537200230392407,0.19684227127801388,9.867254690977235,,,,,,,,634080.0,,1,0,0,1,1
1789661138981.0,20.24,0.15403795,0.19800608,9.867402,0.0,0.00030543236,0.00015271618,-48.825,3.825,6.3750005,9.870590475111465,0.0003414837597440938,0.15383908185006187,0.19738461180448344,9.867408264100453,,,,,,,,634080.0,,1,0,0,1,1
1789661138991.0,20.25,0.15403795,0.19800608,9.867402,0.0,0.00030543236,0.00015271618,-48.825,3.825,6.3750005,9.870590475111465,0.0003414837597440938,0.15432468627787183,0.19880746788023798,9.867233153067478,,,,,,,,634080.0,,1,0,0,1,1
1789661139001.0,20.26,0.15403795,0.19800608,9.867402,0.0,0.00030543236,0.00015271618,-48.825,3.825,6.3750005,9.870590475111465,0.0003414837597440938,0.1551340876998255,0.20081811610953346,9.866635116415715,,,,,,,,634080.0,,1,0,0,1,1
1789661139011.0,20.27,0.15702899,0.20488544,9.864711,0.0,0.00030543236,0.00015271618,-48.825,3.825,6.3750005,9.86808792323748,0.0003414837597440938,0.1560426720536632,0.20280674831406248,9.865792083242987,,,,,,,,634080.0,,1,0,0,1,1
1789661139021.0,20.28,0.15702899,0.20488544,9.864711,0.0,0.00030543236,0.00015271618,-48.825,3.825,6.3750005,9.86808792323748,0.0003414837597440938,0.15674015134904423,0.2040384673267648,9.864964960547185,,,,,,,,634080.0,,1,0,0,1,1
1789661139031.0,20.29,0.15702899,0.20488544,9.864711,0.0,0.00030543236,0.00015271618,-48.825,3.825,6.3750005,9.86808792323748,0.0003414837597440938,0.15701491925727232,0.20407872409484765,9.86429374137984,,,,,,,,634080.0,,1,0,0,1,1
1789661139041.0,20.3,0.15643078,0.20129621,9.863514,0.0,-0.0009162971,-0.0007635809,-48.825,3.825,6.3750005,9.866807952995122,0.0011927515107151279,0.1568751524730292,0.20307924960743545,9.863751313866759,,,,,,,,634080.0,,1,0,0,1,1
1789661139051.0,20.31,0.15643078,0.20129621,9.863514,0.0,-0.0009162971,-0.0007635809,-48.825,3.825,6.3750005,9.866807952995122,0.0011927515107151279,0.15652094078754494,0.20167467700069072,9.863281500703376,,,,,,,,634080.0,,1,0,0,1,1
1789661139061.0,20.32,0.15643078,0.20129621,9.863514,0.0,-0.0009162971,-0.0007635809,-49.350002,3.825,6.9,9.866807952995122,0.0011927515107151279,0.1562202869963466,0.20062194580473552,9.86298255622138,,,,,,,,634080.0,,1,0,0,1,1
1789661139071.0,20.33,0.15643078,0.20129621,9.863514,0.0,-0.0009162971,-0.0007635809,-49.350002,3.825,6.9,9.866807952995122,0.0011927515107151279,0.15618832739630537,0.2004716608499274,9.86314673690973,,,,,,,,634080.0,,1,0,0,1,1
1789661139081.0,20.34,0.15643078,0.20129621,9.863514,0.0,-0.0009162971,-0.0007635809,-49.350002,3.825,6.9,9.866807952995122,0.0011927515107151279,0.15651128285282032,0.20138833927091623,9.864066719926596,,,,,,,,634080.0,,1,0,0,1,1
1789661139091.0,20.35,0.15643078,0.20129621,9.863514,0.0,-0.0009162971,-0.0007635809,-49.350002,3.825,6.9,9.866807952995122,0.0011927515107151279,0.15711007661050647,0.20307036838592904,9.86572392810202,,,,,,,,634080.0,,1,0,0,1,1
1789661139101.0,20.36,0.1582254,0.20548365,9.869496,0.0,-0.0009162971,-0.0007635809,-49.350002,3.825,6.9,9.87290282042918,0.0011927515107151279,0.15775673562670497,0.2047817514502849,9.867637046065864,,,,,,,,634080.0,,1,0,0,1,1
1789661139111.0,20.37,0.1582254,0.20548365,9.869496,0.0,-0.0009162971,-0.0007635809,-49.350002,3.825,6.9,9.87290282042918,0.0011927515107151279,0.15817018418128012,0.20560801369239443,9.86907161904627,,,,,,,,634080.0,,1,0,0,1,1
1789661139121.0,20.38,0.1582254,0.20548365,9.869496,0.0,-0.0009162971,-0.0007635809,-49.350002,3.825,6.9,9.87290282042918,0.0011927515107151279,0.1581646816758428,0.2049289572958081,9.869493951174542,,,,,,,,634080.0,,1,0,0,1,1
1789661139131.0,20.39,0.1582254,0.20548365,9.869496,0.0,-0.0009162971,-0.0007635809,-49.350002,3.825,6.9,9.87290282042918,0.0011927515107151279,0.15775633016935067,0.20283593443699377,9.868905892833833,,,,,,,,634080.0,,1,0,0,1,1
1789661139141.0,20.4,0.15643078,0.19710876,9.866505,-0.0009162971,-0.0007635809,0.00015271618,-49.350002,3.825,6.9,9.8697134389619,0.0012024884190490203,0.1571444027807146,0.20013586906173209,9.867795311066457,,,,,,,,634080.0,,1,0,0,1,1
1789661139151.0,20.41,0.15643078,0.19710876,9.866505,-0.0009162971,-0.0007635809,0.00015271618,-49.350002,3.825,6.9,9.8697134389619,0.0012024884190490203,0.15658129324966677,0.197862462228314,9.866772857079518,,,,,,,,634080.0,,1,0,0,1,1
1789661139161.0,20.42,0.15643078,0.19710876,9.866505,-0.0009162971,-0.0007635809,0.00015271618,-49.800003,4.2000003,7.3500004,9.8697134389619,0.0012024884190490203,0.15623677247801765,0.19664738778049884,9.866205512251863,,,,,,,,634080.0,,1,0,0,1,1
1789661139171.0,20.43,0.15643078,0.19710876,9.866505,-0.0009162971,-0.0007635809,0.00015271618,-49.800003,4.2000003,7.3500004,9.8697134389619,0.0012024884190490203,0.15615542970411345,0.19644282737904442,9.866107434912227,,,,,,,,634080.0,,1,0,0,1,1
1789661139181.0,20.44,0.15643078,0.19710876,9.866505,-0.0009162971,-0.0007635809,0.00015271618,-49.800003,4.2000003,7.3500004,9.8697134389619,0.0012024884190490203,0.15630738964061508,0.1967596121371859,9.866297905916168,,,,,,,,634080.0,,1,0,0,1,1
1789661139191.0,20.45,0.15643078,0.19710876,9.866505,-0.0009162971,-0.0007635809,0.00015271618,-49.800003,4.2000003,7.3500004,9.8697134389619,0.0012024884190490203,0.15665296669330628,0.19714644742147677,9.866633504879355,,,,,,,,634080.0,,1,0,0,1,1
1789661139201.0,20.46,0.15643078,0.19710876,9.866505,-0.0009162971,-0.0007635809,0.00015271618,-49.800003,4.2000003,7.3500004,9.8697134389619,0.0012024884190490203,0.15716620000273626,0.1975149794306447,9.867126062380839,,,,,,,,634080.0,,1,0,0,1,1
1789661139211.0,20.47,0.15882361,0.19890338,9.868897,-0.0009162971,-0.0007635809,0.00015271618,-49.800003,4.2000003,7.3500004,9.872178862352417,0.0012024884190490203,0.1578370629868655,0.1981235531781061,9.867900558349435,,,,,,,,634080.0,,1,0,0,1,1
1789661139221.0,20.48,0.15882361,0.19890338,9.868897,-0.0009162971,-0.0007635809,0.00015271618,-49.800003,4.2000003,7.3500004,9.872178862352417,0.0012024884190490203,0.15868381334098988,0.19929579533628577,9.86906041164858,,,,,,,,634080.0,,1,0,0,1,1
1789661139231.0,20.49,0.15882361,0.19890338,9.868897,-0.0009162971,-0.0007635809,0.00015271618,-49.800003,4.2000003,7.3500004,9.872178862352417,0.0012024884190490203,0.15974835401111123,0.20109667003434176,9.870554942081593,,,,,,,,634080.0,,1,0,0,1,1
1789661139241.0,20.5,0.16211374,0.20548365,9.873684,0.0,-0.0006108647,0.00015271618,-49.800003,4.2000003,7.3500004,9.877152430076702,0.0006296649214779893,0.16102377494212514,0.2031997374152998,9.87213523839427,,,,,,,,634080.0,,1,0,0,1,1
1789661139251.0,20.51,0.16211374,0.20548365,9.873684,0.0,-0.0006108647,0.00015271618,-49.800003,4.2000003,7.3500004,9.877152430076702,0.0006296649214779893,0.16232394365835243,0.20504110590925842,9.87344144902079,,,,,,,,634080.0,,1,0,0,1,1
1789661139261.0,20.52,0.16211374,0.20548365,9.873684,0.0,-0.0006108647,0.00015271618,-49.875004,4.05,7.65,9.877152430076702,0.0006296649214779893,0.16319024432574303,0.20612343305132785,9.87416516520685,,,,,,,,634080.0,,1,0,0,1,1
1789661139271.0,20.53,0.16211374,0.20548365,9.873684,0.0,-0.0006108647,0.00015271618,-49.875004,4.05,7.65,9.877152430076702,0.0006296649214779893,0.1629773154169487,0.20623096552645734,9.87417052165729,,,,,,,,634080.0,,1,0,0,1,1
1789661139281.0,20.54,0.16211374,0.20548365,9.873684,0.0,-0.0006108647,0.00015271618,-49.875004,4.05,7.65,9.877152430076702,0.0006296649214779893,0.16120362808835736,0.20546562526479306,9.873524515129262,,,,,,,,634080.0,,1,0,0,1,1
1789661139291.0,20.55,0.16211374,0.20548365,9.873684,0.0,-0.0006108647,0.00015271618,-49.875004,4.05,7.65,9.877152430076702,0.0006296649214779893,0.15802307559269463,0.20419488898654864,9.872472878869797,,,,,,,,634080.0,,1,0,0,1,1
1789661139301.0,20.56,0.15104693,0.20249261,9.870394,0.0,-0.0006108647,0.00015271618,-49.875004,4.05,7.65,9.873626291662198,0.0006296649214779893,0.15441305911494893,0.20297717311929983,9.871378609117848,,,,,,,,634080.0,,1,0,0,1,1
1789661139311.0,20.57,0.15104693,0.20249261,9.870394,0.0,-0.0006108647,0.00015271618,-49.875004,4.05,7.65,9.873626291662198,0.0006296649214779893,0.15176103504663452,0.2024106390075977,9.87060063023183,,,,,,,,634080.0,,1,0,0,1,1
1789661139321.0,20.58,0.15104693,0.20249261,9.870394,0.0,-0.0006108647,0.00015271618,-49.875004,4.05,7.65,9.873626291662198,0.0006296649214779893,0.1510481244575877,0.20287947237264953,9.870347246197836,,,,,,,,634080.0,,1,0,0,1,1
1789661139331.0,20.59,0.15104693,0.20249261,9.870394,0.0,-0.0006108647,0.00015271618,-49.875004,4.05,7.65,9.873626291662198,0.0006296649214779893,0.15225809931498321,0.2043345286432575,9.870610412919932,,,,,,,,634080.0,,1,0,0,1,1
1789661139341.0,20.6,0.15702899,0.20877378,9.872188,0.0,-0.0007635809,0.00015271618,-49.875004,4.05,7.65,9.87564380191286,0.0007787027818613482,0.15447555006864247,0.2063071414681126,9.87123214608648,,,,,,,,634080.0,,1,0,0,1,1
1789661139351.0,20.61,0.15702899,0.20877378,9.872188,0.0,-0.0007635809,0.00015271618,-49.875004,4.05,7.65,9.87564380191286,0.0007787027818613482,0.1565437379548661,0.20817851603901333,9.872015715199042,,,,,,,,634080.0,,1,0,0,1,1
1789661139361.0,20.62,0.15702899,0.20877378,9.872188,0.0,-0.0007635809,0.00015271618,-49.425003,3.6750002,6.7500005,9.87564380191286,0.0007787027818613482,0.1577263619928927,0.20947386944410107,9.872746327483371,,,,,,,,634080.0,,1,0,0,1,1
1789661139371.0,20.63,0.15702899,0.20877378,9.872188,0.0,-0.0007635809,0.00015271618,-49.425003,3.6750002,6.7500005,9.87564380191286,0.0007787027818613482,0.15791935872139207,0.2099375039102176,9.87311310476929,,,,,,,,634080.0,,1,0,0,1,1
1789661139381.0,20.64,0.15702899,0.20877378,9.872188,0.0,-0.0007635809,0.00015271618,-49.425003,3.6750002,6.7500005,9.87564380191286,0.0007787027818613482,0.1574219253921695,0.20942948522423727,9.872703871809556,,,,,,,,634080.0,,1,0,0,1,1
1789661139391.0,20.65,0.15702899,0.20877378,9.872188,0.0,-0.0007635809,0.00015271618,-49.425003,3.6750002,6.7500005,9.87564380191286,0.0007787027818613482,0.156619426631378,0.20790740220245313,9.871241303687937,,,,,,,,634080.0,,1,0,0,1,1
1789661139401.0,20.66,0.15702899,0.20877378,9.872188,0.0,-0.0007635809,0.00015271618,-49.425003,3.6750002,6.7500005,9.87564380191286,0.0007787027818613482,0.15585702113591884,0.20559701009699174,9.868957310962479,,,,,,,,634080.0,,1,0,0,1,1
1789661139411.0,20.67,0.15523437,0.20039889,9.864411,0.0,-0.0007635809,0.00015271618,-49.425003,3.6750002,6.7500005,9.867667495495759,0.0007787027818613482,0.15546499765158991,0.2031109145797931,9.866718104257076,,,,,,,,634080.0,,1,0,0,1,1
1789661139421.0,20.68,0.15523437,0.20039889,9.864411,0.0,-0.0007635809,0.00015271618,-49.425003,3.6750002,6.7500005,9.867667495495759,0.0007787027818613482,0.15572851750245373,0.20123580225257925,9.865615036679111,,,,,,,,634080.0,,1,0,0,1,1
1789661139431.0,20.69,0.15523437,0.20039889,9.864411,0.0,-0.0007635809,0.00015271618,-49.425003,3.6750002,6.7500005,9.867667495495759,0.0007787027818613482,0.15673239272749687,0.20047907458188244,9.866245282432622,,,,,,,,634080.0,,1,0,0,1,1
1789661139441.0,20.7,0.16002001,0.20189442,9.871291,0.0,-0.0007635809,0.00015271618,-49.425003,3.6750002,6.7500005,9.87465208334494,0.0007787027818613482,0.15823503807688644,0.20077326571164916,9.868279766408316,,,,,,,,634080.0,,1,0,0,1,1
1789661139451.0,20.71,0.16002001,0.20189442,9.871291,0.0,0.00030543236,0.00015271618,-49.425003,3.6750002,6.7500005,9.87465208334494,0.0003414837597440938,0.15973422525725184,0.20158251114926018,9.870674069500218,,,,,,,,634080.0,,1,0,0,1,1
1789661139461.0,20.72,0.16002001,0.20189442,9.871291,0.0,0.00030543236,0.00015271618,-49.575,3.9,6.6000004,9.87465208334494,0.0003414837597440938,0.1606869401786178,0.2022637218473649,9.872285522454472,,,,,,,,634080.0,,1,0,0,1,1
1789661139471.0,20.73,0.16002001,0.20189442,9.871291,0.0,0.00030543236,0.00015271618,-49.575,3.9,6.6000004,9.87465208334494,0.0003414837597440938,0.160721702471288,0.20238039620515338,9.872401684948848,,,,,,,,634080.0,,1,0,0,1,1
1789661139481.0,20.74,0.16002001,0.20189442,9.871291,0.0,0.00030543236,0.00015271618,-49.575,3.9,6.6000004,9.87465208334494,0.0003414837597440938,0.15976584036064756,0.2018275599070404,9.870945659776666,,,,,,,,634080.0,,1,0,0,1,1
1789661139491.0,20.75,0.16002001,0.20189442,9.871291,0.0,0.00030543236,0.00015271618,-49.575,3.9,6.6000004,9.87465208334494,0.0003414837597440938,0.15810465115228386,0.20080938819153613,9.86842963637597,,,,,,,,634080.0,,1,0,0,1,1
1789661139501.0,20.76,0.15493527,0.19890338,9.8632145,0.0,0.00030543236,0.00015271618,-49.575,3.9,6.6000004,9.866436426870425,0.0003414837597440938,0.15633741849213753,0.19972942420954687,9.865733558411847,,,,,,,,634080.0,,1,0,0,1,1
1789661139511.0,20.77,0.15493527,0.19890338,9.8632145,0.0,0.00030543236,0.00015271618,-49.575,3.9,6.6000004,9.866436426870425,0.0003414837597440938,0.15515321623631084,0.19900939583481,9.863717170290318,,,,,,,,634080.0,,1,0,0,1,1
1789661139521.0,20.78,0.15493527,0.19890338,9.8632145,0.0,0.00030543236,0.00015271618,-49.575,3.9,6.6000004,9.866436426870425,0.0003414837597440938,0.15498616708880097,0.19888689722842978,9.862801667826801,,,,,,,,634080.0,,1,0,0,1,1
1789661139531.0,20.79,0.15493527,0.19890338,9.8632145,0.0,0.00030543236,0.00015271618,-49.575,3.9,6.6000004,9.866436426870425,0.0003414837597440938,0.155781250827871,0.1993055708595471,9.86279245821345,,,,,,,,634080.0,,1,0,0,1,1
1789661139541.0,20.8,0.1585245,0.200698,9.862916,-0.0010690133,0.00030543236,0.00015271618,-49.575,3.9,6.6000004,9.866231384239894,0.0011222301875042624,0.15706092412722142,0.19997772256264415,9.863079676805256,,,,,,,,634080.0,,1,0,0,1,1
1789661139551.0,20.81,0.1585245,0.200698,9.862916,-0.0010690133,0.00030543236,0.00015271618,-49.575,3.9,6.6000004,9.866231384239894,0.0011222301875042624,0.15824040897448383,0.20057345958036632,9.863075915614463,,,,,,,,634080.0,,1,0,0,1,1
1789661139561.0,20.82,0.1585245,0.200698,9.862916,-0.0010690133,0.00030543236,0.00015271618,-49.800003,3.525,7.05,9.866231384239894,0.0011222301875042624,0.15893967573362355,0.20089630436459935,9.862621230096751,,,,,,,,634080.0,,1,0,0,1,1
1789661139571.0,20.83,0.1585245,0.200698,9.862916,-0.0010690133,0.00030543236,0.00015271618,-49.800003,3.525,7.05,9.866231384239894,0.0011222301875042624,0.1590790590764302,0.2009337585790456,9.862134516006579,,,,,,,,634080.0,,1,0,0,1,1
1789661139581.0,20.84,0.1585245,0.200698,9.862916,-0.0010690133,0.00030543236,0.00015271618,-49.800003,3.525,7.05,9.866231384239894,0.0011222301875042624,0.15877305786782667,0.20078998589892427,9.862396041523464,,,,,,,,634080.0,,1,0,0,1,1
1789661139591.0,20.85,0.1585245,0.200698,9.862916,-0.0010690133,0.00030543236,0.00015271618,-49.800003,3.525,7.05,9.866231384239894,0.0011222301875042624,0.158205351266235,0.20059626497714997,9.864008159681813,,,,,,,,634080.0,,1,0,0,1,1
1789661139601.0,20.86,0.1585245,0.200698,9.862916,-0.0010690133,0.00030543236,0.00015271618,-49.800003,3.525,7.05,9.866231384239894,0.0011222301875042624,0.1576065731318583,0.2004736029011855,9.866838111633244,,,,,,,,634080.0,,1,0,0,1,1
1789661139611.0,20.87,0.15702899,0.200698,9.873384,-0.0010690133,0.00030543236,0.00015271618,-49.800003,3.525,7.05,9.876671980093315,0.0011222301875042624,0.1572695308945407,0.20053510611604536,9.869912543706404,,,,,,,,634080.0,,1,0,0,1,1
1789661139621.0,20.88,0.15702899,0.200698,9.873384,-0.0010690133,0.00030543236,0.00015271618,-49.800003,3.525,7.05,9.876671980093315,0.0011222301875042624,0.15746781354555345,0.20086862109074413,9.871984241619998,,,,,,,,634080.0,,1,0,0,1,1
1789661139631.0,20.89,0.15702899,0.200698,9.873384,-0.0010690133,0.00030543236,0.00015271618,-49.800003,3.525,7.05,9.876671980093315,0.0011222301875042624,0.1582789482684776,0.2014805286222103,9.872385142698866,,,,,,,,634080.0,,1,0,0,1,1
1789661139641.0,20.9,0.16091733,0.20309082,9.869197,0.0,-0.00030543236,-0.00030543236,-49.800003,3.525,7.05,9.872597920156153,0.0004319465858996216,0.1594768048210949,0.20225275049497018,9.871437800238132,,,,,,,,634080.0,,1,0,0,1,1
1789661139651.0,20.91,0.16091733,0.20309082,9.869197,0.0,-0.00030543236,-0.00030543236,-49.800003,3.525,7.05,9.872597920156153,0.0004319465858996216,0.16062705870887897,0.20297050149712415,9.870084817354073,,,,,,,,634080.0,,1,0,0,1,1
1789661139661.0,20.92,0.16091733,0.20309082,9.869197,0.0,-0.00030543236,-0.00030543236,-49.800003,3.6750002,7.3500004,9.872597920156153,0.0004319465858996216,0.16131998106666595,0.20340778554275732,9.869124944212668,,,,,,,,634080.0,,1,0,0,1,1
1789661139671.0,20.93,0.16091733,0.20309082,9.869197,0.0,-0.00030543236,-0.00030543236,-49.800003,3.6750002,7.3500004,9.872597920156153,0.0004319465858996216,0.16135667614610189,0.20341026105397184,9.868734065109223,,,,,,,,634080.0,,1,0,0,1,1
1789661139681.0,20.94,0.16091733,0.20309082,9.869197,0.0,-0.00030543236,-0.00030543236,-49.800003,3.6750002,7.3500004,9.872597920156153,0.0004319465858996216,0.16079182509243764,0.20294710235558397,9.868580164071336,,,,,,,,634080.0,,1,0,0,1,1
1789661139691.0,20.95,0.16091733,0.20309082,9.869197,0.0,-0.00030543236,-0.00030543236,-49.800003,3.6750002,7.3500004,9.872597920156153,0.0004319465858996216,0.15986973542622876,0.20213823298418182,9.868286441382589,,,,,,,,634080.0,,1,0,0,1,1
1789661139701.0,20.96,0.15792629,0.20039889,9.866804,0.0,-0.00030543236,-0.00030543236,-49.800003,3.6750002,7.3500004,9.870102410948045,0.0004319465858996216,0.15890991046449635,0.20123833027940555,9.867776345145183,,,,,,,,634080.0,,1,0,0,1,1
1789661139711.0,20.97,0.15792629,0.20039889,9.866804,0.0,-0.00030543236,-0.00030543236,-49.800003,3.6750002,7.3500004,9.870102410948045,0.0004319465858996216,0.15816813969038648,0.20054554677541384,9.867245398619211,,,,,,,,634080.0,,1,0,0,1,1
1789661139721.0,20.98,0.15792629,0.20039889,9.866804,0.0,-0.00030543236,-0.00030543236,-49.800003,3.6750002,7.3500004,9.870102410948045,0.0004319465858996216,0.15772663704756554,0.20026602693777257,9.866876937613831,,,,,,,,634080.0,,1,0,0,1,1
1789661139731.0,20.99,0.15792629,0.20039889,9.866804,0.0,-0.00030543236,-0.00030543236,-49.800003,3.6750002,7.3500004,9.870102410948045,0.0004319465858996216,0.1574908556347593,0.20042567479717485,9.866617508712679,,,,,,,,634080.0,,1,0,0,1,1
1789661139741.0,21.0,0.15702899,0.20129621,9.865907,0.0,0.00030543236,-0.0009162971,-49.800003,3.6750002,7.3500004,9.86920965429906,0.000965861947694172,0.15730095104072014,0.20088175596327726,9.86622947636659,,,,,,,,634080.0,,1,0,0,1,1
1789661139751.0,21.01,0.15702899,0.20129621,9.865907,0.0,0.00030543236,-0.0009162971,-49.800003,3.6750002,7.3500004,9.86920965429906,0.000965861947694172,0.15707064997379713,0.2013966678809282,9.8655859077131,,,,,,,,634080.0,,1,0,0,1,1
1789661139761.0,21.02,0.15702899,0.20129621,9.865907,0.0,0.00030543236,-0.0009162971,-49.875004,4.05,6.9,9.86920965429906,0.000965861947694172,0.15685721752157827,0.20171002278513459,9.864971873098641,,,,,,,,634080.0,,1,0,0,1,1
1789661139771.0,21.03,0.15702899,0.20129621,9.865907,0.0,0.00030543236,-0.0009162971,-49.875004,4.05,6.9,9.86920965429906,0.000965861947694172,0.1568264011447849,0.20160186658133866,9.865106130617168,,,,,,,,634080.0,,1,0,0,1,1
1789661139781.0,21.04,0.15702899,0.20129621,9.865907,0.0,0.00030543236,-0.0009162971,-49.875004,4.05,6.9,9.86920965429906,0.000965861947694172,0.1571308093142767,0.20098470899674015,9.86673828513214,,,,,,,,634080.0,,1,0,0,1,1
1789661139791.0,21.05,0.15702899,0.20129621,9.865907,0.0,0.00030543236,-0.0009162971,-49.875004,4.05,6.9,9.86920965429906,0.000965861947694172,0.1577617313432851,0.20000930104280765,9.870006577579415,,,,,,,,634080.0,,1,0,0,1,1
1789661139801.0,21.06,0.15882361,0.19830517,9.877572,0.0,0.00030543236,-0.0009162971,-49.875004,4.05,6.9,9.880838957028201,0.000965861947694172,0.1584741135975007,0.19906945783172234,9.87405094938882,,,,,,,,634080.0,,1,0,0,1,1
1789661139811.0,21.07,0.15882361,0.19830517,9.877572,0.0,0.00030543236,-0.0009162971,-49.875004,4.05,6.9,9.880838957028201,0.000965861947694172,0.1588726957967965,0.19860471795034992,9.877294849308996,,,,,,,,634080.0,,1,0,0,1,1
1789661139821.0,21.08,0.15882361,0.19830517,9.877572,0.0,0.00030543236,-0.0009162971,-49.875004,4.05,6.9,9.880838957028201,0.000965861947694172,0.15864265628533472,0.19878363511072705,9.878289555240189,,,,,,,,634080.0,,1,0,0,1,1
1789661139831.0,21.09,0.15882361,0.19830517,9.877572,0.0,0.00030543236,-0.0009162971,-49.875004,4.05,6.9,9.880838957028201,0.000965861947694172,0.1577750320253893,0.1993300229636597,9.876546545040894,,,,,,,,634080.0,,1,0,0,1,1
1789661139841.0,21.1,0.15583257,0.20189442,9.873982,0.0,0.00030543236,-0.0009162971,-49.875004,4.05,6.9,9.877275215514851,0.000965861947694172,0.1566022429619793,0.1997011069841327,9.87280965414248,,,,,,,,634080.0,,1,0,0,1,1
1789661139851.0,21.11,0.15493527,0.19920248,9.865608,0.0,0.00030543236,0.00015271618,-49.875004,4.05,6.9,9.868835178256456,0.0003414837597440938,0.15558485828834245,0.19953658537152424,9.868631369240413,,,,,,,,634080.0,,1,0,0,1,1
1789661139861.0,21.12,0.15493527,0.19920248,9.865608,0.0,0.00030543236,0.00015271618,-49.500004,4.125,6.525,9.868835178256456,0.0003414837597440938,0.15499812291336265,0.19902713396100663,9.865555399928773,,,,,,,,634080.0,,1,0,0,1,1
1789661139871.0,21.13,0.15493527,0.19920248,9.865608,0.0,0.00030543236,0.00015271618,-49.500004,4.125,6.525,9.868835178256456,0.0003414837597440938,0.1547694104077323,0.19886661164902264,9.864416807872574,,,,,,,,634080.0,,1,0,0,1,1
1789661139881.0,21.14,0.15493527,0.19920248,9.865608,0.0,0.00030543236,0.00015271618,-49.500004,4.125,6.525,9.868835178256456,0.0003414837597440938,0.15459690740632057,0.1997607310655586,9.865122493091432,,,,,,,,634080.0,,1,0,0,1,1
1789661139891.0,21.15,0.15493527,0.19920248,9.865608,0.0,0.00030543236,0.00015271618,-49.500004,4.125,6.525,9.868835178256456,0.0003414837597440938,0.15423776748083604,0.2018227186619472,9.866893974803679,,,,,,,,634080.0,,1,0,0,1,1
1789661139901.0,21.16,0.15314065,0.20638095,9.869496,0.0,0.00030543236,0.00015271618,-49.500004,4.125,6.525,9.87284135642933,0.0003414837597440938,0.15371772070039624,0.2043253677287797,9.868706762881654,,,,,,,,634080.0,,1,0,0,1,1
1789661139911.0,21.17,0.15314065,0.20638095,9.869496,0.0,0.00030543236,0.00015271618,-49.500004,4.125,6.525,9.87284135642933,0.0003414837597440938,0.15329815590786786,0.20606369388504372,9.869703167611775,,,,,,,,634080.0,,1,0,0,1,1
1789661139921.0,21.18,0.15314065,0.20638095,9.869496,0.0,0.00030543236,0.00015271618,-49.500004,4.125,6.525,9.87284135642933,0.0003414837597440938,0.15324921028966326,0.2061180570319021,9.869480743210515,,,,,,,,634080.0,,1,0,0,1,1
1789661139931.0,21.19,0.15314065,0.20638095,9.869496,0.0,0.00030543236,0.00015271618,-49.500004,4.125,6.525,9.87284135642933,0.0003414837597440938,0.15362814590159066,0.20446150680245315,9.868193730595504,,,,,,,,634080.0,,1,0,0,1,1
1789661139941.0,21.2,0.15493527,0.19920248,9.864711,0.0,0.00030543236,-0.0010690133,-49.500004,4.125,6.525,9.867938471608399,0.0011117906107321017,0.15423658973237178,0.2019555889772262,9.866422766104618,,,,,,,,634080.0,,1,0,0,1,1
1789661139951.0,21.21,0.15493527,0.19920248,9.864711,0.0,0.00030543236,-0.0010690133,-49.500004,4.125,6.525,9.867938471608399,0.0011117906107321017,0.1547716021649528,0.19975906746838298,9.864869106403987,,,,,,,,634080.0,,1,0,0,1,1
1789661139961.0,21.22,0.15493527,0.19920248,9.864711,0.0,0.00030543236,-0.0010690133,-48.300003,3.9750001,4.275,9.867938471608399,0.0011117906107321017,0.155034779970719,0.19862254879870783,9.864048452547339,,,,,,,,634080.0,,1,0,0,1,1
1789661139971.0,21.23,0.15493527,0.19920248,9.864711,0.0,0.00030543236,-0.0010690133,-48.300003,3.9750001,4.275,9.867938471608399,0.0011117906107321017,0.15503760161799704,0.1985751534567203,9.86414501425464,,,,,,,,634080.0,,1,0,0,1,1
1789661139981.0,21.24,0.15493527,0.19920248,9.864711,0.0,0.00030543236,-0.0010690133,-48.300003,3.9750001,4.275,9.867938471608399,0.0011117906107321017,0.1549424566940693,0.19913179750414958,9.865034562305238,,,,,,,,634080.0,,1,0,0,1,1
1789661139991.0,21.25,0.15493527,0.19920248,9.864711,0.0,0.00030543236,-0.0010690133,-48.300003,3.9750001,4.275,9.867938471608399,0.0011117906107321017,0.15490347224045092,0.19975480274219753,9.866385905705771,,,,,,,,634080.0,,1,0,0,1,1
1789661140001.0,21.26,0.15463616,0.2009971,9.869496,0.0,0.00030543236,-0.0010690133,-48.300003,3.9750001,4.275,9.872753591081059,0.0011117906107321017,0.1549248004969891,0.2002191769741455,9.867800022107419,,,,,,,,634080.0,,1,0,0,1,1
1789661140011.0,21.27,0.15463616,0.2009971,9.869496,0.0,0.00030543236,-0.0010690133,-48.300003,3.9750001,4.275,9.872753591081059,0.0011117906107321017,0.1548310129989563,0.20069317427505384,9.868986787419741,,,,,,,,634080.0,,1,0,0,1,1
1789661140021.0,21.28,0.15463616,0.2009971,9.869496,0.0,0.00030543236,-0.0010690133,-48.300003,3.9750001,4.275,9.872753591081059,0.0011117906107321017,0.15437785843419266,0.20153588429677302,9.869897413652271,,,,,,,,634080.0,,1,0,0,1,1
1789661140031.0,21.29,0.15463616,0.2009971,9.869496,0.0,0.00030543236,-0.0010690133,-48.300003,3.9750001,4.275,9.872753591081059,0.0011117906107321017,0.15344063900131005,0.20296233993562676,9.8706873519082,,,,,,,,634080.0,,1,0,0,1,1
1789661140041.0,21.3,0.15074782,0.20697916,9.872487,0.0,0.00030543236,-0.0010690133,-48.300003,3.9750001,4.275,9.875807047683649,0.0011117906107321017,0.15214904521103143,0.20481511892648258,9.871519645337484,,,,,,,,634080.0,,1,0,0,1,1
1789661140051.0,21.31,0.15074782,0.20697916,9.872487,0.0,-0.0009162971,-0.00045814854,-48.300003,3.9750001,4.275,9.875807047683649,0.0010244512971208253,0.1508715098847149,0.20660443500442352,9.872371886305297,,,,,,,,634080.0,,1,0,0,1,1
1789661140061.0,21.32,0.15074782,0.20697916,9.872487,0.0,-0.0009162971,-0.00045814854,-49.500004,3.825,6.525,9.875807047683649,0.0010244512971208253,0.15007359110942164,0.20774932936281684,9.872987093205731,,,,,,,,634080.0,,1,0,0,1,1
1789661140071.0,21.33,0.15074782,0.20697916,9.872487,0.0,-0.0009162971,-0.00045814854,-49.500004,3.825,6.525,9.875807047683649,0.0010244512971208253,0.150140706713648,0.20782136380251767,9.87298694454212,,,,,,,,634080.0,,1,0,0,1,1
1789661140081.0,21.34,0.15074782,0.20697916,9.872487,0.0,-0.0009162971,-0.00045814854,-49.500004,3.825,6.525,9.875807047683649,0.0010244512971208253,0.15121280422758515,0.2066945201510821,9.872094783532354,,,,,,,,634080.0,,1,0,0,1,1
1789661140091.0,21.35,0.15074782,0.20697916,9.872487,0.0,-0.0009162971,-0.00045814854,-49.500004,3.825,6.525,9.875807047683649,0.0010244512971208253,0.15306464256894614,0.20462450784374503,9.87036775772659,,,,,,,,634080.0,,1,0,0,1,1
1789661140101.0,21.36,0.15732808,0.2000998,9.866206,0.0,-0.0009162971,-0.00045814854,-49.500004,3.825,6.525,9.869488988248202,0.0010244512971208253,0.15513574879757408,0.2022303395369881,9.868275960341467,,,,,,,,634080.0,,1,0,0,1,1
1789661140111.0,21.37,0.15732808,0.2000998,9.866206,0.0,-0.0009162971,-0.00045814854,-49.500004,3.825,6.525,9.869488988248202,0.0010244512971208253,0.1567866160206751,0.20029826028936598,9.86651732536038,,,,,,,,634080.0,,1,0,0,1,1
1789661140121.0,21.38,0.15732808,0.2000998,9.866206,0.0,-0.0009162971,-0.00045814854,-49.500004,3.825,6.525,9.869488988248202,0.0010244512971208253,0.15764689016494363,0.19945359990493838,9.865666505345427,,,,,,,,634080.0,,1,0,0,1,1
1789661140131.0,21.39,0.15732808,0.2000998,9.866206,0.0,-0.0009162971,-0.00045814854,-49.500004,3.825,6.525,9.869488988248202,0.0010244512971208253,0.15778038080194542,0.1998910725322266,9.865903198178724,,,,,,,,634080.0,,1,0,0,1,1
1789661140141.0,21.4,0.15732808,0.2000998,9.866206,0.0,-0.0009162971,-0.00045814854,-49.500004,3.825,6.525,9.869488988248202,0.0010244512971208253,0.15754524465024983,0.20131144883325605,9.866972670258626,,,,,,,,634080.0,,1,0,0,1,1
1789661140151.0,21.41,0.15732808,0.20428723,9.869197,0.0,0.00030543236,0.00015271618,-49.500004,3.825,6.525,9.872564753999164,0.0003414837597440938,0.1573023495755746,0.2030658944722006,9.86833897463949,,,,,,,,634080.0,,1,0,0,1,1
1789661140161.0,21.42,0.15732808,0.20428723,9.869197,0.0,0.00030543236,0.00015271618,-49.500004,3.825,6.525,9.872564753999164,0.0003414837597440938,0.1572125169598368,0.2044228847449704,9.86940895579981,,,,,,,,634080.0,,1,0,0,1,1
1789661140171.0,21.43,0.15732808,0.20428723,9.869197,0.0,0.00030543236,0.00015271618,-49.575,3.9,6.6000004,9.872564753999164,0.0003414837597440938,0.15722910452699024,0.20485101585299892,9.869737411368746,,,,,,,,634080.0,,1,0,0,1,1
1789661140181.0,21.44,0.15732808,0.20428723,9.869197,0.0,0.00030543236,0.00015271618,-49.575,3.9,6.6000004,9.872564753999164,0.0003414837597440938,0.15722267529667744,0.20421741458228848,9.869176691307567,,,,,,,,634080.0,,1,0,0,1,1
1789661140191.0,21.45,0.15732808,0.20428723,9.869197,0.0,0.00030543236,0.00015271618,-49.575,3.9,6.6000004,9.872564753999164,0.0003414837597440938,0.1571075961494687,0.20283363916721497,9.867952265814067,,,,,,,,634080.0,,1,0,0,1,1
1789661140201.0,21.46,0.15643078,0.2000998,9.865907,0.0,0.00030543236,0.00015271618,-49.575,3.9,6.6000004,9.869175824330036,0.0003414837597440938,0.15688274125625631,0.201317681494162,9.866619710190577,,,,,,,,634080.0,,1,0,0,1,1
1789661140211.0,21.47,0.15643078,0.2000998,9.865907,0.0,0.00030543236,0.00015271618,-49.575,3.9,6.6000004,9.869175824330036,0.0003414837597440938,0.1565903842994267,0.20029665560346363,9.865853274854727,,,,,,,,634080.0,,1,0,0,1,1
1789661140221.0,21.48,0.15643078,0.2000998,9.865907,0.0,0.00030543236,0.00015271618,-49.575,3.9,6.6000004,9.869175824330036,0.0003414837597440938,0.1562642669325996,0.20008295950546284,9.866112945756722,,,,,,,,634080.0,,1,0,0,1,1
1789661140231.0,21.49,0.15643078,0.2000998,9.865907,0.0,0.00030543236,0.00015271618,-49.575,3.9,6.6000004,9.869175824330036,0.0003414837597440938,0.15592473610417448,0.2005293959781133,9.867376705343268,,,,,,,,634080.0,,1,0,0,1,1
1789661140241.0,21.5,0.15523437,0.20189442,9.870992,-0.0006108647,-0.0009162971,0.00015271618,-49.575,3.9,6.6000004,9.874276790252562,0.0011117905777655666,0.15560601999572057,0.20117872091889558,9.86913917815472,,,,,,,,634080.0,,1,0,0,1,1
1789661140251.0,21.51,0.15523437,0.20189442,9.870992,-0.0006108647,-0.0009162971,0.00015271618,-49.575,3.9,6.6000004,9.874276790252562,0.0011117905777655666,0.15535995765001992,0.20161246357382087,9.870699556601338,,,,,,,,634080.0,,1,0,0,1,1
1789661140261.0,21.52,0.15523437,0.20189442,9.870992,-0.0006108647,-0.0009162971,0.00015271618,-49.875004,3.7500002,6.7500005,9.874276790252562,0.0011117905777655666,0.1552208084580274,0.20175001997492992,9.871534502790139,,,,,,,,634080.0,,1,0,0,1,1
1789661140271.0,21.53,0.15523437,0.20189442,9.870992,-0.0006108647,-0.0009162971,0.00015271618,-49.875004,3.7500002,6.7500005,9.874276790252562,0.0011117905777655666,0.15517357124019607,0.2018772601835229,9.871505059974234,,,,,,,,634080.0,,1,0,0,1,1
1789661140281.0,21.54,0.15523437,0.20189442,9.870992,-0.0006108647,-0.0009162971,0.00015271618,-49.875004,3.7500002,6.7500005,9.874276790252562,0.0011117905777655666,0.1551644252142355,0.20238016164228415,9.870821946874836,,,,,,,,634080.0,,1,0,0,1,1
1789661140291.0,21.55,0.15523437,0.20189442,9.870992,-0.0006108647,-0.0009162971,0.00015271618,-49.875004,3.7500002,6.7500005,9.874276790252562,0.0011117905777655666,0.1551412646477267,0.20339025845808648,9.869871770379833,,,,,,,,634080.0,,1,0,0,1,1
1789661140301.0,21.56,0.15493527,0.20608185,9.868001,-0.0006108647,-0.0009162971,0.00015271618,-49.875004,3.7500002,6.7500005,9.871368618524505,0.0011117905777655666,0.15508360985616396,0.20463662714808545,9.869017108462206,,,,,,,,634080.0,,1,0,0,1,1
1789661140311.0,21.57,0.15493527,0.20608185,9.868001,-0.0006108647,-0.0009162971,0.00015271618,-49.875004,3.7500002,6.7500005,9.871368618524505,0.0011117905777655666,0.15500072698904238,0.20564192483874136,9.86842699980443,,,,,,,,634080.0,,1,0,0,1,1
1789661140321.0,21.58,0.15493527,0.20608185,9.868001,-0.0006108647,-0.0009162971,0.00015271618,-49.875004,3.7500002,6.7500005,9.871368618524505,0.0011117905777655666,0.154912512648279,0.2061009554139506,9.868008192659119,,,,,,,,634080.0,,1,0,0,1,1
1789661140331.0,21.59,0.15493527,0.20608185,9.868001,-0.0006108647,-0.0009162971,0.00015271618,-49.875004,3.7500002,6.7500005,9.871368618524505,0.0011117905777655666,0.1548379620662055,0.20611249174406737,9.867512623241039,,,,,,,,634080.0,,1,0,0,1,1
1789661140341.0,21.6,0.15493527,0.20608185,9.868001,-0.0006108647,-0.0009162971,0.00015271618,-49.875004,3.7500002,6.7500005,9.871368618524505,0.0011117905777655666,0.15479414183636075,0.20606207735277934,9.866773016930214,,,,,,,,634080.0,,1,0,0,1,1
1789661140351.0,21.61,0.15463616,0.20578274,9.864711,0.0,0.00030543236,0.00015271618,-49.875004,3.7500002,6.7500005,9.868068807602754,0.0003414837597440938,0.15478730590817041,0.20624311361693382,9.865870535514363,,,,,,,,634080.0,,1,0,0,1,1
1789661140361.0,21.62,0.15463616,0.20578274,9.864711,0.0,0.00030543236,0.00015271618,-49.725002,3.7500002,7.1250005,9.868068807602754,0.0003414837597440938,0.15478972664981155,0.20651132040105166,9.865076608532984,,,,,,,,634080.0,,1,0,0,1,1
1789661140371.0,21.63,0.15463616,0.20578274,9.864711,0.0,0.00030543236,0.00015271618,-49.725002,3.7500002,7.1250005,9.868068807602754,0.0003414837597440938,0.15472992200526456,0.20627250714315298,9.864630517674565,,,,,,,,634080.0,,1,0,0,1,1
1789661140381.0,21.64,0.15463616,0.20578274,9.864711,0.0,0.00030543236,0.00015271618,-49.725002,3.7500002,7.1250005,9.868068807602754,0.0003414837597440938,0.15453251365473836,0.2048986305504696,9.864570104904312,,,,,,,,634080.0,,1,0,0,1,1
1789661140391.0,21.65,0.15463616,0.20578274,9.864711,0.0,0.00030543236,0.00015271618,-49.725002,3.7500002,7.1250005,9.868068807602754,0.0003414837597440938,0.15419945399121623,0.20232335190135836,9.864758697202499,,,,,,,,634080.0,,1,0,0,1,1
1789661140401.0,21.66,0.15373886,0.19651055,9.865608,0.0,0.00030543236,0.00015271618,-49.725002,3.7500002,7.1250005,9.86876249805412,0.0003414837597440938,0.1538633022141264,0.19932163083777854,9.865053191673214,,,,,,,,634080.0,,1,0,0,1,1
1789661140411.0,21.67,0.15373886,0.19651055,9.865608,0.0,0.00030543236,0.00015271618,-49.725002,3.7500002,7.1250005,9.86876249805412,0.0003414837597440938,0.15373808904034147,0.1971387499215432,9.865440881168213,,,,,,,,634080.0,,1,0,0,1,1
1789661140421.0,21.68,0.15373886,0.19651055,9.865608,0.0,0.00030543236,0.00015271618,-49.725002,3.7500002,7.1250005,9.86876249805412,0.0003414837597440938,0.15397226666445057,0.19668029197478024,9.866017462912364,,,,,,,,634080.0,,1,0,0,1,1
1789661140431.0,21.69,0.15373886,0.19651055,9.865608,0.0,0.00030543236,0.00015271618,-49.725002,3.7500002,7.1250005,9.86876249805412,0.0003414837597440938,0.154511732297787,0.19790119220869715,9.866832985154488,,,,,,,,634080.0,,1,0,0,1,1
1789661140441.0,21.7,0.15583257,0.20219351,9.868897,0.0,0.00030543236,0.00015271618,-49.725002,3.7500002,7.1250005,9.872198032959425,0.0003414837597440938,0.15510723100992346,0.19988801019870098,9.867767012284212,,,,,,,,634080.0,,1,0,0,1,1
1789661140451.0,21.71,0.15583257,0.20219351,9.868897,0.0,0.00030543236,0.00015271618,-49.725002,3.7500002,7.1250005,9.872198032959425,0.0003414837597440938,0.15549811327139587,0.2015502418970006,9.868570559537227,,,,,,,,634080.0,,1,0,0,1,1
1789661140461.0,21.72,0.15583257,0.20219351,9.868897,0.0,0.00030543236,0.00015271618,-49.65,3.825,8.25,9.872198032959425,0.0003414837597440938,0.15563958534794187,0.2023569887958254,9.869037457204113,,,,,,,,634080.0,,1,0,0,1,1
1789661140471.0,21.73,0.15583257,0.20219351,9.868897,0.0,0.00030543236,0.00015271618,-49.65,3.825,8.25,9.872198032959425,0.0003414837597440938,0.1557673772765432,0.20256425780960596,9.86913808862927,,,,,,,,634080.0,,1,0,0,1,1
1789661140481.0,21.74,0.15583257,0.20219351,9.868897,0.0,0.00030543236,0.00015271618,-49.65,3.825,8.25,9.872198032959425,0.0003414837597440938,0.1562078629007541,0.20282684253314157,9.869008567794888,,,,,,,,634080.0,,1,0,0,1,1
1789661140491.0,21.75,0.15583257,0.20219351,9.868897,0.0,0.00030543236,0.00015271618,-49.65,3.825,8.25,9.872198032959425,0.0003414837597440938,0.1570639151304562,0.20357585520054425,9.86883956598803,,,,,,,,634080.0,,1,0,0,1,1
1789661140501.0,21.76,0.15882361,0.20608185,9.868897,0.0,0.00030543236,0.00015271618,-49.65,3.825,8.25,9.872326102018807,0.0003414837597440938,0.15804398714562942,0.20467784939561648,9.86877186408274,,,,,,,,634080.0,,1,0,0,1,1
1789661140511.0,21.77,0.15882361,0.20608185,9.868897,0.0,0.00030543236,0.00015271618,-49.65,3.825,8.25,9.872326102018807,0.0003414837597440938,0.15861431290847114,0.2056075088999878,9.8688539998902,,,,,,,,634080.0,,1,0,0,1,1
1789661140521.0,21.78,0.15882361,0.20608185,9.868897,0.0,0.00030543236,0.00015271618,-49.65,3.825,8.25,9.872326102018807,0.0003414837597440938,0.15838686570548074,0.20592807711826802,9.869051091064328,,,,,,,,634080.0,,1,0,0,1,1
1789661140531.0,21.79,0.15882361,0.20608185,9.868897,0.0,0.00030543236,0.00015271618,-49.65,3.825,8.25,9.872326102018807,0.0003414837597440938,0.15743264785945274,0.20564789276713852,9.869279473727508,,,,,,,,634080.0,,1,0,0,1,1
1789661140541.0,21.8,0.15373886,0.20398813,9.870394,0.0,0.00030543236,0.00015271618,-49.65,3.825,8.25,9.873698623590402,0.0003414837597440938,0.15624801105178562,0.20517204894677635,9.869454317506571,,,,,,,,634080.0,,1,0,0,1,1
1789661140551.0,21.81,0.15553348,0.20488544,9.869197,0.0,-0.0009162971,0.00015271618,-49.65,3.825,8.25,9.872548715085376,0.0009289362772021568,0.15539410925583236,0.20492677797125458,9.869529829325085,,,,,,,,634080.0,,1,0,0,1,1
1789661140561.0,21.82,0.15553348,0.20488544,9.869197,0.0,-0.0009162971,0.00015271618,-49.875004,3.3000002,7.8750005,9.872548715085376,0.0009289362772021568,0.15511608538096078,0.2049870489611349,9.869499848919821,,,,,,,,634080.0,,1,0,0,1,1
1789661140571.0,21.83,0.15553348,0.20488544,9.869197,0.0,-0.0009162971,0.00015271618,-49.875004,3.3000002,7.8750005,9.872548715085376,0.0009289362772021568,0.15524725843726966,0.2050093624487073,9.86936105745294,,,,,,,,634080.0,,1,0,0,1,1
1789661140581.0,21.84,0.15553348,0.20488544,9.869197,0.0,-0.0009162971,0.00015271618,-49.875004,3.3000002,7.8750005,9.872548715085376,0.0009289362772021568,0.15542567248653244,0.20452252085805703,9.869096369557035,,,,,,,,634080.0,,1,0,0,1,1
1789661140591.0,21.85,0.15553348,0.20488544,9.869197,0.0,-0.0009162971,0.00015271618,-49.875004,3.3000002,7.8750005,9.872548715085376,0.0009289362772021568,0.1553972449292891,0.20335628730034527,9.868723136307153,,,,,,,,634080.0,,1,0,0,1,1
1789661140601.0,21.86,0.15493527,0.200698,9.8682995,0.0,-0.0009162971,0.00015271618,-49.875004,3.3000002,7.8750005,9.871556090444617,0.0009289362772021568,0.1551717156276006,0.2018757537987443,9.86836273497022,,,,,,,,634080.0,,1,0,0,1,1
1789661140611.0,21.87,0.15493527,0.200698,9.8682995,0.0,-0.0009162971,0.00015271618,-49.875004,3.3000002,7.8750005,9.871556090444617,0.0009289362772021568,0.15496369152379585,0.20082114150082453,9.868232864361895,,,,,,,,634080.0,,1,0,0,1,1
1789661140621.0,21.88,0.15493527,0.200698,9.8682995,0.0,-0.0009162971,0.00015271618,-49.875004,3.3000002,7.8750005,9.871556090444617,0.0009289362772021568,0.155008155536847,0.20085086747641312,9.868521698873971,,,,,,,,634080.0,,1,0,0,1,1
1789661140631.0,21.89,0.15493527,0.200698,9.8682995,0.0,-0.0009162971,0.00015271618,-49.875004,3.3000002,7.8750005,9.871556090444617,0.0009289362772021568,0.1553942660763336,0.20211737747909728,9.869226060701212,,,,,,,,634080.0,,1,0,0,1,1
1789661140641.0,21.9,0.15672988,0.20638095,9.870992,0.0,0.00030543236,0.00015271618,-49.875004,3.3000002,7.8750005,9.874393166968375,0.0003414837597440938,0.15601681027291697,0.20416862707704336,9.870100737197603,,,,,,,,634080.0,,1,0,0,1,1
1789661140651.0,21.91,0.15672988,0.20638095,9.870992,0.0,0.00030543236,0.00015271618,-49.875004,3.3000002,7.8750005,9.874393166968375,0.0003414837597440938,0.15664739539081265,0.20619824786302232,9.870793269087422,,,,,,,,634080.0,,1,0,0,1,1
1789661140661.0,21.92,0.15672988,0.20638095,9.870992,0.0,0.00030543236,0.00015271618,-50.025,4.275,7.65,9.874393166968375,0.0003414837597440938,0.1570479071080501,0.20741716016297532,9.87107894315527,,,,,,,,634080.0,,1,0,0,1,1
1789661140671.0,21.93,0.15672988,0.20638095,9.870992,0.0,0.00030543236,0.00015271618,-50.025,4.275,7.65,9.874393166968375,0.0003414837597440938,0.15705154874533364,0.2073217442440456,9.871016624592356,,,,,,,,634080.0,,1,0,0,1,1
1789661140681.0,21.94,0.15672988,0.20638095,9.870992,0.0,0.00030543236,0.00015271618,-50.025,4.275,7.65,9.874393166968375,0.0003414837597440938,0.1566047936036285,0.2058298257578981,9.870906630056975,,,,,,,,634080.0,,1,0,0,1,1
1789661140691.0,21.95,0.15672988,0.20638095,9.870992,0.0,0.00030543236,0.00015271618,-50.025,4.275,7.65,9.874393166968375,0.0003414837597440938,0.15579701667499601,0.20334054577703156,9.871073625570885,,,,,,,,634080.0,,1,0,0,1,1
1789661140701.0,21.96,0.15403795,0.19800608,9.87159,0.0,0.00030543236,0.00015271618,-50.025,4.275,7.65,9.874777122844705,0.0003414837597440938,0.15486235003278956,0.20064953284069165,9.871600706872616,,,,,,,,634080.0,,1,0,0,1,1
1789661140711.0,21.97,0.15403795,0.19800608,9.87159,0.0,0.00030543236,0.00015271618,-50.025,4.275,7.65,9.874777122844705,0.0003414837597440938,0.15410962698746952,0.1986133201760846,9.872172630531923,,,,,,,,634080.0,,1,0,0,1,1
1789661140721.0,21.98,0.15403795,0.19800608,9.87159,0.0,0.00030543236,0.00015271618,-50.025,4.275,7.65,9.874777122844705,0.0003414837597440938,0.15379098257243218,0.19769433286692273,9.872161362017053,,,,,,,,634080.0,,1,0,0,1,1
1789661140731.0,21.99,0.15403795,0.19800608,9.87159,0.0,0.00030543236,0.00015271618,-50.025,4.275,7.65,9.874777122844705,0.0003414837597440938,0.1539864155006134,0.19773116872716276,9.870982639166293,,,,,,,,634080.0,,1,0,0,1,1
1789661140741.0,22.0,0.15403795,0.19800608,9.87159,0.0,0.00030543236,0.00015271618,-50.025,4.275,7.65,9.874777122844705,0.0003414837597440938,0.15457217948679766,0.19813752887102137,9.868552622422241,,,,,,,,634080.0,,1,0,0,1,1
1789661140751.0,22.01,0.15583257,0.19890338,9.862617,0.0,0.00030543236,0.00015271618,-50.025,4.275,7.65,9.86585325418624,0.0003414837597440938,0.15528256324814577,0.19838192265258597,9.865507469368083,,,,,,,,634080.0,,1,0,0,1,1
1789661140761.0,22.02,0.15583257,0.19890338,9.862617,0.0,0.00030543236,0.00015271618,-49.65,3.7500002,8.400001,9.86585325418624,0.0003414837597440938,0.15582968551277876,0.19839615238927447,9.862949126016392,,,,,,,,634080.0,,1,0,0,1,1
1789661140771.0,22.03,0.15583257,0.19890338,9.862617,0.0,0.00030543236,0.00015271618,-49.65,3.7500002,8.400001,9.86585325418624,0.0003414837597440938,0.15602359735254137,0.19862042212091469,9.861849996415467,,,,,,,,634080.0,,1,0,0,1,1
1789661140781.0,22.04,0.15583257,0.19890338,9.862617,0.0,0.00030543236,0.00015271618,-49.65,3.7500002,8.400001,9.86585325418624,0.0003414837597440938,0.15583660155690432,0.19963078389992953,9.862526354215484,,,,,,,,634080.0,,1,0,0,1,1
1789661140791.0,22.05,0.15583257,0.19890338,9.862617,0.0,0.00030543236,0.00015271618,-49.65,3.7500002,8.400001,9.86585325418624,0.0003414837597440938,0.15538820515237167,0.201596915091589,9.864505529398212,,,,,,,,634080.0,,1,0,0,1,1
1789661140801.0,22.06,0.15433706,0.20638095,9.868897,0.0,0.00030543236,0.00015271618,-49.65,3.7500002,8.400001,9.87226119089347,0.0003414837597440938,0.15486762983732133,0.20399925109756284,9.866824222912392,,,,,,,,634080.0,,1,0,0,1,1
1789661140811.0,22.07,0.15433706,0.20638095,9.868897,0.0,0.00030543236,0.00015271618,-49.65,3.7500002,8.400001,9.87226119089347,0.0003414837597440938,0.1544373312788607,0.2058774946435648,9.868559897169558,,,,,,,,634080.0,,1,0,0,1,1
1789661140821.0,22.08,0.15433706,0.20638095,9.868897,0.0,0.00030543236,0.00015271618,-49.65,3.7500002,8.400001,9.87226119089347,0.0003414837597440938,0.15417169259951177,0.2064418056491116,9.869281366521047,,,,,,,,634080.0,,1,0,0,1,1
1789661140831.0,22.09,0.15433706,0.20638095,9.868897,0.0,0.00030543236,0.00015271618,-49.65,3.7500002,8.400001,9.87226119089347,0.0003414837597440938,0.15406316733664888,0.20556461723965577,9.869154635592208,,,,,,,,634080.0,,1,0,0,1,1
1789661140841.0,22.1,0.15403795,0.20189442,9.8682995,0.0,-0.0009162971,-0.0010690133,-49.65,3.7500002,8.400001,9.871566444519713,0.0014079736542440345,0.15407036296164456,0.20380455832745026,9.868682394783022,,,,,,,,634080.0,,1,0,0,1,1
1789661140851.0,22.11,0.15403795,0.20189442,9.8682995,0.0,-0.0009162971,-0.0010690133,-49.65,3.7500002,8.400001,9.871566444519713,0.0014079736542440345,0.15414643964274008,0.20203051378954837,9.868312125074656,,,,,,,,634080.0,,1,0,0,1,1
1789661140861.0,22.12,0.15403795,0.20189442,9.8682995,0.0,-0.0009162971,-0.0010690133,-49.800003,3.9,7.5000005,9.871566444519713,0.0014079736542440345,0.15422269255706436,0.2009882119756107,9.86819250946097,,,,,,,,634080.0,,1,0,0,1,1
1789661140871.0,22.13,0.15403795,0.20189442,9.8682995,0.0,-0.0009162971,-0.0010690133,-49.800003,3.9,7.5000005,9.871566444519713,0.0014079736542440345,0.1541918757450331,0.2010676425319492,9.868193126177074,,,,,,,,634080.0,,1,0,0,1,1
1789661140881.0,22.14,0.15403795,0.20189442,9.8682995,0.0,-0.0009162971,-0.0010690133,-49.800003,3.9,7.5000005,9.871566444519713,0.0014079736542440345,0.1539538655372092,0.20226026859912238,9.868103028830419,,,,,,,,634080.0,,1,0,0,1,1
1789661140891.0,22.15,0.15403795,0.20189442,9.8682995,0.0,-0.0009162971,-0.0010690133,-49.800003,3.9,7.5000005,9.871566444519713,0.0014079736542440345,0.15352272845608222,0.2041817125287862,9.867827221929613,,,,,,,,634080.0,,1,0,0,1,1
1789661140901.0,22.16,0.15314065,0.20787647,9.866804,0.0,-0.0009162971,-0.0010690133,-49.800003,3.9,7.5000005,9.870181652830817,0.0014079736542440345,0.15310491715532923,0.20616401629991457,9.867437376978321,,,,,,,,634080.0,,1,0,0,1,1
1789661140911.0,22.17,0.15314065,0.20787647,9.866804,0.0,-0.0009162971,-0.0010690133,-49.800003,3.9,7.5000005,9.870181652830817,0.0014079736542440345,0.15303733281360912,0.20751188563816217,9.867063346292918,,,,,,,,634080.0,,1,0,0,1,1
1789661140921.0,22.18,0.15314065,0.20787647,9.866804,0.0,-0.0009162971,-0.0010690133,-49.800003,3.9,7.5000005,9.870181652830817,0.0014079736542440345,0.15357139836123307,0.20786221771464147,9.866743413190255,,,,,,,,634080.0,,1,0,0,1,1
1789661140931.0,22.19,0.15314065,0.20787647,9.866804,0.0,-0.0009162971,-0.0010690133,-49.800003,3.9,7.5000005,9.870181652830817,0.0014079736542440345,0.15464746395068762,0.2073880246072887,9.866378759247102,,,,,,,,634080.0,,1,0,0,1,1
1789661140941.0,22.2,0.15732808,0.20578274,9.865309,0.0,0.00030543236,-0.0009162971,-49.800003,3.9,7.5000005,9.868709151977242,0.000965861947694172,0.1558739002500531,0.20664655623736947,9.865840475545653,,,,,,,,634080.0,,1,0,0,1,1
1789661140951.0,22.21,0.15732808,0.20578274,9.865309,0.0,0.00030543236,-0.0009162971,-49.800003,3.9,7.5000005,9.868709151977242,0.000965861947694172,0.15678912220160865,0.20615519801378202,9.865152439316875,,,,,,,,634080.0,,1,0,0,1,1
1789661140961.0,22.22,0.15732808,0.20578274,9.865309,0.0,0.00030543236,-0.0009162971,-49.500004,4.2000003,7.3500004,9.868709151977242,0.000965861947694172,0.1572194637577006,0.20600885488216425,9.864613584101054,,,,,,,,634080.0,,1,0,0,1,1
1789661140971.0,22.23,0.15732808,0.20578274,9.865309,0.0,0.00030543236,-0.0009162971,-49.500004,4.2000003,7.3500004,9.868709151977242,0.000965861947694172,0.15741590386621204,0.20583412213342106,9.86473246889833,,,,,,,,634080.0,,1,0,0,1,1
1789661140981.0,22.24,0.15732808,0.20578274,9.865309,0.0,0.00030543236,-0.0009162971,-49.500004,4.2000003,7.3500004,9.868709151977242,0.000965861947694172,0.15782633640747012,0.20512555678614663,9.8659280537971,,,,,,,,634080.0,,1,0,0,1,1
1789661140991.0,22.25,0.15732808,0.20578274,9.865309,0.0,0.00030543236,-0.0009162971,-49.500004,4.2000003,7.3500004,9.868709151977242,0.000965861947694172,0.1586867356936656,0.20370473731374772,9.868135193354975,,,,,,,,634080.0,,1,0,0,1,1
1789661141001.0,22.26,0.16091733,0.19980069,9.8727865,0.0,0.00030543236,-0.0009162971,-49.500004,4.2000003,7.3500004,9.876119074687235,0.000965861947694172,0.15978452024327017,0.2019204937098067,9.87063743228594,,,,,,,,634080.0,,1,0,0,1,1
1789661141011.0,22.27,0.16091733,0.19980069,9.8727865,0.0,0.00030543236,-0.0009162971,-49.500004,4.2000003,7.3500004,9.876119074687235,0.000965861947694172,0.16060469380266174,0.20040997625385856,9.872375461506348,,,,,,,,634080.0,,1,0,0,1,1
1789661141021.0,22.28,0.16091733,0.19980069,9.8727865,0.0,0.00030543236,-0.0009162971,-49.500004,4.2000003,7.3500004,9.876119074687235,0.000965861947694172,0.16073918834455894,0.1996275680943443,9.872591339884169,,,,,,,,634080.0,,1,0,0,1,1
1789661141031.0,22.29,0.16091733,0.19980069,9.8727865,0.0,0.00030543236,-0.0009162971,-49.500004,4.2000003,7.3500004,9.876119074687235,0.000965861947694172,0.1602138745282794,0.19955084009258647,9.871324432825658,,,,,,,,634080.0,,1,0,0,1,1
1789661141041.0,22.3,0.1585245,0.2000998,9.867104,0.0,0.00030543236,0.00015271618,-49.500004,4.2000003,7.3500004,9.870405832278442,0.0003414837597440938,0.1594597309349013,0.19978551935070232,9.869357099461302,,,,,,,,634080.0,,1,0,0,1,1
1789661141051.0,22.31,0.1585245,0.2000998,9.867104,0.0,0.00030543236,0.00015271618,-49.500004,4.2000003,7.3500004,9.870405832278442,0.0003414837597440938,0.15894981673988362,0.1999343823082612,9.867657445658068,,,,,,,,634080.0,,1,0,0,1,1
1789661141061.0,22.32,0.1585245,0.2000998,9.867104,0.0,0.00030543236,0.00015271618,-50.100002,3.7500002,7.65,9.870405832278442,0.0003414837597440938,0.15879563610983266,0.19991429428650861,9.866767694145244,,,,,,,,634080.0,,1,0,0,1,1
1789661141071.0,22.33,0.1585245,0.2000998,9.867104,0.0,0.00030543236,0.00015271618,-50.100002,3.7500002,7.65,9.870405832278442,0.0003414837597440938,0.15863787324366005,0.19999223515810755,9.866589828817386,,,,,,,,634080.0,,1,0,0,1,1
1789661141081.0,22.34,0.1585245,0.2000998,9.867104,0.0,0.00030543236,0.00015271618,-50.100002,3.7500002,7.65,9.870405832278442,0.0003414837597440938,0.15794303368256266,0.20053252278773653,9.866647901837148,,,,,,,,634080.0,,1,0,0,1,1
1789661141091.0,22.35,0.1585245,0.2000998,9.867104,0.0,0.00030543236,0.00015271618,-50.100002,3.7500002,7.65,9.870405832278442,0.0003414837597440938,0.1564887118931375,0.20165339625322615,9.86652232182208,,,,,,,,634080.0,,1,0,0,1,1
1789661141101.0,22.36,0.15284155,0.20458634,9.865009,0.0,0.00030543236,0.00015271618,-50.100002,3.7500002,7.65,9.868313872187183,0.0003414837597440938,0.15464411549108215,0.20306480894439938,9.866090067949685,,,,,,,,634080.0,,1,0,0,1,1
1789661141111.0,22.37,0.15284155,0.20458634,9.865009,0.0,0.00030543236,0.00015271618,-50.100002,3.7500002,7.65,9.868313872187183,0.0003414837597440938,0.15320228064815913,0.20422352146327938,9.865456892907895,,,,,,,,634080.0,,1,0,0,1,1
1789661141121.0,22.38,0.15284155,0.20458634,9.865009,0.0,0.00030543236,0.00015271618,-50.100002,3.7500002,7.65,9.868313872187183,0.0003414837597440938,0.1528975350849273,0.2046734738535443,9.864751209934646,,,,,,,,634080.0,,1,0,0,1,1
1789661141131.0,22.39,0.15284155,0.20458634,9.865009,0.0,0.00030543236,0.00015271618,-50.100002,3.7500002,7.65,9.868313872187183,0.0003414837597440938,0.15399911151119616,0.20428788181359134,9.864007397915493,,,,,,,,634080.0,,1,0,0,1,1
1789661141141.0,22.4,0.1591227,0.20189442,9.862318,0.0,0.00030543236,0.00015271618,-50.100002,3.7500002,7.65,9.865667626856604,0.0003414837597440938,0.15625717147101081,0.20325371191961622,9.863199930072923,,,,,,,,634080.0,,1,0,0,1,1
1789661141151.0,22.41,0.1591227,0.20189442,9.862318,0.0,0.00030543236,0.00015271618,-50.100002,3.7500002,7.65,9.865667626856604,0.0003414837597440938,0.159126425680881,0.20189518132576142,9.862326077122932,,,,,,,,634080.0,,1,0,0,1,1
