timestamp_ms,relative_time_s,accel_x,accel_y,accel_z,gyro_x,gyro_y,gyro_z,mag_x,mag_y,mag_z,accel_mag,gyro_mag,accel_x_filt,accel_y_filt,accel_z_filt,latitude,longitude,altitude,gnss_speed_m_s,gnss_accuracy,gnss_bearing,gnss_speed_km_h,cell_id,signal_dbm,flag_imu_valid,flag_gnss_valid,flag_speed_ref_valid,flag_outage,flag_cell_valid
1789662427906.0,0.0,0.1381855,0.21774685,9.860224,-0.005803215,-0.011453713,0.0029016074,-58.95,2.4750001,5.625,9.863596010242471,0.013163744578436972,0.13818527635982136,0.2177487613939612,9.860224606110075,,,,,,,,,,1,0,0,1,0
1789662427916.0,0.01,0.1381855,0.21774685,9.860224,-0.0018325942,0.0015271618,0.0029016074,-58.95,2.4750001,5.625,9.863596010242471,0.0037563213612506106,0.1381894775506508,0.2177229357664912,9.860214702089081,11.0554072,76.9271226,374.7000122070313,,57.541,,,,,1,0,0,1,0
1789662427926.0,0.02,0.1381855,0.21774685,9.860224,-0.0018325942,0.0015271618,0.0029016074,-58.95,2.4750001,5.625,9.863596010242471,0.0037563213612506106,0.13820186395816425,0.21764619285352266,9.860185411229246,11.0554072,76.9271226,374.7000122070313,,57.541,,,405.0,,1,0,0,1,1
1789662427936.0,0.03,0.1381855,0.21774685,9.860224,-0.0018325942,0.0015271618,0.0029016074,-58.95,2.4750001,5.625,9.863596010242471,0.0037563213612506106,0.13821602848772935,0.21755810163493727,9.860151865189813,11.0554072,76.9271226,374.7000122070313,,57.541,,,405.0,,1,0,0,1,1
1789662427946.0,0.04,0.1381855,0.21774685,9.860224,-0.0018325942,0.0015271618,0.0029016074,-58.95,2.4750001,5.625,9.863596010242471,0.0037563213612506106,0.13821079854033544,0.21758963109121118,9.860164101925992,11.0554072,76.9271226,374.7000122070313,,57.541,,,405.0,,1,0,0,1,1
1789662427956.0,0.05,0.1381855,0.21774685,9.860224,-0.0018325942,0.0015271618,0.0029016074,-58.95,2.4750001,5.625,9.863596010242471,0.0037563213612506106,0.13816930790073428,0.2178455347348416,9.86026204596255,11.0554072,76.9271226,374.7000122070313,,57.541,,,405.0,,1,0,0,1,1
1789662427966.0,0.06,0.1381855,0.21774685,9.860224,-0.0018325942,0.0015271618,0.0029016074,-58.95,2.4750001,5.625,9.863596010242471,0.0037563213612506106,0.13810677607276986,0.21823255016393348,9.8604098612012,11.0554072,76.9271226,374.7000122070313,,57.541,,,405.0,,1,0,0,1,1
1789662427976.0,0.07,0.1381855,0.21774685,9.860224,-0.0018325942,0.0015271618,0.0029016074,-58.95,2.4750001,5.625,9.863596010242471,0.0037563213612506106,0.13808091961003155,0.2183943472319088,9.860471247407737,11.0554072,76.9271226,374.7000122070313,,57.541,,,405.0,,1,0,0,1,1
1789662427986.0,0.08,0.1381855,0.21774685,9.860224,0.00015271618,0.0015271618,0.0006108647,-58.95,2.4750001,5.625,9.863596010242471,0.0016518780453529621,0.13815893794310735,0.21791465496866155,9.860287300180117,11.0554072,76.9271226,374.7000122070313,,57.541,,,405.0,,1,0,0,1,1
1789662427996.0,0.09,0.1381855,0.21774685,9.860224,0.00015271618,0.0015271618,0.0006108647,-58.95,2.4750001,5.625,9.863596010242471,0.0016518780453529621,0.13834281388658773,0.21677876412852942,9.85985296625696,11.0554072,76.9271226,374.7000122070313,,57.541,,,405.0,,1,0,0,1,1
1789662428006.0,0.1,0.1381855,0.21774685,9.860224,0.00015271618,0.0015271618,0.0006108647,-58.95,2.4750001,5.625,9.863596010242471,0.0016518780453529621,0.13850224822595453,0.2157893682195187,9.859475692079814,11.0554072,76.9271226,374.7000122070313,,57.541,,,405.0,,1,0,0,1,1
1789662428016.0,0.11,0.1381855,0.21774685,9.860224,0.00015271618,0.0015271618,0.0006108647,-58.95,2.4750001,5.625,9.863596010242471,0.0016518780453529621,0.1383931254217379,0.21645472038295463,9.859732143202532,11.0554072,76.9271226,374.7000122070313,,57.541,,,405.0,,1,0,0,1,1
1789662428026.0,0.12,0.1381855,0.21774685,9.860224,0.00015271618,0.0015271618,0.0006108647,-60.675003,2.025,9.0,9.863596010242471,0.0016518780453529621,0.13779884664940553,0.22011581427310858,9.86113440575037,11.0554072,76.9271226,374.7000122070313,,57.541,,,405.0,,1,0,0,1,1
1789662428036.0,0.13,0.1381855,0.21774685,9.860224,0.00015271618,0.0015271618,0.0006108647,-60.675003,2.025,9.0,9.863596010242471,0.0016518780453529621,0.13671856121032389,0.2267792084496929,9.863684713056186,11.0554072,76.9271226,374.7000122070313,,57.541,,,405.0,,1,0,0,1,1
1789662428046.0,0.14,0.13399807,0.2434697,9.870094,0.00015271618,0.0015271618,0.0006108647,-60.675003,2.025,9.0,9.874005699128283,0.0016518780453529621,0.1354362599121207,0.2346828295677742,9.866711131151272,11.0554072,76.9271226,374.7000122070313,,57.541,,,405.0,,1,0,0,1,1
1789662428056.0,0.15,0.13399807,0.2434697,9.870094,0.00015271618,0.0015271618,0.0006108647,-60.675003,2.025,9.0,9.874005699128283,0.0016518780453529621,0.13437051750429477,0.24122303835877612,9.869222282564174,11.0554072,76.9271226,374.7000122070313,,57.541,,,405.0,,1,0,0,1,1
1789662428066.0,0.16,0.13399807,0.2434697,9.870094,0.00015271618,0.0015271618,0.0006108647,-60.675003,2.025,9.0,9.874005699128283,0.0016518780453529621,0.13380650514177161,0.24462630149384887,9.870542728790202,11.0554072,76.9271226,374.7000122070313,,57.541,,,405.0,,1,0,0,1,1
1789662428076.0,0.17,0.13399807,0.2434697,9.870094,0.00015271618,0.0015271618,0.0006108647,-60.675003,2.025,9.0,9.874005699128283,0.0016518780453529621,0.13373302353203126,0.24498599143919586,9.8707023769921,11.0554072,76.9271226,374.7000122070313,,57.541,,,405.0,,1,0,0,1,1
1789662428086.0,0.18,0.13399807,0.2434697,9.870094,0.0007635809,0.0007635809,-0.0,-60.675003,2.025,9.0,9.874005699128283,0.001079866464749054,0.1339030311078951,0.2439031020768545,9.870295753493258,11.0554072,76.9271226,374.7000122070313,,57.541,,,405.0,,1,0,0,1,1
1789662428096.0,0.19,0.13399807,0.2434697,9.870094,0.0007635809,0.0007635809,-0.0,-60.675003,2.025,9.0,9.874005699128283,0.001079866464749054,0.13403725614675652,0.2431887529722469,9.869995311272609,11.0554072,76.9271226,374.7000122070313,,57.541,,,405.0,,1,0,0,1,1
1789662428106.0,0.2,0.13399807,0.2434697,9.870094,0.0007635809,0.0007635809,-0.0,-60.675003,2.025,9.0,9.874005699128283,0.001079866464749054,0.13400683345044523,0.24363734591598368,9.87010549999262,11.0554072,76.9271226,374.7000122070313,,57.541,,,405.0,,1,0,0,1,1
1789662428116.0,0.21,0.13399807,0.2434697,9.870094,0.0007635809,0.0007635809,-0.0,-60.600002,2.325,8.925,9.874005699128283,0.001079866464749054,0.13389031010404842,0.24458123797247047,9.870414165972278,11.0554072,76.9271226,374.7000122070313,,57.541,,,405.0,,1,0,0,1,1
1789662428126.0,0.22,0.13399807,0.2434697,9.870094,0.0007635809,0.0007635809,-0.0,-60.600002,2.325,8.925,9.874005699128283,0.001079866464749054,0.13389561042244597,0.24439423118535142,9.870379602526913,11.0554072,76.9271226,374.7000122070313,,57.541,,,405.0,,1,0,0,1,1
1789662428136.0,0.23,0.13399807,0.2434697,9.870094,0.0007635809,0.0007635809,-0.0,-60.600002,2.325,8.925,9.874005699128283,0.001079866464749054,0.13420252304751665,0.24165616644392846,9.869530425144434,11.0554072,76.9271226,374.7000122070313,,57.541,,,405.0,,1,0,0,1,1
1789662428146.0,0.24,0.13399807,0.2434697,9.870094,0.0007635809,0.0007635809,-0.0,-60.600002,2.325,8.925,9.874005699128283,0.001079866464749054,0.13482038987378833,0.2362917249032835,9.86784002674359,11.0554072,76.9271226,374.7000122070313,,57.541,,,405.0,,1,0,0,1,1
1789662428156.0,0.25,0.1363909,0.22253251,9.863514,0.0007635809,0.0007635809,-0.0,-60.600002,2.325,8.925,9.86696668808635,0.001079866464749054,0.13556133070418594,0.2298366870254089,9.86580562192499,11.0554072,76.9271226,374.7000122070313,,57.541,,,405.0,,1,0,0,1,1
1789662428166.0,0.26,0.1363909,0.22253251,9.863514,0.0007635809,0.0007635809,-0.0,-60.600002,2.325,8.925,9.86696668808635,0.001079866464749054,0.13616180473985554,0.2244950687984949,9.864134798338085,11.0554072,76.9271226,374.7000122070313,,57.541,,,405.0,,1,0,0,1,1
1789662428176.0,0.27,0.1363909,0.22253251,9.863514,0.0007635809,0.0007635809,-0.0,-60.600002,2.325,8.925,9.86696668808635,0.001079866464749054,0.13646388821673083,0.2216754030376164,9.863268825251028,11.0554072,76.9271226,374.7000122070313,,57.541,,,405.0,,1,0,0,1,1
1789662428186.0,0.28,0.1363909,0.22253251,9.863514,0.0007635809,0.0007635809,-0.0,-60.600002,2.325,8.925,9.86696668808635,0.001079866464749054,0.13650804512715878,0.22120897409005866,9.863132776991826,11.0554072,76.9271226,374.7000122070313,,57.541,,,405.0,,1,0,0,1,1
1789662428196.0,0.29,0.1363909,0.22253251,9.863514,0.00030543236,-0.00045814854,-0.0007635809,-60.600002,2.325,8.925,9.86696668808635,0.0009414057584719307,0.1364663767119576,0.22180933307089948,9.863295161582014,11.0554072,76.9271226,374.7000122070313,,57.541,,,405.0,,1,0,0,1,1
1789662428206.0,0.3,0.1363909,0.22253251,9.863514,0.00030543236,-0.00045814854,-0.0007635809,-60.600002,2.325,8.925,9.86696668808635,0.0009414057584719307,0.1364810438452667,0.22223891480788996,9.863364729276142,11.0554072,76.9271226,374.7000122070313,,57.541,,,405.0,,1,0,0,1,1
1789662428216.0,0.31,0.1363909,0.22253251,9.863514,0.00030543236,-0.00045814854,-0.0007635809,-61.275,1.8750001,9.075001,9.86696668808635,0.0009414057584719307,0.13653898349930266,0.22220274405643517,9.86329638557784,11.0554072,76.9271226,374.7000122070313,,57.541,,,405.0,,1,0,0,1,1
1789662428226.0,0.32,0.1363909,0.22253251,9.863514,0.00030543236,-0.00045814854,-0.0007635809,-61.275,1.8750001,9.075001,9.86696668808635,0.0009414057584719307,0.13647733244867824,0.2223796660258968,9.863392842839637,11.0554072,76.9271226,374.7000122070313,,57.541,,,405.0,,1,0,0,1,1
1789662428236.0,0.33,0.1363909,0.22253251,9.863514,0.00030543236,-0.00045814854,-0.0007635809,-61.275,1.8750001,9.075001,9.86696668808635,0.0009414057584719307,0.13611930280223183,0.22368966286528671,9.8640211854994,11.0554072,76.9271226,374.7000122070313,,57.541,,,405.0,,1,0,0,1,1
1789662428246.0,0.34,0.1363909,0.22253251,9.863514,0.00030543236,-0.00045814854,-0.0007635809,-61.275,1.8750001,9.075001,9.86696668808635,0.0009414057584719307,0.13544139212855746,0.22640741950986684,9.865265627698182,11.0554072,76.9271226,374.7000122070313,,57.541,,,405.0,,1,0,0,1,1
1789662428256.0,0.35,0.13369897,0.23389842,9.868599,0.00030543236,-0.00045814854,-0.0007635809,-61.275,1.8750001,9.075001,9.872275832261705,0.0009414057584719307,0.13463142893656974,0.22982521331425582,9.86679855078633,11.0554072,76.9271226,374.7000122070313,,57.541,,,405.0,,1,0,0,1,1
1789662428266.0,0.36,0.13369897,0.23389842,9.868599,0.00030543236,-0.00045814854,-0.0007635809,-61.275,1.8750001,9.075001,9.872275832261705,0.0009414057584719307,0.1339717985363715,0.23273638377306427,9.868090379383307,11.0554072,76.9271226,374.7000122070313,,57.541,,,405.0,,1,0,0,1,1
1789662428276.0,0.37,0.13369897,0.23389842,9.868599,0.00030543236,-0.00045814854,-0.0007635809,-61.275,1.8750001,9.075001,9.872275832261705,0.0009414057584719307,0.13363742812000337,0.23431014861521743,9.868783542492915,11.0554072,76.9271226,374.7000122070313,,57.541,,,405.0,,1,0,0,1,1
1789662428286.0,0.38,0.13369897,0.23389842,9.868599,0.00030543236,-0.00045814854,-0.0007635809,-61.275,1.8750001,9.075001,9.872275832261705,0.0009414057584719307,0.1335832030152057,0.23460057493701272,9.868908338045495,11.0554072,76.9271226,374.7000122070313,,57.541,,,405.0,,1,0,0,1,1
1789662428296.0,0.39,0.13369897,0.23389842,9.868599,0.00030543236,-0.00045814854,0.00045814854,-61.275,1.8750001,9.075001,9.872275832261705,0.0007163023774520316,0.13361426519785577,0.2343177050713046,9.868780179019318,11.0554072,76.9271226,374.7000122070313,,57.541,,,405.0,,1,0,0,1,1
1789662428306.0,0.4,0.13369897,0.23389842,9.868599,0.00030543236,-0.00045814854,0.00045814854,-61.275,1.8750001,9.075001,9.872275832261705,0.0007163023774520316,0.13357295692628934,0.23414989839745343,9.86870342999437,11.0554072,76.9271226,374.7000122070313,,57.541,,,405.0,,1,0,0,1,1
1789662428316.0,0.41,0.13369897,0.23389842,9.868599,0.00030543236,-0.00045814854,0.00045814854,-60.525,2.1000001,9.150001,9.872275832261705,0.0007163023774520316,0.13348922646732203,0.23422060669456396,9.868734651778778,11.0554072,76.9271226,374.7000122070313,,57.541,,,405.0,,1,0,0,1,1
1789662428326.0,0.42,0.13369897,0.23389842,9.868599,0.00030543236,-0.00045814854,0.00045814854,-60.525,2.1000001,9.150001,9.872275832261705,0.0007163023774520316,0.13357526675713574,0.2340619063137367,9.868670298357829,11.0554072,76.9271226,374.7000122070313,,57.541,,,405.0,,1,0,0,1,1
1789662428336.0,0.43,0.13369897,0.23389842,9.868599,0.00030543236,-0.00045814854,0.00045814854,-60.525,2.1000001,9.150001,9.872275832261705,0.0007163023774520316,0.1340568284290266,0.23307635006738442,9.86824598145665,11.0554072,76.9271226,374.7000122070313,,57.541,,,405.0,,1,0,0,1,1
1789662428346.0,0.44,0.13369897,0.23389842,9.868599,0.00030543236,-0.00045814854,0.00045814854,-60.525,2.1000001,9.150001,9.872275832261705,0.0007163023774520316,0.13496134526723697,0.23111283967247667,9.867386134624233,11.0554072,76.9271226,374.7000122070313,,57.541,,,405.0,,1,0,0,1,1
1789662428356.0,0.45,0.1372882,0.22582264,9.865009,0.00030543236,-0.00045814854,0.00045814854,-60.525,2.1000001,9.150001,9.868548347385081,0.0007163023774520316,0.13604275742197333,0.22868627002180156,9.866303044119086,11.0554072,76.9271226,374.7000122070313,,57.541,,,405.0,,1,0,0,1,1
1789662428366.0,0.46,0.1372882,0.22582264,9.865009,0.00030543236,-0.00045814854,0.00045814854,-60.525,2.1000001,9.150001,9.868548347385081,0.0007163023774520316,0.13693052223205582,0.226641992196625,9.865361212383663,11.0554072,76.9271226,374.7000122070313,,57.541,,,405.0,,1,0,0,1,1
1789662428376.0,0.47,0.1372882,0.22582264,9.865009,0.00030543236,-0.00045814854,0.00045814854,-60.525,2.1000001,9.150001,9.868548347385081,0.0007163023774520316,0.1373894296094583,0.2255498006134904,9.864827243102932,11.0554072,76.9271226,374.7000122070313,,57.541,,,405.0,,1,0,0,1,1
1789662428386.0,0.48,0.1372882,0.22582264,9.865009,0.00030543236,-0.00045814854,0.00045814854,-60.525,2.1000001,9.150001,9.868548347385081,0.0007163023774520316,0.1374661449822202,0.22535277186129732,9.864720372489199,11.0554072,76.9271226,374.7000122070313,,57.541,,,405.0,,1,0,0,1,1
1789662428396.0,0.49,0.1372882,0.22582264,9.865009,0.00030543236,-0.00045814854,0.00045814854,-60.525,2.1000001,9.150001,9.868548347385081,0.0007163023774520316,0.1374043558492457,0.22553610339574848,9.864862188567743,11.0554072,76.9271226,374.7000122070313,,57.541,,,405.0,,1,0,0,1,1
1789662428406.0,0.5,0.1372882,0.22582264,9.865009,0.00030543236,-0.00045814854,0.00045814854,-60.525,2.1000001,9.150001,9.868548347385081,0.0007163023774520316,0.1374147775264626,0.22561603017776524,9.865037812059994,11.0554072,76.9271226,374.7000122070313,,57.541,,,405.0,,1,0,0,1,1
1789662428416.0,0.51,0.1372882,0.22582264,9.865009,0.00030543236,-0.00045814854,0.00045814854,-60.525,2.1000001,8.925,9.868548347385081,0.0007163023774520316,0.1374904285447923,0.22553274250088745,9.865120635894009,11.0554072,76.9271226,374.7000122070313,,57.541,,,405.0,,1,0,0,1,1
1789662428426.0,0.52,0.1372882,0.22582264,9.865009,0.00030543236,-0.00045814854,0.00045814854,-60.525,2.1000001,8.925,9.868548347385081,0.0007163023774520316,0.1374067330933607,0.2256648446588957,9.865093663845679,11.0554072,76.9271226,374.7000122070313,,57.541,,,405.0,,1,0,0,1,1
1789662428436.0,0.53,0.1372882,0.22582264,9.865009,0.00030543236,-0.00045814854,0.00045814854,-60.525,2.1000001,8.925,9.868548347385081,0.0007163023774520316,0.13690907197205704,0.22647765989961754,9.865000473569973,11.0554072,76.9271226,374.7000122070313,,57.541,,,405.0,,1,0,0,1,1
1789662428446.0,0.54,0.1372882,0.22582264,9.865009,0.00030543236,-0.00045814854,0.00045814854,-60.525,2.1000001,8.925,9.868548347385081,0.0007163023774520316,0.13594925068106478,0.22808199576493465,9.86489041384289,11.0554072,76.9271226,374.7000122070313,,57.541,,,405.0,,1,0,0,1,1
1789662428456.0,0.55,0.13339986,0.2324029,9.864711,0.00030543236,-0.00045814854,0.00045814854,-60.525,2.1000001,8.925,9.868349899760213,0.0007163023774520316,0.13477462775708066,0.23006483041609846,9.864793287646428,11.0554072,76.9271226,374.7000122070313,,57.541,,,405.0,,1,0,0,1,1
1789662428466.0,0.56,0.13339986,0.2324029,9.864711,0.00030543236,-0.00045814854,0.00045814854,-60.525,2.1000001,8.925,9.868349899760213,0.0007163023774520316,0.13377845665915525,0.23175005002722934,9.86472065035407,11.0554072,76.9271226,374.7000122070313,,57.541,,,405.0,,1,0,0,1,1
1789662428476.0,0.57,0.13339986,0.2324029,9.864711,0.00030543236,-0.00045814854,0.00045814854,-60.525,2.1000001,8.925,9.868349899760213,0.0007163023774520316,0.13323231018611614,0.23267003656603813,9.864676950298083,11.0554072,76.9271226,374.7000122070313,,57.541,,,405.0,,1,0,0,1,1
1789662428486.0,0.58,0.13339986,0.2324029,9.864711,0.00030543236,-0.00045814854,0.00045814854,-60.525,2.1000001,8.925,9.868349899760213,0.0007163023774520316,0.13313010623559168,0.23284148631010285,9.864667932813747,11.0554072,76.9271226,374.7000122070313,,57.541,,,405.0,,1,0,0,1,1
1789662428496.0,0.59,0.13339986,0.2324029,9.864711,-0.00030543236,0.00015271618,0.00045814854,-60.525,2.1000001,8.925,9.868349899760213,0.0005714116229768989,0.13325516368954354,0.2326463574514245,9.864698727179153,11.0554072,76.9271226,374.7000122070313,,57.541,,,405.0,,1,0,0,1,1
1789662428506.0,0.6,0.13339986,0.2324029,9.864711,-0.00030543236,0.00015271618,0.00045814854,-60.525,2.1000001,8.925,9.868349899760213,0.0005714116229768989,0.13337743588141523,0.23247784004579056,9.86475940897711,11.0554072,76.9271226,374.7000122070313,,57.541,,,405.0,,1,0,0,1,1
1789662428516.0,0.61,0.13339986,0.2324029,9.864711,-0.00030543236,0.00015271618,0.00045814854,-60.675003,2.025,8.700001,9.868349899760213,0.0005714116229768989,0.13340835552453856,0.23245916852093967,9.864808400206604,11.0554072,76.9271226,374.7000122070313,,57.541,,,405.0,,1,0,0,1,1
1789662428526.0,0.62,0.13339986,0.2324029,9.864711,-0.00030543236,0.00015271618,0.00045814854,-60.675003,2.025,8.700001,9.868349899760213,0.0005714116229768989,0.13341637249290034,0.2324198284488755,9.86477587770399,11.0554072,76.9271226,374.7000122070313,,57.541,,,405.0,,1,0,0,1,1
1789662428536.0,0.63,0.13339986,0.2324029,9.864711,-0.00030543236,0.00015271618,0.00045814854,-60.675003,2.025,8.700001,9.868349899760213,0.0005714116229768989,0.1335256641925499,0.23209962305368873,9.864601262232604,11.0554072,76.9271226,374.7000122070313,,57.541,,,405.0,,1,0,0,1,1
1789662428546.0,0.64,0.13339986,0.2324029,9.864711,-0.00030543236,0.00015271618,0.00045814854,-60.675003,2.025,8.700001,9.868349899760213,0.0005714116229768989,0.13379250408276405,0.23140186971205332,9.864286147843131,11.0554072,76.9271226,374.7000122070313,,57.541,,,405.0,,1,0,0,1,1
1789662428556.0,0.65,0.13459627,0.22941187,9.863514,-0.00030543236,0.00015271618,0.00045814854,-60.675003,2.025,8.700001,9.867099593608591,0.0005714116229768989,0.13415328670594154,0.2304976358778799,9.863915095680369,11.0554072,76.9271226,374.7000122070313,,57.541,,,405.0,,1,0,0,1,1
1789662428566.0,0.66,0.13459627,0.22941187,9.863514,-0.00030543236,0.00015271618,0.00045814854,-60.675003,2.025,8.700001,9.867099593608591,0.0005714116229768989,0.13447483415616973,0.2297065388123839,9.863612723701927,11.0554072,76.9271226,374.7000122070313,,57.541,,,405.0,,1,0,0,1,1
1789662428576.0,0.67,0.13459627,0.22941187,9.863514,-0.00030543236,0.00015271618,0.00045814854,-60.675003,2.025,8.700001,9.867099593608591,0.0005714116229768989,0.13465440251327157,0.22926728163331117,9.863463526761238,11.0554072,76.9271226,374.7000122070313,,57.541,,,405.0,,1,0,0,1,1
1789662428586.0,0.68,0.13459627,0.22941187,9.863514,-0.00030543236,0.00015271618,0.00045814854,-60.675003,2.025,8.700001,9.867099593608591,0.0005714116229768989,0.13468326791873012,0.22919458154589226,9.863459355627427,11.0554072,76.9271226,374.7000122070313,,57.541,,,405.0,,1,0,0,1,1
1789662428596.0,0.69,0.13459627,0.22941187,9.863514,-0.00030543236,0.00015271618,0.00045814854,-60.675003,2.025,8.700001,9.867099593608591,0.0005714116229768989,0.1346322842583052,0.22931799237763165,9.863514464629791,11.0554072,76.9271226,374.7000122070313,,57.541,,,405.0,,1,0,0,1,1
1789662428606.0,0.7,0.13459627,0.22941187,9.863514,-0.0009162971,0.0007635809,-0.0007635809,-60.675003,2.025,8.700001,9.867099593608591,0.0014162316043493841,0.13458740059831892,0.22943420955224791,9.863532032000231,11.0554072,76.9271226,374.7000122070313,,57.541,,,405.0,,1,0,0,1,1
1789662428616.0,0.71,0.13459627,0.22941187,9.863514,-0.0009162971,0.0007635809,-0.0007635809,-60.675003,2.025,8.700001,9.867099593608591,0.0014162316043493841,0.13459067416605044,0.22944138337115486,9.863475274820928,11.0554072,76.9271226,374.7000122070313,,57.541,,,405.0,,1,0,0,1,1
1789662428626.0,0.72,0.13459627,0.22941187,9.863514,-0.0009162971,0.0007635809,-0.0007635809,-61.050003,2.325,7.9500003,9.867099593608591,0.0014162316043493841,0.13462167681337311,0.22937757712268275,9.8634008029401,11.0554072,76.9271226,374.7000122070313,,57.541,,,405.0,,1,0,0,1,1
1789662428636.0,0.73,0.13459627,0.22941187,9.863514,-0.0009162971,0.0007635809,-0.0007635809,-61.050003,2.325,7.9500003,9.867099593608591,0.0014162316043493841,0.1346215694086056,0.22936540757652565,9.863431447507898,11.0554072,76.9271226,374.7000122070313,,57.541,,,405.0,,1,0,0,1,1
1789662428646.0,0.74,0.13459627,0.22941187,9.863514,-0.0009162971,0.0007635809,-0.0007635809,-61.050003,2.325,7.9500003,9.867099593608591,0.0014162316043493841,0.13454067491442312,0.2295113294997146,9.8636748039247,11.0554072,76.9271226,374.7000122070313,,57.541,,,405.0,,1,0,0,1,1
1789662428656.0,0.75,0.13459627,0.22941187,9.863514,-0.0009162971,0.0007635809,-0.0007635809,-61.050003,2.325,7.9500003,9.867099593608591,0.0014162316043493841,0.1343797325610388,0.22982260586065506,9.86413424842994,11.0554072,76.9271226,374.7000122070313,,57.541,,,405.0,,1,0,0,1,1
1789662428666.0,0.76,0.13399807,0.23060828,9.865309,-0.0009162971,0.0007635809,-0.0007635809,-61.050003,2.325,7.9500003,9.868913685256816,0.0014162316043493841,0.1341953925497273,0.23019607373497344,9.86468381908219,11.0554072,76.9271226,374.7000122070313,,57.541,,,405.0,,1,0,0,1,1
1789662428676.0,0.77,0.13399807,0.23060828,9.865309,-0.0009162971,0.0007635809,-0.0007635809,-61.050003,2.325,7.9500003,9.868913685256816,0.0014162316043493841,0.1340611017843074,0.23049014509922727,9.865141347838627,11.0554072,76.9271226,374.7000122070313,,57.541,,,405.0,,1,0,0,1,1
1789662428686.0,0.78,0.13399807,0.23060828,9.865309,-0.0009162971,0.0007635809,-0.0007635809,-61.050003,2.325,7.9500003,9.868913685256816,0.0014162316043493841,0.13401042674820174,0.23062701158728288,9.865387289799202,11.0554072,76.9271226,374.7000122070313,,57.541,,,405.0,,1,0,0,1,1
1789662428696.0,0.79,0.13399807,0.23060828,9.865309,-0.0009162971,0.0007635809,-0.0007635809,-61.050003,2.325,7.9500003,9.868913685256816,0.0014162316043493841,0.13401002593248634,0.23064218541618367,9.865430313877281,11.0554072,76.9271226,374.7000122070313,,57.541,,,405.0,,1,0,0,1,1
1789662428706.0,0.8,0.13399807,0.23060828,9.865309,-0.0009162971,0.00015271618,-0.0007635809,-61.050003,2.325,7.9500003,9.868913685256816,0.0012024884190490203,0.13398985542906536,0.2306405838863464,9.865372788988436,11.0554072,76.9271226,374.7000122070313,,57.541,,,405.0,,1,0,0,1,1
1789662428716.0,0.81,0.13399807,0.23060828,9.865309,-0.0009162971,0.00015271618,-0.0007635809,-60.300003,1.8750001,8.025001,9.868913685256816,0.0012024884190490203,0.13391341642233773,0.2306945037027035,9.865319579802204,11.0554072,76.9271226,374.7000122070313,,57.541,,,405.0,,1,0,0,1,1
1789662428726.0,0.82,0.13399807,0.23060828,9.865309,-0.0009162971,0.00015271618,-0.0007635809,-60.300003,1.8750001,8.025001,9.868913685256816,0.0012024884190490203,0.133835728816647,0.23076340858563738,9.86530821425612,11.0554072,76.9271226,374.7000122070313,,57.541,,,405.0,,1,0,0,1,1
1789662428736.0,0.83,0.13399807,0.23060828,9.865309,-0.0009162971,0.00015271618,-0.0007635809,-60.300003,1.8750001,8.025001,9.868913685256816,0.0012024884190490203,0.13389479133756094,0.23070279511177422,9.86530369794516,11.0554072,76.9271226,374.7000122070313,,57.541,,,405.0,,1,0,0,1,1
1789662428746.0,0.84,0.13399807,0.23060828,9.865309,-0.0009162971,0.00015271618,-0.0007635809,-60.300003,1.8750001,8.025001,9.868913685256816,0.0012024884190490203,0.1342220216914543,0.23037026577334876,9.865246961179258,11.0554072,76.9271226,374.7000122070313,,57.541,,,405.0,,1,0,0,1,1
1789662428756.0,0.85,0.13399807,0.23060828,9.865309,-0.0009162971,0.00015271618,-0.0007635809,-60.300003,1.8750001,8.025001,9.868913685256816,0.0012024884190490203,0.13482645780055544,0.22975787088037508,9.865112837700213,11.0554072,76.9271226,374.7000122070313,,57.541,,,405.0,,1,0,0,1,1
1789662428766.0,0.86,0.1363909,0.22821546,9.864711,-0.0009162971,0.00015271618,-0.0007635809,-60.300003,1.8750001,8.025001,9.868293058442621,0.0012024884190490203,0.13555270478931403,0.22903649577748342,9.864933512339917,11.0554072,76.9271226,374.7000122070313,,57.541,,,405.0,,1,0,0,1,1
1789662428776.0,0.87,0.1363909,0.22821546,9.864711,-0.0009162971,0.00015271618,-0.0007635809,-60.300003,1.8750001,8.025001,9.868293058442621,0.0012024884190490203,0.1361669027434594,0.22845405354633164,9.864773409838586,11.0554072,76.9271226,374.7000122070313,,57.541,,,405.0,,1,0,0,1,1
1789662428786.0,0.88,0.1363909,0.22821546,9.864711,-0.0009162971,0.00015271618,-0.0007635809,-60.300003,1.8750001,8.025001,9.868293058442621,0.0012024884190490203,0.13650730042124753,0.22816135684261962,9.864681465841505,11.0554072,76.9271226,374.7000122070313,,57.541,,,405.0,,1,0,0,1,1
1789662428796.0,0.89,0.1363909,0.22821546,9.864711,-0.0009162971,0.00015271618,-0.0007635809,-60.300003,1.8750001,8.025001,9.868293058442621,0.0012024884190490203,0.13657171887844377,0.22811567023243273,9.864662287202412,11.0554072,76.9271226,374.7000122070313,,57.541,,,405.0,,1,0,0,1,1
1789662428806.0,0.9,0.1363909,0.22821546,9.864711,0.00015271618,0.0007635809,0.00045814854,-60.300003,1.8750001,8.025001,9.868293058442621,0.000903481105050202,0.13648119425459526,0.22814347254690737,9.864684710666673,11.0554072,76.9271226,374.7000122070313,,57.541,,,405.0,,1,0,0,1,1
1789662428816.0,0.91,0.1363909,0.22821546,9.864711,0.00015271618,0.0007635809,0.00045814854,-60.300003,1.8750001,8.025001,9.868293058442621,0.000903481105050202,0.13637469525973653,0.22810518227031626,9.864711708269994,11.0554072,76.9271226,374.7000122070313,,57.541,,,405.0,,1,0,0,1,1
1789662428826.0,0.92,0.1363909,0.22821546,9.864711,0.00015271618,0.0007635809,0.00045814854,-60.975002,1.8750001,9.225,9.868293058442621,0.000903481105050202,0.13632866127395696,0.22802806021097538,9.864723862371493,11.0554072,76.9271226,374.7000122070313,,57.541,,,405.0,,1,0,0,1,1
1789662428836.0,0.93,0.1363909,0.22821546,9.864711,0.00015271618,0.0007635809,0.00045814854,-60.975002,1.8750001,9.225,9.868293058442621,0.000903481105050202,0.13634474812904038,0.22810234142132368,9.864722581053934,11.0554072,76.9271226,374.7000122070313,,57.541,,,405.0,,1,0,0,1,1
1789662428846.0,0.94,0.1363909,0.22821546,9.864711,0.00015271618,0.0007635809,0.00045814854,-60.975002,1.8750001,9.225,9.868293058442621,0.000903481105050202,0.13638533921703275,0.22853296787398408,9.864718185023474,11.0554072,76.9271226,374.7000122070313,,57.541,,,405.0,,1,0,0,1,1
1789662428856.0,0.95,0.1363909,0.22821546,9.864711,0.00015271618,0.0007635809,0.00045814854,-60.975002,1.8750001,9.225,9.868293058442621,0.000903481105050202,0.13641414955128614,0.22935161309115573,9.864716414961984,11.0554072,76.9271226,374.7000122070313,,57.541,,,405.0,,1,0,0,1,1
1789662428866.0,0.96,0.1363909,0.23150559,9.864711,0.00015271618,0.0007635809,0.00045814854,-60.975002,1.8750001,9.225,9.868369694601284,0.000903481105050202,0.1364160681105557,0.23034673054418212,9.864713816670276,11.0554072,76.9271226,374.7000122070313,,57.541,,,405.0,,1,0,0,1,1
1789662428876.0,0.97,0.1363909,0.23150559,9.864711,0.00015271618,0.0007635809,0.00045814854,-60.975002,1.8750001,9.225,9.868369694601284,0.000903481105050202,0.1363963695511706,0.23118836581283106,9.864704005805203,11.0554072,76.9271226,374.7000122070313,,57.541,,,405.0,,1,0,0,1,1
1789662428886.0,0.98,0.1363909,0.23150559,9.864711,0.00015271618,0.0007635809,0.00045814854,-60.975002,1.8750001,9.225,9.868369694601284,0.000903481105050202,0.13637180308384728,0.23164969900746382,9.86468866041641,11.0554072,76.9271226,374.7000122070313,,57.541,,,405.0,,1,0,0,1,1
1789662428896.0,0.99,0.1363909,0.23150559,9.864711,0.00015271618,0.0007635809,0.00045814854,-60.975002,1.8750001,9.225,9.868369694601284,0.000903481105050202,0.13636202044144313,0.23173579564026017,9.86468270940331,11.0554072,76.9271226,374.7000122070313,,57.541,,,405.0,,1,0,0,1,1
1789662428906.0,1.0,0.1363909,0.23150559,9.864711,-0.00045814854,-0.00045814854,0.00045814854,-60.975002,1.8750001,9.225,9.868369694601284,0.000793536548693502,0.13638068775806977,0.23162754980765937,9.864705193935883,11.0554072,76.9271226,374.7000122070313,,57.541,,,405.0,,1,0,0,1,1
1789662428916.0,1.01,0.1363909,0.23150559,9.864711,-0.00045814854,-0.00045814854,0.00045814854,-61.125004,1.8750001,8.925,9.868369694601284,0.000793536548693502,0.13642369242368818,0.23151851537862195,9.864757067396948,11.0554072,76.9271226,374.7000122070313,,57.541,,,405.0,,1,0,0,1,1
1789662428926.0,1.02,0.1363909,0.23150559,9.864711,-0.00045814854,-0.00045814854,0.00045814854,-61.125004,1.8750001,8.925,9.868369694601284,0.000793536548693502,0.1364596580588123,0.23148740449431846,9.864801345941375,11.0554072,76.9271226,374.7000122070313,,57.541,,,405.0,,1,0,0,1,1
1789662428936.0,1.03,0.1363909,0.23150559,9.864711,-0.00045814854,-0.00045814854,0.00045814854,-61.125004,1.8750001,8.925,9.868369694601284,0.000793536548693502,0.13643602956060083,0.23148455783686417,9.864768536508814,11.0554072,76.9271226,374.7000122070313,,57.541,,,405.0,,1,0,0,1,1
1789662428946.0,1.04,0.1363909,0.23150559,9.864711,-0.00045814854,-0.00045814854,0.00045814854,-61.125004,1.8750001,8.925,9.868369694601284,0.000793536548693502,0.1363083471351895,0.23141202117229173,9.864597608162489,11.0554072,76.9271226,374.7000122070313,,57.541,,,405.0,,1,0,0,1,1
1789662428956.0,1.05,0.1363909,0.23150559,9.864711,-0.00045814854,-0.00045814854,0.00045814854,-61.125004,1.8750001,8.925,9.868369694601284,0.000793536548693502,0.13607803000848098,0.23122064441381943,9.864289774532558,11.0554072,76.9271226,374.7000122070313,,57.541,,,405.0,,1,0,0,1,1
1789662428966.0,1.06,0.13549358,0.23060828,9.863514,-0.00045814854,-0.00045814854,0.00045814854,-61.125004,1.8750001,8.925,9.867139763742165,0.000793536548693502,0.1358051931971065,0.2309516284134459,9.863926992409537,11.0554072,76.9271226,374.7000122070313,,57.541,,,405.0,,1,0,0,1,1
1789662428976.0,1.07,0.13549358,0.23060828,9.863514,-0.00045814854,-0.00045814854,0.00045814854,-61.125004,1.8750001,8.925,9.867139763742165,0.000793536548693502,0.13557660497590998,0.23070128502011486,9.863627183838778,11.0554072,76.9271226,374.7000122070313,,57.541,,,405.0,,1,0,0,1,1
1789662428986.0,1.08,0.13549358,0.23060828,9.863514,-0.00045814854,-0.00045814854,0.00045814854,-61.125004,1.8750001,8.925,9.867139763742165,0.000793536548693502,0.13545090535680998,0.23054987203638425,9.863467196580382,11.0554072,76.9271226,374.7000122070313,,57.541,,,405.0,,1,0,0,1,1
1789662428996.0,1.09,0.13549358,0.23060828,9.863514,-0.00045814854,-0.00045814854,0.00045814854,-61.125004,1.8750001,8.925,9.867139763742165,0.000793536548693502,0.13542732828757686,0.23051642064063146,9.863439081926744,11.0554072,76.9271226,374.7000122070313,,57.541,,,405.0,,1,0,0,1,1
1789662429006.0,1.1,0.13549358,0.23060828,9.863514,0.00030543236,0.0007635809,0.00045814854,-61.125004,1.8750001,8.925,9.867139763742165,0.0009414057584719307,0.13546008634435272,0.2305648321378548,9.863473087189544,11.0554072,76.9271226,374.7000122070313,,57.541,,,405.0,,1,0,0,1,1
1789662429016.0,1.11,0.13549358,0.23060828,9.863514,0.00030543236,0.0007635809,0.00045814854,-61.125004,1.8750001,8.925,9.867139763742165,0.0009414057584719307,0.13549797374633304,0.23063732943140428,9.863500128478512,11.0554072,76.9271226,374.7000122070313,,57.541,,,405.0,,1,0,0,1,1
1789662429026.0,1.12,0.13549358,0.23060828,9.863514,0.00030543236,0.0007635809,0.00045814854,-60.075,1.95,7.275,9.867139763742165,0.0009414057584719307,0.13551416263196361,0.23068087884424995,9.863500717796535,11.0554072,76.9271226,374.7000122070313,,57.541,,,405.0,,1,0,0,1,1
1789662429036.0,1.13,0.13549358,0.23060828,9.863514,0.00030543236,0.0007635809,0.00045814854,-60.075,1.95,7.275,9.867139763742165,0.0009414057584719307,0.13550976788607302,0.23065774889606322,9.863508237939602,11.0554072,76.9271226,374.7000122070313,,57.541,,,405.0,,1,0,0,1,1
1789662429046.0,1.14,0.13549358,0.23060828,9.863514,0.00030543236,0.0007635809,0.00045814854,-60.075,1.95,7.275,9.867139763742165,0.0009414057584719307,0.1354989079499362,0.23055287672469818,9.863571657643474,11.0554072,76.9271226,374.7000122070313,,57.541,,,405.0,,1,0,0,1,1
1789662429056.0,1.15,0.13549358,0.23060828,9.863514,0.00030543236,0.0007635809,0.00045814854,-60.075,1.95,7.275,9.867139763742165,0.0009414057584719307,0.13549223071931227,0.23038418296702062,9.863709443638456,11.0554072,76.9271226,374.7000122070313,,57.541,,,405.0,,1,0,0,1,1
1789662429066.0,1.16,0.13549358,0.23001008,9.864112,0.00030543236,0.0007635809,0.00045814854,-60.075,1.95,7.275,9.867723582248685,0.0009414057584719307,0.13549034048960482,0.23020236295863236,9.863890354119826,11.0554072,76.9271226,374.7000122070313,,57.541,,,405.0,,1,0,0,1,1
1789662429076.0,1.17,0.13549358,0.23001008,9.864112,0.00030543236,0.0007635809,0.00045814854,-60.075,1.95,7.275,9.867723582248685,0.0009414057584719307,0.1354880961729777,0.23006614004632436,9.864054389686943,11.0554072,76.9271226,374.7000122070313,,57.541,,,405.0,,1,0,0,1,1
1789662429086.0,1.18,0.13549358,0.23001008,9.864112,0.00030543236,0.0007635809,0.00045814854,-60.075,1.95,7.275,9.867723582248685,0.0009414057584719307,0.13548331418241533,0.23000444720683863,9.864153067841729,11.0554072,76.9271226,374.7000122070313,,57.541,,,405.0,,1,0,0,1,1
1789662429096.0,1.19,0.13549358,0.23001008,9.864112,0.00030543236,0.0007635809,0.00045814854,-60.075,1.95,7.275,9.867723582248685,0.0009414057584719307,0.1354816050996803,0.22999751184335354,9.864174584591263,11.0554072,76.9271226,374.7000122070313,,57.541,,,405.0,,1,0,0,1,1
1789662429106.0,1.2,0.13549358,0.23001008,9.864112,0.00030543236,0.0007635809,0.00045814854,-60.075,1.95,7.275,9.867723582248685,0.0009414057584719307,0.13549222935291572,0.22999657556912742,9.86414015465578,11.0554072,76.9271226,374.7000122070313,,57.541,,,405.0,,1,0,0,1,1
1789662429116.0,1.21,0.13549358,0.23001008,9.864112,0.00030543236,0.0,-0.0007635809,-60.225002,2.4,7.1250005,9.867723582248685,0.0008224017980160182,0.13551640974911863,0.2299692389641368,9.864086283928296,11.0554072,76.9271226,374.7000122070313,,57.541,,,405.0,,1,0,0,1,1
1789662429126.0,1.22,0.13549358,0.23001008,9.864112,0.00030543236,0.0,-0.0007635809,-60.225002,2.4,7.1250005,9.867723582248685,0.0008224017980160182,0.13553682723909882,0.22993562618396973,9.86405185776889,11.0554072,76.9271226,374.7000122070313,,57.541,,,405.0,,1,0,0,1,1
1789662429136.0,1.23,0.13549358,0.23001008,9.864112,0.00030543236,0.0,-0.0007635809,-60.225002,2.4,7.1250005,9.867723582248685,0.0008224017980160182,0.1355200151673963,0.22996443675144684,9.86407155266975,11.0554072,76.9271226,374.7000122070313,,57.541,,,405.0,,1,0,0,1,1
1789662429146.0,1.24,0.13549358,0.23001008,9.864112,0.00030543236,0.0,-0.0007635809,-60.225002,2.4,7.1250005,9.867723582248685,0.0008224017980160182,0.13543635334547557,0.23012424971566156,9.864165500168582,11.0554072,76.9271226,374.7000122070313,,57.541,,,405.0,,1,0,0,1,1
1789662429156.0,1.25,0.13549358,0.23001008,9.864112,0.00030543236,0.0,-0.0007635809,-60.225002,2.4,7.1250005,9.867723582248685,0.0008224017980160182,0.13528602633199538,0.2304221425534804,9.86432449086264,11.0554072,76.9271226,374.7000122070313,,57.541,,,405.0,,1,0,0,1,1
1789662429166.0,1.26,0.13489537,0.23120649,9.864711,0.00030543236,0.0,-0.0007635809,-60.225002,2.4,7.1250005,9.868342125979751,0.0008224017980160182,0.13510753686284638,0.23078199562316473,9.864506323228602,11.0554072,76.9271226,374.7000122070313,,57.541,,,405.0,,1,0,0,1,1
1789662429176.0,1.27,0.13489537,0.23120649,9.864711,0.00030543236,0.0,-0.0007635809,-60.225002,2.4,7.1250005,9.868342125979751,0.0008224017980160182,0.1349561289034106,0.2310885555369091,9.8646560767188,11.0554072,76.9271226,374.7000122070313,,57.541,,,405.0,,1,0,0,1,1
1789662429186.0,1.28,0.13489537,0.23120649,9.864711,0.00030543236,0.0,-0.0007635809,-60.225002,2.4,7.1250005,9.868342125979751,0.0008224017980160182,0.13486835163511104,0.23126284994050517,9.864738669829377,11.0554072,76.9271226,374.7000122070313,,57.541,,,405.0,,1,0,0,1,1
1789662429196.0,1.29,0.13489537,0.23120649,9.864711,0.00030543236,0.0,-0.0007635809,-60.225002,2.4,7.1250005,9.868342125979751,0.0008224017980160182,0.1348440295260328,0.23130366578209274,9.864756174030724,11.0554072,76.9271226,374.7000122070313,,57.541,,,405.0,,1,0,0,1,1
1789662429206.0,1.3,0.13489537,0.23120649,9.864711,0.00030543236,0.0,-0.0007635809,-60.225002,2.4,7.1250005,9.868342125979751,0.0008224017980160182,0.13485837195517716,0.23126646755771163,9.86473701483281,11.0554072,76.9271226,374.7000122070313,,57.541,,,405.0,,1,0,0,1,1
1789662429216.0,1.31,0.13489537,0.23120649,9.864711,0.00030543236,0.0,-0.0007635809,-60.225002,2.4,7.1250005,9.868342125979751,0.0008224017980160182,0.13488680742891712,0.23121136935792325,9.86471120533784,11.0554072,76.9271226,374.7000122070313,,57.541,,,405.0,,1,0,0,1,1
1789662429226.0,1.32,0.13489537,0.23120649,9.864711,0.00030543236,0.0006108647,-0.0007635809,-60.300003,1.95,8.025001,9.868342125979751,0.0010244512673065857,0.13491705751478292,0.23116999382110848,9.864694267576786,11.0554072,76.9271226,374.7000122070313,,57.541,,,405.0,,1,0,0,1,1
1789662429236.0,1.33,0.13489537,0.23120649,9.864711,0.00030543236,0.0006108647,-0.0007635809,-60.300003,1.95,8.025001,9.868342125979751,0.0010244512673065857,0.13494117407338263,0.2311500717678084,9.864688617401896,11.0554072,76.9271226,374.7000122070313,,57.541,,,405.0,,1,0,0,1,1
1789662429246.0,1.34,0.13489537,0.23120649,9.864711,0.00030543236,0.0006108647,-0.0007635809,-60.300003,1.95,8.025001,9.868342125979751,0.0010244512673065857,0.13494289352098182,0.23115756128059592,9.864693797803502,11.0554072,76.9271226,374.7000122070313,,57.541,,,405.0,,1,0,0,1,1
1789662429256.0,1.35,0.13489537,0.23120649,9.864711,0.00030543236,0.0006108647,-0.0007635809,-60.300003,1.95,8.025001,9.868342125979751,0.0010244512673065857,0.13490193290319252,0.23120363405500027,9.864711486606625,11.0554072,76.9271226,374.7000122070313,,57.541,,,405.0,,1,0,0,1,1
1789662429266.0,1.36,0.13489537,0.23120649,9.864711,0.00030543236,0.0006108647,-0.0007635809,-60.300003,1.95,8.025001,9.868342125979751,0.0010244512673065857,0.13482122981860847,0.23128315644675435,9.864739133360118,11.0554072,76.9271226,374.7000122070313,,57.541,,,405.0,,1,0,0,1,1
1789662429276.0,1.37,0.13489537,0.23120649,9.864711,-0.00045814854,-0.00045814854,0.00045814854,-60.300003,1.95,8.025001,9.868342125979751,0.000793536548693502,0.13475611466286366,0.23134467296346867,9.86475935002061,11.0554072,76.9271226,374.7000122070313,,57.541,,,405.0,,1,0,0,1,1
1789662429286.0,1.38,0.13489537,0.23120649,9.864711,-0.00045814854,-0.00045814854,0.00045814854,-60.300003,1.95,8.025001,9.868342125979751,0.000793536548693502,0.13480857557501758,0.23129157061005676,9.864739756976578,11.0554072,76.9271226,374.7000122070313,,57.541,,,405.0,,1,0,0,1,1
1789662429296.0,1.39,0.13489537,0.23120649,9.864711,-0.00045814854,-0.00045814854,0.00045814854,-60.300003,1.95,8.025001,9.868342125979751,0.000793536548693502,0.135067968637643,0.23103653802262775,9.864651579303139,11.0554072,76.9271226,374.7000122070313,,57.541,,,405.0,,1,0,0,1,1
1789662429306.0,1.4,0.13489537,0.23120649,9.864711,-0.00045814854,-0.00045814854,0.00045814854,-60.300003,1.95,8.025001,9.868342125979751,0.000793536548693502,0.13553093126728852,0.230579270033592,9.86449647156223,11.0554072,76.9271226,374.7000122070313,,57.541,,,405.0,,1,0,0,1,1
1789662429316.0,1.41,0.13668999,0.22941187,9.864112,-0.00045814854,-0.00045814854,0.00045814854,-60.300003,1.95,8.025001,9.867726156922227,0.000793536548693502,0.1360734596319504,0.2300362520340359,9.864316293099948,11.0554072,76.9271226,374.7000122070313,,57.541,,,405.0,,1,0,0,1,1
1789662429326.0,1.42,0.13668999,0.22941187,9.864112,-0.00045814854,-0.00045814854,0.00045814854,-60.075,2.325,7.05,9.867726156922227,0.000793536548693502,0.13651854730752888,0.22957938840958575,9.864170307845816,11.0554072,76.9271226,374.7000122070313,,57.541,,,405.0,,1,0,0,1,1
1789662429336.0,1.43,0.13668999,0.22941187,9.864112,-0.00045814854,-0.00045814854,0.00045814854,-60.075,2.325,7.05,9.867726156922227,0.000793536548693502,0.1367530350600256,0.22932673100741682,9.86409523474135,11.0554072,76.9271226,374.7000122070313,,57.541,,,405.0,,1,0,0,1,1
1789662429346.0,1.44,0.13668999,0.22941187,9.864112,-0.00045814854,-0.00045814854,0.00045814854,-60.075,2.325,7.05,9.867726156922227,0.000793536548693502,0.1367936330739943,0.22927861102761185,9.864082722013544,11.0554072,76.9271226,374.7000122070313,,57.541,,,405.0,,1,0,0,1,1
1789662429356.0,1.45,0.13668999,0.22941187,9.864112,-0.00045814854,-0.00045814854,0.00045814854,-60.075,2.325,7.05,9.867726156922227,0.000793536548693502,0.136749836153907,0.22934474823465673,9.864093171571028,11.0554072,76.9271226,374.7000122070313,,57.541,,,405.0,,1,0,0,1,1
1789662429366.0,1.46,0.13668999,0.22941187,9.864112,0.00030543236,-0.00030543236,-0.0007635809,-60.075,2.325,7.05,9.867726156922227,0.000877287663149978,0.1367245402654428,0.2294223721408257,9.864092405325804,11.0554072,76.9271226,374.7000122070313,,57.541,,,405.0,,1,0,0,1,1
1789662429376.0,1.47,0.13668999,0.22941187,9.864112,0.00030543236,-0.00030543236,-0.0007635809,-60.075,2.325,7.05,9.867726156922227,0.000877287663149978,0.13673583259479763,0.22945585060196916,9.864080940114691,11.0554072,76.9271226,374.7000122070313,,57.541,,,405.0,,1,0,0,1,1
1789662429386.0,1.48,0.13668999,0.22941187,9.864112,0.00030543236,-0.00030543236,-0.0007635809,-60.075,2.325,7.05,9.867726156922227,0.000877287663149978,0.13671436058268638,0.22944519613659112,9.86409384025392,11.0554072,76.9271226,374.7000122070313,,57.541,,,405.0,,1,0,0,1,1
1789662429396.0,1.49,0.13668999,0.22941187,9.864112,0.00030543236,-0.00030543236,-0.0007635809,-60.075,2.325,7.05,9.867726156922227,0.000877287663149978,0.136571332569275,0.22941846376504874,9.86417096561815,11.0554072,76.9271226,374.7000122070313,,57.541,,,405.0,,1,0,0,1,1
1789662429406.0,1.5,0.13668999,0.22941187,9.864112,0.00030543236,-0.00030543236,-0.0007635809,-60.075,2.325,7.05,9.867726156922227,0.000877287663149978,0.13628269561122625,0.22940045835933282,9.86431964792361,11.0554072,76.9271226,374.7000122070313,,57.541,,,405.0,,1,0,0,1,1
1789662429416.0,1.51,0.13549358,0.22941187,9.864711,0.00030543236,-0.00030543236,-0.0007635809,-60.075,2.325,7.05,9.868308438118415,0.000877287663149978,0.1359217535003521,0.22939843850034633,9.864500752982034,11.0554072,76.9271226,374.7000122070313,,57.541,,,405.0,,1,0,0,1,1
1789662429426.0,1.52,0.13549358,0.22941187,9.864711,0.00030543236,-0.00030543236,-0.0007635809,-60.075,2.4750001,7.5000005,9.868308438118415,0.000877287663149978,0.13561193061592175,0.22940571665626885,9.864652565697577,11.0554072,76.9271226,374.7000122070313,,57.541,,,405.0,,1,0,0,1,1
1789662429436.0,1.53,0.13549358,0.22941187,9.864711,0.00030543236,-0.00030543236,-0.0007635809,-60.075,2.4750001,7.5000005,9.868308438118415,0.000877287663149978,0.1354406526641639,0.22941264121155897,9.86473349127086,11.0554072,76.9271226,374.7000122070313,,57.541,,,405.0,,1,0,0,1,1
1789662429446.0,1.54,0.13549358,0.22941187,9.864711,0.00030543236,-0.00030543236,-0.0007635809,-60.075,2.4750001,7.5000005,9.868308438118415,0.000877287663149978,0.13540842715452603,0.22941467107388563,9.864746999749912,11.0554072,76.9271226,374.7000122070313,,57.541,,,405.0,,1,0,0,1,1
1789662429456.0,1.55,0.13549358,0.22941187,9.864711,0.00030543236,-0.00030543236,-0.0007635809,-60.075,2.4750001,7.5000005,9.868308438118415,0.000877287663149978,0.13544858549644945,0.2294135361480427,9.864730183868337,11.0554072,76.9271226,374.7000122070313,,57.541,,,405.0,,1,0,0,1,1
1789662429466.0,1.56,0.13549358,0.22941187,9.864711,0.00030543236,-0.00045814854,0.00045814854,-60.075,2.4750001,7.5000005,9.868308438118415,0.0007163023774520316,0.13548854978932348,0.229413291700064,9.864719857229074,11.0554072,76.9271226,374.7000122070313,,57.541,,,405.0,,1,0,0,1,1
1789662429476.0,1.57,0.13549358,0.22941187,9.864711,0.00030543236,-0.00045814854,0.00045814854,-60.075,2.4750001,7.5000005,9.868308438118415,0.0007163023774520316,0.13549863364604509,0.229415495387155,9.864724779296576,11.0554072,76.9271226,374.7000122070313,,57.541,,,405.0,,1,0,0,1,1
1789662429486.0,1.58,0.13549358,0.22941187,9.864711,0.00030543236,-0.00045814854,0.00045814854,-60.075,2.4750001,7.5000005,9.868308438118415,0.0007163023774520316,0.1354980471195122,0.22941721075213548,9.864722992237477,11.0554072,76.9271226,374.7000122070313,,57.541,,,405.0,,1,0,0,1,1
1789662429496.0,1.59,0.13549358,0.22941187,9.864711,0.00030543236,-0.00045814854,0.00045814854,-60.075,2.4750001,7.5000005,9.868308438118415,0.0007163023774520316,0.13552456653817746,0.22941346095649812,9.86468389513176,11.0554072,76.9271226,374.7000122070313,,57.541,,,405.0,,1,0,0,1,1
1789662429506.0,1.6,0.13549358,0.22941187,9.864711,0.00030543236,-0.00045814854,0.00045814854,-60.075,2.4750001,7.5000005,9.868308438118415,0.0007163023774520316,0.13559614753179872,0.22940290546253192,9.864598319167175,11.0554072,76.9271226,374.7000122070313,,57.541,,,405.0,,1,0,0,1,1
1789662429516.0,1.61,0.13579269,0.22941187,9.864411,0.00030543236,-0.00045814854,0.00045814854,-60.075,2.4750001,7.5000005,9.868012658974214,0.0007163023774520316,0.13569313732634183,0.22939253318302824,9.86449349894413,11.0554072,76.9271226,374.7000122070313,,57.541,,,405.0,,1,0,0,1,1
1789662429526.0,1.62,0.13579269,0.22941187,9.864411,0.00030543236,-0.00045814854,0.00045814854,-60.075,2.4750001,7.5000005,9.868012658974214,0.0007163023774520316,0.1357724784664503,0.22939580214706304,9.864418723759439,11.0554072,76.9271226,374.7000122070313,,57.541,,,405.0,,1,0,0,1,1
1789662429536.0,1.63,0.13579269,0.22941187,9.864411,0.00030543236,-0.00045814854,0.00045814854,-60.075,2.4750001,7.5000005,9.868012658974214,0.0007163023774520316,0.13580131575321044,0.22942155091245378,9.864408760993463,11.0554072,76.9271226,374.7000122070313,,57.541,,,405.0,,1,0,0,1,1
1789662429546.0,1.64,0.13579269,0.22941187,9.864411,0.00030543236,-0.00045814854,0.00045814854,-60.075,2.4750001,7.5000005,9.868012658974214,0.0007163023774520316,0.1357838137146403,0.22945903237548881,9.86445073585666,11.0554072,76.9271226,374.7000122070313,,57.541,,,405.0,,1,0,0,1,1
1789662429556.0,1.65,0.13579269,0.22941187,9.864411,0.00030543236,-0.00045814854,0.00045814854,-60.075,2.4750001,7.5000005,9.868012658974214,0.0007163023774520316,0.13576094111362286,0.22947330049986195,9.864482085224518,11.0554072,76.9271226,374.7000122070313,,57.541,,,405.0,,1,0,0,1,1
1789662429566.0,1.66,0.13579269,0.22941187,9.864411,-0.0006108647,-0.00015271618,0.00045814854,-60.525,2.4750001,8.325001,9.868012658974214,0.0007787027661720575,0.13578068242590635,0.22942551114769905,9.864431860063922,11.0554072,76.9271226,374.7000122070313,,57.541,,,405.0,,1,0,0,1,1
1789662429576.0,1.67,0.13579269,0.22941187,9.864411,-0.0006108647,-0.00015271618,0.00045814854,-60.525,2.4750001,8.325001,9.868012658974214,0.0007787027661720575,0.13585378512673965,0.22931661053899544,9.864290759847893,11.0554072,76.9271226,374.7000122070313,,57.541,,,405.0,,1,0,0,1,1
1789662429586.0,1.68,0.13579269,0.22941187,9.864411,-0.0006108647,-0.00015271618,0.00045814854,-60.525,2.4750001,8.325001,9.868012658974214,0.0007787027661720575,0.13592329341233053,0.22922515897610482,9.864164499490029,11.0554072,76.9271226,374.7000122070313,,57.541,,,405.0,,1,0,0,1,1
1789662429596.0,1.69,0.13579269,0.22941187,9.864411,-0.0006108647,-0.00015271618,0.00045814854,-60.525,2.4750001,8.325001,9.868012658974214,0.0007787027661720575,0.1358787089992376,0.22929391309108427,9.864251694787443,11.0554072,76.9271226,374.7000122070313,,57.541,,,405.0,,1,0,0,1,1
1789662429606.0,1.7,0.13579269,0.22941187,9.864411,-0.0006108647,-0.00015271618,0.00045814854,-60.525,2.4750001,8.325001,9.868012658974214,0.0007787027661720575,0.13562390769224614,0.22964475862089737,9.864724037970603,11.0554072,76.9271226,374.7000122070313,,57.541,,,405.0,,1,0,0,1,1
1789662429616.0,1.71,0.13579269,0.22941187,9.864411,-0.0006108647,-0.00015271618,0.00045814854,-60.525,2.4750001,8.325001,9.868012658974214,0.0007787027661720575,0.13516072679632204,0.23026898147686198,9.865575295557397,11.0554072,76.9271226,374.7000122070313,,57.541,,,405.0,,1,0,0,1,1
1789662429626.0,1.72,0.13399807,0.2318047,9.867702,-0.0006108647,-0.00015271618,0.00045814854,-60.525,2.4750001,8.325001,9.871333834011986,0.0007787027661720575,0.1346155338318737,0.23099221669692202,9.866572744333201,11.0554072,76.9271226,374.7000122070313,,57.541,,,405.0,,1,0,0,1,1
1789662429636.0,1.73,0.13399807,0.2318047,9.867702,-0.0006108647,-0.00015271618,0.00045814854,-60.525,2.4750001,8.325001,9.871333834011986,0.0007787027661720575,0.13416842626593242,0.231572080098154,9.867386980052508,11.0554072,76.9271226,374.7000122070313,,57.541,,,405.0,,1,0,0,1,1
1789662429646.0,1.74,0.13399807,0.2318047,9.867702,-0.0006108647,-0.00015271618,0.00045814854,-60.525,2.4750001,8.325001,9.871333834011986,0.0007787027661720575,0.133934052147269,0.23186307495367678,9.867811043260994,11.0554072,76.9271226,374.7000122070313,,57.541,,,405.0,,1,0,0,1,1
1789662429656.0,1.75,0.13399807,0.2318047,9.867702,-0.0006108647,-0.00015271618,0.00045814854,-60.525,2.4750001,8.325001,9.871333834011986,0.0007787027661720575,0.13389502075743417,0.23190747712911097,9.867882263958244,11.0554072,76.9271226,374.7000122070313,,57.541,,,405.0,,1,0,0,1,1
1789662429666.0,1.76,0.13399807,0.2318047,9.867702,-0.0006108647,0.0007635809,-0.00030543236,-60.15,1.8750001,6.6000004,9.871333834011986,0.0010244512673065857,0.13393985418727034,0.2318744352042379,9.867809455219964,11.0554072,76.9271226,374.7000122070313,,57.541,,,405.0,,1,0,0,1,1
1789662429676.0,1.77,0.13399807,0.2318047,9.867702,-0.0006108647,0.0007635809,-0.00030543236,-60.15,1.8750001,6.6000004,9.871333834011986,0.0010244512673065857,0.13396396872506375,0.2319023360460995,9.867781854502994,11.0554072,76.9271226,374.7000122070313,,57.541,,,405.0,,1,0,0,1,1
1789662429686.0,1.78,0.13399807,0.2318047,9.867702,-0.0006108647,0.0007635809,-0.00030543236,-60.15,1.8750001,6.6000004,9.871333834011986,0.0010244512673065857,0.13394946779785166,0.23197191641205053,9.867818622300861,11.0554072,76.9271226,374.7000122070313,,57.541,,,405.0,,1,0,0,1,1
1789662429696.0,1.79,0.13399807,0.2318047,9.867702,-0.0006108647,0.0007635809,-0.00030543236,-60.15,1.8750001,6.6000004,9.871333834011986,0.0010244512673065857,0.13396839401636582,0.23190858207838883,9.867766439969804,11.0554072,76.9271226,374.7000122070313,,57.541,,,405.0,,1,0,0,1,1
1789662429706.0,1.8,0.13399807,0.2318047,9.867702,-0.0006108647,0.0007635809,-0.00030543236,-60.15,1.8750001,6.6000004,9.871333834011986,0.0010244512673065857,0.13411337500002218,0.23152020242123061,9.867439130539163,11.0554072,76.9271226,374.7000122070313,,57.541,,,405.0,,1,0,0,1,1
1789662429716.0,1.81,0.13399807,0.2318047,9.867702,-0.0006108647,0.0007635809,-0.00030543236,-60.15,1.8750001,6.6000004,9.871333834011986,0.0010244512673065857,0.13440998966175574,0.23077299464791792,9.8667908621498,11.0554072,76.9271226,374.7000122070313,,57.541,,,405.0,,1,0,0,1,1
1789662429726.0,1.82,0.13519448,0.22881366,9.865009,-0.0006108647,0.0007635809,-0.00030543236,-60.15,1.8750001,6.6000004,9.868588339195535,0.0010244512673065857,0.13478054628297154,0.2298597314115838,9.865982114160657,11.0554072,76.9271226,374.7000122070313,,57.541,,,405.0,,1,0,0,1,1
1789662429736.0,1.83,0.13519448,0.22881366,9.865009,-0.0006108647,0.0007635809,-0.00030543236,-60.15,1.8750001,6.6000004,9.868588339195535,0.0010244512673065857,0.1350914685239957,0.22908785650382216,9.865278722987334,11.0554072,76.9271226,374.7000122070313,,57.541,,,405.0,,1,0,0,1,1
1789662429746.0,1.84,0.13519448,0.22881366,9.865009,-0.0006108647,0.0007635809,-0.00030543236,-60.15,1.8750001,6.6000004,9.868588339195535,0.0010244512673065857,0.13524642219994512,0.22867407469742063,9.864872130973854,11.0554072,76.9271226,374.7000122070313,,57.541,,,405.0,,1,0,0,1,1
1789662429756.0,1.85,0.13519448,0.22881366,9.865009,-0.0006108647,0.0007635809,-0.00030543236,-60.15,1.8750001,6.6000004,9.868588339195535,0.0010244512673065857,0.13524896040503823,0.22861767034601754,9.864776938614948,11.0554072,76.9271226,374.7000122070313,,57.541,,,405.0,,1,0,0,1,1
1789662429766.0,1.86,0.13519448,0.22881366,9.865009,-0.0006108647,0.0007635809,-0.00030543236,-60.15,1.8750001,6.6000004,9.868588339195535,0.0010244512673065857,0.1351895768619748,0.22874172721378047,9.864872614858655,11.0554072,76.9271226,374.7000122070313,,57.541,,,405.0,,1,0,0,1,1
1789662429776.0,1.87,0.13519448,0.22881366,9.865009,0.00030543236,0.0007635809,-0.0007635809,-60.300003,1.95,7.5750003,9.868588339195535,0.0011222301494010886,0.1351737957469865,0.22884213338359602,9.86501730273329,11.0554072,76.9271226,374.7000122070313,,57.541,,,405.0,,1,0,0,1,1
1789662429786.0,1.88,0.13519448,0.22881366,9.865009,0.00030543236,0.0007635809,-0.0007635809,-60.300003,1.95,7.5750003,9.868588339195535,0.0011222301494010886,0.13524207218289716,0.22882254961540255,9.86512265848474,11.0554072,76.9271226,374.7000122070313,,57.541,,,405.0,,1,0,0,1,1
1789662429796.0,1.89,0.13519448,0.22881366,9.865009,0.00030543236,0.0007635809,-0.0007635809,-60.300003,1.95,7.5750003,9.868588339195535,0.0011222301494010886,0.13532954920165857,0.22873784562680774,9.865150608023205,11.0554072,76.9271226,374.7000122070313,,57.541,,,405.0,,1,0,0,1,1
1789662429806.0,1.9,0.13519448,0.22881366,9.865009,0.00030543236,0.0007635809,-0.0007635809,-60.300003,1.95,7.5750003,9.868588339195535,0.0011222301494010886,0.13529427974856711,0.2287390009337003,9.865076474952197,11.0554072,76.9271226,374.7000122070313,,57.541,,,405.0,,1,0,0,1,1
1789662429816.0,1.91,0.13519448,0.22881366,9.865009,0.00030543236,0.0007635809,-0.0007635809,-60.300003,1.95,7.5750003,9.868588339195535,0.0011222301494010886,0.13500992089859573,0.22895990005464587,9.864879466552855,11.0554072,76.9271226,374.7000122070313,,57.541,,,405.0,,1,0,0,1,1
1789662429826.0,1.92,0.13519448,0.22881366,9.865009,0.00030543236,0.0007635809,-0.0007635809,-60.300003,1.95,7.8,9.868588339195535,0.0011222301494010886,0.13447038391908214,0.22941402965251745,9.864571738593058,11.0554072,76.9271226,374.7000122070313,,57.541,,,405.0,,1,0,0,1,1
1789662429836.0,1.93,0.13310076,0.23060828,9.863813,0.00030543236,0.0007635809,-0.0007635809,-60.300003,1.95,7.8,9.86740608721898,0.0011222301494010886,0.13382254983080713,0.22997227705946416,9.864221614837863,11.0554072,76.9271226,374.7000122070313,,57.541,,,405.0,,1,0,0,1,1
1789662429846.0,1.94,0.13310076,0.23060828,9.863813,0.00030543236,0.0007635809,-0.0007635809,-60.300003,1.95,7.8,9.86740608721898,0.0011222301494010886,0.13328377581527806,0.23044450750470052,9.863928115265443,11.0554072,76.9271226,374.7000122070313,,57.541,,,405.0,,1,0,0,1,1
1789662429856.0,1.95,0.13310076,0.23060828,9.863813,0.00030543236,0.0007635809,-0.0007635809,-60.300003,1.95,7.8,9.86740608721898,0.0011222301494010886,0.13300159914251397,0.23070296520720215,9.863761107418123,11.0554072,76.9271226,374.7000122070313,,57.541,,,405.0,,1,0,0,1,1
1789662429866.0,1.96,0.13310076,0.23060828,9.863813,0.00030543236,0.0007635809,-0.0007635809,-60.300003,1.95,7.8,9.86740608721898,0.0011222301494010886,0.13296973595183295,0.23074818850499393,9.863722853144433,11.0554072,76.9271226,374.7000122070313,,57.541,,,405.0,,1,0,0,1,1
1789662429876.0,1.97,0.13310076,0.23060828,9.863813,0.00030543236,-0.00015271618,-0.0007635809,-60.300003,1.95,7.8,9.86740608721898,0.000836460966820193,0.1330593924154204,0.23067632578573719,9.863762226268184,11.0554072,76.9271226,374.7000122070313,,57.541,,,405.0,,1,0,0,1,1
1789662429886.0,1.98,0.13310076,0.23060828,9.863813,0.00030543236,-0.00015271618,-0.0007635809,-60.300003,1.95,7.8,9.86740608721898,0.000836460966820193,0.13312473027564029,0.23059497790863734,9.863818826388913,11.0554072,76.9271226,374.7000122070313,,57.541,,,405.0,,1,0,0,1,1
1789662429896.0,1.99,0.13310076,0.23060828,9.863813,0.00030543236,-0.00015271618,-0.0007635809,-60.300003,1.95,7.8,9.86740608721898,0.000836460966820193,0.1330993749706637,0.23056111215391317,9.863854924174822,11.0554072,76.9271226,374.7000122070313,,57.541,,,405.0,,1,0,0,1,1
1789662429906.0,2.0,0.13310076,0.23060828,9.863813,0.00030543236,-0.00015271618,-0.0007635809,-60.300003,1.95,7.8,9.86740608721898,0.000836460966820193,0.1330293740739853,0.23057348619481743,9.863857982815675,11.0554072,76.9271226,374.7000122070313,,57.541,,,405.0,,1,0,0,1,1
1789662429916.0,2.01,0.13310076,0.23060828,9.863813,0.00030543236,-0.00015271618,-0.0007635809,-60.300003,1.95,7.8,9.86740608721898,0.000836460966820193,0.13303415898742027,0.23060226245442164,9.863827624176103,11.0554072,76.9271226,374.7000122070313,,57.541,,,405.0,,1,0,0,1,1
1789662429926.0,2.02,0.13310076,0.23060828,9.863813,0.00030543236,-0.00015271618,-0.0007635809,-60.750004,2.1750002,9.3,9.86740608721898,0.000836460966820193,0.13322071086128387,0.23062150290544978,9.863768087078745,11.0554072,76.9271226,374.7000122070313,,57.541,,,405.0,,1,0,0,1,1
1789662429936.0,2.03,0.13310076,0.23060828,9.863813,0.00030543236,-0.00015271618,-0.0007635809,-60.750004,2.1750002,9.3,9.86740608721898,0.000836460966820193,0.13360094880416232,0.23062351470481451,9.863691262928564,11.0554072,76.9271226,374.7000122070313,,57.541,,,405.0,,1,0,0,1,1
1789662429946.0,2.04,0.13459627,0.23060828,9.863514,0.00030543236,-0.00015271618,-0.0007635809,-60.750004,2.1750002,9.3,9.867127482854292,0.000836460966820193,0.1340703575069668,0.23061492938021064,9.863617882479229,11.0554072,76.9271226,374.7000122070313,,57.541,,,405.0,,1,0,0,1,1
1789662429956.0,2.05,0.13459627,0.23060828,9.863514,0.00030543236,-0.00015271618,-0.0007635809,-60.750004,2.1750002,9.3,9.867127482854292,0.000836460966820193,0.13447025036560173,0.23060580524337312,9.863565919129632,11.0554072,76.9271226,374.7000122070313,,57.541,,,405.0,,1,0,0,1,1
1789662429966.0,2.06,0.13459627,0.23060828,9.863514,0.00030543236,-0.00015271618,-0.0007635809,-60.750004,2.1750002,9.3,9.867127482854292,0.000836460966820193,0.1346876977702156,0.23060196621739382,9.863534340805762,11.0554072,76.9271226,374.7000122070313,,57.541,,,405.0,,1,0,0,1,1
1789662429976.0,2.07,0.13459627,0.23060828,9.863514,0.00030543236,-0.00045814854,-0.00045814854,-60.750004,2.1750002,9.3,9.867127482854292,0.0007163023774520316,0.13471460864562446,0.23060369942679967,9.863503073781873,11.0554072,76.9271226,374.7000122070313,,57.541,,,405.0,,1,0,0,1,1
1789662429986.0,2.08,0.13459627,0.23060828,9.863514,0.00030543236,-0.00045814854,-0.00045814854,-60.750004,2.1750002,9.3,9.867127482854292,0.0007163023774520316,0.134630903963607,0.23060823787220142,9.863457810995012,11.0554072,76.9271226,374.7000122070313,,57.541,,,405.0,,1,0,0,1,1
1789662429996.0,2.09,0.13459627,0.23060828,9.863514,0.00030543236,-0.00045814854,-0.00045814854,-60.750004,2.1750002,9.3,9.867127482854292,0.0007163023774520316,0.13454357499089534,0.23061233081507435,9.8634210895939,11.0554072,76.9271226,374.7000122070313,,57.541,,,405.0,,1,0,0,1,1
1789662430006.0,2.1,0.13459627,0.23060828,9.863514,0.00030543236,-0.00045814854,-0.00045814854,-60.750004,2.1750002,9.3,9.867127482854292,0.0007163023774520316,0.1345322722001281,0.2306133825634239,9.86345636570906,11.0554072,76.9271226,374.7000122070313,,57.541,,,405.0,,1,0,0,1,1
1789662430016.0,2.11,0.13459627,0.23060828,9.863514,0.00030543236,-0.00045814854,-0.00045814854,-60.750004,2.1750002,9.3,9.867127482854292,0.0007163023774520316,0.13462414173200146,0.2306100092651428,9.863627977225692,11.0554072,76.9271226,374.7000122070313,,57.541,,,405.0,,1,0,0,1,1
1789662430026.0,2.12,0.13459627,0.23060828,9.863514,0.00030543236,-0.00045814854,-0.00045814854,-60.300003,1.725,8.1,9.867127482854292,0.0007163023774520316,0.13479447966782424,0.23060318557788423,9.863940474538945,11.0554072,76.9271226,374.7000122070313,,57.541,,,405.0,,1,0,0,1,1
1789662430036.0,2.13,0.13519448,0.23060828,9.864711,0.00030543236,-0.00045814854,-0.00045814854,-60.300003,1.725,8.1,9.86833222179655,0.0007163023774520316,0.13498639513728058,0.23059741545009826,9.864311533506756,11.0554072,76.9271226,374.7000122070313,,57.541,,,405.0,,1,0,0,1,1
1789662430046.0,2.14,0.13519448,0.23060828,9.864711,0.00030543236,-0.00045814854,-0.00045814854,-60.300003,1.725,8.1,9.86833222179655,0.0007163023774520316,0.1351428029697479,0.23059955121407089,9.864613796907419,11.0554072,76.9271226,374.7000122070313,,57.541,,,405.0,,1,0,0,1,1
1789662430056.0,2.15,0.13519448,0.23060828,9.864711,0.00030543236,-0.00045814854,-0.00045814854,-60.300003,1.725,8.1,9.86833222179655,0.0007163023774520316,0.13523413279493907,0.2306135157023637,9.864758950137084,11.0554072,76.9271226,374.7000122070313,,57.541,,,405.0,,1,0,0,1,1
1789662430066.0,2.16,0.13519448,0.23060828,9.864711,0.00030543236,-0.00045814854,-0.00045814854,-60.300003,1.725,8.1,9.86833222179655,0.0007163023774520316,0.13526267773625839,0.23063313714903763,9.864755728008987,11.0554072,76.9271226,374.7000122070313,,57.541,,,405.0,,1,0,0,1,1
1789662430076.0,2.17,0.13519448,0.23060828,9.864711,0.00030543236,-0.00045814854,0.00045814854,-60.300003,1.725,8.1,9.86833222179655,0.0007163023774520316,0.13524466845857525,0.23064014026109886,9.864697169892,11.0554072,76.9271226,374.7000122070313,,57.541,,,405.0,,1,0,0,1,1
1789662430086.0,2.18,0.13519448,0.23060828,9.864711,0.00030543236,-0.00045814854,0.00045814854,-60.300003,1.725,8.1,9.86833222179655,0.0007163023774520316,0.13519400955664207,0.2306147574119817,9.86468955913375,11.0554072,76.9271226,374.7000122070313,,57.541,,,405.0,,1,0,0,1,1
1789662430096.0,2.19,0.13519448,0.23060828,9.864711,0.00030543236,-0.00045814854,0.00045814854,-60.300003,1.725,8.1,9.86833222179655,0.0007163023774520316,0.13512787679724939,0.23055815487787687,9.864770646565207,11.0554072,76.9271226,374.7000122070313,,57.541,,,405.0,,1,0,0,1,1
1789662430106.0,2.2,0.13519448,0.23060828,9.864711,0.00030543236,-0.00045814854,0.00045814854,-60.300003,1.725,8.1,9.86833222179655,0.0007163023774520316,0.13508603966438268,0.2305114930646895,9.864866651256927,11.0554072,76.9271226,374.7000122070313,,57.541,,,405.0,,1,0,0,1,1
1789662430116.0,2.21,0.13519448,0.23060828,9.864711,0.00030543236,-0.00045814854,0.00045814854,-60.300003,1.725,8.1,9.86833222179655,0.0007163023774520316,0.13513305556654723,0.23054820358825773,9.8648215077219,11.0554072,76.9271226,374.7000122070313,,57.541,,,405.0,,1,0,0,1,1
1789662430126.0,2.22,0.13519448,0.23060828,9.864711,0.00030543236,-0.00045814854,0.00045814854,-60.45,2.25,8.175,9.86833222179655,0.0007163023774520316,0.13532237140220624,0.23072928525312444,9.864497157393371,11.0554072,76.9271226,374.7000122070313,,57.541,,,405.0,,1,0,0,1,1
1789662430136.0,2.23,0.13519448,0.23060828,9.864711,0.00030543236,-0.00045814854,0.00045814854,-60.45,2.25,8.175,9.86833222179655,0.0007163023774520316,0.1356423427709364,0.23104660833182558,9.863887941656893,11.0554072,76.9271226,374.7000122070313,,57.541,,,405.0,,1,0,0,1,1
1789662430146.0,2.24,0.1363909,0.2318047,9.862318,0.00030543236,-0.00045814854,0.00045814854,-60.45,2.25,8.175,9.865984605181021,0.0007163023774520316,0.1359983999235955,0.23140642253817564,9.863155703749921,11.0554072,76.9271226,374.7000122070313,,57.541,,,405.0,,1,0,0,1,1
1789662430156.0,2.25,0.1363909,0.2318047,9.862318,0.00030543236,-0.00045814854,0.00045814854,-60.45,2.25,8.175,9.865984605181021,0.0007163023774520316,0.13626629775920293,0.23168347301418407,9.862538371415102,11.0554072,76.9271226,374.7000122070313,,57.541,,,405.0,,1,0,0,1,1
1789662430166.0,2.26,0.1363909,0.2318047,9.862318,0.00030543236,-0.00045814854,0.00045814854,-60.45,2.25,8.175,9.865984605181021,0.0007163023774520316,0.13638311419646362,0.2318105655425071,9.862198176821336,11.0554072,76.9271226,374.7000122070313,,57.541,,,405.0,,1,0,0,1,1
1789662430176.0,2.27,0.1363909,0.2318047,9.862318,0.00030543236,-0.00045814854,0.00045814854,-60.45,2.25,8.175,9.865984605181021,0.0007163023774520316,0.13639572478667097,0.23182606880623907,9.862135858817757,11.0554072,76.9271226,374.7000122070313,,57.541,,,405.0,,1,0,0,1,1
1789662430186.0,2.28,0.1363909,0.2318047,9.862318,-0.0006108647,-0.00045814854,-0.0007635809,-60.45,2.25,8.175,9.865984605181021,0.0010798664534353458,0.13641621602351534,0.23183340110447162,9.862228870123097,11.0554072,76.9271226,374.7000122070313,,57.541,,,405.0,,1,0,0,1,1
1789662430196.0,2.29,0.1363909,0.2318047,9.862318,-0.0006108647,-0.00045814854,-0.0007635809,-60.45,2.25,8.175,9.865984605181021,0.0010798664534353458,0.1365117359294761,0.23190085024686702,9.8623371887342,11.0554072,76.9271226,374.7000122070313,,57.541,,,405.0,,1,0,0,1,1
1789662430206.0,2.3,0.1363909,0.2318047,9.862318,-0.0006108647,-0.00045814854,-0.0007635809,-60.45,2.25,8.175,9.865984605181021,0.0010798664534353458,0.13661367216100617,0.23197985402051124,9.862383381768176,11.0554072,76.9271226,374.7000122070313,,57.541,,,405.0,,1,0,0,1,1
1789662430216.0,2.31,0.1363909,0.2318047,9.862318,-0.0006108647,-0.00045814854,-0.0007635809,-60.225002,2.025,8.925,9.865984605181021,0.0010798664534353458,0.13652903926265775,0.2319130946388503,9.862364881566938,11.0554072,76.9271226,374.7000122070313,,57.541,,,405.0,,1,0,0,1,1
1789662430226.0,2.32,0.1363909,0.2318047,9.862318,-0.0006108647,-0.00045814854,-0.0007635809,-60.225002,2.025,8.925,9.865984605181021,0.0010798664534353458,0.13607233047018105,0.23154516607745113,9.862319631232088,11.0554072,76.9271226,374.7000122070313,,57.541,,,405.0,,1,0,0,1,1
1789662430236.0,2.33,0.1363909,0.2318047,9.862318,-0.0006108647,-0.00045814854,-0.0007635809,-60.225002,2.025,8.925,9.865984605181021,0.0010798664534353458,0.13523404760428254,0.23086367585520173,9.862286837072144,11.0554072,76.9271226,374.7000122070313,,57.541,,,405.0,,1,0,0,1,1
1789662430246.0,2.34,0.13310076,0.22911277,9.862318,-0.0006108647,-0.00045814854,-0.0007635809,-60.225002,2.025,8.925,9.865876788548174,0.0010798664534353458,0.13423943042775338,0.2300494110170503,9.862286535030465,11.0554072,76.9271226,374.7000122070313,,57.541,,,405.0,,1,0,0,1,1
1789662430256.0,2.35,0.13310076,0.22911277,9.862318,-0.0006108647,-0.00045814854,-0.0007635809,-60.225002,2.025,8.925,9.865876788548174,0.0010798664534353458,0.13341935851855483,0.22937230312586718,9.862316462141143,11.0554072,76.9271226,374.7000122070313,,57.541,,,405.0,,1,0,0,1,1
1789662430266.0,2.36,0.13310076,0.22911277,9.862318,-0.0006108647,-0.00045814854,-0.0007635809,-60.225002,2.025,8.925,9.865876788548174,0.0010798664534353458,0.13298711908555472,0.2290102675377575,9.86235548546292,11.0554072,76.9271226,374.7000122070313,,57.541,,,405.0,,1,0,0,1,1
1789662430276.0,2.37,0.13310076,0.22911277,9.862318,-0.0006108647,-0.00045814854,-0.0007635809,-60.225002,2.025,8.925,9.865876788548174,0.0010798664534353458,0.13291222345763218,0.22894586216843393,9.862370508500172,11.0554072,76.9271226,374.7000122070313,,57.541,,,405.0,,1,0,0,1,1
1789662430286.0,2.38,0.13310076,0.22911277,9.862318,0.0,-0.00030543236,0.00045814854,-60.225002,2.025,8.925,9.865876788548174,0.0005506260175829881,0.13298991030244262,0.22901903846313132,9.862333146425806,11.0554072,76.9271226,374.7000122070313,,57.541,,,405.0,,1,0,0,1,1
1789662430296.0,2.39,0.13310076,0.22911277,9.862318,0.0,-0.00030543236,0.00045814854,-60.225002,2.025,8.925,9.865876788548174,0.0005506260175829881,0.13302932936335266,0.22907297753539743,9.862248198085576,11.0554072,76.9271226,374.7000122070313,,57.541,,,405.0,,1,0,0,1,1
1789662430306.0,2.4,0.13310076,0.22911277,9.862318,0.0,-0.00030543236,0.00045814854,-60.225002,2.025,8.925,9.865876788548174,0.0005506260175829881,0.1330022451995578,0.22906884280715994,9.862177431782085,11.0554072,76.9271226,374.7000122070313,,57.541,,,405.0,,1,0,0,1,1
1789662430316.0,2.41,0.13310076,0.22911277,9.862318,0.0,-0.00030543236,0.00045814854,-60.750004,2.025,7.8750005,9.865876788548174,0.0005506260175829881,0.13304742094181665,0.2290922522467064,9.862227991708043,11.0554072,76.9271226,374.7000122070313,,57.541,,,405.0,,1,0,0,1,1
1789662430326.0,2.42,0.13310076,0.22911277,9.862318,0.0,-0.00030543236,0.00045814854,-60.750004,2.025,7.8750005,9.865876788548174,0.0005506260175829881,0.13333832129981044,0.22926167195993546,9.862490114929892,11.0554072,76.9271226,374.7000122070313,,57.541,,,405.0,,1,0,0,1,1
1789662430336.0,2.43,0.13310076,0.22911277,9.862318,0.0,-0.00030543236,0.00045814854,-60.750004,2.025,7.8750005,9.865876788548174,0.0005506260175829881,0.1339188500152008,0.22961529926753166,9.86295720855868,11.0554072,76.9271226,374.7000122070313,,57.541,,,405.0,,1,0,0,1,1
1789662430346.0,2.44,0.13549358,0.23060828,9.864112,0.0,-0.00030543236,0.00045814854,-60.750004,2.025,7.8750005,9.867737544015334,0.0005506260175829881,0.1346403010292458,0.2300660290095869,9.863500342733934,11.0554072,76.9271226,374.7000122070313,,57.541,,,405.0,,1,0,0,1,1
1789662430356.0,2.45,0.13549358,0.23060828,9.864112,0.0,-0.00030543236,0.00045814854,-60.750004,2.025,7.8750005,9.867737544015334,0.0005506260175829881,0.13525628996951736,0.23045960309634309,9.863939607338011,11.0554072,76.9271226,374.7000122070313,,57.541,,,405.0,,1,0,0,1,1
1789662430366.0,2.46,0.13549358,0.23060828,9.864112,0.0,-0.00030543236,0.00045814854,-60.750004,2.025,7.8750005,9.867737544015334,0.0005506260175829881,0.1355946683716843,0.23068256889095365,9.864164509458963,11.0554072,76.9271226,374.7000122070313,,57.541,,,405.0,,1,0,0,1,1
1789662430376.0,2.47,0.13549358,0.23060828,9.864112,0.0,-0.00030543236,0.00045814854,-60.750004,2.025,7.8750005,9.867737544015334,0.0005506260175829881,0.13565835973455165,0.2307269954757782,9.864200632290508,11.0554072,76.9271226,374.7000122070313,,57.541,,,405.0,,1,0,0,1,1
1789662430386.0,2.48,0.13549358,0.23060828,9.864112,0.00030543236,-0.0,0.00015271618,-60.750004,2.025,7.8750005,9.867737544015334,0.0003414837597440938,0.13558355582545428,0.23066927618735383,9.864167389720516,11.0554072,76.9271226,374.7000122070313,,57.541,,,405.0,,1,0,0,1,1
1789662430396.0,2.49,0.13549358,0.23060828,9.864112,0.00030543236,-0.0,0.00015271618,-60.750004,2.025,7.8750005,9.867737544015334,0.0003414837597440938,0.135513752565763,0.23060015374085566,9.864168083069188,11.0554072,76.9271226,374.7000122070313,,57.541,,,405.0,,1,0,0,1,1
1789662430406.0,2.5,0.13549358,0.23060828,9.864112,0.00030543236,-0.0,0.00015271618,-60.750004,2.025,7.8750005,9.867737544015334,0.0003414837597440938,0.13549992437490913,0.23056984820243082,9.864202372743149,11.0554072,76.9271226,374.7000122070313,,57.541,,,405.0,,1,0,0,1,1
1789662430416.0,2.51,0.13549358,0.23060828,9.864112,0.00030543236,-0.0,0.00015271618,-60.45,1.725,9.075001,9.867737544015334,0.0003414837597440938,0.13549082280488026,0.23057889976381907,9.864166232415144,11.0554072,76.9271226,374.7000122070313,,57.541,,,405.0,,1,0,0,1,1
1789662430426.0,2.52,0.13549358,0.23060828,9.864112,0.00030543236,-0.0,0.00015271618,-60.45,1.725,9.075001,9.867737544015334,0.0003414837597440938,0.13540107658769826,0.23060220882353955,9.86393970517087,11.0554072,76.9271226,374.7000122070313,,57.541,,,405.0,,1,0,0,1,1
1789662430436.0,2.53,0.13549358,0.23060828,9.864112,0.00030543236,-0.0,0.00015271618,-60.45,1.725,9.075001,9.867737544015334,0.0003414837597440938,0.13519536317703215,0.23061739108365556,9.863497620130062,11.0554072,76.9271226,374.7000122070313,,57.541,,,405.0,,1,0,0,1,1
1789662430446.0,2.54,0.13459627,0.23060828,9.862318,0.00030543236,-0.0,0.00015271618,-60.45,1.725,9.075001,9.86593192089964,0.0003414837597440938,0.13492369820318922,0.2306183131826121,9.862952481973997,11.0554072,76.9271226,374.7000122070313,,57.541,,,405.0,,1,0,0,1,1
1789662430456.0,2.55,0.13459627,0.23060828,9.862318,0.00030543236,-0.0,0.00015271618,-60.45,1.725,9.075001,9.86593192089964,0.0003414837597440938,0.13468473184615676,0.23061207554486424,9.86248711319936,11.0554072,76.9271226,374.7000122070313,,57.541,,,405.0,,1,0,0,1,1
1789662430466.0,2.56,0.13459627,0.23060828,9.862318,0.00030543236,-0.0,0.00015271618,-60.45,1.725,9.075001,9.86593192089964,0.0003414837597440938,0.13455330719838426,0.23060828874266096,9.862231674473287,11.0554072,76.9271226,374.7000122070313,,57.541,,,405.0,,1,0,0,1,1
1789662430476.0,2.57,0.13459627,0.23060828,9.862318,0.00030543236,-0.0,0.00015271618,-60.45,1.725,9.075001,9.86593192089964,0.0003414837597440938,0.13453422306751434,0.2306102630866457,9.862189254068667,11.0554072,76.9271226,374.7000122070313,,57.541,,,405.0,,1,0,0,1,1
1789662430486.0,2.58,0.13459627,0.23060828,9.862318,0.00030543236,-0.00030543236,0.00045814854,-60.45,1.725,9.075001,9.86593192089964,0.0006296649408808392,0.13457304646156923,0.2306131763638534,9.86226118029711,11.0554072,76.9271226,374.7000122070313,,57.541,,,405.0,,1,0,0,1,1
1789662430496.0,2.59,0.13459627,0.23060828,9.862318,0.00030543236,-0.00030543236,0.00045814854,-60.45,1.725,9.075001,9.86593192089964,0.0006296649408808392,0.13460432868412564,0.23060928344533801,9.86233252222017,11.0554072,76.9271226,374.7000122070313,,57.541,,,405.0,,1,0,0,1,1
1789662430506.0,2.6,0.13459627,0.23060828,9.862318,0.00030543236,-0.00030543236,0.00045814854,-60.45,1.725,9.075001,9.86593192089964,0.0006296649408808392,0.1345967894934728,0.23059657277432424,9.862344410792725,11.0554072,76.9271226,374.7000122070313,,57.541,,,405.0,,1,0,0,1,1
1789662430516.0,2.61,0.13459627,0.23060828,9.862318,0.00030543236,-0.00030543236,0.00045814854,-60.45,1.725,9.075001,9.86593192089964,0.0006296649408808392,0.1345688856362575,0.2305849114537621,9.86231260816893,11.0554072,76.9271226,374.7000122070313,,57.541,,,405.0,,1,0,0,1,1
1789662430526.0,2.62,0.13459627,0.23060828,9.862318,0.00030543236,-0.00030543236,0.00045814854,-60.375004,2.1750002,8.400001,9.86593192089964,0.0006296649408808392,0.1345711055717959,0.23059362422080198,9.862297760499406,11.0554072,76.9271226,374.7000122070313,,57.541,,,405.0,,1,0,0,1,1
1789662430536.0,2.63,0.13459627,0.23060828,9.862318,0.00030543236,-0.00030543236,0.00045814854,-60.375004,2.1750002,8.400001,9.86593192089964,0.0006296649408808392,0.13464776118621447,0.2306389610854302,9.862355882251002,11.0554072,76.9271226,374.7000122070313,,57.541,,,405.0,,1,0,0,1,1
1789662430546.0,2.64,0.13459627,0.23060828,9.862318,0.00030543236,-0.00030543236,0.00045814854,-60.375004,2.1750002,8.400001,9.86593192089964,0.0006296649408808392,0.13480159946690604,0.2307188727892938,9.862499570161944,11.0554072,76.9271226,374.7000122070313,,57.541,,,405.0,,1,0,0,1,1
1789662430556.0,2.65,0.13519448,0.23090738,9.862916,0.00030543236,-0.00030543236,0.00045814854,-60.375004,2.1750002,8.400001,9.866544875923736,0.0006296649408808392,0.13498656838729162,0.2308088622223589,9.862690997008926,11.0554072,76.9271226,374.7000122070313,,57.541,,,405.0,,1,0,0,1,1
1789662430566.0,2.66,0.13519448,0.23090738,9.862916,0.00030543236,-0.00030543236,0.00045814854,-60.375004,2.1750002,8.400001,9.866544875923736,0.0006296649408808392,0.13513738495706112,0.23087656364806153,9.862867578446624,11.0554072,76.9271226,374.7000122070313,,57.541,,,405.0,,1,0,0,1,1
1789662430576.0,2.67,0.13519448,0.23090738,9.862916,0.00030543236,-0.00030543236,0.00045814854,-60.375004,2.1750002,8.400001,9.866544875923736,0.0006296649408808392,0.13521420490057992,0.23090559164164728,9.862977876301018,11.0554072,76.9271226,374.7000122070313,,57.541,,,405.0,,1,0,0,1,1
1789662430586.0,2.68,0.13519448,0.23090738,9.862916,0.00030543236,-0.00030543236,0.00045814854,-60.375004,2.1750002,8.400001,9.866544875923736,0.0006296649408808392,0.13522578925999001,0.2309080393638992,9.863001339136336,11.0554072,76.9271226,374.7000122070313,,57.541,,,405.0,,1,0,0,1,1
1789662430596.0,2.69,0.13519448,0.23090738,9.862916,0.00030543236,0.0007635809,-0.00030543236,-60.375004,2.1750002,8.400001,9.866544875923736,0.000877287663149978,0.1352137231625271,0.23091295363742653,9.862947982761774,11.0554072,76.9271226,374.7000122070313,,57.541,,,405.0,,1,0,0,1,1
1789662430606.0,2.7,0.13519448,0.23090738,9.862916,0.00030543236,0.0007635809,-0.00030543236,-60.375004,2.1750002,8.400001,9.866544875923736,0.000877287663149978,0.13521362895150957,0.23093789077988974,9.86285489033159,11.0554072,76.9271226,374.7000122070313,,57.541,,,405.0,,1,0,0,1,1
1789662430616.0,2.71,0.13519448,0.23090738,9.862916,0.00030543236,0.0007635809,-0.00030543236,-60.45,2.625,8.625,9.866544875923736,0.000877287663149978,0.1352250707447615,0.23096519010115418,9.862787927252207,11.0554072,76.9271226,374.7000122070313,,57.541,,,405.0,,1,0,0,1,1
1789662430626.0,2.72,0.13519448,0.23090738,9.862916,0.00030543236,0.0007635809,-0.00030543236,-60.45,2.625,8.625,9.866544875923736,0.000877287663149978,0.13521223535663027,0.23094427759446046,9.862832369859756,11.0554072,76.9271226,374.7000122070313,,57.541,,,405.0,,1,0,0,1,1
1789662430636.0,2.73,0.13519448,0.23090738,9.862916,0.00030543236,0.0007635809,-0.00030543236,-60.45,2.625,8.625,9.866544875923736,0.000877287663149978,0.1351347640915256,0.23082508475870964,9.863053429507016,11.0554072,76.9271226,374.7000122070313,,57.541,,,405.0,,1,0,0,1,1
1789662430646.0,2.74,0.13519448,0.23090738,9.862916,0.00030543236,0.0007635809,-0.00030543236,-60.45,2.625,8.625,9.866544875923736,0.000877287663149978,0.13498576282414937,0.23060164784464204,9.863441901853694,11.0554072,76.9271226,374.7000122070313,,57.541,,,405.0,,1,0,0,1,1
1789662430656.0,2.75,0.13459627,0.23001008,9.864411,0.00030543236,0.0007635809,-0.00030543236,-60.45,2.625,8.625,9.868010193028812,0.000877287663149978,0.1348054572375316,0.23032882689812534,9.86389601485149,11.0554072,76.9271226,374.7000122070313,,57.541,,,405.0,,1,0,0,1,1
1789662430666.0,2.76,0.13459627,0.23001008,9.864411,0.00030543236,0.0007635809,-0.00030543236,-60.45,2.625,8.625,9.868010193028812,0.000877287663149978,0.1346561203873563,0.23009242382959627,9.864273432407781,11.0554072,76.9271226,374.7000122070313,,57.541,,,405.0,,1,0,0,1,1
1789662430676.0,2.77,0.13459627,0.23001008,9.864411,0.00030543236,0.0007635809,-0.00030543236,-60.45,2.625,8.625,9.868010193028812,0.000877287663149978,0.13457809427638207,0.22995576186740044,9.864479714531749,11.0554072,76.9271226,374.7000122070313,,57.541,,,405.0,,1,0,0,1,1
1789662430686.0,2.78,0.13459627,0.23001008,9.864411,0.00030543236,0.0007635809,-0.0007635809,-60.45,2.625,8.625,9.868010193028812,0.0011222301494010886,0.1345648068874074,0.22992779894133583,9.864518431490227,11.0554072,76.9271226,374.7000122070313,,57.541,,,405.0,,1,0,0,1,1
1789662430696.0,2.79,0.13459627,0.23001008,9.864411,0.00030543236,0.0007635809,-0.0007635809,-60.45,2.625,8.625,9.868010193028812,0.0011222301494010886,0.13457639369878063,0.22997225194934814,9.864466346218268,11.0554072,76.9271226,374.7000122070313,,57.541,,,405.0,,1,0,0,1,1
1789662430706.0,2.8,0.13459627,0.23001008,9.864411,0.00030543236,0.0007635809,-0.0007635809,-60.45,2.625,8.625,9.868010193028812,0.0011222301494010886,0.13457735591909253,0.23003718319003782,9.864407187856045,11.0554072,76.9271226,374.7000122070313,,57.541,,,405.0,,1,0,0,1,1
1789662430716.0,2.81,0.13459627,0.23001008,9.864411,0.00030543236,0.0007635809,-0.0007635809,-58.65,2.5500002,4.425,9.868010193028812,0.0011222301494010886,0.13456684329528304,0.23007622414703222,9.864382352231132,11.0554072,76.9271226,374.7000122070313,,57.541,,,405.0,,1,0,0,1,1
1789662430726.0,2.82,0.13459627,0.23001008,9.864411,0.00030543236,0.0007635809,-0.0007635809,-58.65,2.5500002,4.425,9.868010193028812,0.0011222301494010886,0.13457912097962277,0.2300554919660722,9.864386603387452,11.0554072,76.9271226,374.7000122070313,,57.541,,,405.0,,1,0,0,1,1
1789662430736.0,2.83,0.13459627,0.23001008,9.864411,0.00030543236,0.0007635809,-0.0007635809,-58.65,2.5500002,4.425,9.868010193028812,0.0011222301494010886,0.13465420609389767,0.2299589573893918,9.864396086597088,11.0554072,76.9271226,374.7000122070313,,57.541,,,405.0,,1,0,0,1,1
1789662430746.0,2.84,0.13459627,0.23001008,9.864411,0.00030543236,0.0007635809,-0.0007635809,-58.65,2.5500002,4.425,9.868010193028812,0.0011222301494010886,0.13480075451027743,0.22979831024399083,9.864398547744544,11.0554072,76.9271226,374.7000122070313,,57.541,,,405.0,,1,0,0,1,1
1789662430756.0,2.85,0.13519448,0.22941187,9.864411,0.00030543236,0.0007635809,-0.0007635809,-58.65,2.5500002,4.425,9.86800444519764,0.0011222301494010886,0.13498173023776272,0.2296152111515339,9.864403069233601,11.0554072,76.9271226,374.7000122070313,,57.541,,,405.0,,1,0,0,1,1
1789662430766.0,2.86,0.13519448,0.22941187,9.864411,0.00030543236,0.0007635809,-0.0007635809,-58.65,2.5500002,4.425,9.86800444519764,0.0011222301494010886,0.13513684497772835,0.22946317075387293,9.864425265331926,11.0554072,76.9271226,374.7000122070313,,57.541,,,405.0,,1,0,0,1,1
1789662430776.0,2.87,0.13519448,0.22941187,9.864411,0.00030543236,0.0007635809,-0.0007635809,-58.65,2.5500002,4.425,9.86800444519764,0.0011222301494010886,0.135223220329647,0.22937807348501194,9.864461787340227,11.0554072,76.9271226,374.7000122070313,,57.541,,,405.0,,1,0,0,1,1
1789662430786.0,2.88,0.13519448,0.22941187,9.864411,0.00030543236,0.0007635809,-0.0007635809,-58.65,2.5500002,4.425,9.86800444519764,0.0011222301494010886,0.13523950259480932,0.22936160897393204,9.864477957523189,11.0554072,76.9271226,374.7000122070313,,57.541,,,405.0,,1,0,0,1,1
1789662430796.0,2.89,0.13519448,0.22941187,9.864411,-0.0009162971,0.00030543236,-0.00015271618,-58.65,2.5500002,4.425,9.86800444519764,0.000977860692347009,0.13521694931487357,0.2293888172352692,9.86442835285641,11.0554072,76.9271226,374.7000122070313,,57.541,,,405.0,,1,0,0,1,1
1789662430806.0,2.9,0.13519448,0.22941187,9.864411,-0.0009162971,0.00030543236,-0.00015271618,-58.65,2.5500002,4.425,9.86800444519764,0.000977860692347009,0.13519157809807716,0.22942725797563165,9.864308276420248,11.0554072,76.9271226,374.7000122070313,,57.541,,,405.0,,1,0,0,1,1
1789662430816.0,2.91,0.13519448,0.22941187,9.864411,-0.0009162971,0.00030543236,-0.00015271618,-60.675003,2.1000001,8.700001,9.86800444519764,0.000977860692347009,0.135182207553909,0.2294500602948116,9.864201248904388,11.0554072,76.9271226,374.7000122070313,,57.541,,,405.0,,1,0,0,1,1
1789662430826.0,2.92,0.13519448,0.22941187,9.864411,-0.0009162971,0.00030543236,-0.00015271618,-60.675003,2.1000001,8.700001,9.86800444519764,0.000977860692347009,0.13518685921913912,0.22943913190210893,9.864268890637637,11.0554072,76.9271226,374.7000122070313,,57.541,,,405.0,,1,0,0,1,1
1789662430836.0,2.93,0.13519448,0.22941187,9.864411,-0.0009162971,0.00030543236,-0.00015271618,-60.675003,2.1000001,8.700001,9.86800444519764,0.000977860692347009,0.13519337705931495,0.22938678552033598,9.86465693031491,11.0554072,76.9271226,374.7000122070313,,57.541,,,405.0,,1,0,0,1,1
1789662430846.0,2.94,0.13519448,0.22941187,9.864411,-0.0009162971,0.00030543236,-0.00015271618,-60.675003,2.1000001,8.700001,9.86800444519764,0.000977860692347009,0.13519295670016948,0.22930063347391685,9.865367056162583,11.0554072,76.9271226,374.7000122070313,,57.541,,,405.0,,1,0,0,1,1
1789662430856.0,2.95,0.13519448,0.22911277,9.867104,-0.0009162971,0.00030543236,-0.00015271618,-60.675003,2.1000001,8.700001,9.870689517739656,0.000977860692347009,0.13518745878323757,0.22920533224326456,9.86620648902613,11.0554072,76.9271226,374.7000122070313,,57.541,,,405.0,,1,0,0,1,1
1789662430866.0,2.96,0.13519448,0.22911277,9.867104,-0.0009162971,0.00030543236,-0.00015271618,-60.675003,2.1000001,8.700001,9.870689517739656,0.000977860692347009,0.1351870376561255,0.2291325595637421,9.866887267795706,11.0554072,76.9271226,374.7000122070313,,57.541,,,405.0,,1,0,0,1,1
1789662430876.0,2.97,0.13519448,0.22911277,9.867104,-0.0009162971,0.00030543236,-0.00015271618,-60.675003,2.1000001,8.700001,9.870689517739656,0.000977860692347009,0.13519999652961995,0.2291021892194082,9.867213840155411,11.0554072,76.9271226,374.7000122070313,,57.541,,,405.0,,1,0,0,1,1
1789662430886.0,2.98,0.13519448,0.22911277,9.867104,-0.0009162971,0.00030543236,-0.00015271618,-60.675003,2.1000001,8.700001,9.870689517739656,0.000977860692347009,0.13522138392826244,0.2291087952977341,9.867208555691954,11.0554072,76.9271226,374.7000122070313,,57.541,,,405.0,,1,0,0,1,1
1789662430896.0,2.99,0.13519448,0.22911277,9.867104,-0.0009162971,-0.00045814854,-0.0006108647,-60.675003,2.1000001,8.700001,9.870689517739656,0.0011927515004721777,0.1352299920655177,0.22912490865850693,9.867079159139488,11.0554072,76.9271226,374.7000122070313,,57.541,,,405.0,,1,0,0,1,1
1789662430906.0,3.0,0.13519448,0.22911277,9.867104,-0.0009162971,-0.00045814854,-0.0006108647,-60.675003,2.1000001,8.700001,9.870689517739656,0.0011927515004721777,0.13520169016404482,0.22912026671474953,9.86705958772971,11.0554072,76.9271226,374.7000122070313,,57.541,,,405.0,,1,0,0,1,1
1789662430916.0,3.01,0.13519448,0.22911277,9.867104,-0.0009162971,-0.00045814854,-0.0006108647,-60.600002,2.25,8.175,9.870689517739656,0.0011927515004721777,0.13513675703102657,0.22908632539336843,9.867231479855738,11.0554072,76.9271226,374.7000122070313,,57.541,,,405.0,,1,0,0,1,1
1789662430926.0,3.02,0.13519448,0.22911277,9.867104,-0.0009162971,-0.00045814854,-0.0006108647,-60.600002,2.25,8.175,9.870689517739656,0.0011927515004721777,0.13508278102468588,0.22905108164875207,9.867434288752282,11.0554072,76.9271226,374.7000122070313,,57.541,,,405.0,,1,0,0,1,1
1789662430936.0,3.03,0.13519448,0.22911277,9.867104,-0.0009162971,-0.00045814854,-0.0006108647,-60.600002,2.25,8.175,9.870689517739656,0.0011927515004721777,0.13512603754246427,0.22907050267160725,9.867333215877247,11.0554072,76.9271226,374.7000122070313,,57.541,,,405.0,,1,0,0,1,1
1789662430946.0,3.04,0.13519448,0.22911277,9.867104,-0.0009162971,-0.00045814854,-0.0006108647,-60.600002,2.25,8.175,9.870689517739656,0.0011927515004721777,0.1353400570208989,0.22919392776379124,9.86663765940368,11.0554072,76.9271226,374.7000122070313,,57.541,,,405.0,,1,0,0,1,1
1789662430956.0,3.05,0.13519448,0.22911277,9.867104,-0.0009162971,-0.00045814854,-0.0006108647,-60.600002,2.25,8.175,9.870689517739656,0.0011927515004721777,0.1357205395268533,0.22942267202492886,9.865344255290925,11.0554072,76.9271226,374.7000122070313,,57.541,,,405.0,,1,0,0,1,1
1789662430966.0,3.06,0.13668999,0.23001008,9.862019,-0.0009162971,-0.00045814854,-0.0006108647,-60.600002,2.25,8.175,9.865647852352566,0.0011927515004721777,0.13616580407277667,0.229696619470401,9.863804054011291,11.0554072,76.9271226,374.7000122070313,,57.541,,,405.0,,1,0,0,1,1
1789662430976.0,3.07,0.13668999,0.23001008,9.862019,-0.0009162971,-0.00045814854,-0.0006108647,-60.600002,2.25,8.175,9.865647852352566,0.0011927515004721777,0.13653486638656365,0.22992746524613353,9.862517309755733,11.0554072,76.9271226,374.7000122070313,,57.541,,,405.0,,1,0,0,1,1
1789662430986.0,3.08,0.13668999,0.23001008,9.862019,-0.0009162971,-0.00045814854,-0.0006108647,-60.600002,2.25,8.175,9.865647852352566,0.0011927515004721777,0.13674088399334686,0.23005481754234416,9.861806373737025,11.0554072,76.9271226,374.7000122070313,,57.541,,,405.0,,1,0,0,1,1
1789662430996.0,3.09,0.13668999,0.23001008,9.862019,-0.0009162971,-0.00045814854,-0.0006108647,-60.600002,2.25,8.175,9.865647852352566,0.0011927515004721777,0.13679716162547018,0.23007823047434603,9.861645600458834,11.0554072,76.9271226,374.7000122070313,,57.541,,,405.0,,1,0,0,1,1
1789662431006.0,3.1,0.13668999,0.23001008,9.862019,0.00030543236,-0.00045814854,-0.0,-60.600002,2.25,8.175,9.865647852352566,0.0005506260175829881,0.13677893949583403,0.23004327254987467,9.861771666202063,11.0554072,76.9271226,374.7000122070313,,57.541,,,405.0,,1,0,0,1,1
1789662431016.0,3.11,0.13668999,0.23001008,9.862019,0.00030543236,-0.00045814854,-0.0,-60.825,2.1000001,9.3,9.865647852352566,0.0005506260175829881,0.1367449124221564,0.23000235278556747,9.861935821572626,11.0554072,76.9271226,374.7000122070313,,57.541,,,405.0,,1,0,0,1,1
1789662431026.0,3.12,0.13668999,0.23001008,9.862019,0.00030543236,-0.00045814854,-0.0,-60.825,2.1000001,9.3,9.865647852352566,0.0005506260175829881,0.13669201932254182,0.2299848935658299,9.862068710147222,11.0554072,76.9271226,374.7000122070313,,57.541,,,405.0,,1,0,0,1,1
1789662431036.0,3.13,0.13668999,0.23001008,9.862019,0.00030543236,-0.00045814854,-0.0,-60.825,2.1000001,9.3,9.865647852352566,0.0005506260175829881,0.13657723071908137,0.229992413472591,9.862251591930518,11.0554072,76.9271226,374.7000122070313,,57.541,,,405.0,,1,0,0,1,1
1789662431046.0,3.14,0.13668999,0.23001008,9.862019,0.00030543236,-0.00045814854,-0.0,-60.825,2.1000001,9.3,9.865647852352566,0.0005506260175829881,0.13637734490228196,0.23001073515306045,9.862566179953445,11.0554072,76.9271226,374.7000122070313,,57.541,,,405.0,,1,0,0,1,1
1789662431056.0,3.15,0.13579269,0.23001008,9.863514,0.00030543236,-0.00045814854,-0.0,-60.825,2.1000001,9.3,9.867129912986606,0.0005506260175829881,0.13612660452477826,0.23002419375727082,9.862977947702078,11.0554072,76.9271226,374.7000122070313,,57.541,,,405.0,,1,0,0,1,1
1789662431066.0,3.16,0.13579269,0.23001008,9.863514,0.00030543236,-0.00045814854,-0.0,-60.825,2.1000001,9.3,9.867129912986606,0.0005506260175829881,0.13589772901258565,0.2300236309574644,9.863350566744272,11.0554072,76.9271226,374.7000122070313,,57.541,,,405.0,,1,0,0,1,1
1789662431076.0,3.17,0.13579269,0.23001008,9.863514,0.00030543236,-0.00045814854,-0.0,-60.825,2.1000001,9.3,9.867129912986606,0.0005506260175829881,0.13575003277871878,0.23000900236946278,9.863558510151588,11.0554072,76.9271226,374.7000122070313,,57.541,,,405.0,,1,0,0,1,1
1789662431086.0,3.18,0.13579269,0.23001008,9.863514,0.00030543236,-0.00045814854,-0.0,-60.825,2.1000001,9.3,9.867129912986606,0.0005506260175829881,0.1356974221931734,0.22998986275171565,9.863584727971554,11.0554072,76.9271226,374.7000122070313,,57.541,,,405.0,,1,0,0,1,1
1789662431096.0,3.19,0.13579269,0.23001008,9.863514,0.00030543236,-0.00045814854,0.00045814854,-60.825,2.1000001,9.3,9.867129912986606,0.0007163023774520316,0.13571893764720255,0.2299830832690656,9.863523848994058,11.0554072,76.9271226,374.7000122070313,,57.541,,,405.0,,1,0,0,1,1
1789662431106.0,3.2,0.13579269,0.23001008,9.863514,0.00030543236,-0.00045814854,0.00045814854,-60.825,2.1000001,9.3,9.867129912986606,0.0007163023774520316,0.13578569645325453,0.23000378403789506,9.863500807953658,11.0554072,76.9271226,374.7000122070313,,57.541,,,405.0,,1,0,0,1,1
1789662431116.0,3.21,0.13579269,0.23001008,9.863514,0.00030543236,-0.00045814854,0.00045814854,-60.825,2.1000001,9.3,9.867129912986606,0.0007163023774520316,0.13586786625906525,0.23004924977368602,9.863570440426463,11.0554072,76.9271226,374.7000122070313,,57.541,,,405.0,,1,0,0,1,1
1789662431126.0,3.22,0.13579269,0.23001008,9.863514,0.00030543236,-0.00045814854,0.00045814854,-60.750004,2.325,7.7250004,9.867129912986606,0.0007163023774520316,0.13591871712374815,0.23008596051423716,9.863663997244455,11.0554072,76.9271226,374.7000122070313,,57.541,,,405.0,,1,0,0,1,1
1789662431136.0,3.23,0.13579269,0.23001008,9.863514,0.00030543236,-0.00045814854,0.00045814854,-60.750004,2.325,7.7250004,9.867129912986606,0.0007163023774520316,0.1358678762643796,0.2300568272815474,9.863620360679692,11.0554072,76.9271226,374.7000122070313,,57.541,,,405.0,,1,0,0,1,1
1789662431146.0,3.24,0.13579269,0.23001008,9.863514,0.00030543236,-0.00045814854,0.00045814854,-60.750004,2.325,7.7250004,9.867129912986606,0.0007163023774520316,0.1356528345845526,0.22991625243571948,9.863295252768141,11.0554072,76.9271226,374.7000122070313,,57.541,,,405.0,,1,0,0,1,1
1789662431156.0,3.25,0.13579269,0.23001008,9.863514,0.00030543236,-0.00045814854,0.00045814854,-60.750004,2.325,7.7250004,9.867129912986606,0.0007163023774520316,0.13527447671735723,0.22967364203198284,9.862683144944139,11.0554072,76.9271226,374.7000122070313,,57.541,,,405.0,,1,0,0,1,1
1789662431166.0,3.26,0.13429718,0.22911277,9.861121,0.00030543236,-0.00045814854,0.00045814854,-60.750004,2.325,7.7250004,9.864696435804502,0.0007163023774520316,0.13482231772454328,0.22940471981486482,9.861952703355515,11.0554072,76.9271226,374.7000122070313,,57.541,,,405.0,,1,0,0,1,1
1789662431176.0,3.27,0.13429718,0.22911277,9.861121,0.00030543236,-0.00045814854,0.00045814854,-60.750004,2.325,7.7250004,9.864696435804502,0.0007163023774520316,0.13443198431923287,0.22920681892735026,9.861347954028622,11.0554072,76.9271226,374.7000122070313,,57.541,,,405.0,,1,0,0,1,1
1789662431186.0,3.28,0.13429718,0.22911277,9.861121,0.00030543236,-0.00045814854,0.00045814854,-60.750004,2.325,7.7250004,9.864696435804502,0.0007163023774520316,0.13420465091479306,0.22912619967253203,9.861026541842405,11.0554072,76.9271226,374.7000122070313,,57.541,,,405.0,,1,0,0,1,1
1789662431196.0,3.29,0.13429718,0.22911277,9.861121,0.00030543236,-0.00045814854,0.00045814854,-60.750004,2.325,7.7250004,9.864696435804502,0.0007163023774520316,0.1341572824266539,0.2291206576334198,9.860970742954958,11.0554072,76.9271226,374.7000122070313,,57.541,,,405.0,,1,0,0,1,1
1789662431206.0,3.3,0.13429718,0.22911277,9.861121,0.00030543236,0.0007635809,0.00045814854,-60.750004,2.325,7.7250004,9.864696435804502,0.0009414057584719307,0.13423470377459037,0.22909747608274586,9.86103717583682,11.0554072,76.9271226,374.7000122070313,,57.541,,,405.0,,1,0,0,1,1
1789662431216.0,3.31,0.13429718,0.22911277,9.861121,0.00030543236,0.0007635809,0.00045814854,-61.050003,2.1750002,8.925,9.864696435804502,0.0009414057584719307,0.13435206702050795,0.22900521443472108,9.86108689560588,11.0554072,76.9271226,374.7000122070313,,57.541,,,405.0,,1,0,0,1,1
1789662431226.0,3.32,0.13429718,0.22911277,9.861121,0.00030543236,0.0007635809,0.00045814854,-61.050003,2.1750002,8.925,9.864696435804502,0.0009414057584719307,0.13442504960960555,0.22890991456995446,9.861085542265169,11.0554072,76.9271226,374.7000122070313,,57.541,,,405.0,,1,0,0,1,1
1789662431236.0,3.33,0.13429718,0.22911277,9.861121,0.00030543236,0.0007635809,0.00045814854,-61.050003,2.1750002,8.925,9.864696435804502,0.0009414057584719307,0.1343831405557941,0.2289848624232659,9.861106721012664,11.0554072,76.9271226,374.7000122070313,,57.541,,,405.0,,1,0,0,1,1
1789662431246.0,3.34,0.13429718,0.22911277,9.861121,0.00030543236,0.0007635809,0.00045814854,-61.050003,2.1750002,8.925,9.864696435804502,0.0009414057584719307,0.13418845516445807,0.22939597360041883,9.861249782792529,11.0554072,76.9271226,374.7000122070313,,57.541,,,405.0,,1,0,0,1,1
1789662431256.0,3.35,0.13429718,0.22911277,9.861121,0.00030543236,0.0007635809,0.00045814854,-61.050003,2.1750002,8.925,9.864696435804502,0.0009414057584719307,0.13386395941667678,0.230153900315605,9.861541105527026,11.0554072,76.9271226,374.7000122070313,,57.541,,,405.0,,1,0,0,1,1
1789662431266.0,3.36,0.13310076,0.2321038,9.862318,0.00030543236,0.0007635809,0.00045814854,-61.050003,2.1750002,8.925,9.865946701630362,0.0009414057584719307,0.1334997046689905,0.23106084110822891,9.861898370336654,11.0554072,76.9271226,374.7000122070313,,57.541,,,405.0,,1,0,0,1,1
1789662431276.0,3.37,0.13310076,0.2321038,9.862318,0.00030543236,0.0007635809,0.00045814854,-61.050003,2.1750002,8.925,9.865946701630362,0.0009414057584719307,0.13320950474505105,0.23182122619026066,9.862188594182335,11.0554072,76.9271226,374.7000122070313,,57.541,,,405.0,,1,0,0,1,1
1789662431286.0,3.38,0.13310076,0.2321038,9.862318,0.00030543236,0.0007635809,0.00045814854,-61.050003,2.1750002,8.925,9.865946701630362,0.0009414057584719307,0.13306091193061237,0.2322351879685619,9.862330638470375,11.0554072,76.9271226,374.7000122070313,,57.541,,,405.0,,1,0,0,1,1
1789662431296.0,3.39,0.13310076,0.2321038,9.862318,0.00030543236,0.0007635809,0.00045814854,-61.050003,2.1750002,8.925,9.865946701630362,0.0009414057584719307,0.13303735366806485,0.232310290101697,9.862352415846466,11.0554072,76.9271226,374.7000122070313,,57.541,,,405.0,,1,0,0,1,1
1789662431306.0,3.4,0.13310076,0.2321038,9.862318,0.00030543236,0.0007635809,0.00045814854,-61.050003,2.1750002,8.925,9.865946701630362,0.0009414057584719307,0.13306463612088196,0.2322105169942138,9.862353783346117,11.0554072,76.9271226,374.7000122070313,,57.541,,,405.0,,1,0,0,1,1
1789662431316.0,3.41,0.13310076,0.2321038,9.862318,0.00030543236,0.0007635809,0.00045814854,-60.600002,2.025,8.700001,9.865946701630362,0.0009414057584719307,0.13307624207969587,0.2321109674057388,9.862406665451738,11.0554072,76.9271226,374.7000122070313,,57.541,,,405.0,,1,0,0,1,1
1789662431326.0,3.42,0.13310076,0.2321038,9.862318,0.00030543236,0.0007635809,0.00045814854,-60.600002,2.025,8.700001,9.865946701630362,0.0009414057584719307,0.13306413343649703,0.2320840648404572,9.862473142022052,11.0554072,76.9271226,374.7000122070313,,57.541,,,405.0,,1,0,0,1,1
1789662431336.0,3.43,0.13310076,0.2321038,9.862318,0.00030543236,0.0007635809,0.00045814854,-60.600002,2.025,8.700001,9.865946701630362,0.0009414057584719307,0.13307944242261902,0.23208586469958764,9.862411434831394,11.0554072,76.9271226,374.7000122070313,,57.541,,,405.0,,1,0,0,1,1
1789662431346.0,3.44,0.13310076,0.2321038,9.862318,0.00030543236,0.0007635809,0.00045814854,-60.600002,2.025,8.700001,9.865946701630362,0.0009414057584719307,0.13318564320988577,0.2320245651983308,9.862079988927546,11.0554072,76.9271226,374.7000122070313,,57.541,,,405.0,,1,0,0,1,1
1789662431356.0,3.45,0.13310076,0.2321038,9.862318,0.00030543236,0.0007635809,0.00045814854,-60.600002,2.025,8.700001,9.865946701630362,0.0009414057584719307,0.13340038473962387,0.2318454994083029,9.8614694491614,11.0554072,76.9271226,374.7000122070313,,57.541,,,405.0,,1,0,0,1,1
1789662431366.0,3.46,0.13399807,0.23120649,9.859925,0.00030543236,0.0007635809,0.00045814854,-60.600002,2.025,8.700001,9.863545657085329,0.0009414057584719307,0.1336723470923754,0.23157203062623977,9.860748185303882,11.0554072,76.9271226,374.7000122070313,,57.541,,,405.0,,1,0,0,1,1
1789662431376.0,3.47,0.13399807,0.23120649,9.859925,0.00030543236,0.0007635809,0.00045814854,-60.600002,2.025,8.700001,9.863545657085329,0.0009414057584719307,0.13391281862417143,0.23128613552243876,9.860162592864977,11.0554072,76.9271226,374.7000122070313,,57.541,,,405.0,,1,0,0,1,1
1789662431386.0,3.48,0.13399807,0.23120649,9.859925,0.00030543236,0.0007635809,0.00045814854,-60.600002,2.025,8.700001,9.863545657085329,0.0009414057584719307,0.13405388783202032,0.23108087474047992,9.859864994787928,11.0554072,76.9271226,374.7000122070313,,57.541,,,405.0,,1,0,0,1,1
1789662431396.0,3.49,0.13399807,0.23120649,9.859925,0.00030543236,0.0007635809,0.00045814854,-60.600002,2.025,8.700001,9.863545657085329,0.0009414057584719307,0.13408371338459033,0.23102448115982596,9.859817461153014,11.0554072,76.9271226,374.7000122070313,,57.541,,,405.0,,1,0,0,1,1
1789662431406.0,3.5,0.13399807,0.23120649,9.859925,0.00030543236,-0.00045814854,0.00045814854,-60.600002,2.025,8.700001,9.863545657085329,0.0007163023774520316,0.13403812837373513,0.23113872510633302,9.85985156818088,11.0554072,76.9271226,374.7000122070313,,57.541,,,405.0,,1,0,0,1,1
1789662431416.0,3.51,0.13399807,0.23120649,9.859925,0.00030543236,-0.00045814854,0.00045814854,-60.45,2.1750002,8.325001,9.863545657085329,0.0007163023774520316,0.13397028466048747,0.2313685466524267,9.85982736334013,11.0554072,76.9271226,374.7000122070313,,57.541,,,405.0,,1,0,0,1,1
1789662431426.0,3.52,0.13399807,0.23120649,9.859925,0.00030543236,-0.00045814854,0.00045814854,-60.45,2.1750002,8.325001,9.863545657085329,0.0007163023774520316,0.1339285805282297,0.23155035043697086,9.859761641500254,11.0554072,76.9271226,374.7000122070313,,57.541,,,405.0,,1,0,0,1,1
1789662431436.0,3.53,0.13399807,0.23120649,9.859925,0.00030543236,-0.00045814854,0.00045814854,-60.45,2.1750002,8.325001,9.863545657085329,0.0007163023774520316,0.13394909222906334,0.2314370328410613,9.859826301459425,11.0554072,76.9271226,374.7000122070313,,57.541,,,405.0,,1,0,0,1,1
1789662431446.0,3.54,0.13399807,0.23120649,9.859925,0.00030543236,-0.00045814854,0.00045814854,-60.45,2.1750002,8.325001,9.863545657085329,0.0007163023774520316,0.13404913747530522,0.2308254728760682,9.860211422960322,11.0554072,76.9271226,374.7000122070313,,57.541,,,405.0,,1,0,0,1,1
1789662431456.0,3.55,0.13399807,0.23120649,9.859925,0.00030543236,-0.00045814854,0.00045814854,-60.45,2.1750002,8.325001,9.863545657085329,0.0007163023774520316,0.13421577181681094,0.2297290348944186,9.860951254984759,11.0554072,76.9271226,374.7000122070313,,57.541,,,405.0,,1,0,0,1,1
1789662431466.0,3.56,0.13459627,0.22701904,9.862916,0.00030543236,-0.00045814854,0.00045814854,-60.45,2.1750002,8.325001,9.866446463822546,0.0007163023774520316,0.1344026552923973,0.22843991730440366,9.861857800181255,11.0554072,76.9271226,374.7000122070313,,57.541,,,405.0,,1,0,0,1,1
1789662431476.0,3.57,0.13459627,0.22701904,9.862916,0.00030543236,-0.00045814854,0.00045814854,-60.45,2.1750002,8.325001,9.866446463822546,0.0007163023774520316,0.13455023160383567,0.22737965259844717,9.86263154641041,11.0554072,76.9271226,374.7000122070313,,57.541,,,405.0,,1,0,0,1,1
1789662431486.0,3.58,0.13459627,0.22701904,9.862916,0.00030543236,-0.00045814854,0.00045814854,-60.45,2.1750002,8.325001,9.866446463822546,0.0007163023774520316,0.1346208554649807,0.22683212803760763,9.863060788578382,11.0554072,76.9271226,374.7000122070313,,57.541,,,405.0,,1,0,0,1,1
1789662431496.0,3.59,0.13459627,0.22701904,9.862916,0.00030543236,-0.00045814854,0.00045814854,-60.45,2.1750002,8.325001,9.866446463822546,0.0007163023774520316,0.1346212693594896,0.2267782448145914,9.86313981388636,11.0554072,76.9271226,374.7000122070313,,57.541,,,405.0,,1,0,0,1,1
1789662431506.0,3.6,0.13459627,0.22701904,9.862916,0.00030543236,-0.00045814854,0.00045814854,-60.45,2.1750002,8.325001,9.866446463822546,0.0007163023774520316,0.13459430220915258,0.22695496188798853,9.863024866867125,11.0554072,76.9271226,374.7000122070313,,57.541,,,405.0,,1,0,0,1,1
1789662431516.0,3.61,0.13459627,0.22701904,9.862916,0.00030543236,-0.00045814854,0.00045814854,-60.45,2.1750002,8.325001,9.866446463822546,0.0007163023774520316,0.13458691258190533,0.22706635122309804,9.862896798817903,11.0554072,76.9271226,374.7000122070313,,57.541,,,405.0,,1,0,0,1,1
1789662431526.0,3.62,0.13459627,0.22701904,9.862916,0.00030543236,-0.00045814854,0.00045814854,-60.45,2.325,8.925,9.866446463822546,0.0007163023774520316,0.13461621680901187,0.22698452640346622,9.862851836212599,11.0554072,76.9271226,374.7000122070313,,57.541,,,405.0,,1,0,0,1,1
1789662431536.0,3.63,0.13459627,0.22701904,9.862916,0.00030543236,-0.00045814854,0.00045814854,-60.45,2.325,8.925,9.866446463822546,0.0007163023774520316,0.13465354739966298,0.22682405642861847,9.862881111351534,11.0554072,76.9271226,374.7000122070313,,57.541,,,405.0,,1,0,0,1,1
1789662431546.0,3.64,0.13459627,0.22701904,9.862916,0.00030543236,-0.00045814854,0.00045814854,-60.45,2.325,8.925,9.866446463822546,0.0007163023774520316,0.13463785133289324,0.22685949113442924,9.862919069390854,11.0554072,76.9271226,374.7000122070313,,57.541,,,405.0,,1,0,0,1,1
1789662431556.0,3.65,0.13459627,0.22701904,9.862916,0.00030543236,-0.00045814854,0.00045814854,-60.45,2.325,8.925,9.866446463822546,0.0007163023774520316,0.1345158438844786,0.22733062979783328,9.862907525421885,11.0554072,76.9271226,374.7000122070313,,57.541,,,405.0,,1,0,0,1,1
1789662431566.0,3.66,0.13459627,0.22701904,9.862916,0.00030543236,-0.00045814854,0.00045814854,-60.45,2.325,8.925,9.866446463822546,0.0007163023774520316,0.13428607283007832,0.22824983758024625,9.862833960355484,11.0554072,76.9271226,374.7000122070313,,57.541,,,405.0,,1,0,0,1,1
1789662431576.0,3.67,0.13369897,0.23060828,9.862617,0.00030543236,-0.00045814854,0.00045814854,-60.45,2.325,8.925,9.86621861110287,0.0007163023774520316,0.13401141343031775,0.2293558181138838,9.86273029518208,11.0554072,76.9271226,374.7000122070313,,57.541,,,405.0,,1,0,0,1,1
1789662431586.0,3.68,0.13369897,0.23060828,9.862617,0.00030543236,-0.00045814854,0.00045814854,-60.45,2.325,8.925,9.86621861110287,0.0007163023774520316,0.13378271402425698,0.23027276942069355,9.862643003337075,11.0554072,76.9271226,374.7000122070313,,57.541,,,405.0,,1,0,0,1,1
1789662431596.0,3.69,0.13369897,0.23060828,9.862617,0.00030543236,-0.00045814854,0.00045814854,-60.45,2.325,8.925,9.86621861110287,0.0007163023774520316,0.13365964746379982,0.2307589035526712,9.862599784765601,11.0554072,76.9271226,374.7000122070313,,57.541,,,405.0,,1,0,0,1,1
1789662431606.0,3.7,0.13369897,0.23060828,9.862617,0.00030543236,-0.00045814854,0.00045814854,-60.45,2.325,8.925,9.86621861110287,0.0007163023774520316,0.13363803330280224,0.23083996300354712,9.862596029839711,11.0554072,76.9271226,374.7000122070313,,57.541,,,405.0,,1,0,0,1,1
1789662431616.0,3.71,0.13369897,0.23060828,9.862617,0.00030543236,-0.00045814854,0.00045814854,-61.2,1.6500001,9.0,9.86621861110287,0.0007163023774520316,0.13366696907578493,0.23073279333352273,9.862606652940988,11.0554072,76.9271226,374.7000122070313,,57.541,,,405.0,,1,0,0,1,1
1789662431626.0,3.72,0.13369897,0.23060828,9.862617,0.00030543236,-0.00045814854,0.00045814854,-61.2,1.6500001,9.0,9.86621861110287,0.0007163023774520316,0.1336941239213624,0.23064969053707415,9.862609968687964,11.0554072,76.9271226,374.7000122070313,,57.541,,,405.0,,1,0,0,1,1
1789662431636.0,3.73,0.13369897,0.23060828,9.862617,0.00030543236,-0.00045814854,0.00045814854,-61.2,1.6500001,9.0,9.86621861110287,0.0007163023774520316,0.13370038648284538,0.23064839840003157,9.86260471422127,11.0554072,76.9271226,374.7000122070313,,57.541,,,405.0,,1,0,0,1,1
1789662431646.0,3.74,0.13369897,0.23060828,9.862617,0.00030543236,-0.00045814854,0.00045814854,-61.2,1.6500001,9.0,9.86621861110287,0.0007163023774520316,0.13370253210929475,0.23062476471717053,9.862609324630995,11.0554072,76.9271226,374.7000122070313,,57.541,,,405.0,,1,0,0,1,1
1789662431656.0,3.75,0.13369897,0.23060828,9.862617,0.00030543236,-0.00045814854,0.00045814854,-61.2,1.6500001,9.0,9.86621861110287,0.0007163023774520316,0.13372957595722318,0.23042982791708214,9.862645425112945,11.0554072,76.9271226,374.7000122070313,,57.541,,,405.0,,1,0,0,1,1
1789662431666.0,3.76,0.13369897,0.23060828,9.862617,0.00030543236,-0.00045814854,0.00045814854,-61.2,1.6500001,9.0,9.86621861110287,0.0007163023774520316,0.13379460021396355,0.23001173379337955,9.862718155788317,11.0554072,76.9271226,374.7000122070313,,57.541,,,405.0,,1,0,0,1,1
1789662431676.0,3.77,0.13399807,0.22881366,9.862916,0.00030543236,-0.00045814854,0.00045814854,-61.2,1.6500001,9.0,9.866479777348268,0.0007163023774520316,0.13388333630010607,0.22947184277767763,9.862808944206815,11.0554072,76.9271226,374.7000122070313,,57.541,,,405.0,,1,0,0,1,1
1789662431686.0,3.78,0.13399807,0.22881366,9.862916,0.00030543236,-0.00045814854,0.00045814854,-61.2,1.6500001,9.0,9.866479777348268,0.0007163023774520316,0.1339657125548963,0.2289946310256235,9.862887195756464,11.0554072,76.9271226,374.7000122070313,,57.541,,,405.0,,1,0,0,1,1
1789662431696.0,3.79,0.13399807,0.22881366,9.862916,0.00030543236,-0.00045814854,0.00045814854,-61.2,1.6500001,9.0,9.866479777348268,0.0007163023774520316,0.13401743421581708,0.22871826531714823,9.862931013092712,11.0554072,76.9271226,374.7000122070313,,57.541,,,405.0,,1,0,0,1,1
1789662431706.0,3.8,0.13399807,0.22881366,9.862916,0.00030543236,-0.00045814854,0.00045814854,-61.2,1.6500001,9.0,9.866479777348268,0.0007163023774520316,0.13403242769217494,0.22865780221109436,9.862939358754934,11.0554072,76.9271226,374.7000122070313,,57.541,,,405.0,,1,0,0,1,1
1789662431716.0,3.81,0.13399807,0.22881366,9.862916,-0.0009162971,-0.00030543236,0.00045814854,-61.2,1.6500001,9.0,9.866479777348268,0.001069013277142857,0.1340195315463537,0.22872948107927876,9.86292762030729,11.0554072,76.9271226,374.7000122070313,,57.541,,,405.0,,1,0,0,1,1
1789662431726.0,3.82,0.13399807,0.22881366,9.862916,-0.0009162971,-0.00030543236,0.00045814854,-61.275,1.575,8.025001,9.866479777348268,0.001069013277142857,0.133992948525615,0.22882896514778558,9.862913863639989,11.0554072,76.9271226,374.7000122070313,,57.541,,,405.0,,1,0,0,1,1
1789662431736.0,3.83,0.13399807,0.22881366,9.862916,-0.0009162971,-0.00030543236,0.00045814854,-61.275,1.575,8.025001,9.866479777348268,0.001069013277142857,0.13396787928028714,0.22888891100159448,9.86290811862971,11.0554072,76.9271226,374.7000122070313,,57.541,,,405.0,,1,0,0,1,1
1789662431746.0,3.84,0.13399807,0.22881366,9.862916,-0.0009162971,-0.00030543236,0.00045814854,-61.275,1.575,8.025001,9.866479777348268,0.001069013277142857,0.133961213921771,0.22888724741362723,9.862910515934216,11.0554072,76.9271226,374.7000122070313,,57.541,,,405.0,,1,0,0,1,1
1789662431756.0,3.85,0.13399807,0.22881366,9.862916,-0.0009162971,-0.00030543236,0.00045814854,-61.275,1.575,8.025001,9.866479777348268,0.001069013277142857,0.13398735758639518,0.22883031480540367,9.862915825611314,11.0554072,76.9271226,374.7000122070313,,57.541,,,405.0,,1,0,0,1,1
1789662431766.0,3.86,0.13399807,0.22881366,9.862916,-0.00045814854,-0.00045814854,0.00045814854,-61.275,1.575,8.025001,9.866479777348268,0.000793536548693502,0.13404306145293962,0.22874523596323348,9.862918980813951,11.0554072,76.9271226,374.7000122070313,,57.541,,,405.0,,1,0,0,1,1
1789662431776.0,3.87,0.13399807,0.22881366,9.862916,-0.00045814854,-0.00045814854,0.00045814854,-61.275,1.575,8.025001,9.866479777348268,0.000793536548693502,0.1340906507130721,0.22868709313201774,9.862918123690145,11.0554072,76.9271226,374.7000122070313,,57.541,,,405.0,,1,0,0,1,1
1789662431786.0,3.88,0.13399807,0.22881366,9.862916,-0.00045814854,-0.00045814854,0.00045814854,-61.275,1.575,8.025001,9.866479777348268,0.000793536548693502,0.134061506577352,0.22873518548542576,9.862914796361782,11.0554072,76.9271226,374.7000122070313,,57.541,,,405.0,,1,0,0,1,1
1789662431796.0,3.89,0.13399807,0.22881366,9.862916,-0.00045814854,-0.00045814854,0.00045814854,-61.275,1.575,8.025001,9.866479777348268,0.000793536548693502,0.13389331937249405,0.22895459646293556,9.86291240941629,11.0554072,76.9271226,374.7000122070313,,57.541,,,405.0,,1,0,0,1,1
1789662431806.0,3.9,0.13399807,0.22881366,9.862916,-0.00045814854,-0.00045814854,0.00045814854,-61.275,1.575,8.025001,9.866479777348268,0.000793536548693502,0.13358292766966462,0.22933932795477582,9.862913963102775,11.0554072,76.9271226,374.7000122070313,,57.541,,,405.0,,1,0,0,1,1
1789662431816.0,3.91,0.13280165,0.23030917,9.862916,-0.00045814854,-0.00045814854,0.00045814854,-61.275,1.575,8.025001,9.866498396852087,0.000793536548693502,0.13320893448459198,0.22979106495532078,9.862919640482433,11.0554072,76.9271226,374.7000122070313,,57.541,,,405.0,,1,0,0,1,1
1789662431826.0,3.92,0.13280165,0.23030917,9.862916,-0.00045814854,-0.00045814854,0.00045814854,-61.050003,2.1750002,9.075001,9.866498396852087,0.000793536548693502,0.13289363490017778,0.23016929749378182,9.86292538396486,11.0554072,76.9271226,374.7000122070313,,57.541,,,405.0,,1,0,0,1,1
1789662431836.0,3.93,0.13280165,0.23030917,9.862916,-0.00045814854,-0.00045814854,0.00045814854,-61.050003,2.1750002,9.075001,9.866498396852087,0.000793536548693502,0.1327283943394883,0.23037912208570507,9.86292431330805,11.0554072,76.9271226,374.7000122070313,,57.541,,,405.0,,1,0,0,1,1
1789662431846.0,3.94,0.13280165,0.23030917,9.862916,-0.00045814854,-0.00045814854,0.00045814854,-61.050003,2.1750002,9.075001,9.866498396852087,0.000793536548693502,0.132721355638638,0.2304214663991795,9.86291206269994,11.0554072,76.9271226,374.7000122070313,,57.541,,,405.0,,1,0,0,1,1
1789662431856.0,3.95,0.13280165,0.23030917,9.862916,-0.00045814854,-0.00045814854,0.00045814854,-61.050003,2.1750002,9.075001,9.866498396852087,0.000793536548693502,0.13280188139552582,0.23036933911797425,9.862893765255173,11.0554072,76.9271226,374.7000122070313,,57.541,,,405.0,,1,0,0,1,1
1789662431866.0,3.96,0.13280165,0.23030917,9.862916,-0.00045814854,-0.00045814854,0.00045814854,-61.050003,2.1750002,9.075001,9.866498396852087,0.000793536548693502,0.13286813800991693,0.23030411785630325,9.862886227340157,11.0554072,76.9271226,374.7000122070313,,57.541,,,405.0,,1,0,0,1,1
1789662431876.0,3.97,0.13280165,0.23030917,9.862916,-0.0007635809,-0.00045814854,0.00045814854,-61.050003,2.1750002,9.075001,9.866498396852087,0.0010014269620162387,0.13284566015378166,0.23026952708928472,9.862908378055499,11.0554072,76.9271226,374.7000122070313,,57.541,,,405.0,,1,0,0,1,1
1789662431886.0,3.98,0.13280165,0.23030917,9.862916,-0.0007635809,-0.00045814854,0.00045814854,-61.050003,2.1750002,9.075001,9.866498396852087,0.0010014269620162387,0.13273447734245733,0.23026864575647998,9.8629604184518,11.0554072,76.9271226,374.7000122070313,,57.541,,,405.0,,1,0,0,1,1
1789662431896.0,3.99,0.13280165,0.23030917,9.862916,-0.0007635809,-0.00045814854,0.00045814854,-61.050003,2.1750002,9.075001,9.866498396852087,0.0010014269620162387,0.1326275818172141,0.23028801824388004,9.863005276074112,11.0554072,76.9271226,374.7000122070313,,57.541,,,405.0,,1,0,0,1,1
1789662431906.0,4.0,0.13280165,0.23030917,9.862916,-0.0007635809,-0.00045814854,0.00045814854,-61.050003,2.1750002,9.075001,9.866498396852087,0.0010014269620162387,0.13267900428126864,0.23031901496443613,9.862974031501892,11.0554072,76.9271226,374.7000122070313,,57.541,,,405.0,,1,0,0,1,1
1789662431916.0,4.01,0.13280165,0.23030917,9.862916,-0.0007635809,-0.00045814854,0.00045814854,-61.050003,2.1750002,9.075001,9.866498396852087,0.0010014269620162387,0.1330147948713352,0.23036083530404874,9.862805651429916,11.0554072,76.9271226,374.7000122070313,,57.541,,,405.0,,1,0,0,1,1
1789662431926.0,4.02,0.13280165,0.23030917,9.862916,-0.0007635809,-0.00045814854,0.00045814854,-61.050003,2.1750002,9.075001,9.866498396852087,0.0010014269620162387,0.13363064151148696,0.23041224603090696,9.86249959857666,11.0554072,76.9271226,374.7000122070313,,57.541,,,405.0,,1,0,0,1,1
1789662431936.0,4.03,0.13519448,0.23060828,9.861719,-0.0007635809,-0.00045814854,0.00045814854,-61.050003,2.1750002,9.075001,9.865341320055178,0.0010014269620162387,0.13436202733450553,0.23046894719996602,9.862134868631939,11.0554072,76.9271226,374.7000122070313,,57.541,,,405.0,,1,0,0,1,1
1789662431946.0,4.04,0.13519448,0.23060828,9.861719,-0.0007635809,-0.00045814854,0.00045814854,-61.050003,2.1750002,9.075001,9.865341320055178,0.0010014269620162387,0.13497433818774898,0.23053148402079904,9.861828030517687,11.0554072,76.9271226,374.7000122070313,,57.541,,,405.0,,1,0,0,1,1
1789662431956.0,4.05,0.13519448,0.23060828,9.861719,-0.0007635809,-0.00045814854,0.00045814854,-61.050003,2.1750002,9.075001,9.865341320055178,0.0010014269620162387,0.13531060114267732,0.23060832386465938,9.861659579507023,11.0554072,76.9271226,374.7000122070313,,57.541,,,405.0,,1,0,0,1,1
1789662431966.0,4.06,0.13519448,0.23060828,9.861719,-0.0007635809,-0.00045814854,0.00045814854,-61.050003,2.1750002,9.075001,9.865341320055178,0.0010014269620162387,0.13537366748197902,0.23069730498457872,9.86163046901412,11.0554072,76.9271226,374.7000122070313,,57.541,,,405.0,,1,0,0,1,1
1789662431976.0,4.07,0.13519448,0.23060828,9.861719,0.00030543236,0.0,-0.0007635809,-60.15,2.25,8.55,9.865341320055178,0.0008224017980160182,0.13528591975501242,0.23075554205793947,9.861679114636953,11.0554072,76.9271226,374.7000122070313,,57.541,,,405.0,,1,0,0,1,1
1789662431986.0,4.08,0.13519448,0.23060828,9.861719,0.00030543236,0.0,-0.0007635809,-60.15,2.25,8.55,9.865341320055178,0.0008224017980160182,0.13518312071834274,0.23069562340680466,9.86173317151089,11.0554072,76.9271226,374.7000122070313,,57.541,,,405.0,,1,0,0,1,1
1789662431996.0,4.09,0.13519448,0.23060828,9.861719,0.00030543236,0.0,-0.0007635809,-60.15,2.25,8.55,9.865341320055178,0.0008224017980160182,0.1351363515948278,0.2304354313232668,9.86175121481966,11.0554072,76.9271226,374.7000122070313,,57.541,,,405.0,,1,0,0,1,1
1789662432006.0,4.1,0.13519448,0.23060828,9.861719,0.00030543236,0.0,-0.0007635809,-60.15,2.25,8.55,9.865341320055178,0.0008224017980160182,0.13514447658242015,0.22997554271464565,9.861732742754366,11.05529994,76.92709541,378.1945190429688,0.0,8.718875,,0.0,405.0,,1,1,1,0,1
1789662432016.0,4.11,0.13519448,0.22881366,9.861719,0.00030543236,0.0,-0.0007635809,-60.15,2.25,8.55,9.865299532877147,0.0008224017980160182,0.13517411292565198,0.2294320609460971,9.861703700573822,11.05529994,76.92709541,378.1945190429688,0.0,8.718875,,0.0,405.0,,1,1,1,0,1
1789662432026.0,4.12,0.13519448,0.22881366,9.861719,0.00030543236,0.0,-0.0007635809,-60.375004,2.4,7.5750003,9.865299532877147,0.0008224017980160182,0.13520028532899647,0.2289777512567568,9.861694016008782,11.05529994,76.92709541,378.1945190429688,0.0,8.718875,,0.0,405.0,,1,1,1,0,1
1789662432036.0,4.13,0.13519448,0.22881366,9.861719,0.00030543236,0.0,-0.0007635809,-60.375004,2.4,7.5750003,9.865299532877147,0.0008224017980160182,0.13521863803143863,0.22873184596641613,9.861717711335505,11.05529994,76.92709541,378.1945190429688,0.0,8.718875,,0.0,405.0,,1,1,1,0,1
1789662432046.0,4.14,0.13519448,0.22881366,9.861719,0.00030543236,0.0,-0.0007635809,-60.375004,2.4,7.5750003,9.865299532877147,0.0008224017980160182,0.13523147129101812,0.22869253217912588,9.86176056906881,11.05529994,76.92709541,378.1945190429688,0.0,8.718875,,0.0,405.0,,1,1,1,0,1
1789662432056.0,4.15,0.13519448,0.22881366,9.861719,0.00030543236,0.0,-0.0007635809,-60.375004,2.4,7.5750003,9.865299532877147,0.0008224017980160182,0.13523040056667726,0.22876189403986344,9.861781988671341,11.05529994,76.92709541,378.1945190429688,0.0,8.718875,,0.0,405.0,,1,1,1,0,1
1789662432066.0,4.16,0.13519448,0.22881366,9.861719,0.00030543236,-0.00030543236,0.00045814854,-60.375004,2.4,7.5750003,9.865299532877147,0.0006296649408808392,0.13519812346277268,0.22882798617746541,9.86173918488115,11.05529994,76.92709541,378.1945190429688,0.0,8.718875,,0.0,405.0,,1,1,1,0,1
1789662432076.0,4.17,0.13519448,0.22881366,9.861719,0.00030543236,-0.00030543236,0.00045814854,-60.375004,2.4,7.5750003,9.865299532877147,0.0006296649408808392,0.13513345760732093,0.22883488972956711,9.861631023082223,11.05529994,76.92709541,378.1945190429688,0.0,8.718875,,0.0,405.0,,1,1,1,0,1
1789662432086.0,4.18,0.13519448,0.22881366,9.861719,0.00030543236,-0.00030543236,0.00045814854,-60.375004,2.4,7.5750003,9.865299532877147,0.0006296649408808392,0.13507927209495868,0.22880109441945698,9.861535009025792,11.05529994,76.92709541,378.1945190429688,0.0,8.718875,,0.0,405.0,,1,1,1,0,1
1789662432096.0,4.19,0.13519448,0.22881366,9.861719,0.00030543236,-0.00030543236,0.00045814854,-60.375004,2.4,7.5750003,9.865299532877147,0.0006296649408808392,0.13512026976349326,0.22878968093994445,9.861594792771804,11.05529994,76.92709541,378.1945190429688,0.0,8.718875,,0.0,405.0,,1,1,1,0,1
1789662432106.0,4.2,0.13519448,0.22881366,9.861719,0.00030543236,-0.00030543236,0.00045814854,-60.375004,2.4,7.5750003,9.865299532877147,0.0006296649408808392,0.13533391317546145,0.22885689923483546,9.861937283648798,11.05529994,76.92709541,378.1945190429688,0.0,8.718875,,0.0,405.0,,1,1,1,0,1
1789662432116.0,4.21,0.13519448,0.22881366,9.861719,0.00030543236,-0.00030543236,0.00045814854,-60.375004,2.4,7.5750003,9.865299532877147,0.0006296649408808392,0.13572152870960744,0.22901048229077606,9.862562638196483,11.05529994,76.92709541,378.1945190429688,0.0,8.718875,,0.0,405.0,,1,1,1,0,1
1789662432126.0,4.22,0.13668999,0.22941187,9.864112,0.00030543236,-0.00030543236,0.00045814854,-60.375004,2.4,7.5750003,9.867726156922227,0.0006296649408808392,0.13618114659656563,0.2292026370662413,9.86330307496592,11.05529994,76.92709541,378.1945190429688,0.0,8.718875,,0.0,405.0,,1,1,1,0,1
1789662432136.0,4.23,0.13668999,0.22941187,9.864112,0.00030543236,-0.00030543236,0.00045814854,-60.375004,2.4,7.5750003,9.867726156922227,0.0006296649408808392,0.13656057737026606,0.22936228392252164,9.863910418626089,11.05529994,76.92709541,378.1945190429688,0.0,8.718875,,0.0,405.0,,1,1,1,0,1
1789662432146.0,4.24,0.13668999,0.22941187,9.864112,0.00030543236,-0.00030543236,0.00045814854,-60.375004,2.4,7.5750003,9.867726156922227,0.0006296649408808392,0.1367556690506506,0.22944243405311315,9.864216096629724,11.05529994,76.92709541,378.1945190429688,0.0,8.718875,,0.0,405.0,,1,1,1,0,1
1789662432156.0,4.25,0.13668999,0.22941187,9.864112,0.00030543236,-0.00030543236,0.00045814854,-60.375004,2.4,7.5750003,9.867726156922227,0.0006296649408808392,0.13677266852906644,0.22944668254974515,9.864233485931244,11.05529994,76.92709541,378.1945190429688,0.0,8.718875,,0.0,405.0,,1,1,1,0,1
1789662432166.0,4.26,0.13668999,0.22941187,9.864112,0.00030543236,-0.00030543236,0.00045814854,-60.375004,2.4,7.5750003,9.867726156922227,0.0006296649408808392,0.13670830617697455,0.22941812102099873,9.86412626905375,11.05529994,76.92709541,378.1945190429688,0.0,8.718875,,0.0,405.0,,1,1,1,0,1
1789662432176.0,4.27,0.13668999,0.22941187,9.864112,-0.00045814854,0.0007635809,0.00045814854,-60.825,2.025,8.925,9.867726156922227,0.0010014269620162387,0.136672243970877,0.22940407704110588,9.864079366582224,11.05529994,76.92709541,378.1945190429688,0.0,8.718875,,0.0,405.0,,1,1,1,0,1
1789662432186.0,4.28,0.13668999,0.22941187,9.864112,-0.00045814854,0.0007635809,0.00045814854,-60.825,2.025,8.925,9.867726156922227,0.0010014269620162387,0.13671068857647456,0.22942282987788953,9.864166652542288,11.05529994,76.92709541,378.1945190429688,0.0,8.718875,,0.0,405.0,,1,1,1,0,1
1789662432196.0,4.29,0.13668999,0.22941187,9.864112,-0.00045814854,0.0007635809,0.00045814854,-60.825,2.025,8.925,9.867726156922227,0.0010014269620162387,0.1367759849318399,0.2294514463335295,9.864293462098496,11.05529994,76.92709541,378.1945190429688,0.0,8.718875,,0.0,405.0,,1,1,1,0,1
1789662432206.0,4.3,0.13668999,0.22941187,9.864112,-0.00045814854,0.0007635809,0.00045814854,-60.825,2.025,8.925,9.867726156922227,0.0010014269620162387,0.1367572593333641,0.22944091947034712,9.864248353266168,11.05529994,76.92709541,378.1945190429688,0.0,8.718875,,0.0,405.0,,1,1,1,0,1
1789662432216.0,4.31,0.13668999,0.22941187,9.864112,-0.00045814854,0.0007635809,0.00045814854,-60.975002,2.1000001,8.925,9.867726156922227,0.0010014269620162387,0.1365578004826297,0.2293517622945384,9.86384627761719,11.05529994,76.92709541,378.1945190429688,0.0,8.718875,,0.0,405.0,,1,1,1,0,1
1789662432226.0,4.32,0.13668999,0.22941187,9.864112,-0.00045814854,0.0007635809,0.00045814854,-60.975002,2.1000001,8.925,9.867726156922227,0.0010014269620162387,0.13617388155951957,0.2291889405700816,9.863080370195915,11.05529994,76.92709541,378.1945190429688,0.0,8.718875,,0.0,405.0,,1,1,1,0,1
1789662432236.0,4.33,0.13519448,0.22881366,9.861121,-0.00045814854,0.0007635809,0.00045814854,-60.975002,2.1000001,8.925,9.864701749929699,0.0010014269620162387,0.1357144263896486,0.22900773718055614,9.862162911712801,11.05529994,76.92709541,378.1945190429688,0.0,8.718875,,0.0,405.0,,1,1,1,0,1
1789662432246.0,4.34,0.13519448,0.22881366,9.861121,-0.00045814854,0.0007635809,0.00045814854,-60.975002,2.1000001,8.925,9.864701749929699,0.0010014269620162387,0.13533532456189892,0.22887799758401842,9.861400348846585,11.05529994,76.92709541,378.1945190429688,0.0,8.718875,,0.0,405.0,,1,1,1,0,1
1789662432256.0,4.35,0.13519448,0.22881366,9.861121,-0.00045814854,0.0007635809,0.00045814854,-60.975002,2.1000001,8.925,9.864701749929699,0.0010014269620162387,0.13513582136265603,0.22883014630530682,9.860992496184494,11.05529994,76.92709541,378.1945190429688,0.0,8.718875,,0.0,405.0,,1,1,1,0,1
1789662432266.0,4.36,0.13519448,0.22881366,9.861121,-0.00045814854,0.0007635809,0.00045814854,-60.975002,2.1000001,8.925,9.864701749929699,0.0010014269620162387,0.13510274250274226,0.22882913761620832,9.860922490242881,11.05529994,76.92709541,378.1945190429688,0.0,8.718875,,0.0,405.0,,1,1,1,0,1
1789662432276.0,4.37,0.13519448,0.22881366,9.861121,-0.0007635809,0.0006108647,0.00045814854,-60.975002,2.1000001,8.925,9.864701749929699,0.0010798664534353455,0.1351434443153597,0.2288049231595658,9.861016175138028,11.05529994,76.92709541,378.1945190429688,0.0,8.718875,,0.0,405.0,,1,1,1,0,1
1789662432286.0,4.38,0.13519448,0.22881366,9.861121,-0.0007635809,0.0006108647,0.00045814854,-60.975002,2.1000001,8.925,9.864701749929699,0.0010798664534353455,0.1351700227369162,0.22872316181188887,9.861097822641126,11.05529994,76.92709541,378.1945190429688,0.0,8.718875,,0.0,405.0,,1,1,1,0,1
1789662432296.0,4.39,0.13519448,0.22881366,9.861121,-0.0007635809,0.0006108647,0.00045814854,-60.975002,2.1000001,8.925,9.864701749929699,0.0010798664534353455,0.13516421342233864,0.22864321256175585,9.861109783729509,11.05529994,76.92709541,378.1945190429688,0.0,8.718875,,0.0,405.0,,1,1,1,0,1
1789662432306.0,4.4,0.13519448,0.22881366,9.861121,-0.0007635809,0.0006108647,0.00045814854,-60.975002,2.1000001,8.925,9.864701749929699,0.0010798664534353455,0.1351793066894288,0.22870752161376426,9.861120797433545,11.05529994,76.92709541,378.1945190429688,0.0,8.718875,,0.0,405.0,,1,1,1,0,1
1789662432316.0,4.41,0.13519448,0.22881366,9.861121,-0.0007635809,0.0006108647,0.00045814854,-60.975002,2.1000001,8.925,9.864701749929699,0.0010798664534353455,0.13528516009468058,0.22904753716567502,9.861239768473121,11.05529994,76.92709541,378.1945190429688,0.0,8.718875,,0.0,405.0,,1,1,1,0,1
1789662432326.0,4.42,0.13519448,0.22881366,9.861121,-0.0007635809,0.0006108647,0.00045814854,-60.975002,2.1750002,9.225,9.864701749929699,0.0010798664534353455,0.13550125380340303,0.22966392608283692,9.861511304043658,11.05529994,76.92709541,378.1945190429688,0.0,8.718875,,0.0,405.0,,1,1,1,0,1
1789662432336.0,4.43,0.13609178,0.23120649,9.862318,-0.0007635809,0.0006108647,0.00045814854,-60.975002,2.1750002,9.225,9.86596643754304,0.0010798664534353455,0.1357713052127634,0.2303866412121809,9.861872677553805,11.05529994,76.92709541,378.1945190429688,0.0,8.718875,,0.0,405.0,,1,1,1,0,1
1789662432346.0,4.44,0.13609178,0.23120649,9.862318,-0.0007635809,0.0006108647,0.00045814854,-60.975002,2.1750002,9.225,9.86596643754304,0.0010798664534353455,0.1360008363333306,0.23097246729865,9.862199326826365,11.05529994,76.92709541,378.1945190429688,0.0,8.718875,,0.0,405.0,,1,1,1,0,1
1789662432356.0,4.45,0.13609178,0.23120649,9.862318,-0.0007635809,0.0006108647,0.00045814854,-60.975002,2.1750002,9.225,9.86596643754304,0.0010798664534353455,0.13612495768017308,0.23127149909255648,9.862392349850621,11.05529994,76.92709541,378.1945190429688,0.0,8.718875,,0.0,405.0,,1,1,1,0,1
1789662432366.0,4.46,0.13609178,0.23120649,9.862318,-0.0007635809,0.0006108647,0.00045814854,-60.975002,2.1750002,9.225,9.86596643754304,0.0010798664534353455,0.13614778720076018,0.23131968944320785,9.8624328301272,11.05529994,76.92709541,378.1945190429688,0.0,8.718875,,0.0,405.0,,1,1,1,0,1
1789662432376.0,4.47,0.13609178,0.23120649,9.862318,0.00030543236,0.0007635809,0.00045814854,-60.975002,2.1750002,9.225,9.86596643754304,0.0009414057584719307,0.1361246757499922,0.2312807066744648,9.862371410859206,11.05529994,76.92709541,378.1945190429688,0.0,8.718875,,0.0,405.0,,1,1,1,0,1
1789662432386.0,4.48,0.13609178,0.23120649,9.862318,0.00030543236,0.0007635809,0.00045814854,-60.975002,2.1750002,9.225,9.86596643754304,0.0009414057584719307,0.13610976921696197,0.23129312911066802,9.86228329846065,11.05529994,76.92709541,378.1945190429688,0.0,8.718875,,0.0,405.0,,1,1,1,0,1
1789662432396.0,4.49,0.13609178,0.23120649,9.862318,0.00030543236,0.0007635809,0.00045814854,-60.975002,2.1750002,9.225,9.86596643754304,0.0009414057584719307,0.13611403880902387,0.23134815739092732,9.862232984413954,11.05529994,76.92709541,378.1945190429688,0.0,8.718875,,0.0,405.0,,1,1,1,0,1
1789662432406.0,4.5,0.13609178,0.23120649,9.862318,0.00030543236,0.0007635809,0.00045814854,-60.975002,2.1750002,9.225,9.86596643754304,0.0009414057584719307,0.13610296508781844,0.23129075769172355,9.862261224442483,11.05529994,76.92709541,378.1945190429688,0.0,8.718875,,0.0,405.0,,1,1,1,0,1
1789662432416.0,4.51,0.13609178,0.23120649,9.862318,0.00030543236,0.0007635809,0.00045814854,-60.9,1.725,8.925,9.86596643754304,0.0009414057584719307,0.13603135347666498,0.230946767186209,9.862378923985755,11.05529994,76.92709541,378.1945190429688,0.0,8.718875,,0.0,405.0,,1,1,1,0,1
1789662432426.0,4.52,0.13609178,0.23120649,9.862318,0.00030543236,0.0007635809,0.00045814854,-60.9,1.725,8.925,9.86596643754304,0.0009414057584719307,0.1358867949929083,0.23028323734125236,9.862558798690088,11.05529994,76.92709541,378.1945190429688,0.0,8.718875,,0.0,405.0,,1,1,1,0,1
1789662432436.0,4.53,0.13549358,0.22851457,9.862916,0.00030543236,0.0007635809,0.00045814854,-60.9,1.725,8.925,9.866493269747844,0.0009414057584719307,0.1357065835730225,0.22946916602912779,9.862738983687612,11.05529994,76.92709541,378.1945190429688,0.0,8.718875,,0.0,405.0,,1,1,1,0,1
1789662432446.0,4.54,0.13549358,0.22851457,9.862916,0.00030543236,0.0007635809,0.00045814854,-60.9,1.725,8.925,9.866493269747844,0.0009414057584719307,0.13555337736791037,0.22877433818544451,9.862854981117566,11.05529994,76.92709541,378.1945190429688,0.0,8.718875,,0.0,405.0,,1,1,1,0,1
1789662432456.0,4.55,0.13549358,0.22851457,9.862916,0.00030543236,0.0007635809,0.00045814854,-60.9,1.725,8.925,9.866493269747844,0.0009414057584719307,0.1354706120899511,0.22838822636732406,9.862886845188832,11.05529994,76.92709541,378.1945190429688,0.0,8.718875,,0.0,405.0,,1,1,1,0,1
1789662432466.0,4.56,0.13549358,0.22851457,9.862916,0.00030543236,0.0007635809,0.00045814854,-60.9,1.725,8.925,9.866493269747844,0.0009414057584719307,0.13545612925575473,0.2283139204836584,9.862880913882847,11.05529994,76.92709541,378.1945190429688,0.0,8.718875,,0.0,405.0,,1,1,1,0,1
1789662432476.0,4.57,0.13549358,0.22851457,9.862916,0.00030543236,-0.00045814854,0.00030543236,-60.9,1.725,8.925,9.866493269747844,0.0006296649408808392,0.1354732364978506,0.22841045198273727,9.862915636892303,11.05529994,76.92709541,378.1945190429688,0.0,8.718875,,0.0,405.0,,1,1,1,0,1
1789662432486.0,4.58,0.13549358,0.22851457,9.862916,0.00030543236,-0.00045814854,0.00030543236,-60.9,1.725,8.925,9.866493269747844,0.0006296649408808392,0.13548481886959052,0.22851934360407586,9.863024301457498,11.05529994,76.92709541,378.1945190429688,0.0,8.718875,,0.0,405.0,,1,1,1,0,1
1789662432496.0,4.59,0.13549358,0.22851457,9.862916,0.00030543236,-0.00045814854,0.00030543236,-60.9,1.725,8.925,9.866493269747844,0.0006296649408808392,0.13548133089047926,0.2285625149416834,9.863129805215689,11.05529994,76.92709541,378.1945190429688,0.0,8.718875,,0.0,405.0,,1,1,1,0,1
1789662432506.0,4.6,0.13549358,0.22851457,9.862916,0.00030543236,-0.00045814854,0.00030543236,-60.9,1.725,8.925,9.866493269747844,0.0006296649408808392,0.13548361547651755,0.2285550352502022,9.863056209653854,11.05529994,76.92709541,378.1945190429688,0.0,8.718875,,0.0,405.0,,1,1,1,0,1
1789662432516.0,4.61,0.13549358,0.22851457,9.862916,0.00030543236,-0.00045814854,0.00030543236,-60.9,1.725,8.925,9.866493269747844,0.0006296649408808392,0.1355212963228629,0.22855370153433888,9.862638994447511,11.05529994,76.92709541,378.1945190429688,0.0,8.718875,,0.0,405.0,,1,1,1,0,1
1789662432526.0,4.62,0.13549358,0.22851457,9.862916,0.00030543236,-0.00045814854,0.00030543236,-61.125004,2.625,9.3,9.866493269747844,0.0006296649408808392,0.13560365477657862,0.2285971818156078,9.86186997799215,11.05529994,76.92709541,378.1945190429688,0.0,8.718875,,0.0,405.0,,1,1,1,0,1
1789662432536.0,4.63,0.13579269,0.22881366,9.859925,0.00030543236,-0.00045814854,0.00030543236,-61.125004,2.625,9.3,9.863514401636216,0.0006296649408808392,0.13570548454849551,0.22868044352779418,9.860951698587773,11.05529994,76.92709541,378.1945190429688,0.0,8.718875,,0.0,405.0,,1,1,1,0,1
1789662432546.0,4.64,0.13579269,0.22881366,9.859925,0.00030543236,-0.00045814854,0.00030543236,-61.125004,2.625,9.3,9.863514401636216,0.0006296649408808392,0.13578089676601027,0.22876978777333606,9.860188482505405,11.05529994,76.92709541,378.1945190429688,0.0,8.718875,,0.0,405.0,,1,1,1,0,1
1789662432556.0,4.65,0.13579269,0.22881366,9.859925,0.00030543236,-0.00045814854,0.00030543236,-61.125004,2.625,9.3,9.863514401636216,0.0006296649408808392,0.13579723551951706,0.2288337051105641,9.859789265397886,11.05529994,76.92709541,378.1945190429688,0.0,8.718875,,0.0,405.0,,1,1,1,0,1
1789662432566.0,4.66,0.13579269,0.22881366,9.859925,0.00030543236,-0.00045814854,0.00030543236,-61.125004,2.625,9.3,9.863514401636216,0.0006296649408808392,0.13576460931286843,0.2288601626879178,9.859745283670984,11.05529994,76.92709541,378.1945190429688,0.0,8.718875,,0.0,405.0,,1,1,1,0,1
1789662432576.0,4.67,0.13579269,0.22881366,9.859925,0.00030543236,-0.00045814854,-0.00045814854,-61.125004,2.625,9.3,9.863514401636216,0.0007163023774520316,0.13573686057229514,0.22885235838681042,9.859871548545772,11.05529994,76.92709541,378.1945190429688,0.0,8.718875,,0.0,405.0,,1,1,1,0,1
1789662432586.0,4.68,0.13579269,0.22881366,9.859925,0.00030543236,-0.00045814854,-0.00045814854,-61.125004,2.625,9.3,9.863514401636216,0.0007163023774520316,0.13577529060351498,0.2288182630229753,9.859957705678179,11.05529994,76.92709541,378.1945190429688,0.0,8.718875,,0.0,405.0,,1,1,1,0,1
1789662432596.0,4.69,0.13579269,0.22881366,9.859925,0.00030543236,-0.00045814854,-0.00045814854,-61.125004,2.625,9.3,9.863514401636216,0.0007163023774520316,0.1358894163528139,0.22877109676683843,9.859910092881341,11.05529994,76.92709541,378.1945190429688,0.0,8.718875,,0.0,405.0,,1,1,1,0,1
1789662432606.0,4.7,0.13579269,0.22881366,9.859925,0.00030543236,-0.00045814854,-0.00045814854,-61.125004,2.625,9.3,9.863514401636216,0.0007163023774520316,0.13599296889400855,0.22873949881848005,9.859802946921016,11.05529994,76.92709541,378.1945190429688,0.0,8.718875,,0.0,405.0,,1,1,1,0,1
1789662432616.0,4.71,0.13579269,0.22881366,9.859925,0.00030543236,-0.00045814854,-0.00045814854,-61.125004,2.625,9.3,9.863514401636216,0.0007163023774520316,0.13592274088023865,0.2287688050038395,9.85982093739949,11.05529994,76.92709541,378.1945190429688,0.0,8.718875,,0.0,405.0,,1,1,1,0,1
1789662432626.0,4.72,0.13579269,0.22881366,9.859925,0.00030543236,-0.00045814854,-0.00045814854,-60.600002,2.025,8.175,9.863514401636216,0.0007163023774520316,0.13553743709529245,0.2288986006513778,9.860127180060996,11.05529994,76.92709541,378.1945190429688,0.0,8.718875,,0.0,405.0,,1,1,1,0,1
1789662432636.0,4.73,0.13579269,0.22881366,9.859925,0.00030543236,-0.00045814854,-0.00045814854,-60.600002,2.025,8.175,9.863514401636216,0.0007163023774520316,0.1348415554547636,0.22912743628295526,9.860734510613232,11.05529994,76.92709541,378.1945190429688,0.0,8.718875,,0.0,405.0,,1,1,1,0,1
1789662432646.0,4.74,0.13310076,0.22971097,9.862318,0.00030543236,-0.00045814854,-0.00045814854,-60.600002,2.025,8.175,9.865890698521595,0.0007163023774520316,0.13402515075657095,0.22939842470066105,9.861474173849828,11.05529994,76.92709541,378.1945190429688,0.0,8.718875,,0.0,405.0,,1,1,1,0,1
1789662432656.0,4.75,0.13310076,0.22971097,9.862318,0.00030543236,-0.00045814854,-0.00045814854,-60.600002,2.025,8.175,9.865890698521595,0.0007163023774520316,0.13335776661209817,0.2296278546792316,9.862098435872975,11.05529994,76.92709541,378.1945190429688,0.0,8.718875,,0.0,405.0,,1,1,1,0,1
1789662432666.0,4.76,0.13310076,0.22971097,9.862318,0.00030543236,-0.00045814854,-0.00045814854,-60.600002,2.025,8.175,9.865890698521595,0.0007163023774520316,0.13300945465078912,0.22975705826620788,9.862440544425075,11.05529994,76.92709541,378.1945190429688,0.0,8.718875,,0.0,405.0,,1,1,1,0,1
1789662432676.0,4.77,0.13310076,0.22971097,9.862318,0.00030543236,-0.00045814854,-0.00045814854,-60.600002,2.025,8.175,9.865890698521595,0.0007163023774520316,0.1329510782813304,0.22978305453537828,9.862501653850837,11.05529994,76.92709541,378.1945190429688,0.0,8.718875,,0.0,405.0,,1,1,1,0,1
1789662432686.0,4.78,0.13310076,0.22971097,9.862318,0.00030543236,0.0007635809,0.00045814854,-60.600002,2.025,8.175,9.865890698521595,0.0009414057584719307,0.13301301295493634,0.22974671980651584,9.862408530866269,11.05529994,76.92709541,378.1945190429688,0.0,8.718875,,0.0,405.0,,1,1,1,0,1
1789662432696.0,4.79,0.13310076,0.22971097,9.862318,0.00030543236,0.0007635809,0.00045814854,-60.600002,2.025,8.175,9.865890698521595,0.0009414057584719307,0.13303986576670973,0.22969824533760627,9.862302745794914,11.05529994,76.92709541,378.1945190429688,0.0,8.718875,,0.0,405.0,,1,1,1,0,1
1789662432706.0,4.8,0.13310076,0.22971097,9.862318,0.00030543236,0.0007635809,0.00045814854,-60.600002,2.025,8.175,9.865890698521595,0.0009414057584719307,0.13301248870847515,0.22967185274325314,9.862258525529741,11.05529994,76.92709541,378.1945190429688,0.0,8.718875,,0.0,405.0,,1,1,1,0,1
1789662432716.0,4.81,0.13310076,0.22971097,9.862318,0.00030543236,0.0007635809,0.00045814854,-60.600002,2.025,8.175,9.865890698521595,0.0009414057584719307,0.13305092420414574,0.22968167391394906,9.862273060530223,11.05529994,76.92709541,378.1945190429688,0.0,8.718875,,0.0,405.0,,1,1,1,0,1
1789662432726.0,4.82,0.13310076,0.22971097,9.862318,0.00030543236,0.0007635809,0.00045814854,-60.600002,1.575,9.150001,9.865890698521595,0.0009414057584719307,0.13330358739025608,0.2297287703469538,9.862306902900881,11.05529994,76.92709541,378.1945190429688,0.0,8.718875,,0.0,405.0,,1,1,1,0,1
1789662432736.0,4.83,0.13310076,0.22971097,9.862318,0.00030543236,0.0007635809,0.00045814854,-60.600002,1.575,9.150001,9.865890698521595,0.0009414057584719307,0.13380907294500954,0.22980634963463784,9.862328298678648,11.05529994,76.92709541,378.1945190429688,0.0,8.718875,,0.0,405.0,,1,1,1,0,1
1789662432746.0,4.84,0.13519448,0.23001008,9.862318,0.00030543236,0.0007635809,0.00045814854,-60.600002,1.575,9.150001,9.86592613581959,0.0009414057584719307,0.13444210637988893,0.22990075573910423,9.86233175159411,11.05529994,76.92709541,378.1945190429688,0.0,8.718875,,0.0,405.0,,1,1,1,0,1
1789662432756.0,4.85,0.13519448,0.23001008,9.862318,0.00030543236,0.0007635809,0.00045814854,-60.600002,1.575,9.150001,9.86592613581959,0.0009414057584719307,0.13499164686665965,0.22999246158955813,9.86232931430631,11.05529994,76.92709541,378.1945190429688,0.0,8.718875,,0.0,405.0,,1,1,1,0,1
1789662432766.0,4.86,0.13519448,0.23001008,9.862318,0.00030543236,0.0007635809,0.00045814854,-60.600002,1.575,9.150001,9.86592613581959,0.0009414057584719307,0.13530355128286933,0.2300584228811784,9.862330933634485,11.05529994,76.92709541,378.1945190429688,0.0,8.718875,,0.0,405.0,,1,1,1,0,1
1789662432776.0,4.87,0.13519448,0.23001008,9.862318,0.00030543236,0.0007635809,0.00045814854,-60.600002,1.575,9.150001,9.86592613581959,0.0009414057584719307,0.13536565303462272,0.23007549778296763,9.862332199357256,11.05529994,76.92709541,378.1945190429688,0.0,8.718875,,0.0,405.0,,1,1,1,0,1
1789662432786.0,4.88,0.13519448,0.23001008,9.862318,-0.0006108647,-0.00045814854,0.00045814854,-60.600002,1.575,9.150001,9.86592613581959,0.0008904806854246494,0.13527970025794026,0.23002998100894242,9.862319123496514,11.05529994,76.92709541,378.1945190429688,0.0,8.718875,,0.0,405.0,,1,1,1,0,1
1789662432796.0,4.89,0.13519448,0.23001008,9.862318,-0.0006108647,-0.00045814854,0.00045814854,-60.600002,1.575,9.150001,9.86592613581959,0.0008904806854246494,0.13517074966321432,0.2299380537122617,9.862286782680194,11.05529994,76.92709541,378.1945190429688,0.0,8.718875,,0.0,405.0,,1,1,1,0,1
1789662432806.0,4.9,0.13519448,0.23001008,9.862318,-0.0006108647,-0.00045814854,0.00045814854,-60.600002,1.575,9.150001,9.86592613581959,0.0008904806854246494,0.13511739279497068,0.22986551930669327,9.862257247195203,11.05529994,76.92709541,378.1945190429688,0.0,8.718875,,0.0,405.0,,1,1,1,0,1
1789662432816.0,4.91,0.13519448,0.23001008,9.862318,-0.0006108647,-0.00045814854,0.00045814854,-60.600002,1.575,9.150001,9.86592613581959,0.0008904806854246494,0.13513833206745401,0.22991764762262093,9.862278501302587,11.05529994,76.92709541,378.1945190429688,0.0,8.718875,,0.0,405.0,,1,1,1,0,1
1789662432826.0,4.92,0.13519448,0.23001008,9.862318,-0.0006108647,-0.00045814854,0.00045814854,-61.050003,2.325,8.700001,9.86592613581959,0.0008904806854246494,0.1352148837060892,0.23018125989903826,9.862396718257342,11.05529994,76.92709541,378.1945190429688,0.0,8.718875,,0.0,405.0,,1,1,1,0,1
1789662432836.0,4.93,0.13519448,0.23001008,9.862318,-0.0006108647,-0.00045814854,0.00045814854,-61.050003,2.325,8.700001,9.86592613581959,0.0008904806854246494,0.1353154969815443,0.23064844289275224,9.862617823896658,11.05529994,76.92709541,378.1945190429688,0.0,8.718875,,0.0,405.0,,1,1,1,0,1
1789662432846.0,4.94,0.13549358,0.2318047,9.8632145,-0.0006108647,-0.00045814854,0.00045814854,-61.050003,2.325,8.700001,9.866868409083683,0.0008904806854246494,0.13540904792290548,0.23119177072457164,9.862891432646625,11.05529994,76.92709541,378.1945190429688,0.0,8.718875,,0.0,405.0,,1,1,1,0,1
1789662432856.0,4.95,0.13549358,0.2318047,9.8632145,-0.0006108647,-0.00045814854,0.00045814854,-61.050003,2.325,8.700001,9.866868409083683,0.0008904806854246494,0.1354728575839429,0.23163352952533806,9.863136055498058,11.05529994,76.92709541,378.1945190429688,0.0,8.718875,,0.0,405.0,,1,1,1,0,1
1789662432866.0,4.96,0.13549358,0.2318047,9.8632145,-0.0006108647,-0.00045814854,0.00045814854,-61.050003,2.325,8.700001,9.866868409083683,0.0008904806854246494,0.13550015039852054,0.23186295655855324,9.863285699342816,11.05529994,76.92709541,378.1945190429688,0.0,8.718875,,0.0,405.0,,1,1,1,0,1
1789662432876.0,4.97,0.13549358,0.2318047,9.8632145,-0.0006108647,-0.00045814854,0.00045814854,-61.050003,2.325,8.700001,9.866868409083683,0.0008904806854246494,0.13550190971773127,0.23190144193295645,9.863319084980573,11.05529994,76.92709541,378.1945190429688,0.0,8.718875,,0.0,405.0,,1,1,1,0,1
1789662432886.0,4.98,0.13549358,0.2318047,9.8632145,-0.0009162971,-0.00045814854,0.00045814854,-61.050003,2.325,8.700001,9.866868409083683,0.0011222301657310202,0.13549809033517674,0.231862750620162,9.863257771961683,11.05529994,76.92709541,378.1945190429688,0.0,8.718875,,0.0,405.0,,1,1,1,0,1
1789662432896.0,4.99,0.13549358,0.2318047,9.8632145,-0.0009162971,-0.00045814854,0.00045814854,-61.050003,2.325,8.700001,9.866868409083683,0.0011222301657310202,0.13550242747432742,0.23184924432550427,9.863153083011156,11.05529994,76.92709541,378.1945190429688,0.0,8.718875,,0.0,405.0,,1,1,1,0,1
1789662432906.0,5.0,0.13549358,0.2318047,9.8632145,-0.0009162971,-0.00045814854,0.00045814854,-61.050003,2.325,8.700001,9.866868409083683,0.0011222301657310202,0.1355114303354512,0.23187017824578632,9.863079610025625,11.05529994,76.92709541,378.1945190429688,0.0,8.718875,,0.0,405.0,,1,1,1,0,1
1789662432916.0,5.01,0.13549358,0.2318047,9.8632145,-0.0009162971,-0.00045814854,0.00045814854,-61.050003,2.325,8.700001,9.866868409083683,0.0011222301657310202,0.13550600819595088,0.2318407344848463,9.863124186331104,11.05529994,76.92709541,378.1945190429688,0.0,8.718875,,0.0,405.0,,1,1,1,0,1
1789662432926.0,5.02,0.13549358,0.2318047,9.8632145,-0.0009162971,-0.00045814854,0.00045814854,-60.45,2.4750001,8.325001,9.866868409083683,0.0011222301657310202,0.1354660770092386,0.23165867086629724,9.863349556223774,11.05529994,76.92709541,378.1945190429688,0.0,8.718875,,0.0,405.0,,1,1,1,0,1
1789662432936.0,5.03,0.13549358,0.2318047,9.8632145,-0.0009162971,-0.00045814854,0.00045814854,-60.45,2.4750001,8.325001,9.866868409083683,0.0011222301657310202,0.13538868345436167,0.2312992478527625,9.863743453070013,11.05529994,76.92709541,378.1945190429688,0.0,8.718875,,0.0,405.0,,1,1,1,0,1
1789662432946.0,5.04,0.13519448,0.23030917,9.864711,-0.0009162971,-0.00045814854,0.00045814854,-60.45,2.4750001,8.325001,9.868325236570264,0.0011222301657310202,0.13529504196865919,0.2308510930672725,9.864201575223614,11.05529994,76.92709541,378.1945190429688,0.0,8.718875,,0.0,405.0,,1,1,1,0,1
1789662432956.0,5.05,0.13519448,0.23030917,9.864711,-0.0009162971,-0.00045814854,0.00045814854,-60.45,2.4750001,8.325001,9.868325236570264,0.0011222301657310202,0.13521863497412598,0.2304603921343156,9.86457922081032,11.05529994,76.92709541,378.1945190429688,0.0,8.718875,,0.0,405.0,,1,1,1,0,1
1789662432966.0,5.06,0.13519448,0.23030917,9.864711,-0.0009162971,-0.00045814854,0.00045814854,-60.45,2.4750001,8.325001,9.868325236570264,0.0011222301657310202,0.13518256850631494,0.23023236035398228,9.864780271863284,11.05529994,76.92709541,378.1945190429688,0.0,8.718875,,0.0,405.0,,1,1,1,0,1
1789662432976.0,5.07,0.13519448,0.23030917,9.864711,-0.0009162971,-0.00045814854,0.00045814854,-60.45,2.4750001,8.325001,9.868325236570264,0.0011222301657310202,0.1351842832217317,0.23017596346867392,9.864809716291441,11.05529994,76.92709541,378.1945190429688,0.0,8.718875,,0.0,405.0,,1,1,1,0,1
1789662432986.0,5.08,0.13519448,0.23030917,9.864711,-0.0009162971,-0.00045814854,0.00045814854,-60.45,2.4750001,8.325001,9.868325236570264,0.0011222301657310202,0.13519911302799717,0.23022759034610407,9.8647509872637,11.05529994,76.92709541,378.1945190429688,0.0,8.718875,,0.0,405.0,,1,1,1,0,1
1789662432996.0,5.09,0.13519448,0.23030917,9.864711,0.0,0.00045814854,-0.0007635809,-60.45,2.4750001,8.325001,9.868325236570264,0.000890480699144536,0.1351993421708707,0.2303122986950318,9.864697550215368,11.05529994,76.92709541,378.1945190429688,0.0,8.718875,,0.0,405.0,,1,1,1,0,1
1789662433006.0,5.1,0.13519448,0.23030917,9.864711,0.0,0.00045814854,-0.0007635809,-60.45,2.4750001,8.325001,9.868325236570264,0.000890480699144536,0.13517611166404303,0.23038113397712784,9.864694987099051,11.05530134,76.9270965,377.9317626953125,0.0,4.572992,,0.0,405.0,,1,1,1,0,1
1789662433016.0,5.11,0.13519448,0.23030917,9.864711,0.0,0.00045814854,-0.0007635809,-60.45,2.4750001,8.325001,9.868325236570264,0.000890480699144536,0.13515061782633633,0.23040558973506425,9.864725739427044,11.05530134,76.9270965,377.9317626953125,0.0,4.572992,,0.0,405.0,,1,1,1,0,1
1789662433026.0,5.12,0.13519448,0.23030917,9.864711,0.0,0.00045814854,-0.0007635809,-60.45,2.4750001,8.325001,9.868325236570264,0.000890480699144536,0.13516517359924016,0.23035824300905294,9.86473395305654,11.05530134,76.9270965,377.9317626953125,0.0,4.572992,,0.0,405.0,,1,1,1,0,1
1789662433036.0,5.13,0.13519448,0.23030917,9.864711,0.0,0.00045814854,-0.0007635809,-60.750004,2.1750002,9.450001,9.868325236570264,0.000890480699144536,0.13525464259523942,0.23021547575314852,9.864669051645647,11.05530134,76.9270965,377.9317626953125,0.0,4.572992,,0.0,405.0,,1,1,1,0,1
1789662433046.0,5.14,0.13519448,0.23030917,9.864711,0.0,0.00045814854,-0.0007635809,-60.750004,2.1750002,9.450001,9.868325236570264,0.000890480699144536,0.13541489383946145,0.2299841899972839,9.864521904969763,11.05530134,76.9270965,377.9317626953125,0.0,4.572992,,0.0,405.0,,1,1,1,0,1
1789662433056.0,5.15,0.13579269,0.22941187,9.864112,0.0,0.00045814854,-0.0007635809,-60.750004,2.1750002,9.450001,9.867713768107501,0.000890480699144536,0.13559549390173065,0.22971847911882512,9.86433202321056,11.05530134,76.9270965,377.9317626953125,0.0,4.572992,,0.0,405.0,,1,1,1,0,1
1789662433066.0,5.16,0.13579269,0.22941187,9.864112,0.0,0.00045814854,-0.0007635809,-60.750004,2.1750002,9.450001,9.867713768107501,0.000890480699144536,0.1357305766876041,0.2294968305073497,9.864162004566001,11.05530134,76.9270965,377.9317626953125,0.0,4.572992,,0.0,405.0,,1,1,1,0,1
1789662433076.0,5.17,0.13579269,0.22941187,9.864112,0.0,0.00045814854,-0.0007635809,-60.750004,2.1750002,9.450001,9.867713768107501,0.000890480699144536,0.1357876701408322,0.22937361144943239,9.864060268456116,11.05530134,76.9270965,377.9317626953125,0.0,4.572992,,0.0,405.0,,1,1,1,0,1
1789662433086.0,5.18,0.13579269,0.22941187,9.864112,-0.0006108647,-0.00045814854,0.00015271618,-60.750004,2.1750002,9.450001,9.867713768107501,0.0007787027661720575,0.1357925182588887,0.22934856586993194,9.864040398749523,11.05530134,76.9270965,377.9317626953125,0.0,4.572992,,0.0,405.0,,1,1,1,0,1
1789662433096.0,5.19,0.13579269,0.22941187,9.864112,-0.0006108647,-0.00045814854,0.00015271618,-60.750004,2.1750002,9.450001,9.867713768107501,0.0007787027661720575,0.13580457587807543,0.22937862352540797,9.864084580467768,11.05530134,76.9270965,377.9317626953125,0.0,4.572992,,0.0,405.0,,1,1,1,0,1
1789662433106.0,5.2,0.13579269,0.22941187,9.864112,-0.0006108647,-0.00045814854,0.00015271618,-60.750004,2.1750002,9.450001,9.867713768107501,0.0007787027661720575,0.13585825132522195,0.22941480448141277,9.864155279391374,11.05530134,76.9270965,377.9317626953125,0.0,4.572992,,0.0,405.0,,1,1,1,0,1
1789662433116.0,5.21,0.13579269,0.22941187,9.864112,-0.0006108647,-0.00045814854,0.00015271618,-60.750004,2.1750002,9.450001,9.867713768107501,0.0007787027661720575,0.13591476395714744,0.22943092999613035,9.864201841404862,11.05530134,76.9270965,377.9317626953125,0.0,4.572992,,0.0,405.0,,1,1,1,0,1
1789662433126.0,5.22,0.13579269,0.22941187,9.864112,-0.0006108647,-0.00045814854,0.00015271618,-60.375004,2.1000001,9.075001,9.867713768107501,0.0007787027661720575,0.13586873630096027,0.2294275615110878,9.86416906625707,11.05530134,76.9270965,377.9317626953125,0.0,4.572992,,0.0,405.0,,1,1,1,0,1
1789662433136.0,5.23,0.13579269,0.22941187,9.864112,-0.0006108647,-0.00045814854,0.00015271618,-60.375004,2.1000001,9.075001,9.867713768107501,0.0007787027661720575,0.13561951275596482,0.22941788363182247,9.864021408052702,11.05530134,76.9270965,377.9317626953125,0.0,4.572992,,0.0,405.0,,1,1,1,0,1
1789662433146.0,5.24,0.13579269,0.22941187,9.864112,-0.0006108647,-0.00045814854,0.00015271618,-60.375004,2.1000001,9.075001,9.867713768107501,0.0007787027661720575,0.13516224035422642,0.2294117655206425,9.863775136373189,11.05530134,76.9270965,377.9317626953125,0.0,4.572992,,0.0,405.0,,1,1,1,0,1
1789662433156.0,5.25,0.13399807,0.22941187,9.8632145,-0.0006108647,-0.00045814854,0.00015271618,-60.375004,2.1000001,9.075001,9.866792060334042,0.0007787027661720575,0.13461953715130948,0.2294093891559356,9.863505463587757,11.05530134,76.9270965,377.9317626953125,0.0,4.572992,,0.0,405.0,,1,1,1,0,1
1789662433166.0,5.26,0.13399807,0.22941187,9.8632145,-0.0006108647,-0.00045814854,0.00015271618,-60.375004,2.1000001,9.075001,9.866792060334042,0.0007787027661720575,0.13417144071604883,0.22940571831279769,9.863305366191225,11.05530134,76.9270965,377.9317626953125,0.0,4.572992,,0.0,405.0,,1,1,1,0,1
1789662433176.0,5.27,0.13399807,0.22941187,9.8632145,-0.0006108647,-0.00045814854,0.00015271618,-60.375004,2.1000001,9.075001,9.866792060334042,0.0007787027661720575,0.13393441261537004,0.22939942012613307,9.863219604222554,11.05530134,76.9270965,377.9317626953125,0.0,4.572992,,0.0,405.0,,1,1,1,0,1
1789662433186.0,5.28,0.13399807,0.22941187,9.8632145,0.00030543236,-0.00045814854,-0.00045814854,-60.375004,2.1000001,9.075001,9.866792060334042,0.0007163023774520316,0.13389294344747704,0.22939758346565392,9.863211141789304,11.05530134,76.9270965,377.9317626953125,0.0,4.572992,,0.0,405.0,,1,1,1,0,1
1789662433196.0,5.29,0.13399807,0.22941187,9.8632145,0.00030543236,-0.00045814854,-0.00045814854,-60.375004,2.1000001,9.075001,9.866792060334042,0.0007163023774520316,0.13393686325169007,0.2294106454203991,9.863195825981355,11.05530134,76.9270965,377.9317626953125,0.0,4.572992,,0.0,405.0,,1,1,1,0,1
1789662433206.0,5.3,0.13399807,0.22941187,9.8632145,0.00030543236,-0.00045814854,-0.00045814854,-60.375004,2.1000001,9.075001,9.866792060334042,0.0007163023774520316,0.13396232427300173,0.22943915302967796,9.863124364109213,11.05530134,76.9270965,377.9317626953125,0.0,4.572992,,0.0,405.0,,1,1,1,0,1
1789662433216.0,5.31,0.13399807,0.22941187,9.8632145,0.00030543236,-0.00045814854,-0.00045814854,-60.9,1.8750001,8.625,9.866792060334042,0.0007163023774520316,0.13395125072744424,0.229462372739447,9.863048801664544,11.05530134,76.9270965,377.9317626953125,0.0,4.572992,,0.0,405.0,,1,1,1,0,1
1789662433226.0,5.32,0.13399807,0.22941187,9.8632145,0.00030543236,-0.00045814854,-0.00045814854,-60.9,1.8750001,8.625,9.866792060334042,0.0007163023774520316,0.13397382967268062,0.22944221142408233,9.863112571437851,11.05530134,76.9270965,377.9317626953125,0.0,4.572992,,0.0,405.0,,1,1,1,0,1
1789662433236.0,5.33,0.13399807,0.22941187,9.8632145,0.00030543236,-0.00045814854,-0.00045814854,-60.9,1.8750001,8.625,9.866792060334042,0.0007163023774520316,0.13411917785273283,0.2293475798428998,9.863451339117013,11.05530134,76.9270965,377.9317626953125,0.0,4.572992,,0.0,405.0,,1,1,1,0,1
1789662433246.0,5.34,0.13399807,0.22941187,9.8632145,0.00030543236,-0.00045814854,-0.00045814854,-60.9,1.8750001,8.625,9.866792060334042,0.0007163023774520316,0.13440987728281134,0.2291849228291693,9.864067748462565,11.05530134,76.9270965,377.9317626953125,0.0,4.572992,,0.0,405.0,,1,1,1,0,1
1789662433256.0,5.35,0.13519448,0.22881366,9.865608,0.00030543236,-0.00045814854,-0.00045814854,-60.9,1.8750001,8.625,9.869187121951283,0.0007163023774520316,0.1347696751968895,0.2290062035017629,9.864789778042006,11.05530134,76.9270965,377.9317626953125,0.0,4.572992,,0.0,405.0,,1,1,1,0,1
1789662433266.0,5.36,0.13519448,0.22881366,9.865608,0.00030543236,-0.00045814854,-0.00045814854,-60.9,1.8750001,8.625,9.869187121951283,0.0007163023774520316,0.13507330963189837,0.22887770583233175,9.865371175202233,11.05530134,76.9270965,377.9317626953125,0.0,4.572992,,0.0,405.0,,1,1,1,0,1
1789662433276.0,5.37,0.13519448,0.22881366,9.865608,0.00030543236,-0.00045814854,-0.00045814854,-60.9,1.8750001,8.625,9.869187121951283,0.0007163023774520316,0.13523609528863403,0.22882918092358775,9.865662855921792,11.05530134,76.9270965,377.9317626953125,0.0,4.572992,,0.0,405.0,,1,1,1,0,1
1789662433286.0,5.38,0.13519448,0.22881366,9.865608,0.00030543236,-0.00045814854,-0.00045814854,-60.9,1.8750001,8.625,9.869187121951283,0.0007163023774520316,0.13526573432003994,0.2288278100149121,9.86570780416167,11.05530134,76.9270965,377.9317626953125,0.0,4.572992,,0.0,405.0,,1,1,1,0,1
1789662433296.0,5.39,0.13519448,0.22881366,9.865608,0.00030543236,-0.00045814854,0.00045814854,-60.9,1.8750001,8.625,9.869187121951283,0.0007163023774520316,0.1352375763187553,0.22880606216021906,9.865678785197595,11.05530134,76.9270965,377.9317626953125,0.0,4.572992,,0.0,405.0,,1,1,1,0,1
1789662433306.0,5.4,0.13519448,0.22881366,9.865608,0.00030543236,-0.00045814854,0.00045814854,-60.9,1.8750001,8.625,9.869187121951283,0.0007163023774520316,0.13522313390930382,0.22872915304133037,9.865715264897743,11.05530134,76.9270965,377.9317626953125,0.0,4.572992,,0.0,405.0,,1,1,1,0,1
1789662433316.0,5.41,0.13519448,0.22881366,9.865608,0.00030543236,-0.00045814854,0.00045814854,-60.9,1.8750001,8.625,9.869187121951283,0.0007163023774520316,0.13523294596460658,0.22865180426470355,9.865791596598688,11.05530134,76.9270965,377.9317626953125,0.0,4.572992,,0.0,405.0,,1,1,1,0,1
1789662433326.0,5.42,0.13519448,0.22881366,9.865608,0.00030543236,-0.00045814854,0.00045814854,-60.9,2.25,9.0,9.869187121951283,0.0007163023774520316,0.13521451799453582,0.228710474289292,9.86571999569374,11.05530134,76.9270965,377.9317626953125,0.0,4.572992,,0.0,405.0,,1,1,1,0,1
1789662433336.0,5.43,0.13519448,0.22881366,9.865608,0.00030543236,-0.00045814854,0.00045814854,-60.9,2.25,9.0,9.869187121951283,0.0007163023774520316,0.13510278366887374,0.22903569972341448,9.865295974473593,11.05530134,76.9270965,377.9317626953125,0.0,4.572992,,0.0,405.0,,1,1,1,0,1
1789662433346.0,5.44,0.13519448,0.22881366,9.865608,0.00030543236,-0.00045814854,0.00045814854,-60.9,2.25,9.0,9.869187121951283,0.0007163023774520316,0.13488284410824364,0.22963782430552904,9.864483674158507,11.05530134,76.9270965,377.9317626953125,0.0,4.572992,,0.0,405.0,,1,1,1,0,1
1789662433356.0,5.45,0.13429718,0.23120649,9.862318,0.00030543236,-0.00045814854,0.00045814854,-60.9,2.25,9.0,9.865941845900881,0.0007163023774520316,0.13461341464610277,0.23036462204226074,9.863486728934555,11.05530134,76.9270965,377.9317626953125,0.0,4.572992,,0.0,405.0,,1,1,1,0,1
1789662433366.0,5.46,0.13429718,0.23120649,9.862318,0.00030543236,-0.00045814854,0.00045814854,-60.9,2.25,9.0,9.865941845900881,0.0007163023774520316,0.13438877474456112,0.2309845549733222,9.862629806899609,11.05530134,76.9270965,377.9317626953125,0.0,4.572992,,0.0,405.0,,1,1,1,0,1
1789662433376.0,5.47,0.13429718,0.23120649,9.862318,0.00030543236,-0.00045814854,0.00045814854,-60.9,2.25,9.0,9.865941845900881,0.0007163023774520316,0.13427079442147563,0.23133364847263987,9.862145946906944,11.05530134,76.9270965,377.9317626953125,0.0,4.572992,,0.0,405.0,,1,1,1,0,1
1789662433386.0,5.48,0.13429718,0.23120649,9.862318,0.00030543236,-0.00045814854,0.00045814854,-60.9,2.25,9.0,9.865941845900881,0.0007163023774520316,0.13425003337371552,0.2314016808745606,9.862050799513005,11.05530134,76.9270965,377.9317626953125,0.0,4.572992,,0.0,405.0,,1,1,1,0,1
1789662433396.0,5.49,0.13429718,0.23120649,9.862318,0.00030543236,-0.00045814854,0.00045814854,-60.9,2.25,9.0,9.865941845900881,0.0007163023774520316,0.13426629574727456,0.23130043753821378,9.862186906583801,11.05530134,76.9270965,377.9317626953125,0.0,4.572992,,0.0,405.0,,1,1,1,0,1
1789662433406.0,5.5,0.13429718,0.23120649,9.862318,0.00030543236,-0.00045814854,0.00045814854,-60.9,2.25,9.0,9.865941845900881,0.0007163023774520316,0.13426630033732573,0.23116867107573108,9.862360848857692,11.05530134,76.9270965,377.9317626953125,0.0,4.572992,,0.0,405.0,,1,1,1,0,1
1789662433416.0,5.51,0.13429718,0.23120649,9.862318,0.00030543236,-0.00045814854,0.00045814854,-60.9,2.25,9.0,9.865941845900881,0.0007163023774520316,0.13424999149417702,0.23110080549071346,9.862447601453665,11.05530134,76.9270965,377.9317626953125,0.0,4.572992,,0.0,405.0,,1,1,1,0,1
1789662433426.0,5.52,0.13429718,0.23120649,9.862318,0.00030543236,-0.00045814854,0.00045814854,-60.975002,1.8750001,8.55,9.865941845900881,0.0007163023774520316,0.13427061356065934,0.23113217317661314,9.862410915494001,11.05530134,76.9270965,377.9317626953125,0.0,4.572992,,0.0,405.0,,1,1,1,0,1
1789662433436.0,5.53,0.13429718,0.23120649,9.862318,0.00030543236,-0.00045814854,0.00045814854,-60.975002,1.8750001,8.55,9.865941845900881,0.0007163023774520316,0.13438848649167884,0.23125530115057763,9.86227289300256,11.05530134,76.9270965,377.9317626953125,0.0,4.572992,,0.0,405.0,,1,1,1,0,1
1789662433446.0,5.54,0.13429718,0.23120649,9.862318,0.00030543236,-0.00045814854,0.00045814854,-60.975002,1.8750001,8.55,9.865941845900881,0.0007163023774520316,0.13461326643909252,0.23143497505939578,9.862082390894825,11.05530134,76.9270965,377.9317626953125,0.0,4.572992,,0.0,405.0,,1,1,1,0,1
1789662433456.0,5.55,0.13519448,0.2318047,9.861719,0.00030543236,-0.00045814854,0.00045814854,-60.975002,1.8750001,8.55,9.865369359599546,0.0007163023774520316,0.13488316960869895,0.2316186553794657,9.861896798456314,11.05530134,76.9270965,377.9317626953125,0.0,4.572992,,0.0,405.0,,1,1,1,0,1
1789662433466.0,5.56,0.13519448,0.2318047,9.861719,0.00030543236,-0.00045814854,0.00045814854,-60.975002,1.8750001,8.55,9.865369359599546,0.0007163023774520316,0.13510364717996767,0.23175535327714653,9.86176451909239,11.05530134,76.9270965,377.9317626953125,0.0,4.572992,,0.0,405.0,,1,1,1,0,1
1789662433476.0,5.57,0.13519448,0.2318047,9.861719,0.00030543236,-0.00045814854,0.00045814854,-60.975002,1.8750001,8.55,9.865369359599546,0.0007163023774520316,0.1352153797704071,0.231821105795368,9.861704481054096,11.05530134,76.9270965,377.9317626953125,0.0,4.572992,,0.0,405.0,,1,1,1,0,1
1789662433486.0,5.58,0.13519448,0.2318047,9.861719,0.00030543236,-0.00045814854,0.00045814854,-60.975002,1.8750001,8.55,9.865369359599546,0.0007163023774520316,0.13523276850150995,0.23183047343345736,9.861698276921896,11.05530134,76.9270965,377.9317626953125,0.0,4.572992,,0.0,405.0,,1,1,1,0,1
1789662433496.0,5.59,0.13519448,0.2318047,9.861719,0.00030543236,0.0007635809,0.00045814854,-60.975002,1.8750001,8.55,9.865369359599546,0.0009414057584719307,0.13522118617863862,0.23182094745841114,9.861706778139542,11.05530134,76.9270965,377.9317626953125,0.0,4.572992,,0.0,405.0,,1,1,1,0,1
1789662433506.0,5.6,0.13519448,0.2318047,9.861719,0.00030543236,0.0007635809,0.00045814854,-60.975002,1.8750001,8.55,9.865369359599546,0.0009414057584719307,0.13523459020869572,0.2318215574801178,9.861701404393656,11.05530134,76.9270965,377.9317626953125,0.0,4.572992,,0.0,405.0,,1,1,1,0,1
1789662433516.0,5.61,0.13519448,0.2318047,9.861719,0.00030543236,0.0007635809,0.00045814854,-60.975002,1.8750001,8.55,9.865369359599546,0.0009414057584719307,0.13526434416680688,0.23183009440837832,9.861687027615485,11.05530134,76.9270965,377.9317626953125,0.0,4.572992,,0.0,405.0,,1,1,1,0,1
1789662433526.0,5.62,0.13519448,0.2318047,9.861719,0.00030543236,0.0007635809,0.00045814854,-61.125004,1.8000001,8.55,9.865369359599546,0.0009414057584719307,0.13523939505999888,0.2318157439788369,9.861699191875022,11.05530134,76.9270965,377.9317626953125,0.0,4.572992,,0.0,405.0,,1,1,1,0,1
1789662433536.0,5.63,0.13519448,0.2318047,9.861719,0.00030543236,0.0007635809,0.00045814854,-61.125004,1.8000001,8.55,9.865369359599546,0.0009414057584719307,0.13508156710512542,0.2317451050774699,9.861775878364423,11.05530134,76.9270965,377.9317626953125,0.0,4.572992,,0.0,405.0,,1,1,1,0,1
1789662433546.0,5.64,0.13519448,0.2318047,9.861719,0.00030543236,0.0007635809,0.00045814854,-61.125004,1.8000001,8.55,9.865369359599546,0.0009414057584719307,0.13477747804158233,0.23161160064714836,9.86192336391981,11.05530134,76.9270965,377.9317626953125,0.0,4.572992,,0.0,405.0,,1,1,1,0,1
1789662433556.0,5.65,0.13399807,0.23120649,9.862318,0.00030543236,0.0007635809,0.00045814854,-61.125004,1.8000001,8.55,9.86593777888883,0.0009414057584719307,0.13440751091175845,0.23144355882932688,9.862104087609715,11.05530134,76.9270965,377.9317626953125,0.0,4.572992,,0.0,405.0,,1,1,1,0,1
1789662433566.0,5.66,0.13399807,0.23120649,9.862318,0.00030543236,0.0007635809,0.00045814854,-61.125004,1.8000001,8.55,9.86593777888883,0.0009414057584719307,0.13410039373569163,0.23128417227950948,9.862259225473599,11.05530134,76.9270965,377.9317626953125,0.0,4.572992,,0.0,405.0,,1,1,1,0,1
1789662433576.0,5.67,0.13399807,0.23120649,9.862318,0.00030543236,0.0007635809,0.00045814854,-61.125004,1.8000001,8.55,9.86593777888883,0.0009414057584719307,0.1339464734227677,0.23116510257239492,9.862347608393014,11.05530134,76.9270965,377.9317626953125,0.0,4.572992,,0.0,405.0,,1,1,1,0,1
1789662433586.0,5.68,0.13399807,0.23120649,9.862318,0.00030543236,0.0007635809,0.00045814854,-61.125004,1.8000001,8.55,9.86593777888883,0.0009414057584719307,0.13394062605479082,0.23110144867560858,9.86236751649372,11.05530134,76.9270965,377.9317626953125,0.0,4.572992,,0.0,405.0,,1,1,1,0,1
1789662433596.0,5.69,0.13399807,0.23120649,9.862318,0.00015271618,-0.00045814854,-0.0006108647,-61.125004,1.8000001,8.55,9.86593777888883,0.0007787027661720575,0.13399666766883933,0.2311063733638953,9.862346803181637,11.05530134,76.9270965,377.9317626953125,0.0,4.572992,,0.0,405.0,,1,1,1,0,1
1789662433606.0,5.7,0.13399807,0.23120649,9.862318,0.00015271618,-0.00045814854,-0.0006108647,-61.125004,1.8000001,8.55,9.86593777888883,0.0007787027661720575,0.1340157749865573,0.23119293654483378,9.862317065738981,11.05530134,76.9270965,377.9317626953125,0.0,4.572992,,0.0,405.0,,1,1,1,0,1
1789662433616.0,5.71,0.13399807,0.23120649,9.862318,0.00015271618,-0.00045814854,-0.0006108647,-61.125004,1.725,8.700001,9.86593777888883,0.0007787027661720575,0.13395971226411837,0.23134055748020904,9.862296511046948,11.05530134,76.9270965,377.9317626953125,0.0,4.572992,,0.0,405.0,,1,1,1,0,1
1789662433626.0,5.72,0.13399807,0.23120649,9.862318,0.00015271618,-0.00045814854,-0.0006108647,-61.125004,1.725,8.700001,9.86593777888883,0.0007787027661720575,0.13388506438105444,0.2314510503194515,9.86229090373666,11.05530134,76.9270965,377.9317626953125,0.0,4.572992,,0.0,405.0,,1,1,1,0,1
1789662433636.0,5.73,0.13399807,0.23120649,9.862318,0.00015271618,-0.00045814854,-0.0006108647,-61.125004,1.725,8.700001,9.86593777888883,0.0007787027661720575,0.13391557684250374,0.23135592882317313,9.862303590654612,11.05530134,76.9270965,377.9317626953125,0.0,4.572992,,0.0,405.0,,1,1,1,0,1
1789662433646.0,5.74,0.13399807,0.23120649,9.862318,0.00015271618,-0.00045814854,-0.0006108647,-61.125004,1.725,8.700001,9.86593777888883,0.0007787027661720575,0.13415954399823998,0.23091166192568904,9.862340791143833,11.05530134,76.9270965,377.9317626953125,0.0,4.572992,,0.0,405.0,,1,1,1,0,1
1789662433656.0,5.75,0.13399807,0.23120649,9.862318,0.00015271618,-0.00045814854,-0.0006108647,-61.125004,1.725,8.700001,9.86593777888883,0.0007787027661720575,0.13461992896817343,0.23013149079208883,9.862407308069868,11.05530134,76.9270965,377.9317626953125,0.0,4.572992,,0.0,405.0,,1,1,1,0,1
1789662433666.0,5.76,0.13579269,0.22821546,9.862617,0.00015271618,-0.00045814854,-0.0006108647,-61.125004,1.725,8.700001,9.866191567141268,0.0007787027661720575,0.13516933096061726,0.2292303241803888,9.862498802918338,11.05530134,76.9270965,377.9317626953125,0.0,4.572992,,0.0,405.0,,1,1,1,0,1
1789662433676.0,5.77,0.13579269,0.22821546,9.862617,0.00015271618,-0.00045814854,-0.0006108647,-61.125004,1.725,8.700001,9.866191567141268,0.0007787027661720575,0.13562437913854006,0.22850692203533568,9.862598113609993,11.05530134,76.9270965,377.9317626953125,0.0,4.572992,,0.0,405.0,,1,1,1,0,1
1789662433686.0,5.78,0.13579269,0.22821546,9.862617,0.00015271618,-0.00045814854,-0.0006108647,-61.125004,1.725,8.700001,9.866191567141268,0.0007787027661720575,0.1358663307477311,0.22814152808777602,9.862676474619192,11.05530134,76.9270965,377.9317626953125,0.0,4.572992,,0.0,405.0,,1,1,1,0,1
1789662433696.0,5.79,0.13579269,0.22821546,9.862617,0.00015271618,-0.00045814854,-0.0006108647,-61.125004,1.725,8.700001,9.866191567141268,0.0007787027661720575,0.1359073899360978,0.22808349109834106,9.862699153199074,11.05530134,76.9270965,377.9317626953125,0.0,4.572992,,0.0,405.0,,1,1,1,0,1
1789662433706.0,5.8,0.13579269,0.22821546,9.862617,0.00030543236,0.0007635809,-0.0007635809,-61.125004,1.725,8.700001,9.866191567141268,0.0011222301494010886,0.13585426554342295,0.22812558843051184,9.862641771233621,11.05530134,76.9270965,377.9317626953125,0.0,4.572992,,0.0,405.0,,1,1,1,0,1
1789662433716.0,5.81,0.13579269,0.22821546,9.862617,0.00030543236,0.0007635809,-0.0007635809,-60.675003,2.025,8.475,9.866191567141268,0.0011222301494010886,0.13581234580893803,0.22809707466923618,9.862521488043791,11.05530134,76.9270965,377.9317626953125,0.0,4.572992,,0.0,405.0,,1,1,1,0,1
1789662433726.0,5.82,0.13579269,0.22821546,9.862617,0.00030543236,0.0007635809,-0.0007635809,-60.675003,2.025,8.475,9.866191567141268,0.0011222301494010886,0.13581141439510835,0.22801836041425014,9.862425089095147,11.05530134,76.9270965,377.9317626953125,0.0,4.572992,,0.0,405.0,,1,1,1,0,1
1789662433736.0,5.83,0.13579269,0.22821546,9.862617,0.00030543236,0.0007635809,-0.0007635809,-60.675003,2.025,8.475,9.866191567141268,0.0011222301494010886,0.1358009790763568,0.2280975478860226,9.862494441524923,11.05530134,76.9270965,377.9317626953125,0.0,4.572992,,0.0,405.0,,1,1,1,0,1
1789662433746.0,5.84,0.13579269,0.22821546,9.862617,0.00030543236,0.0007635809,-0.0007635809,-60.675003,2.025,8.475,9.866191567141268,0.0011222301494010886,0.13570681234524157,0.2285632960770234,9.862846778052074,11.05530134,76.9270965,377.9317626953125,0.0,4.572992,,0.0,405.0,,1,1,1,0,1
1789662433756.0,5.85,0.13579269,0.22821546,9.862617,0.00030543236,0.0007635809,-0.0007635809,-60.675003,2.025,8.475,9.866191567141268,0.0011222301494010886,0.13550051695768053,0.22945401932703863,9.8634709971635,11.05530134,76.9270965,377.9317626953125,0.0,4.572992,,0.0,405.0,,1,1,1,0,1
1789662433766.0,5.86,0.13489537,0.2318047,9.865009,0.00030543236,0.0007635809,-0.0007635809,-60.675003,2.025,8.475,9.86865404955866,0.0011222301494010886,0.13522855886698665,0.2305392694671007,9.86419470002021,11.05530134,76.9270965,377.9317626953125,0.0,4.572992,,0.0,405.0,,1,1,1,0,1
1789662433776.0,5.87,0.13489537,0.2318047,9.865009,0.00030543236,0.0007635809,-0.0007635809,-60.675003,2.025,8.475,9.86865404955866,0.0011222301494010886,0.1349810646623992,0.23145724815416033,9.864778911358501,11.05530134,76.9270965,377.9317626953125,0.0,4.572992,,0.0,405.0,,1,1,1,0,1
1789662433786.0,5.88,0.13489537,0.2318047,9.865009,0.00030543236,0.0007635809,-0.0007635809,-60.675003,2.025,8.475,9.86865404955866,0.0011222301494010886,0.13483162730536868,0.23195936175158088,9.865077683528032,11.05530134,76.9270965,377.9317626953125,0.0,4.572992,,0.0,405.0,,1,1,1,0,1
1789662433796.0,5.89,0.13489537,0.2318047,9.865009,0.00030543236,0.0007635809,-0.0007635809,-60.675003,2.025,8.475,9.86865404955866,0.0011222301494010886,0.13479938702363153,0.23205245464520183,9.865126151277705,11.05530134,76.9270965,377.9317626953125,0.0,4.572992,,0.0,405.0,,1,1,1,0,1
1789662433806.0,5.9,0.13489537,0.2318047,9.865009,0.00030543236,-0.00045814854,-0.0007635809,-60.675003,2.025,8.475,9.86865404955866,0.0009414057584719307,0.13485355207483712,0.23193672460217846,9.865083594821089,11.05530134,76.9270965,377.9317626953125,0.0,4.572992,,0.0,405.0,,1,1,1,0,1
1789662433816.0,5.91,0.13489537,0.2318047,9.865009,0.00030543236,-0.00045814854,-0.0007635809,-60.9,1.8000001,9.3,9.86865404955866,0.0009414057584719307,0.13493850692616857,0.23182433995996754,9.865086533803929,11.05530134,76.9270965,377.9317626953125,0.0,4.572992,,0.0,405.0,,1,1,1,0,1
1789662433826.0,5.92,0.13489537,0.2318047,9.865009,0.00030543236,-0.00045814854,-0.0007635809,-60.9,1.8000001,9.3,9.86865404955866,0.0009414057584719307,0.13499248021686783,0.23179685676001513,9.865132395973118,11.05530134,76.9270965,377.9317626953125,0.0,4.572992,,0.0,405.0,,1,1,1,0,1
1789662433836.0,5.93,0.13489537,0.2318047,9.865009,0.00030543236,-0.00045814854,-0.0007635809,-60.9,1.8000001,9.3,9.86865404955866,0.0009414057584719307,0.13495913390902506,0.23179022651130252,9.865080908528178,11.05530134,76.9270965,377.9317626953125,0.0,4.572992,,0.0,405.0,,1,1,1,0,1
1789662433846.0,5.94,0.13489537,0.2318047,9.865009,0.00030543236,-0.00045814854,-0.0007635809,-60.9,1.8000001,9.3,9.86865404955866,0.0009414057584719307,0.13480738705684497,0.2316869384993016,9.864773198173818,11.05530134,76.9270965,377.9317626953125,0.0,4.572992,,0.0,405.0,,1,1,1,0,1
1789662433856.0,5.95,0.13489537,0.2318047,9.865009,0.00030543236,-0.00045814854,-0.0007635809,-60.9,1.8000001,9.3,9.86865404955866,0.0009414057584719307,0.13455776062390595,0.23142927312820877,9.86418039633445,11.05530134,76.9270965,377.9317626953125,0.0,4.572992,,0.0,405.0,,1,1,1,0,1
1789662433866.0,5.96,0.13399807,0.23060828,9.862617,0.00030543236,-0.00045814854,-0.0007635809,-60.9,1.8000001,9.3,9.866222668795656,0.0009414057584719307,0.13428670030521336,0.2310688533604421,9.863458514948714,11.05530134,76.9270965,377.9317626953125,0.0,4.572992,,0.0,405.0,,1,1,1,0,1
1789662433876.0,5.97,0.13399807,0.23060828,9.862617,0.00030543236,-0.00045814854,-0.0007635809,-60.9,1.8000001,9.3,9.866222668795656,0.0009414057584719307,0.13408625782243902,0.2307262952102317,9.862852726056955,11.05530134,76.9270965,377.9317626953125,0.0,4.572992,,0.0,405.0,,1,1,1,0,1
1789662433886.0,5.98,0.13399807,0.23060828,9.862617,0.00030543236,-0.00045814854,-0.0007635809,-60.9,1.8000001,9.3,9.866222668795656,0.0009414057584719307,0.1340004958590561,0.2305086594505107,9.862527611770126,11.05530134,76.9270965,377.9317626953125,0.0,4.572992,,0.0,405.0,,1,1,1,0,1
1789662433896.0,5.99,0.13399807,0.23060828,9.862617,0.00030543236,-0.00045814854,-0.0007635809,-60.9,1.8000001,9.3,9.866222668795656,0.0009414057584719307,0.13399317731556587,0.23045591895741102,9.862469305105108,11.05530134,76.9270965,377.9317626953125,0.0,4.572992,,0.0,405.0,,1,1,1,0,1
1789662433906.0,6.0,0.13399807,0.23060828,9.862617,-0.0009162971,0.00015271618,-0.00015271618,-60.9,1.8000001,9.3,9.866222668795656,0.0009414057779385012,0.13398134619325608,0.2305407362471227,9.862532610091726,11.05530134,76.9270965,377.9317626953125,0.0,4.572992,,0.0,405.0,,1,1,1,0,1
1789662433916.0,6.01,0.13399807,0.23060828,9.862617,-0.0009162971,0.00015271618,-0.00015271618,-60.9,1.8000001,9.3,9.866222668795656,0.0009414057779385012,0.13391477956578232,0.23069005419674068,9.862575571637295,11.05530134,76.9270965,377.9317626953125,0.0,4.572992,,0.0,405.0,,1,1,1,0,1
1789662433926.0,6.02,0.13399807,0.23060828,9.862617,-0.0009162971,0.00015271618,-0.00015271618,-60.525,2.1000001,8.85,9.866222668795656,0.0009414057779385012,0.13384115132766167,0.23079777279770847,9.862566609507985,11.05530134,76.9270965,377.9317626953125,0.0,4.572992,,0.0,405.0,,1,1,1,0,1
1789662433936.0,6.03,0.13399807,0.23060828,9.862617,-0.0009162971,0.00015271618,-0.00015271618,-60.525,2.1000001,8.85,9.866222668795656,0.0009414057779385012,0.13389851790927665,0.23074082689393313,9.862590923028648,11.05530134,76.9270965,377.9317626953125,0.0,4.572992,,0.0,405.0,,1,1,1,0,1
1789662433946.0,6.04,0.13399807,0.23060828,9.862617,-0.0009162971,0.00015271618,-0.00015271618,-60.525,2.1000001,8.85,9.866222668795656,0.0009414057779385012,0.13422222288595828,0.2304286020208052,9.862763493896466,11.05530134,76.9270965,377.9317626953125,0.0,4.572992,,0.0,405.0,,1,1,1,0,1
1789662433956.0,6.05,0.13399807,0.23060828,9.862617,-0.0009162971,0.00015271618,-0.00015271618,-60.525,2.1000001,8.85,9.866222668795656,0.0009414057779385012,0.13482487226558212,0.2298740677855916,9.863120148353959,11.05530134,76.9270965,377.9317626953125,0.0,4.572992,,0.0,405.0,,1,1,1,0,1
1789662433966.0,6.06,0.1363909,0.22851457,9.864112,-0.0009162971,0.00015271618,-0.00015271618,-60.525,2.1000001,8.85,9.867701198093156,0.0009414057779385012,0.1355519918077822,0.22922113642792735,9.86357337259282,11.05530134,76.9270965,377.9317626953125,0.0,4.572992,,0.0,405.0,,1,1,1,0,1
1789662433976.0,6.07,0.1363909,0.22851457,9.864112,-0.0009162971,0.00015271618,-0.00015271618,-60.525,2.1000001,8.85,9.867701198093156,0.0009414057779385012,0.1361680869741216,0.22867782404715553,9.86396865287798,11.05530134,76.9270965,377.9317626953125,0.0,4.572992,,0.0,405.0,,1,1,1,0,1
1789662433986.0,6.08,0.1363909,0.22851457,9.864112,-0.0009162971,0.00015271618,-0.00015271618,-60.525,2.1000001,8.85,9.867701198093156,0.0009414057779385012,0.13650886751916694,0.22839296832595712,9.864190823897987,11.05530134,76.9270965,377.9317626953125,0.0,4.572992,,0.0,405.0,,1,1,1,0,1
1789662433996.0,6.09,0.1363909,0.22851457,9.864112,-0.0009162971,0.00015271618,-0.00015271618,-60.525,2.1000001,8.85,9.867701198093156,0.0009414057779385012,0.13657085098807284,0.22837386981859534,9.864229836904338,11.05530134,76.9270965,377.9317626953125,0.0,4.572992,,0.0,405.0,,1,1,1,0,1
1789662434006.0,6.1,0.1363909,0.22851457,9.864112,-0.0009162971,0.00015271618,-0.00015271618,-60.525,2.1000001,8.85,9.867701198093156,0.0009414057779385012,0.13647656108693232,0.22850060936873728,9.864163110548256,11.05530326,76.92709644,378.0865478515625,0.0,3.9674933,,0.0,405.0,,1,1,1,0,1
1789662434016.0,6.11,0.1363909,0.22851457,9.864112,-0.0009162971,0.00015271618,-0.00015271618,-60.525,2.1000001,8.85,9.867701198093156,0.0009414057779385012,0.13636903125943578,0.22860935827803724,9.864088240925165,11.05530326,76.92709644,378.0865478515625,0.0,3.9674933,,0.0,405.0,,1,1,1,0,1
1789662434026.0,6.12,0.1363909,0.22851457,9.864112,0.00030543236,-0.00045814854,-0.0007635809,-60.300003,2.1750002,8.85,9.867701198093156,0.0009414057584719307,0.13632853850358428,0.22858556240126207,9.864065406950392,11.05530326,76.92709644,378.0865478515625,0.0,3.9674933,,0.0,405.0,,1,1,1,0,1
1789662434036.0,6.13,0.1363909,0.22851457,9.864112,0.00030543236,-0.00045814854,-0.0007635809,-60.300003,2.1750002,8.85,9.867701198093156,0.0009414057584719307,0.13635574704537312,0.2284297500026091,9.864098579600041,11.05530326,76.92709644,378.0865478515625,0.0,3.9674933,,0.0,405.0,,1,1,1,0,1
1789662434046.0,6.14,0.1363909,0.22851457,9.864112,0.00030543236,-0.00045814854,-0.0007635809,-60.300003,2.1750002,8.85,9.867701198093156,0.0009414057584719307,0.13640403891104655,0.22827629220816328,9.864148336617857,11.05530326,76.92709644,378.0865478515625,0.0,3.9674933,,0.0,405.0,,1,1,1,0,1
1789662434056.0,6.15,0.1363909,0.22851457,9.864112,0.00030543236,-0.00045814854,-0.0007635809,-60.300003,2.1750002,8.85,9.867701198093156,0.0009414057584719307,0.1364225208495075,0.22834259816648528,9.86415846355941,11.05530326,76.92709644,378.0865478515625,0.0,3.9674933,,0.0,405.0,,1,1,1,0,1
1789662434066.0,6.16,0.1363909,0.22851457,9.864112,0.00030543236,-0.00045814854,-0.0007635809,-60.300003,2.1750002,8.85,9.867701198093156,0.0009414057584719307,0.13638476972260077,0.22880380203383632,9.864085465091383,11.05530326,76.92709644,378.0865478515625,0.0,3.9674933,,0.0,405.0,,1,1,1,0,1
1789662434076.0,6.17,0.1363909,0.22851457,9.864112,0.00030543236,-0.00045814854,-0.0007635809,-60.300003,2.1750002,8.85,9.867701198093156,0.0009414057584719307,0.13629755497286333,0.22965281067462268,9.863923527101027,11.05530326,76.92709644,378.0865478515625,0.0,3.9674933,,0.0,405.0,,1,1,1,0,1
1789662434086.0,6.18,0.13609178,0.2318047,9.863514,0.00030543236,-0.00045814854,-0.0007635809,-60.300003,2.1750002,8.85,9.867176030644314,0.0009414057584719307,0.1361925495544433,0.23066130623872383,9.86371338598828,11.05530326,76.92709644,378.0865478515625,0.0,3.9674933,,0.0,405.0,,1,1,1,0,1
1789662434096.0,6.19,0.13609178,0.2318047,9.863514,0.00030543236,-0.00045814854,-0.0007635809,-60.300003,2.1750002,8.85,9.867176030644314,0.0009414057584719307,0.1361071807395605,0.23150493251700563,9.86352647170535,11.05530326,76.92709644,378.0865478515625,0.0,3.9674933,,0.0,405.0,,1,1,1,0,1
1789662434106.0,6.2,0.13609178,0.2318047,9.863514,0.00030543236,-0.00045814854,-0.0007635809,-60.300003,2.1750002,8.85,9.867176030644314,0.0009414057584719307,0.13606505764215898,0.23196676696870028,9.863430896071904,11.05530326,76.92709644,378.0865478515625,0.0,3.9674933,,0.0,405.0,,1,1,1,0,1
1789662434116.0,6.21,0.13609178,0.2318047,9.863514,0.00030543236,0.00015271618,-0.00015271618,-60.600002,1.95,8.85,9.867176030644314,0.0003740767164670295,0.13606680545090813,0.23205056227818927,9.863456344889936,11.05530326,76.92709644,378.0865478515625,0.0,3.9674933,,0.0,405.0,,1,1,1,0,1
1789662434126.0,6.22,0.13609178,0.2318047,9.863514,0.00030543236,0.00015271618,-0.00015271618,-60.600002,1.95,8.85,9.867176030644314,0.0003740767164670295,0.13609378920517018,0.23192597342112775,9.863570234618884,11.05530326,76.92709644,378.0865478515625,0.0,3.9674933,,0.0,405.0,,1,1,1,0,1
1789662434136.0,6.23,0.13609178,0.2318047,9.863514,0.00030543236,0.00015271618,-0.00015271618,-60.600002,1.95,8.85,9.867176030644314,0.0003740767164670295,0.13611841034155947,0.23178286469166468,9.86367323986221,11.05530326,76.92709644,378.0865478515625,0.0,3.9674933,,0.0,405.0,,1,1,1,0,1
1789662434146.0,6.24,0.13609178,0.2318047,9.863514,0.00030543236,0.00015271618,-0.00015271618,-60.600002,1.95,8.85,9.867176030644314,0.0003740767164670295,0.1361148666384239,0.23172246707242397,9.863628368052996,11.05530326,76.92709644,378.0865478515625,0.0,3.9674933,,0.0,405.0,,1,1,1,0,1
1789662434156.0,6.25,0.13609178,0.2318047,9.863514,0.00030543236,0.00015271618,-0.00015271618,-60.600002,1.95,8.85,9.867176030644314,0.0003740767164670295,0.13606917420183987,0.23174344869755867,9.863331369075162,11.05530326,76.92709644,378.0865478515625,0.0,3.9674933,,0.0,405.0,,1,1,1,0,1
1789662434166.0,6.26,0.13609178,0.2318047,9.863514,0.00030543236,0.00015271618,-0.00015271618,-60.600002,1.95,8.85,9.867176030644314,0.0003740767164670295,0.13598693281735774,0.231793614358282,9.862791127371091,11.05530326,76.92709644,378.0865478515625,0.0,3.9674933,,0.0,405.0,,1,1,1,0,1
1789662434176.0,6.27,0.13579269,0.2318047,9.861421,0.00030543236,0.00015271618,-0.00015271618,-60.600002,1.95,8.85,9.865079686086704,0.0003740767164670295,0.13589277239160216,0.23182725161370304,9.862151127020903,11.05530326,76.92709644,378.0865478515625,0.0,3.9674933,,0.0,405.0,,1,1,1,0,1
1789662434186.0,6.28,0.13579269,0.2318047,9.861421,0.00030543236,0.00015271618,-0.00015271618,-60.600002,1.95,8.85,9.865079686086704,0.0003740767164670295,0.1358174132424695,0.23183080262756353,9.861612526044357,11.05530326,76.92709644,378.0865478515625,0.0,3.9674933,,0.0,405.0,,1,1,1,0,1
1789662434196.0,6.29,0.13579269,0.2318047,9.861421,0.00030543236,0.00015271618,-0.00015271618,-60.600002,1.95,8.85,9.865079686086704,0.0003740767164670295,0.13577934615289136,0.2318161427575314,9.8613108862979,11.05530326,76.92709644,378.0865478515625,0.0,3.9674933,,0.0,405.0,,1,1,1,0,1
1789662434206.0,6.3,0.13579269,0.2318047,9.861421,0.00030543236,0.00015271618,-0.00015271618,-60.600002,1.95,8.85,9.865079686086704,0.0003740767164670295,0.13577527512814494,0.23180110015817076,9.861249026264458,11.05530326,76.92709644,378.0865478515625,0.0,3.9674933,,0.0,405.0,,1,1,1,0,1
1789662434216.0,6.31,0.13579269,0.2318047,9.861421,0.00030543236,-0.00045814854,-0.0007635809,-60.600002,1.95,8.85,9.865079686086704,0.0009414057584719307,0.135786297887399,0.23179545517846428,9.86133047698438,11.05530326,76.92709644,378.0865478515625,0.0,3.9674933,,0.0,405.0,,1,1,1,0,1
1789662434226.0,6.32,0.13579269,0.2318047,9.861421,0.00030543236,-0.00045814854,-0.0007635809,-60.675003,2.025,8.925,9.865079686086704,0.0009414057584719307,0.13579336854468188,0.23179854116312693,9.861442519487296,11.05530326,76.92709644,378.0865478515625,0.0,3.9674933,,0.0,405.0,,1,1,1,0,1
1789662434236.0,6.33,0.13579269,0.2318047,9.861421,0.00030543236,-0.00045814854,-0.0007635809,-60.675003,2.025,8.925,9.865079686086704,0.0009414057584719307,0.13578995455879792,0.23180441843358596,9.86151237038471,11.05530326,76.92709644,378.0865478515625,0.0,3.9674933,,0.0,405.0,,1,1,1,0,1
1789662434246.0,6.34,0.13579269,0.2318047,9.861421,0.00030543236,-0.00045814854,-0.0007635809,-60.675003,2.025,8.925,9.865079686086704,0.0009414057584719307,0.13578410510106442,0.23180786859075214,9.861511728456376,11.05530326,76.92709644,378.0865478515625,0.0,3.9674933,,0.0,405.0,,1,1,1,0,1
1789662434256.0,6.35,0.13579269,0.2318047,9.861421,0.00030543236,-0.00045814854,-0.0007635809,-60.675003,2.025,8.925,9.865079686086704,0.0009414057584719307,0.13578945716720325,0.23180728105226475,9.861440676646032,11.05530326,76.92709644,378.0865478515625,0.0,3.9674933,,0.0,405.0,,1,1,1,0,1
1789662434266.0,6.36,0.13579269,0.2318047,9.861421,0.00030543236,-0.00045814854,-0.0007635809,-60.675003,2.025,8.925,9.865079686086704,0.0009414057584719307,0.13581052826882337,0.23180431410464916,9.861328048416633,11.05530326,76.92709644,378.0865478515625,0.0,3.9674933,,0.0,405.0,,1,1,1,0,1
1789662434276.0,6.37,0.13579269,0.2318047,9.861421,-0.00030543236,0.0007635809,0.00045814854,-60.675003,2.025,8.925,9.865079686086704,0.0009414057584719307,0.13583161844656502,0.23180201569524495,9.861247683317433,11.05530326,76.92709644,378.0865478515625,0.0,3.9674933,,0.0,405.0,,1,1,1,0,1
1789662434286.0,6.38,0.13579269,0.2318047,9.861421,-0.00030543236,0.0007635809,0.00045814854,-60.675003,2.025,8.925,9.865079686086704,0.0009414057584719307,0.1358193130372163,0.23180278765864723,9.861312842224036,11.05530326,76.92709644,378.0865478515625,0.0,3.9674933,,0.0,405.0,,1,1,1,0,1
1789662434296.0,6.39,0.13579269,0.2318047,9.861421,-0.00030543236,0.0007635809,0.00045814854,-60.675003,2.025,8.925,9.865079686086704,0.0009414057584719307,0.1357419153743929,0.23180675164997996,9.861618447576982,11.05530326,76.92709644,378.0865478515625,0.0,3.9674933,,0.0,405.0,,1,1,1,0,1
1789662434306.0,6.4,0.13579269,0.2318047,9.861421,-0.00030543236,0.0007635809,0.00045814854,-60.675003,2.025,8.925,9.865079686086704,0.0009414057584719307,0.13559493070250583,0.23181099927701204,9.862157734208033,11.05530326,76.92709644,378.0865478515625,0.0,3.9674933,,0.0,405.0,,1,1,1,0,1
1789662434316.0,6.41,0.13519448,0.2318047,9.863514,-0.00030543236,0.0007635809,0.00045814854,-60.675003,2.025,8.925,9.867163695538885,0.0009414057584719307,0.1354114281781839,0.23181068790902382,9.862791350281718,11.05530326,76.92709644,378.0865478515625,0.0,3.9674933,,0.0,405.0,,1,1,1,0,1
1789662434326.0,6.42,0.13519448,0.2318047,9.863514,-0.00030543236,0.0007635809,0.00045814854,-60.675003,2.1000001,9.150001,9.867163695538885,0.0009414057584719307,0.13524558111455623,0.2318026440563786,9.86331933435405,11.05530326,76.92709644,378.0865478515625,0.0,3.9674933,,0.0,405.0,,1,1,1,0,1
1789662434336.0,6.43,0.13519448,0.2318047,9.863514,-0.00030543236,0.0007635809,0.00045814854,-60.675003,2.1000001,9.150001,9.867163695538885,0.0009414057584719307,0.1351425664640918,0.2317900909297162,9.863607601988639,11.05530326,76.92709644,378.0865478515625,0.0,3.9674933,,0.0,405.0,,1,1,1,0,1
1789662434346.0,6.44,0.13519448,0.2318047,9.863514,-0.00030543236,0.0007635809,0.00045814854,-60.675003,2.1000001,9.150001,9.867163695538885,0.0009414057584719307,0.13511946254687243,0.23178429606871342,9.863661075915438,11.05530326,76.92709644,378.0865478515625,0.0,3.9674933,,0.0,405.0,,1,1,1,0,1
1789662434356.0,6.45,0.13519448,0.2318047,9.863514,-0.00030543236,0.0007635809,0.00045814854,-60.675003,2.1000001,9.150001,9.867163695538885,0.0009414057584719307,0.13516488276651772,0.23179840042721842,9.863589502288933,11.05530326,76.92709644,378.0865478515625,0.0,3.9674933,,0.0,405.0,,1,1,1,0,1
1789662434366.0,6.46,0.13519448,0.2318047,9.863514,-0.00030543236,0.0007635809,0.00045814854,-60.675003,2.1000001,9.150001,9.867163695538885,0.0009414057584719307,0.1352441198808533,0.231833364256721,9.863512088156442,11.05530326,76.92709644,378.0865478515625,0.0,3.9674933,,0.0,405.0,,1,1,1,0,1
1789662434376.0,6.47,0.13519448,0.2318047,9.863514,0.00030543236,-0.00045814854,0.00045814854,-60.675003,2.1000001,9.150001,9.867163695538885,0.0007163023774520316,0.13530046940689874,0.23186481113747856,9.863484286086964,11.05530326,76.92709644,378.0865478515625,0.0,3.9674933,,0.0,405.0,,1,1,1,0,1
1789662434386.0,6.48,0.13519448,0.2318047,9.863514,0.00030543236,-0.00045814854,0.00045814854,-60.675003,2.1000001,9.150001,9.867163695538885,0.0007163023774520316,0.13526402426643708,0.23184535895818317,9.86348937452445,11.05530326,76.92709644,378.0865478515625,0.0,3.9674933,,0.0,405.0,,1,1,1,0,1
1789662434396.0,6.49,0.13519448,0.2318047,9.863514,0.00030543236,-0.00045814854,0.00045814854,-60.675003,2.1000001,9.150001,9.867163695538885,0.0007163023774520316,0.1350833569367341,0.23173004963203261,9.86347982448327,11.05530326,76.92709644,378.0865478515625,0.0,3.9674933,,0.0,405.0,,1,1,1,0,1
1789662434406.0,6.5,0.13519448,0.2318047,9.863514,0.00030543236,-0.00045814854,0.00045814854,-60.675003,2.1000001,9.150001,9.867163695538885,0.0007163023774520316,0.1347686097736087,0.2315116924735428,9.863425951641371,11.05530326,76.92709644,378.0865478515625,0.0,3.9674933,,0.0,405.0,,1,1,1,0,1
1789662434416.0,6.51,0.13399807,0.23090738,9.8632145,0.00030543236,-0.00045814854,0.00045814854,-60.675003,2.1000001,9.150001,9.866826945574369,0.0007163023774520316,0.1344049798474925,0.23123644364815488,9.863337168486993,11.05530326,76.92709644,378.0865478515625,0.0,3.9674933,,0.0,405.0,,1,1,1,0,1
1789662434426.0,6.52,0.13399807,0.23090738,9.8632145,0.00030543236,-0.00045814854,0.00045814854,-60.600002,2.25,8.625,9.866826945574369,0.0007163023774520316,0.13410875733522906,0.23098235964563915,9.863248652966798,11.05530326,76.92709644,378.0865478515625,0.0,3.9674933,,0.0,405.0,,1,1,1,0,1
1789662434436.0,6.53,0.13399807,0.23090738,9.8632145,0.00030543236,-0.00045814854,0.00045814854,-60.600002,2.25,8.625,9.866826945574369,0.0007163023774520316,0.1339533328660842,0.23081876031309356,9.863192543192023,11.05530326,76.92709644,378.0865478515625,0.0,3.9674933,,0.0,405.0,,1,1,1,0,1
1789662434446.0,6.54,0.13399807,0.23090738,9.8632145,0.00030543236,-0.00045814854,0.00045814854,-60.600002,2.25,8.625,9.866826945574369,0.0007163023774520316,0.13392771021528513,0.23077946828569837,9.863179090008636,11.05530326,76.92709644,378.0865478515625,0.0,3.9674933,,0.0,405.0,,1,1,1,0,1
1789662434456.0,6.55,0.13399807,0.23090738,9.8632145,0.00030543236,-0.00045814854,0.00045814854,-60.600002,2.25,8.625,9.866826945574369,0.0007163023774520316,0.1339603908051636,0.23085770736934078,9.863197436116968,11.05530326,76.92709644,378.0865478515625,0.0,3.9674933,,0.0,405.0,,1,1,1,0,1
1789662434466.0,6.56,0.13399807,0.23090738,9.8632145,0.00030543236,-0.00045814854,0.00045814854,-60.600002,2.25,8.625,9.866826945574369,0.0007163023774520316,0.133982444849348,0.2310028707589692,9.863226830761525,11.05530326,76.92709644,378.0865478515625,0.0,3.9674933,,0.0,405.0,,1,1,1,0,1
1789662434476.0,6.57,0.13399807,0.23090738,9.8632145,0.00030543236,0.00015271618,0.00045814854,-60.600002,2.25,8.625,9.866826945574369,0.0005714116229768989,0.1339772297335493,0.23111206594895867,9.86324572337875,11.05530326,76.92709644,378.0865478515625,0.0,3.9674933,,0.0,405.0,,1,1,1,0,1
1789662434486.0,6.58,0.13399807,0.23090738,9.8632145,0.00030543236,0.00015271618,0.00045814854,-60.600002,2.25,8.625,9.866826945574369,0.0005714116229768989,0.13398343563000278,0.2310448253920798,9.863236162764705,11.05530326,76.92709644,378.0865478515625,0.0,3.9674933,,0.0,405.0,,1,1,1,0,1
1789662434496.0,6.59,0.13399807,0.23090738,9.8632145,0.00030543236,0.00015271618,0.00045814854,-60.600002,2.25,8.625,9.866826945574369,0.0005714116229768989,0.13405473935479034,0.23069042270186477,9.863188579237645,11.05530326,76.92709644,378.0865478515625,0.0,3.9674933,,0.0,405.0,,1,1,1,0,1
1789662434506.0,6.6,0.13399807,0.23090738,9.8632145,0.00030543236,0.00015271618,0.00045814854,-60.600002,2.25,8.625,9.866826945574369,0.0005714116229768989,0.13420812401472243,0.23006083099403823,9.863108319794327,11.05530326,76.92709644,378.0865478515625,0.0,3.9674933,,0.0,405.0,,1,1,1,0,1
1789662434516.0,6.61,0.13459627,0.22851457,9.862916,0.00030543236,0.00015271618,0.00045814854,-60.600002,2.25,8.625,9.866480988055276,0.0005714116229768989,0.13440084576314398,0.229324066321186,9.863016983741483,11.05530326,76.92709644,378.0865478515625,0.0,3.9674933,,0.0,405.0,,1,1,1,0,1
1789662434526.0,6.62,0.13459627,0.22851457,9.862916,0.00030543236,0.00015271618,0.00045814854,-60.525,2.1750002,7.425,9.866480988055276,0.0005714116229768989,0.13455581161262212,0.22871964313688142,9.862942297693614,11.05530326,76.92709644,378.0865478515625,0.0,3.9674933,,0.0,405.0,,1,1,1,0,1
1789662434536.0,6.63,0.13459627,0.22851457,9.862916,0.00030543236,0.00015271618,0.00045814854,-60.525,2.1750002,7.425,9.866480988055276,0.0005714116229768989,0.13461702080259644,0.22840803886566585,9.862901933619211,11.05530326,76.92709644,378.0865478515625,0.0,3.9674933,,0.0,405.0,,1,1,1,0,1
1789662434546.0,6.64,0.13459627,0.22851457,9.862916,0.00030543236,0.00015271618,0.00045814854,-60.525,2.1750002,7.425,9.866480988055276,0.0005714116229768989,0.1345923243570694,0.22837757792807523,9.862894659688145,11.05530326,76.92709644,378.0865478515625,0.0,3.9674933,,0.0,405.0,,1,1,1,0,1
1789662434556.0,6.65,0.13459627,0.22851457,9.862916,0.00030543236,0.00015271618,0.00045814854,-60.525,2.1750002,7.425,9.866480988055276,0.0005714116229768989,0.13455088545629706,0.22847828369123782,9.86290540392495,11.05530326,76.92709644,378.0865478515625,0.0,3.9674933,,0.0,405.0,,1,1,1,0,1
1789662434566.0,6.66,0.13459627,0.22851457,9.862916,0.00030543236,0.00015271618,0.00045814854,-60.525,2.1750002,7.425,9.866480988055276,0.0005714116229768989,0.1345735682961443,0.22854176182983588,9.862917777540734,11.05530326,76.92709644,378.0865478515625,0.0,3.9674933,,0.0,405.0,,1,1,1,0,1
1789662434576.0,6.67,0.13459627,0.22851457,9.862916,0.00030543236,0.0007635809,0.00045814854,-60.525,2.1750002,7.425,9.866480988055276,0.0009414057584719307,0.13468235405859305,0.2284952348088192,9.862923198819303,11.05530326,76.92709644,378.0865478515625,0.0,3.9674933,,0.0,405.0,,1,1,1,0,1
1789662434586.0,6.68,0.13459627,0.22851457,9.862916,0.00030543236,0.0007635809,0.00045814854,-60.525,2.1750002,7.425,9.866480988055276,0.0009414057584719307,0.1347925657812865,0.2284038313183518,9.86292177205964,11.05530326,76.92709644,378.0865478515625,0.0,3.9674933,,0.0,405.0,,1,1,1,0,1
1789662434596.0,6.69,0.13459627,0.22851457,9.862916,0.00030543236,0.0007635809,0.00045814854,-60.525,2.1750002,7.425,9.866480988055276,0.0009414057584719307,0.13473390483203448,0.22842402222323005,9.86291766409497,11.05530326,76.92709644,378.0865478515625,0.0,3.9674933,,0.0,405.0,,1,1,1,0,1
1789662434606.0,6.7,0.13459627,0.22851457,9.862916,0.00030543236,0.0007635809,0.00045814854,-60.525,2.1750002,7.425,9.866480988055276,0.0009414057584719307,0.13435422726777785,0.22869352666803233,9.8629143389956,11.05530326,76.92709644,378.0865478515625,0.0,3.9674933,,0.0,405.0,,1,1,1,0,1
1789662434616.0,6.71,0.13459627,0.22851457,9.862916,0.00030543236,0.0007635809,0.00045814854,-60.525,2.1750002,7.425,9.866480988055276,0.0009414057584719307,0.13364986243211194,0.22922229176442876,9.862912852013741,11.05530326,76.92709644,378.0865478515625,0.0,3.9674933,,0.0,405.0,,1,1,1,0,1
1789662434626.0,6.72,0.13190435,0.23060828,9.862916,0.00030543236,0.0007635809,0.00045814854,-60.075,1.95,8.1,9.866493346645985,0.0009414057584719307,0.1328125523948724,0.22986569018053687,9.862912909266404,11.05530326,76.92709644,378.0865478515625,0.0,3.9674933,,0.0,405.0,,1,1,1,0,1
1789662434636.0,6.73,0.13190435,0.23060828,9.862916,0.00030543236,0.0007635809,0.00045814854,-60.075,1.95,8.1,9.866493346645985,0.0009414057584719307,0.13212740517049557,0.23041201301048642,9.862914412434744,11.05530326,76.92709644,378.0865478515625,0.0,3.9674933,,0.0,405.0,,1,1,1,0,1
1789662434646.0,6.74,0.13190435,0.23060828,9.862916,0.00030543236,0.0007635809,0.00045814854,-60.075,1.95,8.1,9.866493346645985,0.0009414057584719307,0.13178788047251533,0.2307181746992037,9.8629175533327,11.05530326,76.92709644,378.0865478515625,0.0,3.9674933,,0.0,405.0,,1,1,1,0,1
1789662434656.0,6.75,0.13190435,0.23060828,9.862916,0.00030543236,0.0007635809,0.00045814854,-60.075,1.95,8.1,9.866493346645985,0.0009414057584719307,0.13177672081291786,0.2307816933208544,9.86292139989626,11.05530326,76.92709644,378.0865478515625,0.0,3.9674933,,0.0,405.0,,1,1,1,0,1
1789662434666.0,6.76,0.13190435,0.23060828,9.862916,0.00030543236,0.0007635809,0.00045814854,-60.075,1.95,8.1,9.866493346645985,0.0009414057584719307,0.13190131469732802,0.23070335635372355,9.862922802558998,11.05530326,76.92709644,378.0865478515625,0.0,3.9674933,,0.0,405.0,,1,1,1,0,1
1789662434676.0,6.77,0.13190435,0.23060828,9.862916,0.00030543236,-0.00045814854,0.00045814854,-60.075,1.95,8.1,9.866493346645985,0.0007163023774520316,0.13194434822860995,0.2305967762386399,9.862917856642197,11.05530326,76.92709644,378.0865478515625,0.0,3.9674933,,0.0,405.0,,1,1,1,0,1
1789662434686.0,6.78,0.13190435,0.23060828,9.862916,0.00030543236,-0.00045814854,0.00045814854,-60.075,1.95,8.1,9.866493346645985,0.0007163023774520316,0.1318226377130871,0.23052851787312656,9.862906318892223,11.05530326,76.92709644,378.0865478515625,0.0,3.9674933,,0.0,405.0,,1,1,1,0,1
1789662434696.0,6.79,0.13190435,0.23060828,9.862916,0.00030543236,-0.00045814854,0.00045814854,-60.075,1.95,8.1,9.866493346645985,0.0007163023774520316,0.13165993624034467,0.23051869731470329,9.862896068194262,11.05530326,76.92709644,378.0865478515625,0.0,3.9674933,,0.0,405.0,,1,1,1,0,1
1789662434706.0,6.8,0.13190435,0.23060828,9.862916,0.00030543236,-0.00045814854,0.00045814854,-60.075,1.95,8.1,9.866493346645985,0.0007163023774520316,0.1317254374340198,0.2305706274418646,9.86290258214886,11.05530326,76.92709644,378.0865478515625,0.0,3.9674933,,0.0,405.0,,1,1,1,0,1
1789662434716.0,6.81,0.13190435,0.23060828,9.862916,0.00030543236,-0.00045814854,0.00045814854,-60.750004,2.1000001,8.625,9.866493346645985,0.0007163023774520316,0.132253996808761,0.23068510251538699,9.862940717650192,11.05530326,76.92709644,378.0865478515625,0.0,3.9674933,,0.0,405.0,,1,1,1,0,1
1789662434726.0,6.82,0.13190435,0.23060828,9.862916,0.00030543236,-0.00045814854,0.00045814854,-60.750004,2.1000001,8.625,9.866493346645985,0.0007163023774520316,0.13325156250193784,0.23084800730117433,9.863013059409983,11.05530326,76.92709644,378.0865478515625,0.0,3.9674933,,0.0,405.0,,1,1,1,0,1
1789662434736.0,6.83,0.13579269,0.23120649,9.8632145,0.00030543236,-0.00045814854,0.00045814854,-60.750004,2.1000001,8.625,9.86685848528729,0.0007163023774520316,0.13444163679596266,0.23101788656752298,9.863104634715254,11.05530326,76.92709644,378.0865478515625,0.0,3.9674933,,0.0,405.0,,1,1,1,0,1
1789662434746.0,6.84,0.13579269,0.23120649,9.8632145,0.00030543236,-0.00045814854,0.00045814854,-60.750004,2.1000001,8.625,9.86685848528729,0.0007163023774520316,0.13542706377014613,0.23114211588212752,9.863189734510396,11.05530326,76.92709644,378.0865478515625,0.0,3.9674933,,0.0,405.0,,1,1,1,0,1
1789662434756.0,6.85,0.13579269,0.23120649,9.8632145,0.00030543236,-0.00045814854,0.00045814854,-60.750004,2.1000001,8.625,9.86685848528729,0.0007163023774520316,0.13595133467359238,0.231195204549306,9.863245057149285,11.05530326,76.92709644,378.0865478515625,0.0,3.9674933,,0.0,405.0,,1,1,1,0,1
1789662434766.0,6.86,0.13579269,0.23120649,9.8632145,0.00030543236,-0.00045814854,0.00045814854,-60.750004,2.1000001,8.625,9.86685848528729,0.0007163023774520316,0.13604157030780933,0.23120199186731138,9.86325850269934,11.05530326,76.92709644,378.0865478515625,0.0,3.9674933,,0.0,405.0,,1,1,1,0,1
1789662434776.0,6.87,0.13579269,0.23120649,9.8632145,0.00030543236,-0.00045814854,0.00030543236,-60.750004,2.1000001,8.625,9.86685848528729,0.0006296649408808392,0.1359285541698966,0.2312174167700194,9.863231362674586,11.05530326,76.92709644,378.0865478515625,0.0,3.9674933,,0.0,405.0,,1,1,1,0,1
1789662434786.0,6.88,0.13579269,0.23120649,9.8632145,0.00030543236,-0.00045814854,0.00030543236,-60.750004,2.1000001,8.625,9.86685848528729,0.0006296649408808392,0.13583874274559682,0.23127262384392389,9.863180462782402,11.05530326,76.92709644,378.0865478515625,0.0,3.9674933,,0.0,405.0,,1,1,1,0,1
1789662434796.0,6.89,0.13579269,0.23120649,9.8632145,0.00030543236,-0.00045814854,0.00030543236,-60.750004,2.1000001,8.625,9.86685848528729,0.0006296649408808392,0.13583458818894273,0.231328858145684,9.863141961938423,11.05530326,76.92709644,378.0865478515625,0.0,3.9674933,,0.0,405.0,,1,1,1,0,1
1789662434806.0,6.9,0.13579269,0.23120649,9.8632145,0.00030543236,-0.00045814854,0.00030543236,-60.750004,2.1000001,8.625,9.86685848528729,0.0006296649408808392,0.1358074827604008,0.23128287020059138,9.863166341015019,11.05530326,76.92709644,378.0865478515625,0.0,3.9674933,,0.0,405.0,,1,1,1,0,1
1789662434816.0,6.91,0.13579269,0.23120649,9.8632145,0.00030543236,-0.00045814854,0.00030543236,-60.750004,2.1000001,8.625,9.86685848528729,0.0006296649408808392,0.13560363692261873,0.2310354655586805,9.863294343877353,11.05530326,76.92709644,378.0865478515625,0.0,3.9674933,,0.0,405.0,,1,1,1,0,1
1789662434826.0,6.92,0.13579269,0.23120649,9.8632145,0.00030543236,-0.00045814854,0.00030543236,-60.45,2.25,8.475,9.86685848528729,0.0006296649408808392,0.13517536719803933,0.23058051118872036,9.86352384440944,11.05530326,76.92709644,378.0865478515625,0.0,3.9674933,,0.0,405.0,,1,1,1,0,1
1789662434836.0,6.93,0.13399807,0.22941187,9.864112,0.00030543236,-0.00045814854,0.00030543236,-60.45,2.25,8.475,9.867689234942729,0.0006296649408808392,0.1346379953218674,0.23003703151549842,9.86379773707379,11.05530326,76.92709644,378.0865478515625,0.0,3.9674933,,0.0,405.0,,1,1,1,0,1
1789662434846.0,6.94,0.13399807,0.22941187,9.864112,0.00030543236,-0.00045814854,0.00030543236,-60.45,2.25,8.475,9.867689234942729,0.0006296649408808392,0.13418777071107676,0.22958245649616965,9.864032355770012,11.05530326,76.92709644,378.0865478515625,0.0,3.9674933,,0.0,405.0,,1,1,1,0,1
1789662434856.0,6.95,0.13399807,0.22941187,9.864112,0.00030543236,-0.00045814854,0.00030543236,-60.45,2.25,8.475,9.867689234942729,0.0006296649408808392,0.13395391770150972,0.22933589400801785,9.864167095712139,11.05530326,76.92709644,378.0865478515625,0.0,3.9674933,,0.0,405.0,,1,1,1,0,1
1789662434866.0,6.96,0.13399807,0.22941187,9.864112,0.00030543236,-0.00045814854,0.00030543236,-60.45,2.25,8.475,9.867689234942729,0.0006296649408808392,0.13391375964567165,0.22929097595351686,9.864193851093711,11.05530326,76.92709644,378.0865478515625,0.0,3.9674933,,0.0,405.0,,1,1,1,0,1
1789662434876.0,6.97,0.13399807,0.22941187,9.864112,0.00030543236,-0.00045814854,0.00030543236,-60.45,2.25,8.475,9.867689234942729,0.0006296649408808392,0.13393743835894653,0.22934765022231277,9.86414815757368,11.05530326,76.92709644,378.0865478515625,0.0,3.9674933,,0.0,405.0,,1,1,1,0,1
1789662434886.0,6.98,0.13399807,0.22941187,9.864112,-0.00015271618,-0.00045814854,-0.00030543236,-60.45,2.25,8.475,9.867689234942729,0.0005714116229768989,0.1339154883976125,0.2294015831932523,9.864081568577083,11.05530326,76.92709644,378.0865478515625,0.0,3.9674933,,0.0,405.0,,1,1,1,0,1
1789662434896.0,6.99,0.13399807,0.22941187,9.864112,-0.00015271618,-0.00045814854,-0.00030543236,-60.45,2.25,8.475,9.867689234942729,0.0005714116229768989,0.1338629779695487,0.22941389589181807,9.864041906719052,11.05530326,76.92709644,378.0865478515625,0.0,3.9674933,,0.0,405.0,,1,1,1,0,1
1789662434906.0,7.0,0.13399807,0.22941187,9.864112,-0.00015271618,-0.00045814854,-0.00030543236,-60.45,2.25,8.475,9.867689234942729,0.0005714116229768989,0.1339185887364515,0.22941770021454616,9.864065564151971,11.05530326,76.92709644,378.0865478515625,0.0,3.9674933,,0.0,405.0,,1,1,1,0,1
1789662434916.0,7.01,0.13399807,0.22941187,9.864112,-0.00015271618,-0.00045814854,-0.00030543236,-60.45,2.25,8.475,9.867689234942729,0.0005714116229768989,0.1342335618772597,0.22947157937382173,9.864169104477206,11.05530326,76.92709644,378.0865478515625,0.0,3.9674933,,0.0,405.0,,1,1,1,0,1
1789662434926.0,7.02,0.13399807,0.22941187,9.864112,-0.00015271618,-0.00045814854,-0.00030543236,-60.600002,2.25,9.225,9.867689234942729,0.0005714116229768989,0.1348307264788467,0.22960283471185042,9.864336488754143,11.05530326,76.92709644,378.0865478515625,0.0,3.9674933,,0.0,405.0,,1,1,1,0,1
1789662434936.0,7.03,0.1363909,0.23001008,9.864711,-0.00015271618,-0.00045814854,-0.00030543236,-60.600002,2.25,9.225,9.868334724158144,0.0005714116229768989,0.13555258386699565,0.2297832134820145,9.86451772427897,11.05530326,76.92709644,378.0865478515625,0.0,3.9674933,,0.0,405.0,,1,1,1,0,1
1789662434946.0,7.04,0.1363909,0.23001008,9.864711,-0.00015271618,-0.00045814854,-0.00030543236,-60.600002,2.25,9.225,9.868334724158144,0.0005714116229768989,0.1361558666388278,0.22995068856182416,9.864653720167846,11.05530326,76.92709644,378.0865478515625,0.0,3.9674933,,0.0,405.0,,1,1,1,0,1
1789662434956.0,7.05,0.1363909,0.23001008,9.864711,-0.00015271618,-0.00045814854,-0.00030543236,-60.600002,2.25,9.225,9.868334724158144,0.0005714116229768989,0.13647873455544246,0.23005303765358412,9.864715182975532,11.05530326,76.92709644,378.0865478515625,0.0,3.9674933,,0.0,405.0,,1,1,1,0,1
1789662434966.0,7.06,0.1363909,0.23001008,9.864711,-0.00015271618,-0.00045814854,-0.00030543236,-60.600002,2.25,9.225,9.868334724158144,0.0005714116229768989,0.1365367796894229,0.23007569440188802,9.86472231506609,11.05530326,76.92709644,378.0865478515625,0.0,3.9674933,,0.0,405.0,,1,1,1,0,1
1789662434976.0,7.07,0.1363909,0.23001008,9.864711,0.00030543236,-0.00045814854,0.00045814854,-60.600002,2.25,9.225,9.868334724158144,0.0007163023774520316,0.1364752523697097,0.23003921774252178,9.864724738758559,11.05530326,76.92709644,378.0865478515625,0.0,3.9674933,,0.0,405.0,,1,1,1,0,1
1789662434986.0,7.08,0.1363909,0.23001008,9.864711,0.00030543236,-0.00045814854,0.00045814854,-60.600002,2.25,9.225,9.868334724158144,0.0007163023774520316,0.13643465044664324,0.22998163546205716,9.86475483222988,11.05530326,76.92709644,378.0865478515625,0.0,3.9674933,,0.0,405.0,,1,1,1,0,1
1789662434996.0,7.09,0.1363909,0.23001008,9.864711,0.00030543236,-0.00045814854,0.00045814854,-60.600002,2.25,9.225,9.868334724158144,0.0007163023774520316,0.13644430408215477,0.22994494357983,9.864790491315938,11.05530326,76.92709644,378.0865478515625,0.0,3.9674933,,0.0,405.0,,1,1,1,0,1
1789662435006.0,7.1,0.1363909,0.23001008,9.864711,0.00030543236,-0.00045814854,0.00045814854,-60.600002,2.25,9.225,9.868334724158144,0.0007163023774520316,0.1364173487093272,0.22996695016465687,9.864759778260455,11.05530561,76.92709865,377.9736328125,0.0,3.7900925,,0.0,405.0,,1,1,1,0,1
1789662435016.0,7.11,0.1363909,0.23001008,9.864711,0.00030543236,-0.00045814854,0.00045814854,-60.600002,2.25,9.225,9.868334724158144,0.0007163023774520316,0.13623952426074906,0.2300682438836319,9.864592601684192,11.05530561,76.92709865,377.9736328125,0.0,3.7900925,,0.0,405.0,,1,1,1,0,1
1789662435026.0,7.12,0.1363909,0.23001008,9.864711,0.00030543236,-0.00045814854,0.00045814854,-60.975002,1.8000001,9.225,9.868334724158144,0.0007163023774520316,0.13587906320715853,0.23023498397363615,9.864285615564826,11.05530561,76.92709865,377.9736328125,0.0,3.7900925,,0.0,405.0,,1,1,1,0,1
1789662435036.0,7.13,0.13489537,0.23060828,9.863514,0.00030543236,-0.00045814854,0.00045814854,-60.975002,1.8000001,9.225,9.867131567372962,0.0007163023774520316,0.1354290905220554,0.2304161448019851,9.863924165608447,11.05530561,76.92709865,377.9736328125,0.0,3.7900925,,0.0,405.0,,1,1,1,0,1
1789662435046.0,7.14,0.13489537,0.23060828,9.863514,0.00030543236,-0.00045814854,0.00045814854,-60.975002,1.8000001,9.225,9.867131567372962,0.0007163023774520316,0.135046201873499,0.23055023705744582,9.863632037635409,11.05530561,76.92709865,377.9736328125,0.0,3.7900925,,0.0,405.0,,1,1,1,0,1
1789662435056.0,7.15,0.13489537,0.23060828,9.863514,0.00030543236,-0.00045814854,0.00045814854,-60.975002,1.8000001,9.225,9.867131567372962,0.0007163023774520316,0.13483862678603478,0.23060752749478236,9.863485123168315,11.05530561,76.92709865,377.9736328125,0.0,3.7900925,,0.0,405.0,,1,1,1,0,1
1789662435066.0,7.16,0.13489537,0.23060828,9.863514,0.00030543236,-0.00045814854,0.00045814854,-60.975002,1.8000001,9.225,9.867131567372962,0.0007163023774520316,0.1348006815677612,0.230611719461693,9.863463137364283,11.05530561,76.92709865,377.9736328125,0.0,3.7900925,,0.0,405.0,,1,1,1,0,1
1789662435076.0,7.17,0.13489537,0.23060828,9.863514,0.00030543236,-0.00045814854,-0.0007635809,-60.975002,1.8000001,9.225,9.867131567372962,0.0009414057584719307,0.13484128938288434,0.23061809696522365,9.863479883970982,11.05530561,76.92709865,377.9736328125,0.0,3.7900925,,0.0,405.0,,1,1,1,0,1
1789662435086.0,7.18,0.13489537,0.23060828,9.863514,0.00030543236,-0.00045814854,-0.0007635809,-60.975002,1.8000001,9.225,9.867131567372962,0.0009414057584719307,0.13486965124730738,0.23066110321485556,9.863464152764067,11.05530561,76.92709865,377.9736328125,0.0,3.7900925,,0.0,405.0,,1,1,1,0,1
1789662435096.0,7.19,0.13489537,0.23060828,9.863514,0.00030543236,-0.00045814854,-0.0007635809,-60.975002,1.8000001,9.225,9.867131567372962,0.0009414057584719307,0.13486426842496327,0.23071082229204973,9.863425804906525,11.05530561,76.92709865,377.9736328125,0.0,3.7900925,,0.0,405.0,,1,1,1,0,1
1789662435106.0,7.2,0.13489537,0.23060828,9.863514,0.00030543236,-0.00045814854,-0.0007635809,-60.975002,1.8000001,9.225,9.867131567372962,0.0009414057584719307,0.13487804399589245,0.23067701888637898,9.86345562381482,11.05530561,76.92709865,377.9736328125,0.0,3.7900925,,0.0,405.0,,1,1,1,0,1
1789662435116.0,7.21,0.13489537,0.23060828,9.863514,0.00030543236,-0.00045814854,-0.0007635809,-60.675003,2.025,8.700001,9.867131567372962,0.0009414057584719307,0.1349835171671574,0.2304701202562837,9.863654201429185,11.05530561,76.92709865,377.9736328125,0.0,3.7900925,,0.0,405.0,,1,1,1,0,1
1789662435126.0,7.22,0.13489537,0.23060828,9.863514,0.00030543236,-0.00045814854,-0.0007635809,-60.675003,2.025,8.700001,9.867131567372962,0.0009414057584719307,0.13520315611026598,0.23008166620870285,9.864039024886461,11.05530561,76.92709865,377.9736328125,0.0,3.7900925,,0.0,405.0,,1,1,1,0,1
1789662435136.0,7.23,0.13579269,0.22911277,9.865009,0.00030543236,-0.00045814854,-0.0007635809,-60.675003,2.025,8.700001,9.868603492192577,0.0009414057584719307,0.1354800760401145,0.22961627410976035,9.864506195423164,11.05530561,76.92709865,377.9736328125,0.0,3.7900925,,0.0,405.0,,1,1,1,0,1
1789662435146.0,7.24,0.13579269,0.22911277,9.865009,0.00030543236,-0.00045814854,-0.0007635809,-60.675003,2.025,8.700001,9.868603492192577,0.0009414057584719307,0.13571378304499213,0.2292354057852712,9.864888394302413,11.05530561,76.92709865,377.9736328125,0.0,3.7900925,,0.0,405.0,,1,1,1,0,1
1789662435156.0,7.25,0.13579269,0.22911277,9.865009,0.00030543236,-0.00045814854,-0.0007635809,-60.675003,2.025,8.700001,9.868603492192577,0.0009414057584719307,0.13583121426491587,0.2290504138768813,9.865068665296493,11.05530561,76.92709865,377.9736328125,0.0,3.7900925,,0.0,405.0,,1,1,1,0,1
1789662435166.0,7.26,0.13579269,0.22911277,9.865009,0.00030543236,-0.00045814854,-0.0007635809,-60.675003,2.025,8.700001,9.868603492192577,0.0009414057584719307,0.1358344716191131,0.22905110141507307,9.865058675949994,11.05530561,76.92709865,377.9736328125,0.0,3.7900925,,0.0,405.0,,1,1,1,0,1
1789662435176.0,7.27,0.13579269,0.22911277,9.865009,0.00030543236,-0.00045814854,-0.0007635809,-60.675003,2.025,8.700001,9.868603492192577,0.0009414057584719307,0.13579097822495256,0.22912342066466715,9.864982541310148,11.05530561,76.92709865,377.9736328125,0.0,3.7900925,,0.0,405.0,,1,1,1,0,1
1789662435186.0,7.28,0.13579269,0.22911277,9.865009,0.00030543236,-0.00045814854,0.00030543236,-60.675003,2.025,8.700001,9.868603492192577,0.0006296649408808392,0.13577914119453188,0.2291377492234881,9.86498153498979,11.05530561,76.92709865,377.9736328125,0.0,3.7900925,,0.0,405.0,,1,1,1,0,1
1789662435196.0,7.29,0.13579269,0.22911277,9.865009,0.00030543236,-0.00045814854,0.00030543236,-60.675003,2.025,8.700001,9.868603492192577,0.0006296649408808392,0.13582852392372793,0.2290472563478413,9.865102262119102,11.05530561,76.92709865,377.9736328125,0.0,3.7900925,,0.0,405.0,,1,1,1,0,1
1789662435206.0,7.3,0.13579269,0.22911277,9.865009,0.00030543236,-0.00045814854,0.00030543236,-60.675003,2.025,8.700001,9.868603492192577,0.0006296649408808392,0.13589085452306138,0.228937132723717,9.865236922008037,11.05530561,76.92709865,377.9736328125,0.0,3.7900925,,0.0,405.0,,1,1,1,0,1
1789662435216.0,7.31,0.13579269,0.22911277,9.865009,0.00030543236,-0.00045814854,0.00030543236,-60.675003,2.025,8.700001,9.868603492192577,0.0006296649408808392,0.1358625037996904,0.2289878749539872,9.865165273523106,11.05530561,76.92709865,377.9736328125,0.0,3.7900925,,0.0,405.0,,1,1,1,0,1
1789662435226.0,7.32,0.13579269,0.22911277,9.865009,0.00030543236,-0.00045814854,0.00030543236,-60.45,1.5,8.325001,9.868603492192577,0.0006296649408808392,0.1356539444630895,0.22935715282416194,9.864698455852889,11.05530561,76.92709865,377.9736328125,0.0,3.7900925,,0.0,405.0,,1,1,1,0,1
1789662435236.0,7.33,0.13579269,0.22911277,9.865009,0.00030543236,-0.00045814854,0.00030543236,-60.45,1.5,8.325001,9.868603492192577,0.0006296649408808392,0.13526586163256551,0.23004787461993664,9.863842162085461,11.05530561,76.92709865,377.9736328125,0.0,3.7900925,,0.0,405.0,,1,1,1,0,1
1789662435246.0,7.34,0.13429718,0.2318047,9.861719,0.00030543236,-0.00045814854,0.00030543236,-60.45,1.5,8.325001,9.865357103848753,0.0006296649408808392,0.13480955477466217,0.23087024913496185,9.862841738672843,11.05530561,76.92709865,377.9736328125,0.0,3.7900925,,0.0,405.0,,1,1,1,0,1
1789662435256.0,7.35,0.13429718,0.2318047,9.861719,0.00030543236,-0.00045814854,0.00030543236,-60.45,1.5,8.325001,9.865357103848753,0.0006296649408808392,0.13444107389046678,0.2315514141025033,9.862038529723955,11.05530561,76.92709865,377.9736328125,0.0,3.7900925,,0.0,405.0,,1,1,1,0,1
1789662435266.0,7.36,0.13429718,0.2318047,9.861719,0.00030543236,-0.00045814854,0.00030543236,-60.45,1.5,8.325001,9.865357103848753,0.0006296649408808392,0.1342549788447836,0.23191454714859483,9.861636319196798,11.05530561,76.92709865,377.9736328125,0.0,3.7900925,,0.0,405.0,,1,1,1,0,1
1789662435276.0,7.37,0.13429718,0.2318047,9.861719,0.00030543236,-0.00045814854,0.00030543236,-60.45,1.5,8.325001,9.865357103848753,0.0006296649408808392,0.13422702907892678,0.23197757363712704,9.861575582960263,11.05530561,76.92709865,377.9736328125,0.0,3.7900925,,0.0,405.0,,1,1,1,0,1
1789662435286.0,7.38,0.13429718,0.2318047,9.861719,-0.0009162971,-0.00045814854,-0.00045814854,-60.45,1.5,8.325001,9.865357103848753,0.0011222301657310202,0.13425238074199702,0.231898854540389,9.861620749329061,11.05530561,76.92709865,377.9736328125,0.0,3.7900925,,0.0,405.0,,1,1,1,0,1
1789662435296.0,7.39,0.13429718,0.2318047,9.861719,-0.0009162971,-0.00045814854,-0.00045814854,-60.45,1.5,8.325001,9.865357103848753,0.0011222301657310202,0.1342430333714861,0.23183475352758282,9.861580904985544,11.05530561,76.92709865,377.9736328125,0.0,3.7900925,,0.0,405.0,,1,1,1,0,1
1789662435306.0,7.4,0.13429718,0.2318047,9.861719,-0.0009162971,-0.00045814854,-0.00045814854,-60.45,1.5,8.325001,9.865357103848753,0.0011222301657310202,0.13420561317147925,0.2318300912297049,9.861485454930891,11.05530561,76.92709865,377.9736328125,0.0,3.7900925,,0.0,405.0,,1,1,1,0,1
1789662435316.0,7.41,0.13429718,0.2318047,9.861719,-0.0009162971,-0.00045814854,-0.00045814854,-60.45,1.5,8.325001,9.865357103848753,0.0011222301657310202,0.1342409602289231,0.2318127712942216,9.86157842555262,11.05530561,76.92709865,377.9736328125,0.0,3.7900925,,0.0,405.0,,1,1,1,0,1
1789662435326.0,7.42,0.13429718,0.2318047,9.861719,-0.0009162971,-0.00045814854,-0.00045814854,-60.675003,1.725,8.1,9.865357103848753,0.0011222301657310202,0.13446359949810727,0.2316788238185134,9.862124736210193,11.05530561,76.92709865,377.9736328125,0.0,3.7900925,,0.0,405.0,,1,1,1,0,1
1789662435336.0,7.43,0.13429718,0.2318047,9.861719,-0.0009162971,-0.00045814854,-0.00045814854,-60.675003,1.725,8.1,9.865357103848753,0.0011222301657310202,0.1348992563288537,0.23139472202210715,9.863166442969947,11.05530561,76.92709865,377.9736328125,0.0,3.7900925,,0.0,405.0,,1,1,1,0,1
1789662435346.0,7.44,0.13609178,0.23060828,9.865907,-0.0009162971,-0.00045814854,-0.00045814854,-60.675003,1.725,8.1,9.86954011512376,0.0011222301657310202,0.13544410488359457,0.23103626344181716,9.864432687664609,11.05530561,76.92709865,377.9736328125,0.0,3.7900925,,0.0,405.0,,1,1,1,0,1
1789662435356.0,7.45,0.13609178,0.23060828,9.865907,-0.0009162971,-0.00045814854,-0.00045814854,-60.675003,1.725,8.1,9.86954011512376,0.0011222301657310202,0.1359248203642809,0.23073429598643913,9.865501081124341,11.05530561,76.92709865,377.9736328125,0.0,3.7900925,,0.0,405.0,,1,1,1,0,1
1789662435366.0,7.46,0.13609178,0.23060828,9.865907,-0.0009162971,-0.00045814854,-0.00045814854,-60.675003,1.725,8.1,9.86954011512376,0.0011222301657310202,0.1362084597489998,0.23057621915233412,9.866083414406395,11.05530561,76.92709865,377.9736328125,0.0,3.7900925,,0.0,405.0,,1,1,1,0,1
1789662435376.0,7.47,0.13609178,0.23060828,9.865907,-0.0009162971,-0.00045814854,-0.00045814854,-60.675003,1.725,8.1,9.86954011512376,0.0011222301657310202,0.13626908335395455,0.2305490265804966,9.866191078363281,11.05530561,76.92709865,377.9736328125,0.0,3.7900925,,0.0,405.0,,1,1,1,0,1
1789662435386.0,7.48,0.13609178,0.23060828,9.865907,0.00030543236,-0.00030543236,0.00045814854,-60.675003,1.725,8.1,9.86954011512376,0.0006296649408808392,0.13617293284131438,0.23056781569735155,9.866060537459594,11.05530561,76.92709865,377.9736328125,0.0,3.7900925,,0.0,405.0,,1,1,1,0,1
1789662435396.0,7.49,0.13609178,0.23060828,9.865907,0.00030543236,-0.00030543236,0.00045814854,-60.675003,1.725,8.1,9.86954011512376,0.0006296649408808392,0.1360245853737759,0.23055881431153277,9.865938391044818,11.05530561,76.92709865,377.9736328125,0.0,3.7900925,,0.0,405.0,,1,1,1,0,1
1789662435406.0,7.5,0.13609178,0.23060828,9.865907,0.00030543236,-0.00030543236,0.00045814854,-60.675003,1.725,8.1,9.86954011512376,0.0006296649408808392,0.13592937223367596,0.23052752891065606,9.865912839108733,11.05530561,76.92709865,377.9736328125,0.0,3.7900925,,0.0,405.0,,1,1,1,0,1
1789662435416.0,7.51,0.13609178,0.23060828,9.865907,0.00030543236,-0.00030543236,0.00045814854,-60.675003,1.725,8.1,9.86954011512376,0.0006296649408808392,0.1359776478675303,0.23055963913424996,9.865898564493062,11.05530561,76.92709865,377.9736328125,0.0,3.7900925,,0.0,405.0,,1,1,1,0,1
1789662435426.0,7.52,0.13609178,0.23060828,9.865907,0.00030543236,-0.00030543236,0.00045814854,-61.275,2.1000001,9.825001,9.86954011512376,0.0006296649408808392,0.13622106447531906,0.23075173016087916,9.86575224062626,11.05530561,76.92709865,377.9736328125,0.0,3.7900925,,0.0,405.0,,1,1,1,0,1
1789662435436.0,7.53,0.13609178,0.23060828,9.865907,0.00030543236,-0.00030543236,0.00045814854,-61.275,2.1000001,9.825001,9.86954011512376,0.0006296649408808392,0.13663436546201405,0.2311222901821289,9.865413583258624,11.05530561,76.92709865,377.9736328125,0.0,3.7900925,,0.0,405.0,,1,1,1,0,1
1789662435446.0,7.54,0.13758731,0.2321038,9.864411,0.00030543236,-0.00030543236,0.00045814854,-61.275,2.1000001,9.825001,9.868100466592772,0.0006296649408808392,0.13710272693724468,0.23157694927385625,9.864963619450293,11.05530561,76.92709865,377.9736328125,0.0,3.7900925,,0.0,405.0,,1,1,1,0,1
1789662435456.0,7.55,0.13758731,0.2321038,9.864411,0.00030543236,-0.00030543236,0.00045814854,-61.275,2.1000001,9.825001,9.868100466592772,0.0006296649408808392,0.1374733015914932,0.23196388588392036,9.86456353696347,11.05530561,76.92709865,377.9736328125,0.0,3.7900925,,0.0,405.0,,1,1,1,0,1
1789662435466.0,7.56,0.13758731,0.2321038,9.864411,0.00030543236,-0.00030543236,0.00045814854,-61.275,2.1000001,9.825001,9.868100466592772,0.0006296649408808392,0.1376477480191628,0.23217534876670903,9.864336282972301,11.05530561,76.92709865,377.9736328125,0.0,3.7900925,,0.0,405.0,,1,1,1,0,1
1789662435476.0,7.57,0.13758731,0.2321038,9.864411,0.00030543236,-0.00030543236,0.00045814854,-61.275,2.1000001,9.825001,9.868100466592772,0.0006296649408808392,0.1376431514982122,0.2322093879337032,9.864293337171173,11.05530561,76.92709865,377.9736328125,0.0,3.7900925,,0.0,405.0,,1,1,1,0,1
1789662435486.0,7.58,0.13758731,0.2321038,9.864411,0.00030543236,0.00030543236,0.00045814854,-61.275,2.1000001,9.825001,9.868100466592772,0.0006296649408808392,0.1375725999039167,0.23214900049766146,9.86435407569483,11.05530561,76.92709865,377.9736328125,0.0,3.7900925,,0.0,405.0,,1,1,1,0,1
1789662435496.0,7.59,0.13758731,0.2321038,9.864411,0.00030543236,0.00030543236,0.00045814854,-61.275,2.1000001,9.825001,9.868100466592772,0.0006296649408808392,0.1375611885874045,0.23209082935254582,9.864420475316896,11.05530561,76.92709865,377.9736328125,0.0,3.7900925,,0.0,405.0,,1,1,1,0,1
1789662435506.0,7.6,0.13758731,0.2321038,9.864411,0.00030543236,0.00030543236,0.00045814854,-61.275,2.1000001,9.825001,9.868100466592772,0.0006296649408808392,0.13765266234023066,0.23208402742219134,9.86443990270922,11.05530561,76.92709865,377.9736328125,0.0,3.7900925,,0.0,405.0,,1,1,1,0,1
1789662435516.0,7.61,0.13758731,0.2321038,9.864411,0.00030543236,0.00030543236,0.00045814854,-61.275,2.1000001,9.825001,9.868100466592772,0.0006296649408808392,0.1377623124404429,0.2321135557590349,9.864420097785274,11.05530561,76.92709865,377.9736328125,0.0,3.7900925,,0.0,405.0,,1,1,1,0,1
1789662435526.0,7.62,0.13758731,0.2321038,9.864411,0.00030543236,0.00030543236,0.00045814854,-60.9,2.1000001,9.525001,9.868100466592772,0.0006296649408808392,0.13771228032571062,0.23212469125087395,9.864403561415015,11.05530561,76.92709865,377.9736328125,0.0,3.7900925,,0.0,405.0,,1,1,1,0,1
1789662435536.0,7.63,0.13758731,0.2321038,9.864411,0.00030543236,0.00030543236,0.00045814854,-60.9,2.1000001,9.525001,9.868100466592772,0.0006296649408808392,0.13734635377993018,0.23206595188469054,9.86442869515062,11.05530561,76.92709865,377.9736328125,0.0,3.7900925,,0.0,405.0,,1,1,1,0,1
1789662435546.0,7.64,0.13758731,0.2321038,9.864411,0.00030543236,0.00030543236,0.00045814854,-60.9,2.1000001,9.525001,9.868100466592772,0.0006296649408808392,0.13665932805722866,0.23192437441925715,9.864502866716048,11.05530561,76.92709865,377.9736328125,0.0,3.7900925,,0.0,405.0,,1,1,1,0,1
1789662435556.0,7.65,0.13489537,0.23150559,9.864711,0.00030543236,0.00030543236,0.00045814854,-60.9,2.1000001,9.525001,9.868349138157287,0.0006296649408808392,0.13583564288564565,0.231733519513809,9.864600531876679,11.05530561,76.92709865,377.9736328125,0.0,3.7900925,,0.0,405.0,,1,1,1,0,1
1789662435566.0,7.66,0.13489537,0.23150559,9.864711,0.00030543236,0.00030543236,0.00045814854,-60.9,2.1000001,9.525001,9.868349138157287,0.0006296649408808392,0.13514448287570663,0.2315521912991984,9.864683783462285,11.05530561,76.92709865,377.9736328125,0.0,3.7900925,,0.0,405.0,,1,1,1,0,1
1789662435576.0,7.67,0.13489537,0.23150559,9.864711,0.00030543236,0.00030543236,0.00045814854,-60.9,2.1000001,9.525001,9.868349138157287,0.0006296649408808392,0.13476684942214123,0.23143340336949852,9.864728304180867,11.05530561,76.92709865,377.9736328125,0.0,3.7900925,,0.0,405.0,,1,1,1,0,1
1789662435586.0,7.68,0.13489537,0.23150559,9.864711,0.00030543236,0.00030543236,0.00045814854,-60.9,2.1000001,9.525001,9.868349138157287,0.0006296649408808392,0.134698628180954,0.23140604967058373,9.864735294641394,11.05530561,76.92709865,377.9736328125,0.0,3.7900925,,0.0,405.0,,1,1,1,0,1
1789662435596.0,7.69,0.13489537,0.23150559,9.864711,0.00030543236,-0.00045814854,-0.00045814854,-60.9,2.1000001,9.525001,9.868349138157287,0.0007163023774520316,0.1347966334426689,0.2314700197989685,9.864723467318692,11.05530561,76.92709865,377.9736328125,0.0,3.7900925,,0.0,405.0,,1,1,1,0,1
1789662435606.0,7.7,0.13489537,0.23150559,9.864711,0.00030543236,-0.00045814854,-0.00045814854,-60.9,2.1000001,9.525001,9.868349138157287,0.0007163023774520316,0.13490368841096848,0.23158873815898884,9.86471171152742,11.05530561,76.92709865,377.9736328125,0.0,3.7900925,,0.0,405.0,,1,1,1,0,1
1789662435616.0,7.71,0.13489537,0.23150559,9.864711,0.00030543236,-0.00045814854,-0.00045814854,-60.9,2.1000001,9.525001,9.868349138157287,0.0007163023774520316,0.13494360225139646,0.23167794922195073,9.864707312562357,11.05530561,76.92709865,377.9736328125,0.0,3.7900925,,0.0,405.0,,1,1,1,0,1
1789662435626.0,7.72,0.13489537,0.23150559,9.864711,0.00030543236,-0.00045814854,-0.00045814854,-60.825,2.025,9.450001,9.868349138157287,0.0007163023774520316,0.13493265855951325,0.2316178913294126,9.864706432225011,11.05530561,76.92709865,377.9736328125,0.0,3.7900925,,0.0,405.0,,1,1,1,0,1
1789662435636.0,7.73,0.13489537,0.23150559,9.864711,0.00030543236,-0.00045814854,-0.00045814854,-60.825,2.025,9.450001,9.868349138157287,0.0007163023774520316,0.1349289426756915,0.231312806397796,9.864703192221933,11.05530561,76.92709865,377.9736328125,0.0,3.7900925,,0.0,405.0,,1,1,1,0,1
1789662435646.0,7.74,0.13489537,0.23150559,9.864711,0.00030543236,-0.00045814854,-0.00045814854,-60.825,2.025,9.450001,9.868349138157287,0.0007163023774520316,0.13497328565130104,0.2307716220592688,9.864698567811386,11.05530561,76.92709865,377.9736328125,0.0,3.7900925,,0.0,405.0,,1,1,1,0,1
1789662435656.0,7.75,0.13519448,0.22941187,9.864711,0.00030543236,-0.00045814854,-0.00045814854,-60.825,2.025,9.450001,9.868304335955614,0.0007163023774520316,0.13506245342007323,0.23013548972517892,9.86470139392404,11.05530561,76.92709865,377.9736328125,0.0,3.7900925,,0.0,405.0,,1,1,1,0,1
1789662435666.0,7.76,0.13519448,0.22941187,9.864711,0.00030543236,-0.00045814854,-0.00045814854,-60.825,2.025,9.450001,9.868304335955614,0.0007163023774520316,0.13516100441701362,0.22960470085735243,9.864719401242068,11.05530561,76.92709865,377.9736328125,0.0,3.7900925,,0.0,405.0,,1,1,1,0,1
1789662435676.0,7.77,0.13519448,0.22941187,9.864711,0.00030543236,-0.00045814854,-0.00045814854,-60.825,2.025,9.450001,9.868304335955614,0.0007163023774520316,0.13523011454236816,0.22931357021829996,9.864746150776554,11.05530561,76.92709865,377.9736328125,0.0,3.7900925,,0.0,405.0,,1,1,1,0,1
1789662435686.0,7.78,0.13519448,0.22941187,9.864711,0.00030543236,0.00045814854,0.00045814854,-60.825,2.025,9.450001,9.868304335955614,0.0007163023774520316,0.13524812342757225,0.229259043890296,9.8647562789601,11.05530561,76.92709865,377.9736328125,0.0,3.7900925,,0.0,405.0,,1,1,1,0,1
1789662435696.0,7.79,0.13519448,0.22941187,9.864711,0.00030543236,0.00045814854,0.00045814854,-60.825,2.025,9.450001,9.868304335955614,0.0007163023774520316,0.13521581087198023,0.22933441178037775,9.864720561206761,11.05530561,76.92709865,377.9736328125,0.0,3.7900925,,0.0,405.0,,1,1,1,0,1
1789662435706.0,7.8,0.13519448,0.22941187,9.864711,0.00030543236,0.00045814854,0.00045814854,-60.825,2.025,9.450001,9.868304335955614,0.0007163023774520316,0.13515585601195362,0.22942117231766018,9.864639236713062,11.05530561,76.92709865,377.9736328125,0.0,3.7900925,,0.0,405.0,,1,1,1,0,1
1789662435716.0,7.81,0.13519448,0.22941187,9.864711,0.00030543236,0.00045814854,0.00045814854,-60.825,2.025,9.450001,9.868304335955614,0.0007163023774520316,0.13511234246253556,0.22945799027809716,9.86457094053343,11.05530561,76.92709865,377.9736328125,0.0,3.7900925,,0.0,405.0,,1,1,1,0,1
1789662435726.0,7.82,0.13519448,0.22941187,9.864711,0.00030543236,0.00045814854,0.00045814854,-60.9,1.8000001,8.700001,9.868304335955614,0.0007163023774520316,0.13514146341788363,0.22944848210693994,9.86462277179232,11.05530561,76.92709865,377.9736328125,0.0,3.7900925,,0.0,405.0,,1,1,1,0,1
1789662435736.0,7.83,0.13519448,0.22941187,9.864711,0.00030543236,0.00045814854,0.00045814854,-60.9,1.8000001,8.700001,9.868304335955614,0.0007163023774520316,0.13528323168528741,0.22942565570546936,9.864886217132344,11.05530561,76.92709865,377.9736328125,0.0,3.7900925,,0.0,405.0,,1,1,1,0,1
1789662435746.0,7.84,0.13519448,0.22941187,9.864711,0.00030543236,0.00045814854,0.00045814854,-60.9,1.8000001,8.700001,9.868304335955614,0.0007163023774520316,0.13552579782899973,0.22941281936918645,9.865354523912648,11.05530561,76.92709865,377.9736328125,0.0,3.7900925,,0.0,405.0,,1,1,1,0,1
1789662435756.0,7.85,0.13609178,0.22941187,9.866505,0.00030543236,0.00045814854,0.00045814854,-60.9,1.8000001,8.700001,9.870110014265569,0.0007163023774520316,0.13579659858328808,0.22940850835585197,9.86589642634341,11.05530561,76.92709865,377.9736328125,0.0,3.7900925,,0.0,405.0,,1,1,1,0,1
1789662435766.0,7.86,0.13609178,0.22941187,9.866505,0.00030543236,0.00045814854,0.00045814854,-60.9,1.8000001,8.700001,9.870110014265569,0.0007163023774520316,0.1360026175962238,0.22939848323577816,9.866329872106014,11.05530561,76.92709865,377.9736328125,0.0,3.7900925,,0.0,405.0,,1,1,1,0,1
1789662435776.0,7.87,0.13609178,0.22941187,9.866505,0.00030543236,0.00045814854,0.00045814854,-60.9,1.8000001,8.700001,9.870110014265569,0.0007163023774520316,0.1360955430059871,0.22937912495054313,9.866546378620413,11.05530561,76.92709865,377.9736328125,0.0,3.7900925,,0.0,405.0,,1,1,1,0,1
1789662435786.0,7.88,0.13609178,0.22941187,9.866505,0.00030543236,0.00045814854,0.00045814854,-60.9,1.8000001,8.700001,9.870110014265569,0.0007163023774520316,0.13610580841002443,0.22937030396678598,9.86657932727738,11.05530561,76.92709865,377.9736328125,0.0,3.7900925,,0.0,405.0,,1,1,1,0,1
1789662435796.0,7.89,0.13609178,0.22941187,9.866505,0.00030543236,-0.00045814854,0.00045814854,-60.9,1.8000001,8.700001,9.870110014265569,0.0007163023774520316,0.13611169875766613,0.22940245886071528,9.866557223451753,11.05530561,76.92709865,377.9736328125,0.0,3.7900925,,0.0,405.0,,1,1,1,0,1
1789662435806.0,7.9,0.13609178,0.22941187,9.866505,0.00030543236,-0.00045814854,0.00045814854,-60.9,1.8000001,8.700001,9.870110014265569,0.0007163023774520316,0.13616422722296123,0.2294805910605816,9.866583402853013,11.05530561,76.92709865,377.9736328125,0.0,3.7900925,,0.0,405.0,,1,1,1,0,1
1789662435816.0,7.91,0.13609178,0.22941187,9.866505,0.00030543236,-0.00045814854,0.00045814854,-60.300003,1.575,6.9750004,9.870110014265569,0.0007163023774520316,0.13622573410621555,0.2295506747639018,9.86663927467242,11.05530561,76.92709865,377.9736328125,0.0,3.7900925,,0.0,405.0,,1,1,1,0,1
1789662435826.0,7.92,0.13609178,0.22941187,9.866505,0.00030543236,-0.00045814854,0.00045814854,-60.300003,1.575,6.9750004,9.870110014265569,0.0007163023774520316,0.13617577209665058,0.22950553280307462,9.866586988549791,11.05530561,76.92709865,377.9736328125,0.0,3.7900925,,0.0,405.0,,1,1,1,0,1
1789662435836.0,7.93,0.13609178,0.22941187,9.866505,0.00030543236,-0.00045814854,0.00045814854,-60.300003,1.575,6.9750004,9.870110014265569,0.0007163023774520316,0.13589441671326807,0.22924766679484673,9.86627679433087,11.05530561,76.92709865,377.9736328125,0.0,3.7900925,,0.0,405.0,,1,1,1,0,1
1789662435846.0,7.94,0.13609178,0.22941187,9.866505,0.00030543236,-0.00045814854,0.00045814854,-60.300003,1.575,6.9750004,9.870110014265569,0.0007163023774520316,0.13536921291688647,0.22877524298677307,9.86568342108733,11.05530561,76.92709865,377.9736328125,0.0,3.7900925,,0.0,405.0,,1,1,1,0,1
1789662435856.0,7.95,0.13399807,0.22761725,9.864112,0.00030543236,-0.00045814854,0.00045814854,-60.300003,1.575,6.9750004,9.867647675297558,0.0007163023774520316,0.13473453202026317,0.22821614431969484,9.864957810952708,11.05530561,76.92709865,377.9736328125,0.0,3.7900925,,0.0,405.0,,1,1,1,0,1
1789662435866.0,7.96,0.13399807,0.22761725,9.864112,0.00030543236,-0.00045814854,0.00045814854,-60.300003,1.575,6.9750004,9.867647675297558,0.0007163023774520316,0.13419577894263623,0.2277620209796329,9.864338893198132,11.05530561,76.92709865,377.9736328125,0.0,3.7900925,,0.0,405.0,,1,1,1,0,1
1789662435876.0,7.97,0.13399807,0.22761725,9.864112,0.00030543236,-0.00045814854,0.00045814854,-60.300003,1.575,6.9750004,9.867647675297558,0.0007163023774520316,0.1338959426484946,0.22754340200959783,9.863995335102278,11.05530561,76.92709865,377.9736328125,0.0,3.7900925,,0.0,405.0,,1,1,1,0,1
1789662435886.0,7.98,0.13399807,0.22761725,9.864112,0.00030543236,-0.00045814854,0.00045814854,-60.300003,1.575,6.9750004,9.867647675297558,0.0007163023774520316,0.1338380208781061,0.22754611372541533,9.863931881508979,11.05530561,76.92709865,377.9736328125,0.0,3.7900925,,0.0,405.0,,1,1,1,0,1
1789662435896.0,7.99,0.13399807,0.22761725,9.864112,-0.0007635809,-0.00045814854,-0.00045814854,-60.300003,1.575,6.9750004,9.867647675297558,0.0010014269620162387,0.13391679955148653,0.22763269134776698,9.864024437112247,11.05530561,76.92709865,377.9736328125,0.0,3.7900925,,0.0,405.0,,1,1,1,0,1
1789662435906.0,8.0,0.13399807,0.22761725,9.864112,-0.0007635809,-0.00045814854,-0.00045814854,-60.300003,1.575,6.9750004,9.867647675297558,0.0010014269620162387,0.13401117554958866,0.22764773165237528,9.864128842140804,11.05530561,76.92709865,377.9736328125,0.0,3.7900925,,0.0,405.0,,1,1,1,0,1
1789662435916.0,8.01,0.13399807,0.22761725,9.864112,-0.0007635809,-0.00045814854,-0.00045814854,-60.300003,1.575,6.9750004,9.867647675297558,0.0010014269620162387,0.13405419270220648,0.22753588679800868,9.864167076042095,11.05530561,76.92709865,377.9736328125,0.0,3.7900925,,0.0,405.0,,1,1,1,0,1
1789662435926.0,8.02,0.13399807,0.22761725,9.864112,-0.0007635809,-0.00045814854,-0.00045814854,-60.300003,1.95,7.275,9.867647675297558,0.0010014269620162387,0.13404297076691798,0.22740145123029423,9.864143701124176,11.05530561,76.92709865,377.9736328125,0.0,3.7900925,,0.0,405.0,,1,1,1,0,1
1789662435936.0,8.03,0.13399807,0.22761725,9.864112,-0.0007635809,-0.00045814854,-0.00045814854,-60.300003,1.95,7.275,9.867647675297558,0.0010014269620162387,0.13400757918524853,0.22746422432507754,9.864109346020271,11.05530561,76.92709865,377.9736328125,0.0,3.7900925,,0.0,405.0,,1,1,1,0,1
1789662435946.0,8.04,0.13399807,0.22761725,9.864112,-0.0007635809,-0.00045814854,-0.00045814854,-60.300003,1.95,7.275,9.867647675297558,0.0010014269620162387,0.13397734619444346,0.22791613645858216,9.864113116837025,11.05530561,76.92709865,377.9736328125,0.0,3.7900925,,0.0,405.0,,1,1,1,0,1
1789662435956.0,8.05,0.13399807,0.22761725,9.864112,-0.0007635809,-0.00045814854,-0.00045814854,-60.300003,1.95,7.275,9.867647675297558,0.0010014269620162387,0.13396679399311204,0.22876050945264842,9.864174188808146,11.05530561,76.92709865,377.9736328125,0.0,3.7900925,,0.0,405.0,,1,1,1,0,1
1789662435966.0,8.06,0.13399807,0.23090738,9.864411,-0.0007635809,-0.00045814854,-0.00045814854,-60.300003,1.95,7.275,9.868023007564544,0.0010014269620162387,0.13397829181217547,0.22976557873000084,9.864279467823412,11.05530561,76.92709865,377.9736328125,0.0,3.7900925,,0.0,405.0,,1,1,1,0,1
1789662435976.0,8.07,0.13399807,0.23090738,9.864411,-0.0007635809,-0.00045814854,-0.00045814854,-60.300003,1.95,7.275,9.868023007564544,0.0010014269620162387,0.13400675600162257,0.23059807976527305,9.864396422446594,11.05530561,76.92709865,377.9736328125,0.0,3.7900925,,0.0,405.0,,1,1,1,0,1
1789662435986.0,8.08,0.13399807,0.23090738,9.864411,-0.0007635809,-0.00045814854,-0.00045814854,-60.300003,1.95,7.275,9.868023007564544,0.0010014269620162387,0.13403806172464303,0.231041875884886,9.86448549797728,11.05530561,76.92709865,377.9736328125,0.0,3.7900925,,0.0,405.0,,1,1,1,0,1
1789662435996.0,8.09,0.13399807,0.23090738,9.864411,0.00030543236,-0.00045814854,-0.0007635809,-60.300003,1.95,7.275,9.868023007564544,0.0009414057584719307,0.13404720243818624,0.23111865835165848,9.864507569051487,11.05530561,76.92709865,377.9736328125,0.0,3.7900925,,0.0,405.0,,1,1,1,0,1
1789662436006.0,8.1,0.13399807,0.23090738,9.864411,0.00030543236,-0.00045814854,-0.0007635809,-60.300003,1.95,7.275,9.868023007564544,0.0009414057584719307,0.1340094319892376,0.2310218996019592,9.864438302735527,11.05530574,76.92709861,377.9002075195313,0.0,3.7900925,,0.0,405.0,,1,1,1,0,1
1789662436016.0,8.11,0.13399807,0.23090738,9.864411,0.00030543236,-0.00045814854,-0.0007635809,-60.300003,1.95,7.275,9.868023007564544,0.0009414057584719307,0.1339280634565393,0.23094306716789828,9.86429973988444,11.05530574,76.92709861,377.9002075195313,0.0,3.7900925,,0.0,405.0,,1,1,1,0,1
1789662436026.0,8.12,0.13399807,0.23090738,9.864411,0.00030543236,-0.00045814854,-0.0007635809,-60.750004,2.5500002,9.150001,9.868023007564544,0.0009414057584719307,0.13386064248734053,0.23093760142144712,9.864190889907452,11.05530574,76.92709861,377.9002075195313,0.0,3.7900925,,0.0,405.0,,1,1,1,0,1
1789662436036.0,8.13,0.13399807,0.23090738,9.864411,0.00030543236,-0.00045814854,-0.0007635809,-60.750004,2.5500002,9.150001,9.868023007564544,0.0009414057584719307,0.13391057727376623,0.23091758604610912,9.864271663857393,11.05530574,76.92709861,377.9002075195313,0.0,3.7900925,,0.0,405.0,,1,1,1,0,1
1789662436046.0,8.14,0.13399807,0.23090738,9.864411,0.00030543236,-0.00045814854,-0.0007635809,-60.750004,2.5500002,9.150001,9.868023007564544,0.0009414057584719307,0.13416758217066338,0.23075459438386503,9.864673048418725,11.05530574,76.92709861,377.9002075195313,0.0,3.7900925,,0.0,405.0,,1,1,1,0,1
1789662436056.0,8.15,0.13399807,0.23090738,9.864411,0.00030543236,-0.00045814854,-0.0007635809,-60.750004,2.5500002,9.150001,9.868023007564544,0.0009414057584719307,0.1346289847225288,0.23040420734045705,9.865379728279903,11.05530574,76.92709861,377.9002075195313,0.0,3.7900925,,0.0,405.0,,1,1,1,0,1
1789662436066.0,8.16,0.13579269,0.22941187,9.867104,0.00030543236,-0.00045814854,-0.0007635809,-60.750004,2.5500002,9.150001,9.870704676342532,0.0009414057584719307,0.135172628573055,0.22995481113854377,9.86619338771515,11.05530574,76.92709861,377.9002075195313,0.0,3.7900925,,0.0,405.0,,1,1,1,0,1
1789662436076.0,8.17,0.13579269,0.22941187,9.867104,0.00030543236,-0.00045814854,-0.0007635809,-60.750004,2.5500002,9.150001,9.870704676342532,0.0009414057584719307,0.1356230868542055,0.22956513182591978,9.86684234419111,11.05530574,76.92709861,377.9002075195313,0.0,3.7900925,,0.0,405.0,,1,1,1,0,1
1789662436086.0,8.18,0.13579269,0.22941187,9.867104,0.00030543236,-0.00045814854,-0.0007635809,-60.750004,2.5500002,9.150001,9.870704676342532,0.0009414057584719307,0.13586542827356032,0.22934895189610072,9.867165814569542,11.05530574,76.92709861,377.9002075195313,0.0,3.7900925,,0.0,405.0,,1,1,1,0,1
1789662436096.0,8.19,0.13579269,0.22941187,9.867104,0.00030543236,-0.00045814854,-0.0007635809,-60.750004,2.5500002,9.150001,9.870704676342532,0.0009414057584719307,0.13590960768341667,0.22930691736590267,9.867214815045584,11.05530574,76.92709861,377.9002075195313,0.0,3.7900925,,0.0,405.0,,1,1,1,0,1
1789662436106.0,8.2,0.13579269,0.22941187,9.867104,0.00015271618,-0.00045814854,-0.0007635809,-60.750004,2.5500002,9.150001,9.870704676342532,0.000903481105050202,0.13585682387673023,0.22935271823640568,9.86718187840666,11.05530574,76.92709861,377.9002075195313,0.0,3.7900925,,0.0,405.0,,1,1,1,0,1
1789662436116.0,8.21,0.13579269,0.22941187,9.867104,0.00015271618,-0.00045814854,-0.0007635809,-60.600002,2.1000001,8.925,9.870704676342532,0.000903481105050202,0.13580906716555574,0.22939515605638783,9.867221340283802,11.05530574,76.92709861,377.9002075195313,0.0,3.7900925,,0.0,405.0,,1,1,1,0,1
1789662436126.0,8.22,0.13579269,0.22941187,9.867104,0.00015271618,-0.00045814854,-0.0007635809,-60.600002,2.1000001,8.925,9.870704676342532,0.000903481105050202,0.13579973899223974,0.229403419196153,9.867305011833214,11.05530574,76.92709861,377.9002075195313,0.0,3.7900925,,0.0,405.0,,1,1,1,0,1
1789662436136.0,8.23,0.13579269,0.22941187,9.867104,0.00015271618,-0.00045814854,-0.0007635809,-60.600002,2.1000001,8.925,9.870704676342532,0.000903481105050202,0.1357901402757985,0.2294128036152351,9.867226468049825,11.05530574,76.92709861,377.9002075195313,0.0,3.7900925,,0.0,405.0,,1,1,1,0,1
1789662436146.0,8.24,0.13579269,0.22941187,9.867104,0.00015271618,-0.00045814854,-0.0007635809,-60.600002,2.1000001,8.925,9.870704676342532,0.000903481105050202,0.13572156820494213,0.2294785835573159,9.866761692159008,11.05530574,76.92709861,377.9002075195313,0.0,3.7900925,,0.0,405.0,,1,1,1,0,1
1789662436156.0,8.25,0.13579269,0.22941187,9.867104,0.00015271618,-0.00045814854,-0.0007635809,-60.600002,2.1000001,8.925,9.870704676342532,0.000903481105050202,0.13557659033896463,0.22961970245570731,9.865872855109254,11.05530574,76.92709861,377.9002075195313,0.0,3.7900925,,0.0,405.0,,1,1,1,0,1
1789662436166.0,8.26,0.13519448,0.23001008,9.863514,0.00015271618,-0.00045814854,-0.0007635809,-60.600002,2.1000001,8.925,9.867121698475199,0.000903481105050202,0.13540053252186457,0.22979720825573388,9.864785375370904,11.05530574,76.92709861,377.9002075195313,0.0,3.7900925,,0.0,405.0,,1,1,1,0,1
1789662436176.0,8.27,0.13519448,0.23001008,9.863514,0.00015271618,-0.00045814854,-0.0007635809,-60.600002,2.1000001,8.925,9.867121698475199,0.000903481105050202,0.135266056950838,0.22994359322242244,9.863855987890098,11.05530574,76.92709861,377.9002075195313,0.0,3.7900925,,0.0,405.0,,1,1,1,0,1
1789662436186.0,8.28,0.13519448,0.23001008,9.863514,0.00015271618,-0.00045814854,-0.0007635809,-60.600002,2.1000001,8.925,9.867121698475199,0.000903481105050202,0.13521127697816432,0.23001628999012194,9.863336921154305,11.05530574,76.92709861,377.9002075195313,0.0,3.7900925,,0.0,405.0,,1,1,1,0,1
1789662436196.0,8.29,0.13519448,0.23001008,9.863514,0.00015271618,-0.00045814854,-0.0007635809,-60.600002,2.1000001,8.925,9.867121698475199,0.000903481105050202,0.13520647265158647,0.23002808157876917,9.863237205959186,11.05530574,76.92709861,377.9002075195313,0.0,3.7900925,,0.0,405.0,,1,1,1,0,1
1789662436206.0,8.3,0.13519448,0.23001008,9.863514,0.00030543236,0.00030543236,0.00045814854,-60.600002,2.1000001,8.925,9.867121698475199,0.0006296649408808392,0.13518230320623248,0.23002890670343554,9.86337543508578,11.05530574,76.92709861,377.9002075195313,0.0,3.7900925,,0.0,405.0,,1,1,1,0,1
1789662436216.0,8.31,0.13519448,0.23001008,9.863514,0.00030543236,0.00030543236,0.00045814854,-60.600002,2.1000001,8.925,9.867121698475199,0.0006296649408808392,0.13510237828055505,0.230055214904802,9.863539765466223,11.05530574,76.92709861,377.9002075195313,0.0,3.7900925,,0.0,405.0,,1,1,1,0,1
1789662436226.0,8.32,0.13519448,0.23001008,9.863514,0.00030543236,0.00030543236,0.00045814854,-60.9,1.8750001,9.225,9.867121698475199,0.0006296649408808392,0.13502408536607494,0.23008821670645668,9.863611505994193,11.05530574,76.92709861,377.9002075195313,0.0,3.7900925,,0.0,405.0,,1,1,1,0,1
1789662436236.0,8.33,0.13519448,0.23001008,9.863514,0.00030543236,0.00030543236,0.00045814854,-60.9,1.8750001,9.225,9.867121698475199,0.0006296649408808392,0.1350893560868199,0.23005673670098445,9.863585693985977,11.05530574,76.92709861,377.9002075195313,0.0,3.7900925,,0.0,405.0,,1,1,1,0,1
1789662436246.0,8.34,0.13519448,0.23001008,9.863514,0.00030543236,0.00030543236,0.00045814854,-60.9,1.8750001,9.225,9.867121698475199,0.0006296649408808392,0.1354300562282121,0.2298898338854136,9.863519275796373,11.05530574,76.92709861,377.9002075195313,0.0,3.7900925,,0.0,405.0,,1,1,1,0,1
1789662436256.0,8.35,0.13519448,0.23001008,9.863514,0.00030543236,0.00030543236,0.00045814854,-60.9,1.8750001,9.225,9.867121698475199,0.0006296649408808392,0.13604689537359066,0.22958349319496402,9.863470734397087,11.05530574,76.92709861,377.9002075195313,0.0,3.7900925,,0.0,405.0,,1,1,1,0,1
1789662436266.0,8.36,0.13758731,0.22881366,9.863514,0.00030543236,0.00030543236,0.00045814854,-60.9,1.8750001,9.225,9.867126957076799,0.0006296649408808392,0.13676892152573697,0.2292233533456506,9.863468802285544,11.05530574,76.92709861,377.9002075195313,0.0,3.7900925,,0.0,405.0,,1,1,1,0,1
1789662436276.0,8.37,0.13758731,0.22881366,9.863514,0.00030543236,0.00030543236,0.00045814854,-60.9,1.8750001,9.225,9.867126957076799,0.0006296649408808392,0.1373520012367315,0.22893363201125025,9.863509135907494,11.05530574,76.92709861,377.9002075195313,0.0,3.7900925,,0.0,405.0,,1,1,1,0,1
1789662436286.0,8.38,0.13758731,0.22881366,9.863514,0.00030543236,0.00030543236,0.00045814854,-60.9,1.8750001,9.225,9.867126957076799,0.0006296649408808392,0.13764711804055313,0.22878927434377266,9.8635619165412,11.05530574,76.92709861,377.9002075195313,0.0,3.7900925,,0.0,405.0,,1,1,1,0,1
1789662436296.0,8.39,0.13758731,0.22881366,9.863514,0.00030543236,0.00030543236,0.00045814854,-60.9,1.8750001,9.225,9.867126957076799,0.0006296649408808392,0.13769377848621914,0.22876722715038722,9.86358304061987,11.05530574,76.92709861,377.9002075195313,0.0,3.7900925,,0.0,405.0,,1,1,1,0,1
1789662436306.0,8.4,0.13758731,0.22881366,9.863514,0.00030543236,-0.00045814854,0.00045814854,-60.9,1.8750001,9.225,9.867126957076799,0.0007163023774520316,0.1376598929727767,0.22877865460545974,9.863535756912906,11.05530574,76.92709861,377.9002075195313,0.0,3.7900925,,0.0,405.0,,1,1,1,0,1
1789662436316.0,8.41,0.13758731,0.22881366,9.863514,0.00030543236,-0.00045814854,0.00045814854,-60.750004,2.1750002,9.450001,9.867126957076799,0.0007163023774520316,0.13768417710256636,0.22875360955912952,9.863426274912927,11.05530574,76.92709861,377.9002075195313,0.0,3.7900925,,0.0,405.0,,1,1,1,0,1
1789662436326.0,8.42,0.13758731,0.22881366,9.863514,0.00030543236,-0.00045814854,0.00045814854,-60.750004,2.1750002,9.450001,9.867126957076799,0.0007163023774520316,0.13774943705329315,0.22870976468970533,9.863333841627234,11.05530574,76.92709861,377.9002075195313,0.0,3.7900925,,0.0,405.0,,1,1,1,0,1
1789662436336.0,8.43,0.13758731,0.22881366,9.863514,0.00030543236,-0.00045814854,0.00045814854,-60.750004,2.1750002,9.450001,9.867126957076799,0.0007163023774520316,0.13768471067504096,0.2287501731505996,9.863396800614641,11.05530574,76.92709861,377.9002075195313,0.0,3.7900925,,0.0,405.0,,1,1,1,0,1
1789662436346.0,8.44,0.13758731,0.22881366,9.863514,0.00030543236,-0.00045814854,0.00045814854,-60.750004,2.1750002,9.450001,9.867126957076799,0.0007163023774520316,0.1373012257864328,0.22898487471809117,9.863734442836014,11.05530574,76.92709861,377.9002075195313,0.0,3.7900925,,0.0,405.0,,1,1,1,0,1
1789662436356.0,8.45,0.13758731,0.22881366,9.863514,0.00030543236,-0.00045814854,0.00045814854,-60.750004,2.1750002,9.450001,9.867126957076799,0.0007163023774520316,0.1365646298839936,0.2294308921310091,9.864345271110684,11.05530574,76.92709861,377.9002075195313,0.0,3.7900925,,0.0,405.0,,1,1,1,0,1
1789662436366.0,8.46,0.13459627,0.23060828,9.865907,0.00030543236,-0.00045814854,0.00045814854,-60.750004,2.1750002,9.450001,9.869519606715995,0.0007163023774520316,0.13566031715944835,0.2299745482020211,9.8650717718231,11.05530574,76.92709861,377.9002075195313,0.0,3.7900925,,0.0,405.0,,1,1,1,0,1
1789662436376.0,8.47,0.13459627,0.23060828,9.865907,0.00030543236,-0.00045814854,0.00045814854,-60.750004,2.1750002,9.450001,9.869519606715995,0.0007163023774520316,0.13488390433033068,0.23043751425156064,9.865684490737756,11.05530574,76.92709861,377.9002075195313,0.0,3.7900925,,0.0,405.0,,1,1,1,0,1
1789662436386.0,8.48,0.13459627,0.23060828,9.865907,0.00030543236,-0.00045814854,0.00045814854,-60.750004,2.1750002,9.450001,9.869519606715995,0.0007163023774520316,0.13444568304526203,0.23069466305908426,9.866026241073987,11.05530574,76.92709861,377.9002075195313,0.0,3.7900925,,0.0,405.0,,1,1,1,0,1
1789662436396.0,8.49,0.13459627,0.23060828,9.865907,0.00030543236,-0.00045814854,0.00045814854,-60.750004,2.1750002,9.450001,9.869519606715995,0.0007163023774520316,0.13435642842066672,0.2307432771843743,9.866094301949856,11.05530574,76.92709861,377.9002075195313,0.0,3.7900925,,0.0,405.0,,1,1,1,0,1
1789662436406.0,8.5,0.13459627,0.23060828,9.865907,-0.00030543236,-0.0006108647,-0.00030543236,-60.750004,2.1750002,9.450001,9.869519606715995,0.0007481534166041276,0.13447112561719382,0.23067590835708332,9.866003821610454,11.05530574,76.92709861,377.9002075195313,0.0,3.7900925,,0.0,405.0,,1,1,1,0,1
1789662436416.0,8.51,0.13459627,0.23060828,9.865907,-0.00030543236,-0.0006108647,-0.00030543236,-60.825,2.1000001,9.450001,9.869519606715995,0.0007481534166041276,0.13461832040065744,0.23059870036264293,9.865888070020393,11.05530574,76.92709861,377.9002075195313,0.0,3.7900925,,0.0,405.0,,1,1,1,0,1
1789662436426.0,8.52,0.13459627,0.23060828,9.865907,-0.00030543236,-0.0006108647,-0.00030543236,-60.825,2.1000001,9.450001,9.869519606715995,0.0007481534166041276,0.1346963105053564,0.2305679473688812,9.865825992399193,11.05530574,76.92709861,377.9002075195313,0.0,3.7900925,,0.0,405.0,,1,1,1,0,1
1789662436436.0,8.53,0.13459627,0.23060828,9.865907,-0.00030543236,-0.0006108647,-0.00030543236,-60.825,2.1000001,9.450001,9.869519606715995,0.0007481534166041276,0.13468634847577515,0.23058031062747955,9.86583355416958,11.05530574,76.92709861,377.9002075195313,0.0,3.7900925,,0.0,405.0,,1,1,1,0,1
1789662436446.0,8.54,0.13459627,0.23060828,9.865907,-0.00030543236,-0.0006108647,-0.00030543236,-60.825,2.1000001,9.450001,9.869519606715995,0.0007481534166041276,0.13461600713227329,0.2306029727239118,9.865891502268548,11.05530574,76.92709861,377.9002075195313,0.0,3.7900925,,0.0,405.0,,1,1,1,0,1
1789662436456.0,8.55,0.13459627,0.23060828,9.865907,-0.00030543236,-0.0006108647,-0.00030543236,-60.825,2.1000001,9.450001,9.869519606715995,0.0007481534166041276,0.13452804169445914,0.23061031698113052,9.865966651504827,11.05530574,76.92709861,377.9002075195313,0.0,3.7900925,,0.0,405.0,,1,1,1,0,1
1789662436466.0,8.56,0.13459627,0.23060828,9.865907,0.00030543236,0.0006108647,0.00030543236,-60.825,2.1000001,9.450001,9.869519606715995,0.0007481534166041276,0.13447558060243792,0.23060282273552052,9.866012723958534,11.05530574,76.92709861,377.9002075195313,0.0,3.7900925,,0.0,405.0,,1,1,1,0,1
1789662436476.0,8.57,0.13459627,0.23060828,9.865907,0.00030543236,0.0006108647,0.00030543236,-60.825,2.1000001,9.450001,9.869519606715995,0.0007481534166041276,0.13452159781318052,0.23060248517219717,9.865970993527018,11.05530574,76.92709861,377.9002075195313,0.0,3.7900925,,0.0,405.0,,1,1,1,0,1
1789662436486.0,8.58,0.13459627,0.23060828,9.865907,0.00030543236,0.0006108647,0.00030543236,-60.825,2.1000001,9.450001,9.869519606715995,0.0007481534166041276,0.13471335984763164,0.2306333155221219,9.865794713852898,11.05530574,76.92709861,377.9002075195313,0.0,3.7900925,,0.0,405.0,,1,1,1,0,1
1789662436496.0,8.59,0.13459627,0.23060828,9.865907,0.00030543236,0.0006108647,0.00030543236,-60.825,2.1000001,9.450001,9.869519606715995,0.0007481534166041276,0.135037962022822,0.23070203647549184,9.865489594677054,11.05530574,76.92709861,377.9002075195313,0.0,3.7900925,,0.0,405.0,,1,1,1,0,1
1789662436506.0,8.6,0.13579269,0.23090738,9.864711,0.00030543236,0.0006108647,0.00030543236,-60.825,2.1000001,9.450001,9.86834742934788,0.0007481534166041276,0.13540438034728913,0.23079258348457285,9.865130073554152,11.05530574,76.92709861,377.9002075195313,0.0,3.7900925,,0.0,405.0,,1,1,1,0,1
1789662436516.0,8.61,0.13579269,0.23090738,9.864711,0.00030543236,0.0006108647,0.00030543236,-60.525,2.1000001,9.225,9.86834742934788,0.0007481534166041276,0.13568808347542546,0.2308773282944453,9.864823112819847,11.05530574,76.92709861,377.9002075195313,0.0,3.7900925,,0.0,405.0,,1,1,1,0,1
1789662436526.0,8.62,0.13579269,0.23090738,9.864711,0.00030543236,0.0006108647,0.00030543236,-60.525,2.1000001,9.225,9.86834742934788,0.0007481534166041276,0.13581448230684656,0.2309338207765054,9.864644243426023,11.05530574,76.92709861,377.9002075195313,0.0,3.7900925,,0.0,405.0,,1,1,1,0,1
1789662436536.0,8.63,0.13579269,0.23090738,9.864711,0.00030543236,0.0006108647,0.00030543236,-60.525,2.1000001,9.225,9.86834742934788,0.0007481534166041276,0.13581265299933165,0.2309524488760432,9.86460167404161,11.05530574,76.92709861,377.9002075195313,0.0,3.7900925,,0.0,405.0,,1,1,1,0,1
1789662436546.0,8.64,0.13579269,0.23090738,9.864711,0.00030543236,0.0006108647,0.00030543236,-60.525,2.1000001,9.225,9.86834742934788,0.0007481534166041276,0.13579336466480801,0.23093265010315883,9.864652890424999,11.05530574,76.92709861,377.9002075195313,0.0,3.7900925,,0.0,405.0,,1,1,1,0,1
1789662436556.0,8.65,0.13579269,0.23090738,9.864711,0.00030543236,0.0006108647,0.00030543236,-60.525,2.1000001,9.225,9.86834742934788,0.0007481534166041276,0.13586894002255948,0.23087801497046398,9.864745633839938,11.05530574,76.92709861,377.9002075195313,0.0,3.7900925,,0.0,405.0,,1,1,1,0,1
1789662436566.0,8.66,0.13579269,0.23090738,9.864711,0.00030543236,0.0006108647,0.00030543236,-60.525,2.1000001,9.225,9.86834742934788,0.0007481534166041276,0.13607574631033,0.23079782580578323,9.864843571193104,11.05530574,76.92709861,377.9002075195313,0.0,3.7900925,,0.0,405.0,,1,1,1,0,1
1789662436576.0,8.67,0.13668999,0.23060828,9.865009,0.00030543236,0.0006108647,0.00030543236,-60.525,2.1000001,9.225,9.868650713357514,0.0007481534166041276,0.1363549973806712,0.23070991101404395,9.864927054989556,11.05530574,76.92709861,377.9002075195313,0.0,3.7900925,,0.0,405.0,,1,1,1,0,1
1789662436586.0,8.68,0.13668999,0.23060828,9.865009,0.00030543236,0.0006108647,0.00030543236,-60.525,2.1000001,9.225,9.868650713357514,0.0007481534166041276,0.1366022192958,0.23063602999838947,9.864985586169759,11.05530574,76.92709861,377.9002075195313,0.0,3.7900925,,0.0,405.0,,1,1,1,0,1
1789662436596.0,8.69,0.13668999,0.23060828,9.865009,0.00030543236,0.0006108647,0.00030543236,-60.525,2.1000001,9.225,9.868650713357514,0.0007481534166041276,0.13674201181450119,0.2305913675320996,9.865015703261555,11.05530574,76.92709861,377.9002075195313,0.0,3.7900925,,0.0,405.0,,1,1,1,0,1
1789662436606.0,8.7,0.13668999,0.23060828,9.865009,0.00030543236,0.0006108647,0.00030543236,-60.525,2.1000001,9.225,9.868650713357514,0.0007481534166041276,0.13676855701465915,0.2305784181994437,9.865022242164153,11.05530574,76.92709861,377.9002075195313,0.0,3.7900925,,0.0,405.0,,1,1,1,0,1
1789662436616.0,8.71,0.13668999,0.23060828,9.865009,0.00030543236,0.0006108647,-0.00030543236,-60.525,2.1000001,9.225,9.868650713357514,0.0007481534166041276,0.13672970595503595,0.2305899657054883,9.865016036998982,11.05530574,76.92709861,377.9002075195313,0.0,3.7900925,,0.0,405.0,,1,1,1,0,1
1789662436626.0,8.72,0.13668999,0.23060828,9.865009,0.00030543236,0.0006108647,-0.00030543236,-60.975002,1.8750001,9.075001,9.868650713357514,0.0007481534166041276,0.13668219224108116,0.23061480707637594,9.865007926493284,11.05530574,76.92709861,377.9002075195313,0.0,3.7900925,,0.0,405.0,,1,1,1,0,1
1789662436636.0,8.73,0.13668999,0.23060828,9.865009,0.00030543236,0.0006108647,-0.00030543236,-60.975002,1.8750001,9.075001,9.868650713357514,0.0007481534166041276,0.136658671173073,0.23063892776907416,9.865004001043564,11.05530574,76.92709861,377.9002075195313,0.0,3.7900925,,0.0,405.0,,1,1,1,0,1
1789662436646.0,8.74,0.13668999,0.23060828,9.865009,0.00030543236,0.0006108647,-0.00030543236,-60.975002,1.8750001,9.075001,9.868650713357514,0.0007481534166041276,0.13666326550239155,0.2306444573133226,9.865005009542546,11.05530574,76.92709861,377.9002075195313,0.0,3.7900925,,0.0,405.0,,1,1,1,0,1
1789662436656.0,8.75,0.13668999,0.23060828,9.865009,0.00030543236,0.0006108647,-0.00030543236,-60.975002,1.8750001,9.075001,9.868650713357514,0.0007481534166041276,0.1366847389196845,0.23061592850161217,9.865008664551565,11.05530574,76.92709861,377.9002075195313,0.0,3.7900925,,0.0,405.0,,1,1,1,0,1
1789662436666.0,8.76,0.13668999,0.23060828,9.865009,0.00030543236,-0.0006108647,0.00030543236,-60.975002,1.8750001,9.075001,9.868650713357514,0.0007481534166041276,0.1367087811065727,0.23055778658878404,9.865012091384799,11.05530574,76.92709861,377.9002075195313,0.0,3.7900925,,0.0,405.0,,1,1,1,0,1
1789662436676.0,8.77,0.13668999,0.23060828,9.865009,0.00030543236,-0.0006108647,0.00030543236,-60.975002,1.8750001,9.075001,9.868650713357514,0.0007481534166041276,0.13672132908167517,0.23051127956646722,9.865013049711571,11.05530574,76.92709861,377.9002075195313,0.0,3.7900925,,0.0,405.0,,1,1,1,0,1
1789662436686.0,8.78,0.13668999,0.23060828,9.865009,0.00030543236,-0.0006108647,0.00030543236,-60.975002,1.8750001,9.075001,9.868650713357514,0.0007481534166041276,0.13670823080275898,0.23054780743303976,9.865010455943926,11.05530574,76.92709861,377.9002075195313,0.0,3.7900925,,0.0,405.0,,1,1,1,0,1
1789662436696.0,8.79,0.13668999,0.23060828,9.865009,0.00030543236,-0.0006108647,0.00030543236,-60.975002,1.8750001,9.075001,9.868650713357514,0.0007481534166041276,0.1366598195992177,0.23072696275197016,9.865005162382122,11.05530574,76.92709861,377.9002075195313,0.0,3.7900925,,0.0,405.0,,1,1,1,0,1
1789662436706.0,8.8,0.13668999,0.23060828,9.865009,0.00030543236,-0.0006108647,0.00030543236,-60.975002,1.8750001,9.075001,9.868650713357514,0.0007481534166041276,0.1365802036785698,0.23104194618966128,9.86500070721378,11.05530574,76.92709861,377.9002075195313,0.0,3.7900925,,0.0,405.0,,1,1,1,0,1
1789662436716.0,8.81,0.1363909,0.2318047,9.865009,0.00030543236,-0.0006108647,0.00030543236,-60.975002,1.8750001,9.075001,9.868674605367527,0.0007481534166041276,0.1364908433072543,0.23140265887350278,9.865002335030105,11.05530574,76.92709861,377.9002075195313,0.0,3.7900925,,0.0,405.0,,1,1,1,0,1
1789662436726.0,8.82,0.1363909,0.2318047,9.865009,0.00030543236,-0.0006108647,0.00030543236,-60.9,1.725,8.700001,9.868674605367527,0.0007481534166041276,0.13642001272470294,0.23168645440236865,9.865012986624853,11.05530574,76.92709861,377.9002075195313,0.0,3.7900925,,0.0,405.0,,1,1,1,0,1
1789662436736.0,8.83,0.1363909,0.2318047,9.865009,0.00030543236,-0.0006108647,0.00030543236,-60.9,1.725,8.700001,9.868674605367527,0.0007481534166041276,0.13638424117222242,0.23182334316978215,9.86502790753838,11.05530574,76.92709861,377.9002075195313,0.0,3.7900925,,0.0,405.0,,1,1,1,0,1
1789662436746.0,8.84,0.1363909,0.2318047,9.865009,0.00030543236,-0.0006108647,0.00030543236,-60.9,1.725,8.700001,9.868674605367527,0.0007481534166041276,0.13637804192066622,0.2318422617941569,9.865033183224972,11.05530574,76.92709861,377.9002075195313,0.0,3.7900925,,0.0,405.0,,1,1,1,0,1
1789662436756.0,8.85,0.1363909,0.2318047,9.865009,0.00030543236,-0.0006108647,0.00030543236,-60.9,1.725,8.700001,9.868674605367527,0.0007481534166041276,0.13638136958500705,0.23183628832726866,9.865013834613169,11.05530574,76.92709861,377.9002075195313,0.0,3.7900925,,0.0,405.0,,1,1,1,0,1
1789662436766.0,8.86,0.1363909,0.2318047,9.865009,0.00030543236,-0.0006108647,0.00030543236,-60.9,1.725,8.700001,9.868674605367527,0.0007481534166041276,0.1363782743706013,0.23187437882336512,9.864970834869219,11.05530574,76.92709861,377.9002075195313,0.0,3.7900925,,0.0,405.0,,1,1,1,0,1
1789662436776.0,8.87,0.1363909,0.2318047,9.865009,-0.0009162971,-0.0006108647,-0.00015271618,-60.9,1.725,8.700001,9.868674605367527,0.0011117905777655666,0.13637137828712012,0.23192952048450466,9.864935501778302,11.05530574,76.92709861,377.9002075195313,0.0,3.7900925,,0.0,405.0,,1,1,1,0,1
1789662436786.0,8.88,0.1363909,0.2318047,9.865009,-0.0009162971,-0.0006108647,-0.00015271618,-60.9,1.725,8.700001,9.868674605367527,0.0011117905777655666,0.1363805316974821,0.23188240271287286,9.864963495178733,11.05530574,76.92709861,377.9002075195313,0.0,3.7900925,,0.0,405.0,,1,1,1,0,1
1789662436796.0,8.89,0.1363909,0.2318047,9.865009,-0.0009162971,-0.0006108647,-0.00015271618,-60.9,1.725,8.700001,9.868674605367527,0.0011117905777655666,0.13642555969918477,0.23160832393154526,9.86510073479162,11.05530574,76.92709861,377.9002075195313,0.0,3.7900925,,0.0,405.0,,1,1,1,0,1
1789662436806.0,8.9,0.1363909,0.2318047,9.865009,-0.0009162971,-0.0006108647,-0.00015271618,-60.9,1.725,8.700001,9.868674605367527,0.0011117905777655666,0.13650569659212783,0.2310886916509234,9.865340325968162,11.05530574,76.92709861,377.9002075195313,0.0,3.7900925,,0.0,405.0,,1,1,1,0,1
1789662436816.0,8.91,0.13668999,0.22971097,9.865907,-0.0009162971,-0.0006108647,-0.00015271618,-60.9,1.725,8.700001,9.869527456558066,0.0011117905777655666,0.13659392967832956,0.23045344667338874,9.865610296987146,11.05530574,76.92709861,377.9002075195313,0.0,3.7900925,,0.0,405.0,,1,1,1,0,1
1789662436826.0,8.92,0.13668999,0.22971097,9.865907,-0.0009162971,-0.0006108647,-0.00015271618,-60.45,2.25,7.9500003,9.869527456558066,0.0011117905777655666,0.13665497848720415,0.22990725543614407,9.865815406271691,11.05530574,76.92709861,377.9002075195313,0.0,3.7900925,,0.0,405.0,,1,1,1,0,1
1789662436836.0,8.93,0.13668999,0.22971097,9.865907,-0.0009162971,-0.0006108647,-0.00015271618,-60.45,2.25,7.9500003,9.869527456558066,0.0011117905777655666,0.13667459381999175,0.22959753227367397,9.865906180729064,11.05530574,76.92709861,377.9002075195313,0.0,3.7900925,,0.0,405.0,,1,1,1,0,1
1789662436846.0,8.94,0.13668999,0.22971097,9.865907,-0.0009162971,-0.0006108647,-0.00015271618,-60.45,2.25,7.9500003,9.869527456558066,0.0011117905777655666,0.13667414673185369,0.2295363276494182,9.865915403875832,11.05530574,76.92709861,377.9002075195313,0.0,3.7900925,,0.0,405.0,,1,1,1,0,1
1789662436856.0,8.95,0.13668999,0.22971097,9.865907,-0.0009162971,-0.0006108647,-0.00015271618,-60.45,2.25,7.9500003,9.869527456558066,0.0011117905777655666,0.1366933033031436,0.22962697453535508,9.865925668959004,11.05530574,76.92709861,377.9002075195313,0.0,3.7900925,,0.0,405.0,,1,1,1,0,1
1789662436866.0,8.96,0.13668999,0.22971097,9.865907,-0.0009162971,0.0006108647,0.00030543236,-60.45,2.25,7.9500003,9.869527456558066,0.0011428232512990229,0.13674888178253702,0.2297469033464027,9.865989036507408,11.05530574,76.92709861,377.9002075195313,0.0,3.7900925,,0.0,405.0,,1,1,1,0,1
1789662436876.0,8.97,0.13668999,0.22971097,9.865907,-0.0009162971,0.0006108647,0.00030543236,-60.45,2.25,7.9500003,9.869527456558066,0.0011428232512990229,0.13680064695627422,0.22981000244093525,9.866060488726589,11.05530574,76.92709861,377.9002075195313,0.0,3.7900925,,0.0,405.0,,1,1,1,0,1
1789662436886.0,8.98,0.13668999,0.22971097,9.865907,-0.0009162971,0.0006108647,0.00030543236,-60.45,2.25,7.9500003,9.869527456558066,0.0011428232512990229,0.13675850779873153,0.22978048011694074,9.866004133833423,11.05530574,76.92709861,377.9002075195313,0.0,3.7900925,,0.0,405.0,,1,1,1,0,1
1789662436896.0,8.99,0.13668999,0.22971097,9.865907,-0.0009162971,0.0006108647,0.00030543236,-60.45,2.25,7.9500003,9.869527456558066,0.0011428232512990229,0.13654135612639917,0.22966120760332065,9.86568490480865,11.05530574,76.92709861,377.9002075195313,0.0,3.7900925,,0.0,405.0,,1,1,1,0,1
1789662436906.0,9.0,0.13668999,0.22971097,9.865907,-0.0009162971,0.0006108647,0.00030543236,-60.45,2.25,7.9500003,9.869527456558066,0.0011428232512990229,0.13615192708700247,0.22948371498452663,9.865087429096356,11.05530574,76.92709861,377.9002075195313,0.0,3.7900925,,0.0,405.0,,1,1,1,0,1
1789662436916.0,9.01,0.13519448,0.22911277,9.863514,-0.0009162971,0.0006108647,0.00030543236,-60.45,2.25,7.9500003,9.867100822277816,0.0011428232512990229,0.13570084545859398,0.2292999799518615,9.864360868095687,11.05530574,76.92709861,377.9002075195313,0.0,3.7900925,,0.0,405.0,,1,1,1,0,1
1789662436926.0,9.02,0.13519448,0.22911277,9.863514,-0.0009162971,0.0006108647,0.00030543236,-60.300003,2.25,8.700001,9.867100822277816,0.0011428232512990229,0.13534272018722424,0.22916266254894926,9.863736399769172,11.05530574,76.92709861,377.9002075195313,0.0,3.7900925,,0.0,405.0,,1,1,1,0,1
1789662436936.0,9.03,0.13519448,0.22911277,9.863514,-0.0009162971,0.0006108647,0.00030543236,-60.300003,2.25,8.700001,9.867100822277816,0.0011428232512990229,0.13516795947061291,0.22909731633674263,9.86338064294716,11.05530574,76.92709861,377.9002075195313,0.0,3.7900925,,0.0,405.0,,1,1,1,0,1
1789662436946.0,9.04,0.13519448,0.22911277,9.863514,-0.0009162971,0.0006108647,0.00030543236,-60.300003,2.25,8.700001,9.867100822277816,0.0011428232512990229,0.1351434106447491,0.2290891254144911,9.863309184394497,11.05530574,76.92709861,377.9002075195313,0.0,3.7900925,,0.0,405.0,,1,1,1,0,1
1789662436956.0,9.05,0.13519448,0.22911277,9.863514,-0.0009162971,0.0006108647,0.00030543236,-60.300003,2.25,8.700001,9.867100822277816,0.0011428232512990229,0.135154400894416,0.22909854833327228,9.8634158618475,11.05530574,76.92709861,377.9002075195313,0.0,3.7900925,,0.0,405.0,,1,1,1,0,1
1789662436966.0,9.06,0.13519448,0.22911277,9.863514,-0.0009162971,0.0006108647,0.00030543236,-60.300003,2.25,8.700001,9.867100822277816,0.0011428232512990229,0.135113395370872,0.22909469555597403,9.863562495000673,11.05530574,76.92709861,377.9002075195313,0.0,3.7900925,,0.0,405.0,,1,1,1,0,1
1789662436976.0,9.07,0.13519448,0.22911277,9.863514,-0.0009162971,0.0,-0.0009162971,-60.300003,2.25,8.700001,9.867100822277816,0.001295839785983136,0.13504873012089336,0.2290807871888704,9.86364488967558,11.05530574,76.92709861,377.9002075195313,0.0,3.7900925,,0.0,405.0,,1,1,1,0,1
1789662436986.0,9.08,0.13519448,0.22911277,9.863514,-0.0009162971,0.0,-0.0009162971,-60.300003,2.25,8.700001,9.867100822277816,0.001295839785983136,0.13510127991617954,0.22909254168229767,9.86360826650716,11.05530574,76.92709861,377.9002075195313,0.0,3.7900925,,0.0,405.0,,1,1,1,0,1
1789662436996.0,9.09,0.13519448,0.22911277,9.863514,-0.0009162971,0.0,-0.0009162971,-60.300003,2.25,8.700001,9.867100822277816,0.001295839785983136,0.13541987410869885,0.2291693303431698,9.863441528434063,11.05530574,76.92709861,377.9002075195313,0.0,3.7900925,,0.0,405.0,,1,1,1,0,1
1789662437006.0,9.1,0.13519448,0.22911277,9.863514,-0.0009162971,0.0,-0.0009162971,-60.300003,2.25,8.700001,9.867100822277816,0.001295839785983136,0.13602600557263922,0.22931836057453944,9.863178085814942,11.05530687,76.92709832,377.7618408203125,0.0,3.7900925,,0.0,405.0,,1,1,1,0,1
1789662437016.0,9.11,0.13758731,0.22971097,9.862617,-0.0009162971,0.0,-0.0009162971,-60.300003,2.25,8.700001,9.86625113638916,0.001295839785983136,0.1367610022862236,0.22950109120848836,9.86289371867304,11.05530687,76.92709832,377.7618408203125,0.0,3.7900925,,0.0,405.0,,1,1,1,0,1
1789662437026.0,9.12,0.13758731,0.22971097,9.862617,-0.0009162971,0.0,-0.0009162971,-60.300003,2.25,8.700001,9.86625113638916,0.001295839785983136,0.137375432903904,0.229655913378028,9.862677840971148,11.05530687,76.92709832,377.7618408203125,0.0,3.7900925,,0.0,405.0,,1,1,1,0,1
1789662437036.0,9.13,0.13758731,0.22971097,9.862617,-0.0009162971,0.0,-0.0009162971,-60.300003,2.25,8.700001,9.86625113638916,0.001295839785983136,0.1376949985780721,0.22973934645979652,9.862583827968953,11.05530687,76.92709832,377.7618408203125,0.0,3.7900925,,0.0,405.0,,1,1,1,0,1
1789662437046.0,9.14,0.13758731,0.22971097,9.862617,-0.0009162971,0.0,-0.0009162971,-60.300003,2.25,8.700001,9.86625113638916,0.001295839785983136,0.1377255403825676,0.22975123162465674,9.862595524060911,11.05530687,76.92709832,377.7618408203125,0.0,3.7900925,,0.0,405.0,,1,1,1,0,1
1789662437056.0,9.15,0.13758731,0.22971097,9.862617,-0.0009162971,0.0,-0.0009162971,-60.300003,2.25,8.700001,9.86625113638916,0.001295839785983136,0.13762142119334636,0.22972639426606575,9.862639127928675,11.05530687,76.92709832,377.7618408203125,0.0,3.7900925,,0.0,405.0,,1,1,1,0,1
1789662437066.0,9.16,0.13758731,0.22971097,9.862617,-0.0009162971,0.0,-0.0009162971,-60.300003,2.25,8.700001,9.86625113638916,0.001295839785983136,0.13755949956585176,0.22970515840449157,9.862635125384319,11.05530687,76.92709832,377.7618408203125,0.0,3.7900925,,0.0,405.0,,1,1,1,0,1
1789662437076.0,9.17,0.13758731,0.22971097,9.862617,0.00030543236,-0.0006108647,-0.0007635809,-61.125004,2.025,9.3,9.86625113638916,0.0010244512673065857,0.13761580834346235,0.2297070710865663,9.862559600691107,11.05530687,76.92709832,377.7618408203125,0.0,3.7900925,,0.0,405.0,,1,1,1,0,1
1789662437086.0,9.18,0.13758731,0.22971097,9.862617,0.00030543236,-0.0006108647,-0.0007635809,-61.125004,2.025,9.3,9.86625113638916,0.0010244512673065857,0.1377171353703783,0.22972277288291948,9.86247803822684,11.05530687,76.92709832,377.7618408203125,0.0,3.7900925,,0.0,405.0,,1,1,1,0,1
1789662437096.0,9.19,0.13758731,0.22971097,9.862617,0.00030543236,-0.0006108647,-0.0007635809,-61.125004,2.025,9.3,9.86625113638916,0.0010244512673065857,0.13768971333395005,0.22972463145953545,9.862522075960724,11.05530687,76.92709832,377.7618408203125,0.0,3.7900925,,0.0,405.0,,1,1,1,0,1
1789662437106.0,9.2,0.13758731,0.22971097,9.862617,0.00030543236,-0.0006108647,-0.0007635809,-61.125004,2.025,9.3,9.86625113638916,0.0010244512673065857,0.13738031268750972,0.2296878759207306,9.862806805656987,11.05530687,76.92709832,377.7618408203125,0.0,3.7900925,,0.0,405.0,,1,1,1,0,1
1789662437116.0,9.21,0.13758731,0.22971097,9.862617,0.00030543236,-0.0006108647,-0.0007635809,-61.125004,2.025,9.3,9.86625113638916,0.0010244512673065857,0.13677833712364942,0.2296096928682202,9.863335238171178,11.05530687,76.92709832,377.7618408203125,0.0,3.7900925,,0.0,405.0,,1,1,1,0,1
1789662437126.0,9.22,0.13519448,0.22941187,9.864711,0.00030543236,-0.0006108647,-0.0007635809,-61.125004,2.025,9.3,9.868304335955614,0.0010244512673065857,0.1360464651371536,0.22951365983343242,9.863969602730137,11.05530687,76.92709832,377.7618408203125,0.0,3.7900925,,0.0,405.0,,1,1,1,0,1
1789662437136.0,9.23,0.13519448,0.22941187,9.864711,0.00030543236,-0.0006108647,-0.0007635809,-61.125004,2.025,9.3,9.868304335955614,0.0010244512673065857,0.13542258154227135,0.2294351343505513,9.8645094426189,11.05530687,76.92709832,377.7618408203125,0.0,3.7900925,,0.0,405.0,,1,1,1,0,1
1789662437146.0,9.24,0.13519448,0.22941187,9.864711,0.00030543236,-0.0006108647,-0.0007635809,-61.125004,2.025,9.3,9.868304335955614,0.0010244512673065857,0.13506780864036658,0.229397787799603,9.864818363660596,11.05530687,76.92709832,377.7618408203125,0.0,3.7900925,,0.0,405.0,,1,1,1,0,1
1789662437156.0,9.25,0.13519448,0.22941187,9.864711,0.00030543236,-0.0006108647,-0.0007635809,-61.125004,2.025,9.3,9.868304335955614,0.0010244512673065857,0.1349872719699421,0.22939912054615613,9.864891518764608,11.05530687,76.92709832,377.7618408203125,0.0,3.7900925,,0.0,405.0,,1,1,1,0,1
1789662437166.0,9.26,0.13519448,0.22941187,9.864711,0.00030543236,-0.0006108647,-0.0007635809,-61.125004,2.025,9.3,9.868304335955614,0.0010244512673065857,0.13507329065010987,0.2294149005175505,9.864819460130033,11.05530687,76.92709832,377.7618408203125,0.0,3.7900925,,0.0,405.0,,1,1,1,0,1
1789662437176.0,9.27,0.13519448,0.22941187,9.864711,0.00030543236,-0.0006108647,-0.00030543236,-60.825,2.025,9.0,9.868304335955614,0.0007481534166041276,0.13520430238499048,0.22941790042986973,9.864704681833134,11.05530687,76.92709832,377.7618408203125,0.0,3.7900925,,0.0,405.0,,1,1,1,0,1
1789662437186.0,9.28,0.13519448,0.22941187,9.864711,0.00030543236,-0.0006108647,-0.00030543236,-60.825,2.025,9.0,9.868304335955614,0.0007481534166041276,0.135304327040679,0.22939840653123728,9.86461260711037,11.05530687,76.92709832,377.7618408203125,0.0,3.7900925,,0.0,405.0,,1,1,1,0,1
1789662437196.0,9.29,0.13519448,0.22941187,9.864711,0.00030543236,-0.0006108647,-0.00030543236,-60.825,2.025,9.0,9.868304335955614,0.0007481534166041276,0.13533453943703522,0.22937453098367047,9.86458075535369,11.05530687,76.92709832,377.7618408203125,0.0,3.7900925,,0.0,405.0,,1,1,1,0,1
1789662437206.0,9.3,0.13519448,0.22941187,9.864711,0.00030543236,-0.0006108647,-0.00030543236,-60.825,2.025,9.0,9.868304335955614,0.0007481534166041276,0.13526185826938622,0.22938478156504294,9.864645599898969,11.05530687,76.92709832,377.7618408203125,0.0,3.7900925,,0.0,405.0,,1,1,1,0,1
1789662437216.0,9.31,0.13519448,0.22941187,9.864711,0.00030543236,-0.0006108647,-0.00030543236,-61.125004,1.8000001,9.825001,9.868304335955614,0.0007481534166041276,0.13505949316778784,0.22946360559797507,9.8648384923211,11.05530687,76.92709832,377.7618408203125,0.0,3.7900925,,0.0,405.0,,1,1,1,0,1
1789662437226.0,9.32,0.13519448,0.22941187,9.864711,0.00030543236,-0.0006108647,-0.00030543236,-61.125004,1.8000001,9.825001,9.868304335955614,0.0007481534166041276,0.13474323733586388,0.229613661800216,9.8651489109053,11.05530687,76.92709832,377.7618408203125,0.0,3.7900925,,0.0,405.0,,1,1,1,0,1
1789662437236.0,9.33,0.13399807,0.23001008,9.865907,0.00030543236,-0.0006108647,-0.00030543236,-61.125004,1.8000001,9.825001,9.869497507589449,0.0007481534166041276,0.13439353793783718,0.22979699817539095,9.865502126643761,11.05530687,76.92709832,377.7618408203125,0.0,3.7900925,,0.0,405.0,,1,1,1,0,1
1789662437246.0,9.34,0.13399807,0.23001008,9.865907,0.00030543236,-0.0006108647,-0.00030543236,-61.125004,1.8000001,9.825001,9.869497507589449,0.0007481534166041276,0.13411935529318025,0.22995606683000805,9.865791665972228,11.05530687,76.92709832,377.7618408203125,0.0,3.7900925,,0.0,405.0,,1,1,1,0,1
1789662437256.0,9.35,0.13399807,0.23001008,9.865907,0.00030543236,-0.0006108647,-0.00030543236,-61.125004,1.8000001,9.825001,9.869497507589449,0.0007481534166041276,0.13398390319749656,0.23004871319614545,9.86594732042293,11.05530687,76.92709832,377.7618408203125,0.0,3.7900925,,0.0,405.0,,1,1,1,0,1
1789662437266.0,9.36,0.13399807,0.23001008,9.865907,0.00030543236,-0.0006108647,-0.00030543236,-61.125004,1.8000001,9.825001,9.869497507589449,0.0007481534166041276,0.13396068873102884,0.23006822001874339,9.865977149426302,11.05530687,76.92709832,377.7618408203125,0.0,3.7900925,,0.0,405.0,,1,1,1,0,1
1789662437276.0,9.37,0.13399807,0.23001008,9.865907,-0.0007635809,-0.00045814854,0.00030543236,-61.125004,1.8000001,9.825001,9.869497507589449,0.0009414057584719307,0.13396385371677338,0.2300370750978179,9.86594749786549,11.05530687,76.92709832,377.7618408203125,0.0,3.7900925,,0.0,405.0,,1,1,1,0,1
1789662437286.0,9.38,0.13399807,0.23001008,9.865907,-0.0007635809,-0.00045814854,0.00030543236,-61.125004,1.8000001,9.825001,9.869497507589449,0.0009414057584719307,0.13392955602140935,0.2299889818529569,9.865923957747992,11.05530687,76.92709832,377.7618408203125,0.0,3.7900925,,0.0,405.0,,1,1,1,0,1
1789662437296.0,9.39,0.13399807,0.23001008,9.865907,-0.0007635809,-0.00045814854,0.00030543236,-61.125004,1.8000001,9.825001,9.869497507589449,0.0009414057584719307,0.1338823660353646,0.22995740411272234,9.865924037056272,11.05530687,76.92709832,377.7618408203125,0.0,3.7900925,,0.0,405.0,,1,1,1,0,1
1789662437306.0,9.4,0.13399807,0.23001008,9.865907,-0.0007635809,-0.00045814854,0.00030543236,-61.125004,1.8000001,9.825001,9.869497507589449,0.0009414057584719307,0.13393032726677448,0.22997222008088422,9.865914018525752,11.05530687,76.92709832,377.7618408203125,0.0,3.7900925,,0.0,405.0,,1,1,1,0,1
1789662437316.0,9.41,0.13399807,0.23001008,9.865907,-0.0007635809,-0.00045814854,0.00030543236,-61.125004,1.8000001,9.825001,9.869497507589449,0.0009414057584719307,0.13418209141474327,0.2300539464768886,9.86584620895249,11.05530687,76.92709832,377.7618408203125,0.0,3.7900925,,0.0,405.0,,1,1,1,0,1
1789662437326.0,9.42,0.13399807,0.23001008,9.865907,-0.0007635809,-0.00045814854,0.00030543236,-60.750004,2.4,9.450001,9.869497507589449,0.0009414057584719307,0.13464318228200772,0.23020203168114786,9.865705119571874,11.05530687,76.92709832,377.7618408203125,0.0,3.7900925,,0.0,405.0,,1,1,1,0,1
1789662437336.0,9.43,0.13579269,0.23060828,9.865309,-0.0007635809,-0.00045814854,0.00030543236,-60.750004,2.4,9.450001,9.86893821537773,0.0009414057584719307,0.13518159886345754,0.23038818821339085,9.86552580143245,11.05530687,76.92709832,377.7618408203125,0.0,3.7900925,,0.0,405.0,,1,1,1,0,1
1789662437346.0,9.44,0.13579269,0.23060828,9.865309,-0.0007635809,-0.00045814854,0.00030543236,-60.750004,2.4,9.450001,9.86893821537773,0.0009414057584719307,0.13560824711287167,0.23056523199790777,9.865370033934019,11.05530687,76.92709832,377.7618408203125,0.0,3.7900925,,0.0,405.0,,1,1,1,0,1
1789662437356.0,9.45,0.13579269,0.23060828,9.865309,-0.0007635809,-0.00045814854,0.00030543236,-60.750004,2.4,9.450001,9.86893821537773,0.0009414057584719307,0.13581398894645788,0.23068530023896403,9.86528232744761,11.05530687,76.92709832,377.7618408203125,0.0,3.7900925,,0.0,405.0,,1,1,1,0,1
1789662437366.0,9.46,0.13579269,0.23060828,9.865309,-0.0007635809,-0.00045814854,0.00030543236,-60.750004,2.4,9.450001,9.86893821537773,0.0009414057584719307,0.13584418443492385,0.23071413256457238,9.86526403095261,11.05530687,76.92709832,377.7618408203125,0.0,3.7900925,,0.0,405.0,,1,1,1,0,1
1789662437376.0,9.47,0.13579269,0.23060828,9.865309,0.00030543236,0.0006108647,-0.00030543236,-60.750004,2.4,9.450001,9.86893821537773,0.0007481534166041276,0.1358435041250415,0.23064244437970866,9.865283268313997,11.05530687,76.92709832,377.7618408203125,0.0,3.7900925,,0.0,405.0,,1,1,1,0,1
1789662437386.0,9.48,0.13579269,0.23060828,9.865309,0.00030543236,0.0006108647,-0.00030543236,-60.750004,2.4,9.450001,9.86893821537773,0.0007481534166041276,0.1359150926008794,0.2305054306473628,9.865305178612655,11.05530687,76.92709832,377.7618408203125,0.0,3.7900925,,0.0,405.0,,1,1,1,0,1
1789662437396.0,9.49,0.13579269,0.23060828,9.865309,0.00030543236,0.0006108647,-0.00030543236,-60.750004,2.4,9.450001,9.86893821537773,0.0007481534166041276,0.1360067780923442,0.23040211751016965,9.865314752714571,11.05530687,76.92709832,377.7618408203125,0.0,3.7900925,,0.0,405.0,,1,1,1,0,1
1789662437406.0,9.5,0.13579269,0.23060828,9.865309,0.00030543236,0.0006108647,-0.00030543236,-60.750004,2.4,9.450001,9.86893821537773,0.0007481534166041276,0.13592110792958814,0.23047810162926,9.865317701891483,11.05530687,76.92709832,377.7618408203125,0.0,3.7900925,,0.0,405.0,,1,1,1,0,1
1789662437416.0,9.51,0.13579269,0.23060828,9.865309,0.00030543236,0.0006108647,-0.00030543236,-60.525,2.1750002,7.5750003,9.86893821537773,0.0007481534166041276,0.13546196514881428,0.23084623008347913,9.865324460646908,11.05530687,76.92709832,377.7618408203125,0.0,3.7900925,,0.0,405.0,,1,1,1,0,1
1789662437426.0,9.52,0.13579269,0.23060828,9.865309,0.00030543236,0.0006108647,-0.00030543236,-60.525,2.1750002,7.5750003,9.86893821537773,0.0007481534166041276,0.13461873848767156,0.23148409994140567,9.865333356440551,11.05530687,76.92709832,377.7618408203125,0.0,3.7900925,,0.0,405.0,,1,1,1,0,1
1789662437436.0,9.53,0.13250256,0.2330011,9.865309,0.00030543236,0.0006108647,-0.00030543236,-60.525,2.1750002,7.5750003,9.868949696218374,0.0007481534166041276,0.1336283165686039,0.23220507486560937,9.865327998504391,11.05530687,76.92709832,377.7618408203125,0.0,3.7900925,,0.0,405.0,,1,1,1,0,1
1789662437446.0,9.54,0.13250256,0.2330011,9.865309,0.00030543236,0.0006108647,-0.00030543236,-60.525,2.1750002,7.5750003,9.868949696218374,0.0007481534166041276,0.13283327295995764,0.23276279429200505,9.865293680637116,11.05530687,76.92709832,377.7618408203125,0.0,3.7900925,,0.0,405.0,,1,1,1,0,1
1789662437456.0,9.55,0.13250256,0.2330011,9.865309,0.00030543236,0.0006108647,-0.00030543236,-60.525,2.1750002,7.5750003,9.868949696218374,0.0007481534166041276,0.13243892467756666,0.23302341222413112,9.865242233888875,11.05530687,76.92709832,377.7618408203125,0.0,3.7900925,,0.0,405.0,,1,1,1,0,1
1789662437466.0,9.56,0.13250256,0.2330011,9.865309,0.00030543236,0.0006108647,-0.00030543236,-60.525,2.1750002,7.5750003,9.868949696218374,0.0007481534166041276,0.13237914197980427,0.23305703257632876,9.865221726328551,11.05530687,76.92709832,377.7618408203125,0.0,3.7900925,,0.0,405.0,,1,1,1,0,1
1789662437476.0,9.57,0.13250256,0.2330011,9.865309,-0.0018325942,-0.0045814854,-0.0009162971,-60.525,2.1750002,7.5750003,9.868949696218374,0.005018765819178576,0.13240676058284154,0.23306101739427348,9.865288515028158,11.05530687,76.92709832,377.7618408203125,0.0,3.7900925,,0.0,405.0,,1,1,1,0,1
1789662437486.0,9.58,0.13250256,0.2330011,9.865309,-0.0018325942,-0.0045814854,-0.0009162971,-60.525,2.1750002,7.5750003,9.868949696218374,0.005018765819178576,0.13232980589601784,0.23317093297014393,9.865443713076903,11.05530687,76.92709832,377.7618408203125,0.0,3.7900925,,0.0,405.0,,1,1,1,0,1
1789662437496.0,9.59,0.13250256,0.2330011,9.865309,-0.0018325942,-0.0045814854,-0.0009162971,-60.525,2.1750002,7.5750003,9.868949696218374,0.005018765819178576,0.1322030353139464,0.23330735750698997,9.86557658772888,11.05530687,76.92709832,377.7618408203125,0.0,3.7900925,,0.0,405.0,,1,1,1,0,1
1789662437506.0,9.6,0.13250256,0.2330011,9.865309,-0.0018325942,-0.0045814854,-0.0009162971,-60.525,2.1750002,7.5750003,9.868949696218374,0.005018765819178576,0.13232015331007274,0.23318974188159916,9.86548086174737,11.05530687,76.92709832,377.7618408203125,0.0,3.7900925,,0.0,405.0,,1,1,1,0,1
1789662437516.0,9.61,0.13250256,0.2330011,9.865309,-0.0018325942,-0.0045814854,-0.0009162971,-60.525,2.1750002,7.5750003,9.868949696218374,0.005018765819178576,0.13299133332805893,0.23253775906310611,9.864974535221544,11.05530687,76.92709832,377.7618408203125,0.0,3.7900925,,0.0,405.0,,1,1,1,0,1
1789662437526.0,9.62,0.13250256,0.2330011,9.865309,-0.0018325942,-0.0045814854,-0.0009162971,-60.600002,1.95,8.85,9.868949696218374,0.005018765819178576,0.13426014924543905,0.23132702273935035,9.864057720134587,11.05530687,76.92709832,377.7618408203125,0.0,3.7900925,,0.0,405.0,,1,1,1,0,1
1789662437536.0,9.63,0.13758731,0.22821546,9.861719,-0.0018325942,-0.0045814854,-0.0009162971,-60.600002,1.95,8.85,9.865318758104934,0.005018765819178576,0.13579865848541656,0.22987993087784153,9.862968319077883,11.05530687,76.92709832,377.7618408203125,0.0,3.7900925,,0.0,405.0,,1,1,1,0,1
1789662437546.0,9.64,0.13758731,0.22821546,9.861719,-0.0018325942,-0.0045814854,-0.0009162971,-60.600002,1.95,8.85,9.865318758104934,0.005018765819178576,0.137098914571757,0.2286786756177367,9.862053983360543,11.05530687,76.92709832,377.7618408203125,0.0,3.7900925,,0.0,405.0,,1,1,1,0,1
1789662437556.0,9.65,0.13758731,0.22821546,9.861719,-0.0018325942,-0.0045814854,-0.0009162971,-60.600002,1.95,8.85,9.865318758104934,0.005018765819178576,0.13781208994763652,0.22803954042356278,9.861550586211639,11.05530687,76.92709832,377.7618408203125,0.0,3.7900925,,0.0,405.0,,1,1,1,0,1
1789662437566.0,9.66,0.13758731,0.22821546,9.861719,-0.0018325942,-0.0045814854,-0.0009162971,-60.600002,1.95,8.85,9.865318758104934,0.005018765819178576,0.13794536683324218,0.22792727840346783,9.861455126175196,11.05530687,76.92709832,377.7618408203125,0.0,3.7900925,,0.0,405.0,,1,1,1,0,1
1789662437576.0,9.67,0.13758731,0.22821546,9.861719,-0.00015271618,-0.0010690133,-0.00045814854,-60.600002,1.95,8.85,9.865318758104934,0.0011730352730906324,0.13777601729533692,0.2280513933412224,9.86158350865901,11.05530687,76.92709832,377.7618408203125,0.0,3.7900925,,0.0,405.0,,1,1,1,0,1
1789662437586.0,9.68,0.13758731,0.22821546,9.861719,-0.00015271618,-0.0010690133,-0.00045814854,-60.600002,1.95,8.85,9.865318758104934,0.0011730352730906324,0.13760228003450606,0.22813207908911007,9.861731118692603,11.05530687,76.92709832,377.7618408203125,0.0,3.7900925,,0.0,405.0,,1,1,1,0,1
1789662437596.0,9.69,0.13758731,0.22821546,9.861719,-0.00015271618,-0.0010690133,-0.00045814854,-60.600002,1.95,8.85,9.865318758104934,0.0011730352730906324,0.13754936404039447,0.2281105882120737,9.861794097586866,11.05530687,76.92709832,377.7618408203125,0.0,3.7900925,,0.0,405.0,,1,1,1,0,1
1789662437606.0,9.7,0.13758731,0.22821546,9.861719,-0.00015271618,-0.0010690133,-0.00045814854,-60.600002,1.95,8.85,9.865318758104934,0.0011730352730906324,0.13754865113314324,0.22815979733985078,9.861783567777703,11.05530687,76.92709832,377.7618408203125,0.0,3.7900925,,0.0,405.0,,1,1,1,0,1
1789662437616.0,9.71,0.13758731,0.22821546,9.861719,-0.00015271618,-0.0010690133,-0.00045814854,-60.300003,1.8000001,9.225,9.865318758104934,0.0011730352730906324,0.1374573684303023,0.22850944268788728,9.861763653086554,11.05530687,76.92709832,377.7618408203125,0.0,3.7900925,,0.0,405.0,,1,1,1,0,1
1789662437626.0,9.72,0.13758731,0.22821546,9.861719,-0.00015271618,-0.0010690133,-0.00045814854,-60.300003,1.8000001,9.225,9.865318758104934,0.0011730352730906324,0.1372027794723922,0.22922817298631132,9.861783685779194,11.05530687,76.92709832,377.7618408203125,0.0,3.7900925,,0.0,405.0,,1,1,1,0,1
1789662437636.0,9.73,0.1363909,0.23120649,9.862019,-0.00015271618,-0.0010690133,-0.00045814854,-60.300003,1.8000001,9.225,9.865671678856028,0.0011730352730906324,0.1368434460885436,0.23013609379649622,9.861851919632228,11.05530687,76.92709832,377.7618408203125,0.0,3.7900925,,0.0,405.0,,1,1,1,0,1
1789662437646.0,9.74,0.1363909,0.23120649,9.862019,-0.00015271618,-0.0010690133,-0.00045814854,-60.300003,1.8000001,9.225,9.865671678856028,0.0011730352730906324,0.13651662220800892,0.23092033059793088,9.861949811165724,11.05530687,76.92709832,377.7618408203125,0.0,3.7900925,,0.0,405.0,,1,1,1,0,1
1789662437656.0,9.75,0.1363909,0.23120649,9.862019,-0.00015271618,-0.0010690133,-0.00045814854,-60.300003,1.8000001,9.225,9.865671678856028,0.0011730352730906324,0.136331384008356,0.2313521864375719,9.862053084546153,11.05530687,76.92709832,377.7618408203125,0.0,3.7900925,,0.0,405.0,,1,1,1,0,1
1789662437666.0,9.76,0.1363909,0.23120649,9.862019,-0.00015271618,-0.0010690133,-0.00045814854,-60.300003,1.8000001,9.225,9.865671678856028,0.0011730352730906324,0.13630012272494385,0.23142134600117906,9.862132420556195,11.05530687,76.92709832,377.7618408203125,0.0,3.7900925,,0.0,405.0,,1,1,1,0,1
1789662437676.0,9.77,0.1363909,0.23120649,9.862019,-0.00015271618,-0.0010690133,-0.00045814854,-60.300003,1.8000001,9.225,9.865671678856028,0.0011730352730906324,0.13635210953930968,0.2312964831531836,9.862143496231772,11.05530687,76.92709832,377.7618408203125,0.0,3.7900925,,0.0,405.0,,1,1,1,0,1
1789662437686.0,9.78,0.1363909,0.23120649,9.862019,0.00030543236,-0.00045814854,-0.0009162971,-60.300003,1.8000001,9.225,9.865671678856028,0.001069013277142857,0.136399603229017,0.2311781506238989,9.862042734189625,11.05530687,76.92709832,377.7618408203125,0.0,3.7900925,,0.0,405.0,,1,1,1,0,1
1789662437696.0,9.79,0.1363909,0.23120649,9.862019,0.00030543236,-0.00045814854,-0.0009162971,-60.300003,1.8000001,9.225,9.865671678856028,0.001069013277142857,0.13639859177412603,0.23116940363715732,9.861845816486648,11.05530687,76.92709832,377.7618408203125,0.0,3.7900925,,0.0,405.0,,1,1,1,0,1
1789662437706.0,9.8,0.1363909,0.23120649,9.862019,0.00030543236,-0.00045814854,-0.0009162971,-60.300003,1.8000001,9.225,9.865671678856028,0.001069013277142857,0.13636816024406304,0.2312368407141958,9.861688960887268,11.05530687,76.92709832,377.7618408203125,0.0,3.7900925,,0.0,405.0,,1,1,1,0,1
1789662437716.0,9.81,0.1363909,0.23120649,9.862019,0.00030543236,-0.00045814854,-0.0009162971,-60.300003,1.8000001,9.225,9.865671678856028,0.001069013277142857,0.13636659605375712,0.23125878430177654,9.861812375795559,11.05530687,76.92709832,377.7618408203125,0.0,3.7900925,,0.0,405.0,,1,1,1,0,1
1789662437726.0,9.82,0.1363909,0.23120649,9.862019,0.00030543236,-0.00045814854,-0.0009162971,-60.975002,2.1750002,9.525001,9.865671678856028,0.001069013277142857,0.13644415899113727,0.23111620080806838,9.862422454450572,11.05530687,76.92709832,377.7618408203125,0.0,3.7900925,,0.0,405.0,,1,1,1,0,1
1789662437736.0,9.83,0.1363909,0.23120649,9.862019,0.00030543236,-0.00045814854,-0.0009162971,-60.975002,2.1750002,9.525001,9.865671678856028,0.001069013277142857,0.13660226757052019,0.23077192765429688,9.863507012057802,11.05530687,76.92709832,377.7618408203125,0.0,3.7900925,,0.0,405.0,,1,1,1,0,1
1789662437746.0,9.84,0.1369891,0.22971097,9.866206,0.00030543236,-0.00045814854,-0.0009162971,-60.975002,2.1750002,9.525001,9.86983049386833,0.001069013277142857,0.13678748540663505,0.23029424088076655,9.864772499986849,11.05530687,76.92709832,377.7618408203125,0.0,3.7900925,,0.0,405.0,,1,1,1,0,1
1789662437756.0,9.85,0.1369891,0.22971097,9.866206,0.00030543236,-0.00045814854,-0.0009162971,-60.975002,2.1750002,9.525001,9.86983049386833,0.001069013277142857,0.1369282551915098,0.2298183447360073,9.865804408648051,11.05530687,76.92709832,377.7618408203125,0.0,3.7900925,,0.0,405.0,,1,1,1,0,1
1789662437766.0,9.86,0.1369891,0.22971097,9.866206,0.00030543236,-0.00045814854,-0.0009162971,-60.975002,2.1750002,9.525001,9.86983049386833,0.001069013277142857,0.13698823666174925,0.22948586960691517,9.866342272309176,11.05530687,76.92709832,377.7618408203125,0.0,3.7900925,,0.0,405.0,,1,1,1,0,1
1789662437776.0,9.87,0.1369891,0.22971097,9.866206,0.00030543236,-0.00045814854,-0.0009162971,-60.975002,2.1750002,9.525001,9.86983049386833,0.001069013277142857,0.136992271181654,0.2294035737204429,9.866433704839993,11.05530687,76.92709832,377.7618408203125,0.0,3.7900925,,0.0,405.0,,1,1,1,0,1
1789662437786.0,9.88,0.1369891,0.22971097,9.866206,-0.00045814854,0.00030543236,-0.0,-60.975002,2.1750002,9.525001,9.86983049386833,0.0005506260175829881,0.13700096860819838,0.22960991059067165,9.866342820818536,11.05530687,76.92709832,377.7618408203125,0.0,3.7900925,,0.0,405.0,,1,1,1,0,1
1789662437796.0,9.89,0.1369891,0.22971097,9.866206,-0.00045814854,0.00030543236,-0.0,-60.975002,2.1750002,9.525001,9.86983049386833,0.0005506260175829881,0.13705094415452554,0.23001258410326444,9.866308713892247,11.05530687,76.92709832,377.7618408203125,0.0,3.7900925,,0.0,405.0,,1,1,1,0,1
1789662437806.0,9.9,0.1369891,0.22971097,9.866206,-0.00045814854,0.00030543236,-0.0,-60.975002,2.1750002,9.525001,9.86983049386833,0.0005506260175829881,0.13710611242386045,0.23032380082504011,9.866355181449196,11.05530687,76.92709832,377.7618408203125,0.0,3.7900925,,0.0,405.0,,1,1,1,0,1
1789662437816.0,9.91,0.1369891,0.22971097,9.866206,-0.00045814854,0.00030543236,-0.0,-61.050003,2.1000001,8.925,9.86983049386833,0.0005506260175829881,0.13706328794921804,0.2301053452276141,9.866288558068112,11.05530687,76.92709832,377.7618408203125,0.0,3.7900925,,0.0,405.0,,1,1,1,0,1
1789662437826.0,9.92,0.1369891,0.22971097,9.866206,-0.00045814854,0.00030543236,-0.0,-61.050003,2.1000001,8.925,9.86983049386833,0.0005506260175829881,0.13682144605673963,0.22900222721092178,9.865876248409018,11.05530687,76.92709832,377.7618408203125,0.0,3.7900925,,0.0,405.0,,1,1,1,0,1
1789662437836.0,9.93,0.1369891,0.22971097,9.866206,-0.00045814854,0.00030543236,-0.0,-61.050003,2.1000001,8.925,9.86983049386833,0.0005506260175829881,0.13637091340408522,0.22705201056878485,9.86506769052185,11.05530687,76.92709832,377.7618408203125,0.0,3.7900925,,0.0,405.0,,1,1,1,0,1
1789662437846.0,9.94,0.13519448,0.2222334,9.862916,-0.00045814854,0.00030543236,-0.0,-61.050003,2.1000001,8.925,9.866345688985058,0.0005506260175829881,0.13582624240721006,0.22478523461484815,9.86407665089511,11.05530687,76.92709832,377.7618408203125,0.0,3.7900925,,0.0,405.0,,1,1,1,0,1
1789662437856.0,9.95,0.13519448,0.2222334,9.862916,-0.00045814854,0.00030543236,-0.0,-61.050003,2.1000001,8.925,9.866345688985058,0.0005506260175829881,0.13536241310165828,0.22294030062429962,9.863245478394282,11.05530687,76.92709832,377.7618408203125,0.0,3.7900925,,0.0,405.0,,1,1,1,0,1
1789662437866.0,9.96,0.13519448,0.2222334,9.862916,-0.00045814854,0.00030543236,-0.0,-61.050003,2.1000001,8.925,9.866345688985058,0.0005506260175829881,0.13510248187630533,0.2219800955448337,9.862802961692534,11.05530687,76.92709832,377.7618408203125,0.0,3.7900925,,0.0,405.0,,1,1,1,0,1
1789662437876.0,9.97,0.13519448,0.2222334,9.862916,-0.00045814854,0.00030543236,-0.0,-61.050003,2.1000001,8.925,9.866345688985058,0.0005506260175829881,0.1350519700054277,0.2218216427805251,9.862724713760329,11.05530687,76.92709832,377.7618408203125,0.0,3.7900925,,0.0,405.0,,1,1,1,0,1
1789662437886.0,9.98,0.13519448,0.2222334,9.862916,0.00030543236,0.0006108647,-0.0009162971,-61.050003,2.1000001,8.925,9.866345688985058,0.0011428232512990229,0.1351242275249986,0.22199648748925632,9.862801802547098,11.05530687,76.92709832,377.7618408203125,0.0,3.7900925,,0.0,405.0,,1,1,1,0,1
1789662437896.0,9.99,0.13519448,0.2222334,9.862916,0.00030543236,0.0006108647,-0.0009162971,-61.050003,2.1000001,8.925,9.866345688985058,0.0011428232512990229,0.13521526499732256,0.2220738812231987,9.862837302501621,11.05530687,76.92709832,377.7618408203125,0.0,3.7900925,,0.0,405.0,,1,1,1,0,1
1789662437906.0,10.0,0.13519448,0.2222334,9.862916,0.00030543236,0.0006108647,-0.0009162971,-61.050003,2.1000001,8.925,9.866345688985058,0.0011428232512990229,0.13526008441095164,0.221996567004841,9.862804357899853,11.05530687,76.92709832,377.7618408203125,0.0,3.7900925,,0.0,405.0,,1,1,1,0,1
1789662437916.0,10.01,0.13519448,0.2222334,9.862916,0.00030543236,0.0006108647,-0.0009162971,-61.050003,2.1000001,8.925,9.866345688985058,0.0011428232512990229,0.13524237650842305,0.2220935691466015,9.862853418666084,11.05530687,76.92709832,377.7618408203125,0.0,3.7900925,,0.0,405.0,,1,1,1,0,1
1789662437926.0,10.02,0.13519448,0.2222334,9.862916,0.00030543236,0.0006108647,-0.0009162971,-60.300003,2.1750002,8.700001,9.866345688985058,0.0011428232512990229,0.1351754884303282,0.22278271024106094,9.863173743459576,11.05530687,76.92709832,377.7618408203125,0.0,3.7900925,,0.0,405.0,,1,1,1,0,1
1789662437936.0,10.03,0.13519448,0.2222334,9.862916,0.00030543236,0.0006108647,-0.0009162971,-60.300003,2.1750002,8.700001,9.866345688985058,0.0011428232512990229,0.13508295063781608,0.22419411028484332,9.863818181401134,11.05530687,76.92709832,377.7618408203125,0.0,3.7900925,,0.0,405.0,,1,1,1,0,1
1789662437946.0,10.04,0.13489537,0.22821546,9.865608,0.00030543236,0.0006108647,-0.0009162971,-60.300003,2.1750002,8.700001,9.869169178137259,0.0011428232512990229,0.1349890938996269,0.22601251803104766,9.864632537077933,11.05530687,76.92709832,377.7618408203125,0.0,3.7900925,,0.0,405.0,,1,1,1,0,1
1789662437956.0,10.05,0.13489537,0.22821546,9.865608,0.00030543236,0.0006108647,-0.0009162971,-60.300003,2.1750002,8.700001,9.869169178137259,0.0011428232512990229,0.1349144482049872,0.22766522737179773,9.865350449738616,11.05530687,76.92709832,377.7618408203125,0.0,3.7900925,,0.0,405.0,,1,1,1,0,1
1789662437966.0,10.06,0.13489537,0.22821546,9.865608,0.00030543236,0.0006108647,-0.0009162971,-60.300003,2.1750002,8.700001,9.869169178137259,0.0011428232512990229,0.1348715550077441,0.22867952244609593,9.86576944690934,11.05530687,76.92709832,377.7618408203125,0.0,3.7900925,,0.0,405.0,,1,1,1,0,1
1789662437976.0,10.07,0.13489537,0.22821546,9.865608,0.00030543236,0.0006108647,-0.0009162971,-60.300003,2.1750002,8.700001,9.869169178137259,0.0011428232512990229,0.13486329198142605,0.22890787085271214,9.865857661143412,11.05530687,76.92709832,377.7618408203125,0.0,3.7900925,,0.0,405.0,,1,1,1,0,1
1789662437986.0,10.08,0.13489537,0.22821546,9.865608,0.00030543236,-0.0006108647,-0.0,-60.300003,2.1750002,8.700001,9.869169178137259,0.0006829675015996439,0.13488414790149064,0.22851154097997267,9.865726748946395,11.05530687,76.92709832,377.7618408203125,0.0,3.7900925,,0.0,405.0,,1,1,1,0,1
1789662437996.0,10.09,0.13489537,0.22821546,9.865608,0.00030543236,-0.0006108647,-0.0,-60.300003,2.1750002,8.700001,9.869169178137259,0.0006829675015996439,0.13492006871846907,0.2278447814434055,9.86553595139256,11.05530687,76.92709832,377.7618408203125,0.0,3.7900925,,0.0,405.0,,1,1,1,0,1
1789662438006.0,10.1,0.13489537,0.22821546,9.865608,0.00030543236,-0.0006108647,-0.0,-60.300003,2.1750002,8.700001,9.869169178137259,0.0006829675015996439,0.13494589438541582,0.2273840067703613,9.86542138418397,11.05530811,76.92709882,377.9698486328125,0.0,3.7900925,,0.0,405.0,,1,1,1,0,1
1789662438016.0,10.11,0.13489537,0.22821546,9.865608,0.00030543236,-0.0006108647,-0.0,-60.825,1.725,8.700001,9.869169178137259,0.0006829675015996439,0.13492806751066994,0.22765392945368218,9.865474636768555,11.05530811,76.92709882,377.9698486328125,0.0,3.7900925,,0.0,405.0,,1,1,1,0,1
1789662438026.0,10.12,0.13489537,0.22821546,9.865608,0.00030543236,-0.0006108647,-0.0,-60.825,1.725,8.700001,9.869169178137259,0.0006829675015996439,0.13484028617963983,0.2290200656352132,9.8657330851711,11.05530811,76.92709882,377.9698486328125,0.0,3.7900925,,0.0,405.0,,1,1,1,0,1
1789662438036.0,10.13,0.13489537,0.22821546,9.865608,0.00030543236,-0.0006108647,-0.0,-60.825,1.725,8.700001,9.869169178137259,0.0006829675015996439,0.13468557566655323,0.2313964093532449,9.86615796502854,11.05530811,76.92709882,377.9698486328125,0.0,3.7900925,,0.0,405.0,,1,1,1,0,1
1789662438046.0,10.14,0.13429718,0.23718855,9.867104,0.00030543236,-0.0006108647,-0.0,-60.825,1.725,8.700001,9.870868020980883,0.0006829675015996439,0.13450397864532604,0.23414954659698747,9.86662919879869,11.05530811,76.92709882,377.9698486328125,0.0,3.7900925,,0.0,405.0,,1,1,1,0,1
1789662438056.0,10.15,0.13429718,0.23718855,9.867104,0.00030543236,-0.0006108647,-0.0,-60.825,1.725,8.700001,9.870868020980883,0.0006829675015996439,0.1343521579081374,0.23640849483803594,9.866995541494369,11.05530811,76.92709882,377.9698486328125,0.0,3.7900925,,0.0,405.0,,1,1,1,0,1
1789662438066.0,10.16,0.13429718,0.23718855,9.867104,0.00030543236,-0.0006108647,-0.0,-60.825,1.725,8.700001,9.870868020980883,0.0006829675015996439,0.13426833043394548,0.23759824758831083,9.867162735079305,11.05530811,76.92709882,377.9698486328125,0.0,3.7900925,,0.0,405.0,,1,1,1,0,1
1789662438076.0,10.17,0.13429718,0.23718855,9.867104,0.00030543236,-0.0006108647,-0.0,-60.825,1.725,8.700001,9.870868020980883,0.0006829675015996439,0.13425222191681754,0.23775697282321462,9.867151957495905,11.05530811,76.92709882,377.9698486328125,0.0,3.7900925,,0.0,405.0,,1,1,1,0,1
1789662438086.0,10.18,0.13429718,0.23718855,9.867104,0.00030543236,-0.0006108647,0.00015271618,-60.825,1.725,8.700001,9.870868020980883,0.00069983343723707,0.1342743503630571,0.23740053306407083,9.867080197579652,11.05530811,76.92709882,377.9698486328125,0.0,3.7900925,,0.0,405.0,,1,1,1,0,1
1789662438096.0,10.19,0.13429718,0.23718855,9.867104,0.00030543236,-0.0006108647,0.00015271618,-60.825,1.725,8.700001,9.870868020980883,0.00069983343723707,0.1343012632903148,0.23710401505787906,9.867075522423873,11.05530811,76.92709882,377.9698486328125,0.0,3.7900925,,0.0,405.0,,1,1,1,0,1
1789662438106.0,10.2,0.13429718,0.23718855,9.867104,0.00030543236,-0.0006108647,0.00015271618,-60.825,1.725,8.700001,9.870868020980883,0.00069983343723707,0.13431422629139103,0.23713715435848098,9.86718047166448,11.05530811,76.92709882,377.9698486328125,0.0,3.7900925,,0.0,405.0,,1,1,1,0,1
1789662438116.0,10.21,0.13429718,0.23718855,9.867104,0.00030543236,-0.0006108647,0.00015271618,-60.825,1.725,8.700001,9.870868020980883,0.00069983343723707,0.13431154458616124,0.23735869297341133,9.867301176328363,11.05530811,76.92709882,377.9698486328125,0.0,3.7900925,,0.0,405.0,,1,1,1,0,1
1789662438126.0,10.22,0.13429718,0.23718855,9.867104,0.00030543236,-0.0006108647,0.00015271618,-60.975002,1.8750001,8.775001,9.870868020980883,0.00069983343723707,0.1343003847402485,0.2373737518471073,9.867243514048123,11.05530811,76.92709882,377.9698486328125,0.0,3.7900925,,0.0,405.0,,1,1,1,0,1
1789662438136.0,10.23,0.13429718,0.23718855,9.867104,0.00030543236,-0.0006108647,0.00015271618,-60.975002,1.8750001,8.775001,9.870868020980883,0.00069983343723707,0.13428874854860834,0.23683391801199477,9.866836591001613,11.05530811,76.92709882,377.9698486328125,0.0,3.7900925,,0.0,405.0,,1,1,1,0,1
1789662438146.0,10.24,0.13429718,0.23718855,9.867104,0.00030543236,-0.0006108647,0.00015271618,-60.975002,1.8750001,8.775001,9.870868020980883,0.00069983343723707,0.1342827703827954,0.23570091686202552,9.866074274355658,11.05530811,76.92709882,377.9698486328125,0.0,3.7900925,,0.0,405.0,,1,1,1,0,1
1789662438156.0,10.25,0.13429718,0.232702,9.864112,0.00030543236,-0.0006108647,0.00015271618,-60.975002,1.8750001,8.775001,9.867770340958689,0.00069983343723707,0.13428694672866842,0.23429897990579562,9.865158802030368,11.05530811,76.92709882,377.9698486328125,0.0,3.7900925,,0.0,405.0,,1,1,1,0,1
1789662438166.0,10.26,0.13429718,0.232702,9.864112,0.00030543236,-0.0006108647,0.00015271618,-60.975002,1.8750001,8.775001,9.867770340958689,0.00069983343723707,0.1343023465203344,0.23310705236979215,9.864387101529477,11.05530811,76.92709882,377.9698486328125,0.0,3.7900925,,0.0,405.0,,1,1,1,0,1
1789662438176.0,10.27,0.13429718,0.232702,9.864112,0.00030543236,-0.0006108647,0.00015271618,-60.975002,1.8750001,8.775001,9.867770340958689,0.00069983343723707,0.13432191886410383,0.23244999347446096,9.863961755499243,11.05530811,76.92709882,377.9698486328125,0.0,3.7900925,,0.0,405.0,,1,1,1,0,1
1789662438186.0,10.28,0.13429718,0.232702,9.864112,0.0012217294,0.0006108647,-0.0009162971,-60.975002,1.8750001,8.775001,9.867770340958689,0.0016448035700346896,0.13432863897101066,0.23233473257237178,9.863883970261364,11.05530811,76.92709882,377.9698486328125,0.0,3.7900925,,0.0,405.0,,1,1,1,0,1
1789662438196.0,10.29,0.13429718,0.232702,9.864112,0.0012217294,0.0006108647,-0.0009162971,-60.975002,1.8750001,8.775001,9.867770340958689,0.0016448035700346896,0.13430440656368714,0.23252870947235643,9.864000948477795,11.05530811,76.92709882,377.9698486328125,0.0,3.7900925,,0.0,405.0,,1,1,1,0,1
1789662438206.0,10.3,0.13429718,0.232702,9.864112,0.0012217294,0.0006108647,-0.0009162971,-60.975002,1.8750001,8.775001,9.867770340958689,0.0016448035700346896,0.13425035117037573,0.2327609806860269,9.86413749247145,11.05530811,76.92709882,377.9698486328125,0.0,3.7900925,,0.0,405.0,,1,1,1,0,1
1789662438216.0,10.31,0.13429718,0.232702,9.864112,0.0012217294,0.0006108647,-0.0009162971,-60.525,1.95,8.400001,9.867770340958689,0.0016448035700346896,0.134205079038922,0.23286858149911427,9.864195771108077,11.05530811,76.92709882,377.9698486328125,0.0,3.7900925,,0.0,405.0,,1,1,1,0,1
1789662438226.0,10.32,0.13429718,0.232702,9.864112,0.0012217294,0.0006108647,-0.0009162971,-60.525,1.95,8.400001,9.867770340958689,0.0016448035700346896,0.13423861058457354,0.2328188293769532,9.864171254904662,11.05530811,76.92709882,377.9698486328125,0.0,3.7900925,,0.0,405.0,,1,1,1,0,1
1789662438236.0,10.33,0.13429718,0.232702,9.864112,0.0012217294,0.0006108647,-0.0009162971,-60.525,1.95,8.400001,9.867770340958689,0.0016448035700346896,0.13441140612349067,0.23265663880138893,9.864111215566355,11.05530811,76.92709882,377.9698486328125,0.0,3.7900925,,0.0,405.0,,1,1,1,0,1
1789662438246.0,10.34,0.13429718,0.232702,9.864112,0.0012217294,0.0006108647,-0.0009162971,-60.525,1.95,8.400001,9.867770340958689,0.0016448035700346896,0.1347208112012174,0.232450832275221,9.864066931544025,11.05530811,76.92709882,377.9698486328125,0.0,3.7900925,,0.0,405.0,,1,1,1,0,1
1789662438256.0,10.35,0.13549358,0.2321038,9.864112,0.0012217294,0.0006108647,-0.0009162971,-60.525,1.95,8.400001,9.867772607470222,0.0016448035700346896,0.13508311834799802,0.23226642768893044,9.864067577415085,11.05530811,76.92709882,377.9698486328125,0.0,3.7900925,,0.0,405.0,,1,1,1,0,1
1789662438266.0,10.36,0.13549358,0.2321038,9.864112,0.0012217294,0.0006108647,-0.0009162971,-60.525,1.95,8.400001,9.867772607470222,0.0016448035700346896,0.13537953922967477,0.2321481927362916,9.864112992003273,11.05530811,76.92709882,377.9698486328125,0.0,3.7900925,,0.0,405.0,,1,1,1,0,1
1789662438276.0,10.37,0.13549358,0.2321038,9.864112,0.0012217294,0.0006108647,-0.0009162971,-60.525,1.95,8.400001,9.867772607470222,0.0016448035700346896,0.13553473843575128,0.23210450930235657,9.864173418435445,11.05530811,76.92709882,377.9698486328125,0.0,3.7900925,,0.0,405.0,,1,1,1,0,1
1789662438286.0,10.38,0.13549358,0.2321038,9.864112,0.0012217294,0.0006108647,-0.0009162971,-60.525,1.95,8.400001,9.867772607470222,0.0016448035700346896,0.13556094204265434,0.23210377427759898,9.864196701106719,11.05530811,76.92709882,377.9698486328125,0.0,3.7900925,,0.0,405.0,,1,1,1,0,1
1789662438296.0,10.39,0.13549358,0.2321038,9.864112,0.00030543236,0.0006108647,-0.0009162971,-60.525,1.95,8.400001,9.867772607470222,0.0011428232512990229,0.1355325578062243,0.23209715935076,9.864135332924937,11.05530811,76.92709882,377.9698486328125,0.0,3.7900925,,0.0,405.0,,1,1,1,0,1
1789662438306.0,10.4,0.13549358,0.2321038,9.864112,0.00030543236,0.0006108647,-0.0009162971,-60.525,1.95,8.400001,9.867772607470222,0.0011428232512990229,0.13551858949745252,0.23205939530320555,9.863995506329815,11.05530811,76.92709882,377.9698486328125,0.0,3.7900925,,0.0,405.0,,1,1,1,0,1
1789662438316.0,10.41,0.13549358,0.2321038,9.864112,0.00030543236,0.0006108647,-0.0009162971,-60.525,1.95,8.400001,9.867772607470222,0.0011428232512990229,0.1355291816593328,0.2320192245732483,9.863878608403201,11.05530811,76.92709882,377.9698486328125,0.0,3.7900925,,0.0,405.0,,1,1,1,0,1
1789662438326.0,10.42,0.13549358,0.2321038,9.864112,0.00030543236,0.0006108647,-0.0009162971,-60.9,1.8000001,9.675,9.867772607470222,0.0011428232512990229,0.13551375547231537,0.2320512276996737,9.86396277581261,11.05530811,76.92709882,377.9698486328125,0.0,3.7900925,,0.0,405.0,,1,1,1,0,1
1789662438336.0,10.43,0.13549358,0.2321038,9.864112,0.00030543236,0.0006108647,-0.0009162971,-60.9,1.8000001,9.675,9.867772607470222,0.0011428232512990229,0.13540820231723777,0.23222382495980506,9.86439895374539,11.05530811,76.92709882,377.9698486328125,0.0,3.7900925,,0.0,405.0,,1,1,1,0,1
1789662438346.0,10.44,0.13549358,0.2321038,9.864112,0.00030543236,0.0006108647,-0.0009162971,-60.9,1.8000001,9.675,9.867772607470222,0.0011428232512990229,0.13519402692989066,0.2325357192285537,9.865177089961369,11.05530811,76.92709882,377.9698486328125,0.0,3.7900925,,0.0,405.0,,1,1,1,0,1
1789662438356.0,10.45,0.13459627,0.23330021,9.867104,0.00030543236,0.0006108647,-0.0009162971,-60.9,1.8000001,9.675,9.870779426706887,0.0011428232512990229,0.13492218867565725,0.23289632475209135,9.866083015951016,11.05530811,76.92709882,377.9698486328125,0.0,3.7900925,,0.0,405.0,,1,1,1,0,1
1789662438366.0,10.46,0.13459627,0.23330021,9.867104,0.00030543236,0.0006108647,-0.0009162971,-60.9,1.8000001,9.675,9.870779426706887,0.0011428232512990229,0.13468160345329686,0.2331796021391405,9.866816909967714,11.05530811,76.92709882,377.9698486328125,0.0,3.7900925,,0.0,405.0,,1,1,1,0,1
1789662438376.0,10.47,0.13459627,0.23330021,9.867104,0.00030543236,0.0006108647,-0.0009162971,-60.9,1.8000001,9.675,9.870779426706887,0.0011428232512990229,0.13454057266447114,0.23331414248872756,9.867193700336745,11.05530811,76.92709882,377.9698486328125,0.0,3.7900925,,0.0,405.0,,1,1,1,0,1
1789662438386.0,10.48,0.13459627,0.23330021,9.867104,0.00030543236,0.0006108647,-0.0009162971,-60.9,1.8000001,9.675,9.870779426706887,0.0011428232512990229,0.13451105294522694,0.23333186132488143,9.86725437397938,11.05530811,76.92709882,377.9698486328125,0.0,3.7900925,,0.0,405.0,,1,1,1,0,1
1789662438396.0,10.49,0.13459627,0.23330021,9.867104,0.00030543236,0.0006108647,0.00030543236,-60.9,1.8000001,9.675,9.870779426706887,0.0007481534166041276,0.1345568616547565,0.2333308666360986,9.867196591910925,11.05530811,76.92709882,377.9698486328125,0.0,3.7900925,,0.0,405.0,,1,1,1,0,1
1789662438406.0,10.5,0.13459627,0.23330021,9.867104,0.00030543236,0.0006108647,0.00030543236,-60.9,1.8000001,9.675,9.870779426706887,0.0007481534166041276,0.1346242918563597,0.23338105146044175,9.867193098285226,11.05530811,76.92709882,377.9698486328125,0.0,3.7900925,,0.0,405.0,,1,1,1,0,1
1789662438416.0,10.51,0.13459627,0.23330021,9.867104,0.00030543236,0.0006108647,0.00030543236,-60.9,1.8000001,9.675,9.870779426706887,0.0007481534166041276,0.13466479338050563,0.23344678959840479,9.86724685744865,11.05530811,76.92709882,377.9698486328125,0.0,3.7900925,,0.0,405.0,,1,1,1,0,1
1789662438426.0,10.52,0.13459627,0.23330021,9.867104,0.00030543236,0.0006108647,0.00030543236,-60.525,2.025,9.375,9.870779426706887,0.0007481534166041276,0.13464306465624995,0.233391736056363,9.867189530666266,11.05530811,76.92709882,377.9698486328125,0.0,3.7900925,,0.0,405.0,,1,1,1,0,1
1789662438436.0,10.53,0.13459627,0.23330021,9.867104,0.00030543236,0.0006108647,0.00030543236,-60.525,2.025,9.375,9.870779426706887,0.0007481534166041276,0.13454330882577628,0.23307586086296597,9.866823196438835,11.05530811,76.92709882,377.9698486328125,0.0,3.7900925,,0.0,405.0,,1,1,1,0,1
1789662438446.0,10.54,0.13459627,0.23330021,9.867104,0.00030543236,0.0006108647,0.00030543236,-60.525,2.025,9.375,9.870779426706887,0.0007481534166041276,0.13437952315582483,0.23248030038326375,9.866099791601766,11.05530811,76.92709882,377.9698486328125,0.0,3.7900925,,0.0,405.0,,1,1,1,0,1
1789662438456.0,10.55,0.13399807,0.23090738,9.864112,0.00030543236,0.0006108647,0.00030543236,-60.525,2.025,9.375,9.867724117011287,0.0007481534166041276,0.13419694031111096,0.23175452134837984,9.865192551329516,11.05530811,76.92709882,377.9698486328125,0.0,3.7900925,,0.0,405.0,,1,1,1,0,1
1789662438466.0,10.56,0.13399807,0.23090738,9.864112,0.00030543236,0.0006108647,0.00030543236,-60.525,2.025,9.375,9.867724117011287,0.0007481534166041276,0.134051256357025,0.23113191582262685,9.864393425560465,11.05530811,76.92709882,377.9698486328125,0.0,3.7900925,,0.0,405.0,,1,1,1,0,1
1789662438476.0,10.57,0.13399807,0.23090738,9.864112,0.00030543236,0.0006108647,0.00030543236,-60.525,2.025,9.375,9.867724117011287,0.0007481534166041276,0.1339756746884769,0.23077953051911126,9.863924802071741,11.05530811,76.92709882,377.9698486328125,0.0,3.7900925,,0.0,405.0,,1,1,1,0,1
1789662438486.0,10.58,0.13399807,0.23090738,9.864112,0.00030543236,0.0006108647,0.00030543236,-60.525,2.025,9.375,9.867724117011287,0.0007481534166041276,0.13396323813826302,0.23070957408021464,9.863825579570047,11.05530811,76.92709882,377.9698486328125,0.0,3.7900925,,0.0,405.0,,1,1,1,0,1
1789662438496.0,10.59,0.13399807,0.23090738,9.864112,0.00030543236,-0.0006108647,0.00030543236,-60.525,2.025,9.375,9.867724117011287,0.0007481534166041276,0.13397921555082515,0.2308108532045535,9.863978682589345,11.05530811,76.92709882,377.9698486328125,0.0,3.7900925,,0.0,405.0,,1,1,1,0,1
1789662438506.0,10.6,0.13399807,0.23090738,9.864112,0.00030543236,-0.0006108647,0.00030543236,-60.525,2.025,9.375,9.867724117011287,0.0007481534166041276,0.1339909313786781,0.23094442965583842,9.864208738504177,11.05530811,76.92709882,377.9698486328125,0.0,3.7900925,,0.0,405.0,,1,1,1,0,1
1789662438516.0,10.61,0.13399807,0.23090738,9.864112,0.00030543236,-0.0006108647,0.00030543236,-60.525,2.025,9.375,9.867724117011287,0.0007481534166041276,0.1339903933295131,0.2310151491921674,9.864352113471094,11.05530811,76.92709882,377.9698486328125,0.0,3.7900925,,0.0,405.0,,1,1,1,0,1
1789662438526.0,10.62,0.13399807,0.23090738,9.864112,0.00030543236,-0.0006108647,0.00030543236,-61.2,2.325,9.75,9.867724117011287,0.0007481534166041276,0.13399483705900334,0.23098606622394577,9.864281815858403,11.05530811,76.92709882,377.9698486328125,0.0,3.7900925,,0.0,405.0,,1,1,1,0,1
1789662438536.0,10.63,0.13399807,0.23090738,9.864112,0.00030543236,-0.0006108647,0.00030543236,-61.2,2.325,9.75,9.867724117011287,0.0007481534166041276,0.13402795035211187,0.23086227038619267,9.863933198665137,11.05530811,76.92709882,377.9698486328125,0.0,3.7900925,,0.0,405.0,,1,1,1,0,1
1789662438546.0,10.64,0.13399807,0.23090738,9.864112,0.00030543236,-0.0006108647,0.00030543236,-61.2,2.325,9.75,9.867724117011287,0.0007481534166041276,0.1340974355672807,0.23067744171835322,9.863348783067101,11.05530811,76.92709882,377.9698486328125,0.0,3.7900925,,0.0,405.0,,1,1,1,0,1
1789662438556.0,10.65,0.13429718,0.23030917,9.862019,0.00030543236,-0.0006108647,0.00030543236,-61.2,2.325,9.75,9.865621967352238,0.0007481534166041276,0.13418650549853645,0.23048608617074995,9.862691999433414,11.05530811,76.92709882,377.9698486328125,0.0,3.7900925,,0.0,405.0,,1,1,1,0,1
1789662438566.0,10.66,0.13429718,0.23030917,9.862019,0.00030543236,-0.0006108647,0.00030543236,-61.2,2.325,9.75,9.865621967352238,0.0007481534166041276,0.1342655653638645,0.2303457865419705,9.862175794267186,11.05530811,76.92709882,377.9698486328125,0.0,3.7900925,,0.0,405.0,,1,1,1,0,1
1789662438576.0,10.67,0.13429718,0.23030917,9.862019,0.00030543236,-0.0006108647,0.00030543236,-61.2,2.325,9.75,9.865621967352238,0.0007481534166041276,0.13431285274516272,0.23028827149252115,9.861935494121532,11.05530811,76.92709882,377.9698486328125,0.0,3.7900925,,0.0,405.0,,1,1,1,0,1
1789662438586.0,10.68,0.13429718,0.23030917,9.862019,0.00030543236,-0.0006108647,0.00030543236,-61.2,2.325,9.75,9.865621967352238,0.0007481534166041276,0.13432580750972478,0.23029974482942145,9.861944956727896,11.05530811,76.92709882,377.9698486328125,0.0,3.7900925,,0.0,405.0,,1,1,1,0,1
1789662438596.0,10.69,0.13429718,0.23030917,9.862019,0.00030543236,-0.00030543236,-0.0006108647,-61.2,2.325,9.75,9.865621967352238,0.0007481534166041276,0.13431613384961505,0.23032913777070851,9.862043980370073,11.05530811,76.92709882,377.9698486328125,0.0,3.7900925,,0.0,405.0,,1,1,1,0,1
1789662438606.0,10.7,0.13429718,0.23030917,9.862019,0.00030543236,-0.00030543236,-0.0006108647,-61.2,2.325,9.75,9.865621967352238,0.0007481534166041276,0.13429769525288573,0.23032255453366665,9.862056264271231,11.05530811,76.92709882,377.9698486328125,0.0,3.7900925,,0.0,405.0,,1,1,1,0,1
1789662438616.0,10.71,0.13429718,0.23030917,9.862019,0.00030543236,-0.00030543236,-0.0006108647,-60.675003,2.1750002,9.675,9.865621967352238,0.0007481534166041276,0.13428013778571313,0.23026514139764354,9.861921571075467,11.05530811,76.92709882,377.9698486328125,0.0,3.7900925,,0.0,405.0,,1,1,1,0,1
1789662438626.0,10.72,0.13429718,0.23030917,9.862019,0.00030543236,-0.00030543236,-0.0006108647,-60.675003,2.1750002,9.675,9.865621967352238,0.0007481534166041276,0.13427148730249508,0.23020517078574732,9.86176320427325,11.05530811,76.92709882,377.9698486328125,0.0,3.7900925,,0.0,405.0,,1,1,1,0,1
1789662438636.0,10.73,0.13429718,0.23030917,9.862019,0.00030543236,-0.00030543236,-0.0006108647,-60.675003,2.1750002,9.675,9.865621967352238,0.0007481534166041276,0.13428235205606345,0.2302380020911793,9.86183770527806,11.05530811,76.92709882,377.9698486328125,0.0,3.7900925,,0.0,405.0,,1,1,1,0,1
1789662438646.0,10.74,0.13429718,0.23030917,9.862019,0.00030543236,-0.00030543236,-0.0006108647,-60.675003,2.1750002,9.675,9.865621967352238,0.0007481534166041276,0.13432333281620276,0.23044642932470344,9.862369529903743,11.05530811,76.92709882,377.9698486328125,0.0,3.7900925,,0.0,405.0,,1,1,1,0,1
1789662438656.0,10.75,0.13429718,0.23030917,9.862019,0.00030543236,-0.00030543236,-0.0006108647,-60.675003,2.1750002,9.675,9.865621967352238,0.0007481534166041276,0.1343960311749956,0.2308305720415485,9.863364143798382,11.05530811,76.92709882,377.9698486328125,0.0,3.7900925,,0.0,405.0,,1,1,1,0,1
1789662438666.0,10.76,0.13459627,0.2318047,9.865907,0.00030543236,-0.00030543236,-0.0006108647,-60.675003,2.1750002,9.675,9.869547634389784,0.0007481534166041276,0.13448701744008268,0.2312864041637653,9.864552594042808,11.05530811,76.92709882,377.9698486328125,0.0,3.7900925,,0.0,405.0,,1,1,1,0,1
1789662438676.0,10.77,0.13459627,0.2318047,9.865907,0.00030543236,-0.00030543236,-0.0006108647,-60.675003,2.1750002,9.675,9.869547634389784,0.0007481534166041276,0.13457228633184554,0.23166436031674534,9.865544856866098,11.05530811,76.92709882,377.9698486328125,0.0,3.7900925,,0.0,405.0,,1,1,1,0,1
1789662438686.0,10.78,0.13459627,0.2318047,9.865907,0.00030543236,-0.00030543236,-0.0006108647,-60.675003,2.1750002,9.675,9.869547634389784,0.0007481534166041276,0.1346285437262435,0.2318667851629396,9.86608226491768,11.05530811,76.92709882,377.9698486328125,0.0,3.7900925,,0.0,405.0,,1,1,1,0,1
1789662438696.0,10.79,0.13459627,0.2318047,9.865907,0.00030543236,-0.00030543236,-0.0006108647,-60.675003,2.1750002,9.675,9.869547634389784,0.0007481534166041276,0.13464194121919618,0.2319023048982954,9.866178210897573,11.05530811,76.92709882,377.9698486328125,0.0,3.7900925,,0.0,405.0,,1,1,1,0,1
1789662438706.0,10.8,0.13459627,0.2318047,9.865907,0.00030543236,0.0006108647,-0.0,-60.675003,2.1750002,9.675,9.869547634389784,0.0006829675015996439,0.13461206345694535,0.2318569931717982,9.866047325205944,11.05530811,76.92709882,377.9698486328125,0.0,3.7900925,,0.0,405.0,,1,1,1,0,1
1789662438716.0,10.81,0.13459627,0.2318047,9.865907,0.00030543236,0.0006108647,-0.0,-60.975002,1.8000001,9.075001,9.869547634389784,0.0006829675015996439,0.13455652359076917,0.2318175298099308,9.865915803576982,11.05530811,76.92709882,377.9698486328125,0.0,3.7900925,,0.0,405.0,,1,1,1,0,1
1789662438726.0,10.82,0.13459627,0.2318047,9.865907,0.00030543236,0.0006108647,-0.0,-60.975002,1.8000001,9.075001,9.869547634389784,0.0006829675015996439,0.13451572892355593,0.231811883079154,9.865876729110514,11.05530811,76.92709882,377.9698486328125,0.0,3.7900925,,0.0,405.0,,1,1,1,0,1
1789662438736.0,10.83,0.13459627,0.2318047,9.865907,0.00030543236,0.0006108647,-0.0,-60.975002,1.8000001,9.075001,9.869547634389784,0.0006829675015996439,0.1345454132098915,0.23180533316570057,9.865876995697233,11.05530811,76.92709882,377.9698486328125,0.0,3.7900925,,0.0,405.0,,1,1,1,0,1
1789662438746.0,10.84,0.13459627,0.2318047,9.865907,0.00030543236,0.0006108647,-0.0,-60.975002,1.8000001,9.075001,9.869547634389784,0.0006829675015996439,0.1346869463810007,0.2317438284365392,9.865808987912416,11.05530811,76.92709882,377.9698486328125,0.0,3.7900925,,0.0,405.0,,1,1,1,0,1
1789662438756.0,10.85,0.13459627,0.2318047,9.865907,0.00030543236,0.0006108647,-0.0,-60.975002,1.8000001,9.075001,9.869547634389784,0.0006829675015996439,0.1349293306603242,0.23160645370933872,9.86561884054895,11.05530811,76.92709882,377.9698486328125,0.0,3.7900925,,0.0,405.0,,1,1,1,0,1
1789662438766.0,10.86,0.13549358,0.23120649,9.865009,0.00030543236,0.0006108647,-0.0,-60.975002,1.8000001,9.075001,9.86864821144823,0.0006829675015996439,0.13519933637600473,0.23142654760247866,9.865351004380665,11.05530811,76.92709882,377.9698486328125,0.0,3.7900925,,0.0,405.0,,1,1,1,0,1
1789662438776.0,10.87,0.13549358,0.23120649,9.865009,0.00030543236,0.0006108647,-0.0,-60.975002,1.8000001,9.075001,9.86864821144823,0.0006829675015996439,0.13540283972124198,0.2312674296420019,9.865107347013776,11.05530811,76.92709882,377.9698486328125,0.0,3.7900925,,0.0,405.0,,1,1,1,0,1
1789662438786.0,10.88,0.13549358,0.23120649,9.865009,0.00030543236,0.0006108647,-0.0,-60.975002,1.8000001,9.075001,9.86864821144823,0.0006829675015996439,0.1354921468220691,0.23117663959924195,9.864967132131817,11.05530811,76.92709882,377.9698486328125,0.0,3.7900925,,0.0,405.0,,1,1,1,0,1
1789662438796.0,10.89,0.13549358,0.23120649,9.865009,0.00030543236,0.0006108647,-0.0,-60.975002,1.8000001,9.075001,9.86864821144823,0.0006829675015996439,0.1355010995709163,0.2311582892705797,9.864937994504288,11.05530811,76.92709882,377.9698486328125,0.0,3.7900925,,0.0,405.0,,1,1,1,0,1
1789662438806.0,10.9,0.13549358,0.23120649,9.865009,-0.0006108647,0.0006108647,0.00015271618,-60.975002,1.8000001,9.075001,9.86864821144823,0.0008772876352975531,0.13551218637012263,0.23118142929673222,9.864969340599806,11.05530811,76.92709882,377.9698486328125,0.0,3.7900925,,0.0,405.0,,1,1,1,0,1
1789662438816.0,10.91,0.13549358,0.23120649,9.865009,-0.0006108647,0.0006108647,0.00015271618,-61.050003,2.1000001,8.925,9.86864821144823,0.0008772876352975531,0.13557651706247645,0.23120902295848797,9.865002829325428,11.05530811,76.92709882,377.9698486328125,0.0,3.7900925,,0.0,405.0,,1,1,1,0,1
1789662438826.0,10.92,0.13549358,0.23120649,9.865009,-0.0006108647,0.0006108647,0.00015271618,-61.050003,2.1000001,8.925,9.86864821144823,0.0008772876352975531,0.13564797741272322,0.23122089087226413,9.865013608646652,11.05530811,76.92709882,377.9698486328125,0.0,3.7900925,,0.0,405.0,,1,1,1,0,1
1789662438836.0,10.93,0.13549358,0.23120649,9.865009,-0.0006108647,0.0006108647,0.00015271618,-61.050003,2.1000001,8.925,9.86864821144823,0.0008772876352975531,0.13559024124743443,0.23121754344692827,9.865016258387676,11.05530811,76.92709882,377.9698486328125,0.0,3.7900925,,0.0,405.0,,1,1,1,0,1
1789662438846.0,10.94,0.13549358,0.23120649,9.865009,-0.0006108647,0.0006108647,0.00015271618,-61.050003,2.1000001,8.925,9.86864821144823,0.0008772876352975531,0.1352690739540091,0.23120973935782668,9.865040837730838,11.05530811,76.92709882,377.9698486328125,0.0,3.7900925,,0.0,405.0,,1,1,1,0,1
1789662438856.0,10.95,0.13549358,0.23120649,9.865009,-0.0006108647,0.0006108647,0.00015271618,-61.050003,2.1000001,8.925,9.86864821144823,0.0008772876352975531,0.1346710834066242,0.23120593222591,9.865102914772054,11.05530811,76.92709882,377.9698486328125,0.0,3.7900925,,0.0,405.0,,1,1,1,0,1
1789662438866.0,10.96,0.13310076,0.23120649,9.865309,-0.0006108647,0.0006108647,0.00015271618,-61.050003,2.1000001,8.925,9.868915539146725,0.0008772876352975531,0.13394725643080765,0.23120641422344768,9.865190603614558,11.05530811,76.92709882,377.9698486328125,0.0,3.7900925,,0.0,405.0,,1,1,1,0,1
1789662438876.0,10.97,0.13310076,0.23120649,9.865309,-0.0006108647,0.0006108647,0.00015271618,-61.050003,2.1000001,8.925,9.868915539146725,0.0008772876352975531,0.13332827996385166,0.23120584433673502,9.865275114091217,11.05530811,76.92709882,377.9698486328125,0.0,3.7900925,,0.0,405.0,,1,1,1,0,1
1789662438886.0,10.98,0.13310076,0.23120649,9.865309,-0.0006108647,0.0006108647,0.00015271618,-61.050003,2.1000001,8.925,9.868915539146725,0.0008772876352975531,0.13297657399164595,0.2312003964342883,9.865331464135146,11.05530811,76.92709882,377.9698486328125,0.0,3.7900925,,0.0,405.0,,1,1,1,0,1
1789662438896.0,10.99,0.13310076,0.23120649,9.865309,-0.0006108647,0.0006108647,0.00015271618,-61.050003,2.1000001,8.925,9.868915539146725,0.0008772876352975531,0.13290147733985155,0.23119355379159112,9.865350403529385,11.05530811,76.92709882,377.9698486328125,0.0,3.7900925,,0.0,405.0,,1,1,1,0,1
1789662438906.0,11.0,0.13310076,0.23120649,9.865309,0.00030543236,-0.0006108647,0.00030543236,-61.050003,2.1000001,8.925,9.868915539146725,0.0007481534166041276,0.13299407036949792,0.23119532249083763,9.865336156396193,11.05530811,76.92709882,377.9698486328125,0.0,3.7900925,,0.0,405.0,,1,1,1,0,1
1789662438916.0,11.01,0.13310076,0.23120649,9.865309,0.00030543236,-0.0006108647,0.00030543236,-61.050003,2.1000001,8.925,9.868915539146725,0.0007481534166041276,0.1331234766454439,0.23121333379658843,9.865300420096181,11.05530811,76.92709882,377.9698486328125,0.0,3.7900925,,0.0,405.0,,1,1,1,0,1
1789662438926.0,11.02,0.13310076,0.23120649,9.865309,0.00030543236,-0.0006108647,0.00030543236,-60.9,1.725,8.700001,9.868915539146725,0.0007481534166041276,0.1332043057461857,0.23124072994559738,9.865262572823667,11.05530811,76.92709882,377.9698486328125,0.0,3.7900925,,0.0,405.0,,1,1,1,0,1
1789662438936.0,11.03,0.13310076,0.23120649,9.865309,0.00030543236,-0.0006108647,0.00030543236,-60.9,1.725,8.700001,9.868915539146725,0.0007481534166041276,0.1332039162720797,0.23125199846080272,9.865251478946323,11.05530811,76.92709882,377.9698486328125,0.0,3.7900925,,0.0,405.0,,1,1,1,0,1
1789662438946.0,11.04,0.13310076,0.23120649,9.865309,0.00030543236,-0.0006108647,0.00030543236,-60.9,1.725,8.700001,9.868915539146725,0.0007481534166041276,0.1331236815792793,0.23121775976326195,9.865294269982979,11.05530811,76.92709882,377.9698486328125,0.0,3.7900925,,0.0,405.0,,1,1,1,0,1
1789662438956.0,11.05,0.13310076,0.23120649,9.865309,0.00030543236,-0.0006108647,0.00030543236,-60.9,1.725,8.700001,9.868915539146725,0.0007481534166041276,0.1329973602904928,0.2311374522107996,9.865386680084708,11.05530811,76.92709882,377.9698486328125,0.0,3.7900925,,0.0,405.0,,1,1,1,0,1
1789662438966.0,11.06,0.13310076,0.23120649,9.865309,-0.0007635809,0.0006108647,0.00030543236,-60.9,1.725,8.700001,9.868915539146725,0.0010244512673065857,0.1329078205062414,0.23106827381270684,9.86546437830658,11.05530811,76.92709882,377.9698486328125,0.0,3.7900925,,0.0,405.0,,1,1,1,0,1
1789662438976.0,11.07,0.13310076,0.23120649,9.865309,-0.0007635809,0.0006108647,0.00030543236,-60.9,1.725,8.700001,9.868915539146725,0.0010244512673065857,0.13298099152454826,0.23111649825985348,9.865412508270015,11.05530811,76.92709882,377.9698486328125,0.0,3.7900925,,0.0,405.0,,1,1,1,0,1
1789662438986.0,11.08,0.13310076,0.23120649,9.865309,-0.0007635809,0.0006108647,0.00030543236,-60.9,1.725,8.700001,9.868915539146725,0.0010244512673065857,0.13332306252442222,0.23137521674469974,9.86513356663291,11.05530811,76.92709882,377.9698486328125,0.0,3.7900925,,0.0,405.0,,1,1,1,0,1
1789662438996.0,11.09,0.13310076,0.23120649,9.865309,-0.0007635809,0.0006108647,0.00030543236,-60.9,1.725,8.700001,9.868915539146725,0.0010244512673065857,0.1339294838831566,0.23184216899506188,9.864638566982107,11.05530811,76.92709882,377.9698486328125,0.0,3.7900925,,0.0,405.0,,1,1,1,0,1
1789662439006.0,11.1,0.13549358,0.2330011,9.863514,-0.0007635809,0.0006108647,0.00030543236,-60.9,1.725,8.700001,9.86719597712635,0.0010244512673065857,0.13465075402959734,0.23239070216967841,9.864079219279827,11.05530859,76.92709963,378.2315673828125,0.0,3.7900925,,0.0,405.0,,1,1,1,0,1
1789662439016.0,11.11,0.13549358,0.2330011,9.863514,-0.0007635809,0.0006108647,0.00030543236,-60.9,1.8750001,8.925,9.86719597712635,0.0010244512673065857,0.13526868079628498,0.23283798342779327,9.863666003844715,11.05530859,76.92709963,378.2315673828125,0.0,3.7900925,,0.0,405.0,,1,1,1,0,1
1789662439026.0,11.12,0.13549358,0.2330011,9.863514,-0.0007635809,0.0006108647,0.00030543236,-60.9,1.8750001,8.925,9.86719597712635,0.0010244512673065857,0.13562871892230366,0.23306543186844422,9.86351707739914,11.05530859,76.92709963,378.2315673828125,0.0,3.7900925,,0.0,405.0,,1,1,1,0,1
1789662439036.0,11.13,0.13549358,0.2330011,9.863514,-0.0007635809,0.0006108647,0.00030543236,-60.9,1.8750001,8.925,9.86719597712635,0.0010244512673065857,0.13571372462191314,0.23309133524401765,9.863558171099035,11.05530859,76.92709963,378.2315673828125,0.0,3.7900925,,0.0,405.0,,1,1,1,0,1
1789662439046.0,11.14,0.13549358,0.2330011,9.863514,-0.0007635809,0.0006108647,0.00030543236,-60.9,1.8750001,8.925,9.86719597712635,0.0010244512673065857,0.13561010611390376,0.23304029918792749,9.863561424548642,11.05530859,76.92709963,378.2315673828125,0.0,3.7900925,,0.0,405.0,,1,1,1,0,1
1789662439056.0,11.15,0.13549358,0.2330011,9.863514,-0.0007635809,0.0006108647,0.00030543236,-60.9,1.8750001,8.925,9.86719597712635,0.0010244512673065857,0.13542403200191022,0.2330452817150366,9.86330298950048,11.05530859,76.92709963,378.2315673828125,0.0,3.7900925,,0.0,405.0,,1,1,1,0,1
1789662439066.0,11.16,0.13549358,0.2330011,9.863514,-0.0007635809,0.0006108647,0.00030543236,-60.9,1.8750001,8.925,9.86719597712635,0.0010244512673065857,0.13522858334980925,0.23316249769909417,9.862726830702323,11.05530859,76.92709963,378.2315673828125,0.0,3.7900925,,0.0,405.0,,1,1,1,0,1
1789662439076.0,11.17,0.13489537,0.2335993,9.861121,-0.0007635809,0.0006108647,0.00030543236,-60.9,1.8750001,8.925,9.864809819274214,0.0010244512673065857,0.1350618998340763,0.23335411753339552,9.861989927517225,11.05530859,76.92709963,378.2315673828125,0.0,3.7900925,,0.0,405.0,,1,1,1,0,1
1789662439086.0,11.18,0.13489537,0.2335993,9.861121,-0.0007635809,0.0006108647,0.00030543236,-60.9,1.8750001,8.925,9.864809819274214,0.0010244512673065857,0.1349432540386684,0.23353620895028782,9.861350465263694,11.05530859,76.92709963,378.2315673828125,0.0,3.7900925,,0.0,405.0,,1,1,1,0,1
1789662439096.0,11.19,0.13489537,0.2335993,9.861121,-0.0007635809,0.0006108647,0.00030543236,-60.9,1.8750001,8.925,9.864809819274214,0.0010244512673065857,0.13487913397648996,0.23364448946967026,9.860991198742587,11.05530859,76.92709963,378.2315673828125,0.0,3.7900925,,0.0,405.0,,1,1,1,0,1
1789662439106.0,11.2,0.13489537,0.2335993,9.861121,-0.0007635809,0.0006108647,0.00030543236,-60.9,1.8750001,8.925,9.864809819274214,0.0010244512673065857,0.1348622236029672,0.23366778105570984,9.860921898094245,11.05530859,76.92709963,378.2315673828125,0.0,3.7900925,,0.0,405.0,,1,1,1,0,1
1789662439116.0,11.21,0.13489537,0.2335993,9.861121,-0.00045814854,0.0006108647,-0.0009162971,-60.9,1.6500001,9.525001,9.864809819274214,0.0011927515004721777,0.13487542001983277,0.23363615840932414,9.861019472689742,11.05530859,76.92709963,378.2315673828125,0.0,3.7900925,,0.0,405.0,,1,1,1,0,1
1789662439126.0,11.22,0.13489537,0.2335993,9.861121,-0.00045814854,0.0006108647,-0.0009162971,-60.9,1.6500001,9.525001,9.864809819274214,0.0011927515004721777,0.13490018941009269,0.2335894043861276,9.861139876685748,11.05530859,76.92709963,378.2315673828125,0.0,3.7900925,,0.0,405.0,,1,1,1,0,1
1789662439136.0,11.23,0.13489537,0.2335993,9.861121,-0.00045814854,0.0006108647,-0.0009162971,-60.9,1.6500001,9.525001,9.864809819274214,0.0011927515004721777,0.13492098777564526,0.2335566304679144,9.86120035911626,11.05530859,76.92709963,378.2315673828125,0.0,3.7900925,,0.0,405.0,,1,1,1,0,1
1789662439146.0,11.24,0.13489537,0.2335993,9.861121,-0.00045814854,0.0006108647,-0.0009162971,-60.9,1.6500001,9.525001,9.864809819274214,0.0011927515004721777,0.13492460275908708,0.2335544860138762,9.861189995529335,11.05530859,76.92709963,378.2315673828125,0.0,3.7900925,,0.0,405.0,,1,1,1,0,1
1789662439156.0,11.25,0.13489537,0.2335993,9.861121,-0.00045814854,0.0006108647,-0.0009162971,-60.9,1.6500001,9.525001,9.864809819274214,0.0011927515004721777,0.1349020404416109,0.23358951433461952,9.861136126024604,11.05530859,76.92709963,378.2315673828125,0.0,3.7900925,,0.0,405.0,,1,1,1,0,1
1789662439166.0,11.26,0.13489537,0.2335993,9.861121,-0.0007635809,-0.0006108647,0.00030543236,-60.9,1.6500001,9.525001,9.864809819274214,0.0010244512673065857,0.13485840242292,0.2336505952451028,9.86107385018219,11.05530859,76.92709963,378.2315673828125,0.0,3.7900925,,0.0,405.0,,1,1,1,0,1
1789662439176.0,11.27,0.13489537,0.2335993,9.861121,-0.0007635809,-0.0006108647,0.00030543236,-60.9,1.6500001,9.525001,9.864809819274214,0.0010244512673065857,0.1348240243918875,0.23369645736950595,9.861039040342384,11.05530859,76.92709963,378.2315673828125,0.0,3.7900925,,0.0,405.0,,1,1,1,0,1
1789662439186.0,11.28,0.13489537,0.2335993,9.861121,-0.0007635809,-0.0006108647,0.00030543236,-60.9,1.6500001,9.525001,9.864809819274214,0.0010244512673065857,0.1348503993663518,0.23366011491932126,9.861070754790626,11.05530859,76.92709963,378.2315673828125,0.0,3.7900925,,0.0,405.0,,1,1,1,0,1
1789662439196.0,11.29,0.13489537,0.2335993,9.861121,-0.0007635809,-0.0006108647,0.00030543236,-60.9,1.6500001,9.525001,9.864809819274214,0.0010244512673065857,0.1349812316489311,0.23348511657840673,9.861200137343744,11.05530859,76.92709963,378.2315673828125,0.0,3.7900925,,0.0,405.0,,1,1,1,0,1
1789662439206.0,11.3,0.13489537,0.2335993,9.861121,-0.0007635809,-0.0006108647,0.00030543236,-60.9,1.6500001,9.525001,9.864809819274214,0.0010244512673065857,0.13521365902337235,0.2331755900074659,9.86142527257103,11.05530859,76.92709963,378.2315673828125,0.0,3.7900925,,0.0,405.0,,1,1,1,0,1
1789662439216.0,11.31,0.13579269,0.2324029,9.862019,-0.0007635809,-0.0006108647,0.00030543236,-60.9,1.6500001,9.525001,9.865691537796367,0.0010244512673065857,0.13548509457232435,0.2328137724183499,9.86169784872386,11.05530859,76.92709963,378.2315673828125,0.0,3.7900925,,0.0,405.0,,1,1,1,0,1
1789662439226.0,11.32,0.13579269,0.2324029,9.862019,-0.0007635809,-0.0006108647,0.00030543236,-60.300003,2.025,8.325001,9.865691537796367,0.0010244512673065857,0.13570715550020235,0.23251619329563986,9.861942625781568,11.05530859,76.92709963,378.2315673828125,0.0,3.7900925,,0.0,405.0,,1,1,1,0,1
1789662439236.0,11.33,0.13579269,0.2324029,9.862019,-0.0007635809,-0.0006108647,0.00030543236,-60.300003,2.025,8.325001,9.865691537796367,0.0010244512673065857,0.13582379212964044,0.23235795154720446,9.862096261171837,11.05530859,76.92709963,378.2315673828125,0.0,3.7900925,,0.0,405.0,,1,1,1,0,1
1789662439246.0,11.34,0.13579269,0.2324029,9.862019,-0.0007635809,-0.0006108647,0.00030543236,-60.300003,2.025,8.325001,9.865691537796367,0.0010244512673065857,0.1358439215462389,0.23232984615695745,9.862132829312905,11.05530859,76.92709963,378.2315673828125,0.0,3.7900925,,0.0,405.0,,1,1,1,0,1
1789662439256.0,11.35,0.13579269,0.2324029,9.862019,-0.0007635809,-0.0006108647,0.00030543236,-60.300003,2.025,8.325001,9.865691537796367,0.0010244512673065857,0.13582255595465445,0.2323618635605674,9.862065476263043,11.05530859,76.92709963,378.2315673828125,0.0,3.7900925,,0.0,405.0,,1,1,1,0,1
1789662439266.0,11.36,0.13579269,0.2324029,9.862019,-0.0007635809,-0.0006108647,0.00030543236,-60.300003,2.025,8.325001,9.865691537796367,0.0010244512673065857,0.13581086828311417,0.23238603675024033,9.861942809930662,11.05530859,76.92709963,378.2315673828125,0.0,3.7900925,,0.0,405.0,,1,1,1,0,1
1789662439276.0,11.37,0.13579269,0.2324029,9.862019,0.00030543236,-0.0006108647,0.00030543236,-60.300003,2.025,8.325001,9.865691537796367,0.0007481534166041276,0.1358170718524585,0.23238531508805874,9.86185157925351,11.05530859,76.92709963,378.2315673828125,0.0,3.7900925,,0.0,405.0,,1,1,1,0,1
1789662439286.0,11.38,0.13579269,0.2324029,9.862019,0.00030543236,-0.0006108647,0.00030543236,-60.300003,2.025,8.325001,9.865691537796367,0.0007481534166041276,0.13580554524129562,0.23239558836618962,9.861905813580908,11.05530859,76.92709963,378.2315673828125,0.0,3.7900925,,0.0,405.0,,1,1,1,0,1
1789662439296.0,11.39,0.13579269,0.2324029,9.862019,0.00030543236,-0.0006108647,0.00030543236,-60.300003,2.025,8.325001,9.865691537796367,0.0007481534166041276,0.1357317364593814,0.23246588288173065,9.86219724531732,11.05530859,76.92709963,378.2315673828125,0.0,3.7900925,,0.0,405.0,,1,1,1,0,1
1789662439306.0,11.4,0.13579269,0.2324029,9.862019,0.00030543236,-0.0006108647,0.00030543236,-60.300003,2.025,8.325001,9.865691537796367,0.0007481534166041276,0.13558506415548577,0.23261013390295504,9.862724609267019,11.05530859,76.92709963,378.2315673828125,0.0,3.7900925,,0.0,405.0,,1,1,1,0,1
1789662439316.0,11.41,0.13519448,0.2330011,9.864112,0.00030543236,-0.0006108647,0.00030543236,-60.300003,2.025,8.325001,9.867789651617413,0.0007481534166041276,0.13540492609907495,0.2327891798148699,9.863365503993753,11.05530859,76.92709963,378.2315673828125,0.0,3.7900925,,0.0,405.0,,1,1,1,0,1
1789662439326.0,11.42,0.13519448,0.2330011,9.864112,0.00030543236,-0.0006108647,0.00030543236,-60.825,1.725,8.925,9.867789651617413,0.0007481534166041276,0.13525499739557562,0.23293799576476415,9.86393341289953,11.05530859,76.92709963,378.2315673828125,0.0,3.7900925,,0.0,405.0,,1,1,1,0,1
1789662439336.0,11.43,0.13519448,0.2330011,9.864112,0.00030543236,-0.0006108647,0.00030543236,-60.825,1.725,8.925,9.867789651617413,0.0007481534166041276,0.13517714651862067,0.23301452077705498,9.864279625638073,11.05530859,76.92709963,378.2315673828125,0.0,3.7900925,,0.0,405.0,,1,1,1,0,1
1789662439346.0,11.44,0.13519448,0.2330011,9.864112,0.00030543236,-0.0006108647,0.00030543236,-60.825,1.725,8.925,9.867789651617413,0.0007481534166041276,0.13516475456762592,0.23302748663602438,9.864356322255274,11.05530859,76.92709963,378.2315673828125,0.0,3.7900925,,0.0,405.0,,1,1,1,0,1
1789662439356.0,11.45,0.13519448,0.2330011,9.864112,0.00030543236,-0.0006108647,0.00030543236,-60.825,1.725,8.925,9.867789651617413,0.0007481534166041276,0.1351762689647104,0.2330209586565965,9.864211939404539,11.05530859,76.92709963,378.2315673828125,0.0,3.7900925,,0.0,405.0,,1,1,1,0,1
1789662439366.0,11.46,0.13519448,0.2330011,9.864112,0.00030543236,-0.0006108647,-0.0009162971,-60.825,1.725,8.925,9.867789651617413,0.0011428232512990229,0.1351745508733531,0.2330310336833311,9.863964237094837,11.05530859,76.92709963,378.2315673828125,0.0,3.7900925,,0.0,405.0,,1,1,1,0,1
1789662439376.0,11.47,0.13519448,0.2330011,9.864112,0.00030543236,-0.0006108647,-0.0009162971,-60.825,1.725,8.925,9.867789651617413,0.0011428232512990229,0.13515950775227403,0.2330505139883373,9.863789081984153,11.05530859,76.92709963,378.2315673828125,0.0,3.7900925,,0.0,405.0,,1,1,1,0,1
1789662439386.0,11.48,0.13519448,0.2330011,9.864112,0.00030543236,-0.0006108647,-0.0009162971,-60.825,1.725,8.925,9.867789651617413,0.0011428232512990229,0.13516951421467474,0.23302957298813742,9.863895356503706,11.05530859,76.92709963,378.2315673828125,0.0,3.7900925,,0.0,405.0,,1,1,1,0,1
1789662439396.0,11.49,0.13519448,0.2330011,9.864112,0.00030543236,-0.0006108647,-0.0009162971,-60.825,1.725,8.925,9.867789651617413,0.0011428232512990229,0.1352497018364547,0.23291440844609698,9.8644360936771,11.05530859,76.92709963,378.2315673828125,0.0,3.7900925,,0.0,405.0,,1,1,1,0,1
1789662439406.0,11.5,0.13519448,0.2330011,9.864112,0.00030543236,-0.0006108647,-0.0009162971,-60.825,1.725,8.925,9.867789651617413,0.0011428232512990229,0.13540939423844062,0.23269609409131814,9.865383296254347,11.05530859,76.92709963,378.2315673828125,0.0,3.7900925,,0.0,405.0,,1,1,1,0,1
1789662439416.0,11.51,0.13579269,0.2321038,9.867702,0.00030543236,-0.0006108647,-0.0009162971,-60.825,1.725,8.925,9.871365386279441,0.0011428232512990229,0.13560300852677842,0.23242835990949443,9.86648503933559,11.05530859,76.92709963,378.2315673828125,0.0,3.7900925,,0.0,405.0,,1,1,1,0,1
1789662439426.0,11.52,0.13579269,0.2321038,9.867702,0.00030543236,-0.0006108647,-0.0009162971,-61.2,1.95,9.6,9.871365386279441,0.0011428232512990229,0.13575459327415806,0.23219539631158959,9.867390038934968,11.05530859,76.92709963,378.2315673828125,0.0,3.7900925,,0.0,405.0,,1,1,1,0,1
1789662439436.0,11.53,0.13579269,0.2321038,9.867702,0.00030543236,-0.0006108647,-0.0009162971,-61.2,1.95,9.6,9.871365386279441,0.0011428232512990229,0.13581097440417197,0.23205683198655558,9.867864890485299,11.05530859,76.92709963,378.2315673828125,0.0,3.7900925,,0.0,405.0,,1,1,1,0,1
1789662439446.0,11.54,0.13579269,0.2321038,9.867702,0.00030543236,-0.0006108647,-0.0009162971,-61.2,1.95,9.6,9.871365386279441,0.0011428232512990229,0.13578310637126437,0.23201840356425812,9.867924768543864,11.05530859,76.92709963,378.2315673828125,0.0,3.7900925,,0.0,405.0,,1,1,1,0,1
1789662439456.0,11.55,0.13579269,0.2321038,9.867702,0.00030543236,-0.0006108647,-0.0009162971,-61.2,1.95,9.6,9.871365386279441,0.0011428232512990229,0.13574285323214566,0.23204702042318384,9.867780261646994,11.05530859,76.92709963,378.2315673828125,0.0,3.7900925,,0.0,405.0,,1,1,1,0,1
1789662439466.0,11.56,0.13579269,0.2321038,9.867702,0.00030543236,-0.0006108647,-0.0009162971,-61.2,1.95,9.6,9.871365386279441,0.0011428232512990229,0.13577203572216287,0.23210392459707657,9.867666850640822,11.05530859,76.92709963,378.2315673828125,0.0,3.7900925,,0.0,405.0,,1,1,1,0,1
1789662439476.0,11.57,0.13579269,0.2321038,9.867702,-0.00030543236,-0.0006108647,-0.00015271618,-61.2,1.95,9.6,9.871365386279441,0.00069983343723707,0.1358896113493586,0.23216016074708587,9.867692916253574,11.05530859,76.92709963,378.2315673828125,0.0,3.7900925,,0.0,405.0,,1,1,1,0,1
1789662439486.0,11.58,0.13579269,0.2321038,9.867702,-0.00030543236,-0.0006108647,-0.00015271618,-61.2,1.95,9.6,9.871365386279441,0.00069983343723707,0.13600284222001383,0.23218761467910348,9.867792496381437,11.05530859,76.92709963,378.2315673828125,0.0,3.7900925,,0.0,405.0,,1,1,1,0,1
1789662439496.0,11.59,0.13579269,0.2321038,9.867702,-0.00030543236,-0.0006108647,-0.00015271618,-61.2,1.95,9.6,9.871365386279441,0.00069983343723707,0.13593117134642582,0.23214937663459606,9.867790009511582,11.05530859,76.92709963,378.2315673828125,0.0,3.7900925,,0.0,405.0,,1,1,1,0,1
1789662439506.0,11.6,0.13579269,0.2321038,9.867702,-0.00030543236,-0.0006108647,-0.00015271618,-61.2,1.95,9.6,9.871365386279441,0.00069983343723707,0.13551633695557705,0.23201349839465216,9.867530968040485,11.05530859,76.92709963,378.2315673828125,0.0,3.7900925,,0.0,405.0,,1,1,1,0,1
1789662439516.0,11.61,0.13579269,0.2321038,9.867702,-0.00030543236,-0.0006108647,-0.00015271618,-61.2,1.95,9.6,9.871365386279441,0.00069983343723707,0.13475696366295795,0.2317844111968242,9.867000928675337,11.05530859,76.92709963,378.2315673828125,0.0,3.7900925,,0.0,405.0,,1,1,1,0,1
1789662439526.0,11.62,0.13280165,0.23120649,9.865608,-0.00030543236,-0.0006108647,-0.00015271618,-61.2,1.95,9.6,9.869210400479101,0.00069983343723707,0.13385166006544663,0.2315178009117674,9.8663505462227,11.05530859,76.92709963,378.2315673828125,0.0,3.7900925,,0.0,405.0,,1,1,1,0,1
1789662439536.0,11.63,0.13280165,0.23120649,9.865608,-0.00030543236,-0.0006108647,-0.00015271618,-61.2,1.95,9.6,9.869210400479101,0.00069983343723707,0.1330883865393651,0.23129389338099696,9.86580049094477,11.05530859,76.92709963,378.2315673828125,0.0,3.7900925,,0.0,405.0,,1,1,1,0,1
1789662439546.0,11.64,0.13280165,0.23120649,9.865608,-0.00030543236,-0.0006108647,-0.00015271618,-61.2,1.95,9.6,9.869210400479101,0.00069983343723707,0.13266049496566715,0.23116716962807593,9.865498369444882,11.05530859,76.92709963,378.2315673828125,0.0,3.7900925,,0.0,405.0,,1,1,1,0,1
1789662439556.0,11.65,0.13280165,0.23120649,9.865608,-0.00030543236,-0.0006108647,-0.00015271618,-61.2,1.95,9.6,9.869210400479101,0.00069983343723707,0.13256641743282777,0.23113739713356166,9.865443142217602,11.05530859,76.92709963,378.2315673828125,0.0,3.7900925,,0.0,405.0,,1,1,1,0,1
1789662439566.0,11.66,0.13280165,0.23120649,9.865608,0.00030543236,0.0006108647,-0.0007635809,-60.600002,1.6500001,8.400001,9.869210400479101,0.0010244512673065857,0.13266291996205035,0.23116403834861893,9.865524246991706,11.05530859,76.92709963,378.2315673828125,0.0,3.7900925,,0.0,405.0,,1,1,1,0,1
1789662439576.0,11.67,0.13280165,0.23120649,9.865608,0.00030543236,0.0006108647,-0.0007635809,-60.600002,1.6500001,8.400001,9.869210400479101,0.0010244512673065857,0.1327955927388824,0.23120315675015543,9.86561936595926,11.05530859,76.92709963,378.2315673828125,0.0,3.7900925,,0.0,405.0,,1,1,1,0,1
1789662439586.0,11.68,0.13280165,0.23120649,9.865608,0.00030543236,0.0006108647,-0.0007635809,-60.600002,1.6500001,8.400001,9.869210400479101,0.0010244512673065857,0.1328848572450385,0.23123161233446368,9.865664395908151,11.05530859,76.92709963,378.2315673828125,0.0,3.7900925,,0.0,405.0,,1,1,1,0,1
1789662439596.0,11.69,0.13280165,0.23120649,9.865608,0.00030543236,0.0006108647,-0.0007635809,-60.600002,1.6500001,8.400001,9.869210400479101,0.0010244512673065857,0.13291906207127346,0.23124447041367915,9.865658789296887,11.05530859,76.92709963,378.2315673828125,0.0,3.7900925,,0.0,405.0,,1,1,1,0,1
1789662439606.0,11.7,0.13280165,0.23120649,9.865608,0.00030543236,0.0006108647,-0.0007635809,-60.600002,1.6500001,8.400001,9.869210400479101,0.0010244512673065857,0.13289920884314052,0.2312391588134622,9.865629574462222,11.05530859,76.92709963,378.2315673828125,0.0,3.7900925,,0.0,405.0,,1,1,1,0,1
1789662439616.0,11.71,0.13280165,0.23120649,9.865608,0.00030543236,0.0006108647,-0.0007635809,-61.425003,1.8750001,9.525001,9.869210400479101,0.0010244512673065857,0.13281112627727867,0.23120916709652023,9.865597590876336,11.05530859,76.92709963,378.2315673828125,0.0,3.7900925,,0.0,405.0,,1,1,1,0,1
1789662439626.0,11.72,0.13280165,0.23120649,9.865608,0.00030543236,0.0006108647,-0.0007635809,-61.425003,1.8750001,9.525001,9.869210400479101,0.0010244512673065857,0.13266084451678908,0.2311573383868301,9.865570675668591,11.05530859,76.92709963,378.2315673828125,0.0,3.7900925,,0.0,405.0,,1,1,1,0,1
1789662439636.0,11.73,0.13280165,0.23120649,9.865608,0.00030543236,0.0006108647,-0.0007635809,-61.425003,1.8750001,9.525001,9.869210400479101,0.0010244512673065857,0.13253759072894114,0.2311161614516441,9.865557806645796,11.05530859,76.92709963,378.2315673828125,0.0,3.7900925,,0.0,405.0,,1,1,1,0,1
1789662439646.0,11.74,0.13280165,0.23120649,9.865608,0.00030543236,0.0006108647,-0.0007635809,-61.425003,1.8750001,9.525001,9.869210400479101,0.0010244512673065857,0.13262410315303158,0.23114865485995337,9.8655805640419,11.05530859,76.92709963,378.2315673828125,0.0,3.7900925,,0.0,405.0,,1,1,1,0,1
1789662439656.0,11.75,0.13280165,0.23120649,9.865608,0.00030543236,0.0006108647,-0.0007635809,-61.425003,1.8750001,9.525001,9.869210400479101,0.0010244512673065857,0.1331026911654928,0.23131415050917206,9.865664155039118,11.05530859,76.92709963,378.2315673828125,0.0,3.7900925,,0.0,405.0,,1,1,1,0,1
1789662439666.0,11.76,0.13280165,0.23120649,9.865608,0.00030543236,0.0006108647,-0.0007635809,-61.425003,1.8750001,9.525001,9.869210400479101,0.0010244512673065857,0.13400413648950418,0.23161714088957977,9.865813201920691,11.05530859,76.92709963,378.2315673828125,0.0,3.7900925,,0.0,405.0,,1,1,1,0,1
1789662439676.0,11.77,0.1363909,0.2324029,9.866206,0.00030543236,-0.0006108647,-0.00030543236,-61.425003,1.8750001,9.525001,9.869885228307734,0.0007481534166041276,0.13512993976220108,0.23198487626999137,9.865996591134271,11.05530859,76.92709963,378.2315673828125,0.0,3.7900925,,0.0,405.0,,1,1,1,0,1
1789662439686.0,11.78,0.1363909,0.2324029,9.866206,0.00030543236,-0.0006108647,-0.00030543236,-61.425003,1.8750001,9.525001,9.869885228307734,0.0007481534166041276,0.13613661722493195,0.23230279890020641,9.866159635955233,11.05530859,76.92709963,378.2315673828125,0.0,3.7900925,,0.0,405.0,,1,1,1,0,1
1789662439696.0,11.79,0.1363909,0.2324029,9.866206,0.00030543236,-0.0006108647,-0.00030543236,-61.425003,1.8750001,9.525001,9.869885228307734,0.0007481534166041276,0.13672107539585648,0.2324826215658532,9.86625461392135,11.05530859,76.92709963,378.2315673828125,0.0,3.7900925,,0.0,405.0,,1,1,1,0,1
1789662439706.0,11.8,0.1363909,0.2324029,9.866206,0.00030543236,-0.0006108647,-0.00030543236,-61.425003,1.8750001,9.525001,9.869885228307734,0.0007481534166041276,0.13675939621108044,0.23250645522869348,9.866263825479903,11.05530859,76.92709963,378.2315673828125,0.0,3.7900925,,0.0,405.0,,1,1,1,0,1
1789662439716.0,11.81,0.1363909,0.2324029,9.866206,0.00030543236,-0.0006108647,-0.00030543236,-60.9,2.25,8.925,9.869885228307734,0.0007481534166041276,0.13632539388095097,0.23241915792403345,9.866201322114078,11.05530859,76.92709963,378.2315673828125,0.0,3.7900925,,0.0,405.0,,1,1,1,0,1
1789662439726.0,11.82,0.1363909,0.2324029,9.866206,0.00030543236,-0.0006108647,-0.00030543236,-60.9,2.25,8.925,9.869885228307734,0.0007481534166041276,0.135628837258821,0.23228983886803384,9.866100378665784,11.05530859,76.92709963,378.2315673828125,0.0,3.7900925,,0.0,405.0,,1,1,1,0,1
1789662439736.0,11.83,0.13429718,0.2321038,9.865907,0.00030543236,-0.0006108647,-0.00030543236,-60.9,2.25,8.925,9.869550589524296,0.0007481534166041276,0.13492766823621052,0.23217669060792231,9.865998352221853,11.05530859,76.92709963,378.2315673828125,0.0,3.7900925,,0.0,405.0,,1,1,1,0,1
1789662439746.0,11.84,0.13429718,0.2321038,9.865907,0.00030543236,-0.0006108647,-0.00030543236,-60.9,2.25,8.925,9.869550589524296,0.0007481534166041276,0.13443015867500274,0.23210973924502562,9.865923619486137,11.05530859,76.92709963,378.2315673828125,0.0,3.7900925,,0.0,405.0,,1,1,1,0,1
1789662439756.0,11.85,0.13429718,0.2321038,9.865907,0.00030543236,-0.0006108647,-0.00030543236,-60.9,2.25,8.925,9.869550589524296,0.0007481534166041276,0.1342122290209342,0.23208932573996643,9.865887249748626,11.05530859,76.92709963,378.2315673828125,0.0,3.7900925,,0.0,405.0,,1,1,1,0,1
1789662439766.0,11.86,0.13429718,0.2321038,9.865907,0.00030543236,-0.0006108647,-0.00030543236,-60.9,2.25,8.925,9.869550589524296,0.0007481534166041276,0.1342026410010323,0.2320955984077532,9.865883407603766,11.05530859,76.92709963,378.2315673828125,0.0,3.7900925,,0.0,405.0,,1,1,1,0,1
1789662439776.0,11.87,0.13429718,0.2321038,9.865907,0.00030543236,-0.0006108647,0.00030543236,-60.9,2.25,8.925,9.869550589524296,0.0007481534166041276,0.13425618872050504,0.2321043125075547,9.865897755935352,11.05530859,76.92709963,378.2315673828125,0.0,3.7900925,,0.0,405.0,,1,1,1,0,1
1789662439786.0,11.88,0.13429718,0.2321038,9.865907,0.00030543236,-0.0006108647,0.00030543236,-60.9,2.25,8.925,9.869550589524296,0.0007481534166041276,0.13426524212906585,0.23210183666003265,9.865916266340978,11.05530859,76.92709963,378.2315673828125,0.0,3.7900925,,0.0,405.0,,1,1,1,0,1
1789662439796.0,11.89,0.13429718,0.2321038,9.865907,0.00030543236,-0.0006108647,0.00030543236,-60.9,2.25,8.925,9.869550589524296,0.0007481534166041276,0.13423169960787795,0.2320922661617456,9.865927882694484,11.05530859,76.92709963,378.2315673828125,0.0,3.7900925,,0.0,405.0,,1,1,1,0,1
1789662439806.0,11.9,0.13429718,0.2321038,9.865907,0.00030543236,-0.0006108647,0.00030543236,-60.9,2.25,8.925,9.869550589524296,0.0007481534166041276,0.13425378209196737,0.23209352789348742,9.865922400290346,11.05530859,76.92709963,378.2315673828125,0.0,3.7900925,,0.0,405.0,,1,1,1,0,1
1789662439816.0,11.91,0.13429718,0.2321038,9.865907,0.00030543236,-0.0006108647,0.00030543236,-60.9,2.25,8.925,9.869550589524296,0.0007481534166041276,0.13443967949248325,0.23212482353533095,9.865889862269082,11.05530859,76.92709963,378.2315673828125,0.0,3.7900925,,0.0,405.0,,1,1,1,0,1
1789662439826.0,11.92,0.13429718,0.2321038,9.865907,0.00030543236,-0.0006108647,0.00030543236,-60.300003,2.025,8.85,9.869550589524296,0.0007481534166041276,0.13480982371326014,0.23219286618487628,9.86582454918683,11.05530859,76.92709963,378.2315673828125,0.0,3.7900925,,0.0,405.0,,1,1,1,0,1
1789662439836.0,11.93,0.13579269,0.2324029,9.865608,0.00030543236,-0.0006108647,0.00030543236,-60.300003,2.025,8.85,9.869279202264462,0.0007481534166041276,0.13526423034659282,0.2322860642131883,9.865730464793462,11.05530859,76.92709963,378.2315673828125,0.0,3.7900925,,0.0,405.0,,1,1,1,0,1
1789662439846.0,11.94,0.13579269,0.2324029,9.865608,0.00030543236,-0.0006108647,0.00030543236,-60.300003,2.025,8.85,9.869279202264462,0.0007481534166041276,0.13564620285826207,0.23237994813542684,9.865624597153928,11.05530859,76.92709963,378.2315673828125,0.0,3.7900925,,0.0,405.0,,1,1,1,0,1
1789662439856.0,11.95,0.13579269,0.2324029,9.865608,0.00030543236,-0.0006108647,0.00030543236,-60.300003,2.025,8.85,9.869279202264462,0.0007481534166041276,0.13585095765226496,0.2324474350820943,9.865537928248296,11.05530859,76.92709963,378.2315673828125,0.0,3.7900925,,0.0,405.0,,1,1,1,0,1
1789662439866.0,11.96,0.13579269,0.2324029,9.865608,0.00030543236,-0.0006108647,0.00030543236,-60.300003,2.025,8.85,9.869279202264462,0.0007481534166041276,0.13588702819456483,0.23246632457246688,9.865511702318315,11.05530859,76.92709963,378.2315673828125,0.0,3.7900925,,0.0,405.0,,1,1,1,0,1
1789662439876.0,11.97,0.13579269,0.2324029,9.865608,0.00030543236,-0.0006108647,0.00030543236,-60.300003,2.025,8.85,9.869279202264462,0.0007481534166041276,0.13584587305907952,0.23242642828435825,9.865578345570174,11.05530859,76.92709963,378.2315673828125,0.0,3.7900925,,0.0,405.0,,1,1,1,0,1
1789662439886.0,11.98,0.13579269,0.2324029,9.865608,-0.00015271618,0.00015271618,0.00030543236,-60.300003,2.025,8.85,9.869279202264462,0.0003740767164670295,0.1358170787257685,0.2323437279931393,9.865721674136475,11.05530859,76.92709963,378.2315673828125,0.0,3.7900925,,0.0,405.0,,1,1,1,0,1
1789662439896.0,11.99,0.13579269,0.2324029,9.865608,-0.00015271618,0.00015271618,0.00030543236,-60.300003,2.025,8.85,9.869279202264462,0.0003740767164670295,0.13582144527962525,0.2322757618397803,9.865839670881133,11.05530859,76.92709963,378.2315673828125,0.0,3.7900925,,0.0,405.0,,1,1,1,0,1
1789662439906.0,12.0,0.13579269,0.2324029,9.865608,-0.00015271618,0.00015271618,0.00030543236,-60.300003,2.025,8.85,9.869279202264462,0.0003740767164670295,0.13580718755494467,0.23231426574287833,9.865759350698701,11.05530859,76.92709963,378.2315673828125,0.0,3.7900925,,0.0,405.0,,1,1,1,0,1
1789662439916.0,12.01,0.13579269,0.2324029,9.865608,-0.00015271618,0.00015271618,0.00030543236,-60.300003,2.025,8.85,9.869279202264462,0.0003740767164670295,0.13570389980443676,0.23253701685936734,9.86533228069557,11.05530859,76.92709963,378.2315673828125,0.0,3.7900925,,0.0,405.0,,1,1,1,0,1
1789662439926.0,12.02,0.13579269,0.2324029,9.865608,-0.00015271618,0.00015271618,0.00030543236,-60.600002,2.025,8.475,9.869279202264462,0.0003740767164670295,0.13548963898531532,0.2329403773979062,9.864562021266524,11.05530859,76.92709963,378.2315673828125,0.0,3.7900925,,0.0,405.0,,1,1,1,0,1
1789662439936.0,12.03,0.13489537,0.23389842,9.862617,-0.00015271618,0.00015271618,0.00030543236,-60.600002,2.025,8.475,9.866312346586994,0.0003740767164670295,0.1352178298037938,0.2334121843844874,9.863649645021447,11.05530859,76.92709963,378.2315673828125,0.0,3.7900925,,0.0,405.0,,1,1,1,0,1
1789662439946.0,12.04,0.13489537,0.23389842,9.862617,-0.00015271618,0.00015271618,0.00030543236,-60.600002,2.025,8.475,9.866312346586994,0.0003740767164670295,0.13498232747933422,0.23378723400797652,9.862887911063003,11.05530859,76.92709963,378.2315673828125,0.0,3.7900925,,0.0,405.0,,1,1,1,0,1
1789662439956.0,12.05,0.13489537,0.23389842,9.862617,-0.00015271618,0.00015271618,0.00030543236,-60.600002,2.025,8.475,9.866312346586994,0.0003740767164670295,0.1348518521193662,0.23395462488306762,9.86247592127406,11.05530859,76.92709963,378.2315673828125,0.0,3.7900925,,0.0,405.0,,1,1,1,0,1
1789662439966.0,12.06,0.13489537,0.23389842,9.862617,-0.00015271618,0.00015271618,0.00030543236,-60.600002,2.025,8.475,9.866312346586994,0.0003740767164670295,0.13482975188761284,0.23393299282067967,9.862409566080993,11.05530859,76.92709963,378.2315673828125,0.0,3.7900925,,0.0,405.0,,1,1,1,0,1
1789662439976.0,12.07,0.13489537,0.23389842,9.862617,0.00030543236,0.0006108647,0.00030543236,-60.600002,2.025,8.475,9.866312346586994,0.0007481534166041276,0.13486617371999016,0.23385437744316126,9.862526278239438,11.05530859,76.92709963,378.2315673828125,0.0,3.7900925,,0.0,405.0,,1,1,1,0,1
1789662439986.0,12.08,0.13489537,0.23389842,9.862617,0.00030543236,0.0006108647,0.00030543236,-60.600002,2.025,8.475,9.866312346586994,0.0007481534166041276,0.1349021910919569,0.23386672591029356,9.862641601942613,11.05530859,76.92709963,378.2315673828125,0.0,3.7900925,,0.0,405.0,,1,1,1,0,1
1789662439996.0,12.09,0.13489537,0.23389842,9.862617,0.00030543236,0.0006108647,0.00030543236,-60.600002,2.025,8.475,9.866312346586994,0.0007481534166041276,0.13490765863274964,0.23401458878908732,9.862662153787973,11.05530859,76.92709963,378.2315673828125,0.0,3.7900925,,0.0,405.0,,1,1,1,0,1
1789662440006.0,12.1,0.13489537,0.23389842,9.862617,0.00030543236,0.0006108647,0.00030543236,-60.600002,2.025,8.475,9.866312346586994,0.0007481534166041276,0.1348912295242809,0.2341714165475779,9.862612498558788,11.05530921,76.9270995,378.10638427734375,0.0,3.7900925,,0.0,405.0,,1,1,1,0,1
1789662440016.0,12.11,0.13489537,0.23389842,9.862617,0.00030543236,0.0006108647,0.00030543236,-60.600002,2.025,8.475,9.866312346586994,0.0007481534166041276,0.1348847597559232,0.2340836990122442,9.862586790054563,11.05530921,76.9270995,378.10638427734375,0.0,3.7900925,,0.0,405.0,,1,1,1,0,1
1789662440026.0,12.12,0.13489537,0.23389842,9.862617,0.00030543236,0.0006108647,0.00030543236,-60.675003,2.1000001,9.525001,9.866312346586994,0.0007481534166041276,0.1349168035045382,0.23353318546067242,9.86267150110905,11.05530921,76.9270995,378.10638427734375,0.0,3.7900925,,0.0,405.0,,1,1,1,0,1
1789662440036.0,12.13,0.13489537,0.23389842,9.862617,0.00030543236,0.0006108647,0.00030543236,-60.675003,2.1000001,9.525001,9.866312346586994,0.0007481534166041276,0.13499174323693133,0.23252512970649963,9.862886451806027,11.05530921,76.9270995,378.10638427734375,0.0,3.7900925,,0.0,405.0,,1,1,1,0,1
1789662440046.0,12.14,0.13519448,0.23001008,9.863514,0.00030543236,0.0006108647,0.00030543236,-60.675003,2.1000001,9.525001,9.867121698475199,0.0007481534166041276,0.13508673999545917,0.23134279149755474,9.86317490008129,11.05530921,76.9270995,378.10638427734375,0.0,3.7900925,,0.0,405.0,,1,1,1,0,1
1789662440056.0,12.15,0.13519448,0.23001008,9.863514,0.00030543236,0.0006108647,0.00030543236,-60.675003,2.1000001,9.525001,9.867121698475199,0.0007481534166041276,0.13516776398313798,0.2303840959565245,9.86344249478885,11.05530921,76.9270995,378.10638427734375,0.0,3.7900925,,0.0,405.0,,1,1,1,0,1
1789662440066.0,12.16,0.13519448,0.23001008,9.863514,0.00030543236,0.0006108647,0.00030543236,-60.675003,2.1000001,9.525001,9.867121698475199,0.0007481534166041276,0.13521197672735435,0.22989334006154588,9.86361080921237,11.05530921,76.9270995,378.10638427734375,0.0,3.7900925,,0.0,405.0,,1,1,1,0,1
1789662440076.0,12.17,0.13519448,0.23001008,9.863514,0.00030543236,0.0006108647,-0.00015271618,-60.675003,2.1000001,9.525001,9.867121698475199,0.00069983343723707,0.1352191404487019,0.22981495237197508,9.863646664921617,11.05530921,76.9270995,378.10638427734375,0.0,3.7900925,,0.0,405.0,,1,1,1,0,1
1789662440086.0,12.18,0.13519448,0.23001008,9.863514,0.00030543236,0.0006108647,-0.00015271618,-60.675003,2.1000001,9.525001,9.867121698475199,0.00069983343723707,0.13520577567926,0.22988770666891814,9.863562760630893,11.05530921,76.9270995,378.10638427734375,0.0,3.7900925,,0.0,405.0,,1,1,1,0,1
1789662440096.0,12.19,0.13519448,0.23001008,9.863514,0.00030543236,0.0006108647,-0.00015271618,-60.675003,2.1000001,9.525001,9.867121698475199,0.00069983343723707,0.13519072200377688,0.2298864546698591,9.86341518206917,11.05530921,76.9270995,378.10638427734375,0.0,3.7900925,,0.0,405.0,,1,1,1,0,1
1789662440106.0,12.2,0.13519448,0.23001008,9.863514,0.00030543236,0.0006108647,-0.00015271618,-60.675003,2.1000001,9.525001,9.867121698475199,0.00069983343723707,0.1351845652443088,0.22981305900234061,9.863308440652677,11.05530921,76.9270995,378.10638427734375,0.0,3.7900925,,0.0,405.0,,1,1,1,0,1
1789662440116.0,12.21,0.13519448,0.23001008,9.863514,0.00030543236,0.0006108647,-0.00015271618,-61.050003,2.4,9.075001,9.867121698475199,0.00069983343723707,0.1351879715942145,0.22989472712643827,9.863380311342036,11.05530921,76.9270995,378.10638427734375,0.0,3.7900925,,0.0,405.0,,1,1,1,0,1
1789662440126.0,12.22,0.13519448,0.23001008,9.863514,0.00030543236,0.0006108647,-0.00015271618,-61.050003,2.4,9.075001,9.867121698475199,0.00069983343723707,0.1351957861930587,0.2303906782135749,9.863736443822425,11.05530921,76.9270995,378.10638427734375,0.0,3.7900925,,0.0,405.0,,1,1,1,0,1
1789662440136.0,12.23,0.13519448,0.23001008,9.863514,0.00030543236,0.0006108647,-0.00015271618,-61.050003,2.4,9.075001,9.867121698475199,0.00069983343723707,0.1352016936840706,0.23135075525229568,9.864361039089166,11.05530921,76.9270995,378.10638427734375,0.0,3.7900925,,0.0,405.0,,1,1,1,0,1
1789662440146.0,12.24,0.13519448,0.23389842,9.865907,0.00030543236,0.0006108647,-0.00015271618,-61.050003,2.4,9.075001,9.869605207451308,0.00069983343723707,0.1352011318883098,0.23252533251732416,9.865087581062982,11.05530921,76.9270995,378.10638427734375,0.0,3.7900925,,0.0,405.0,,1,1,1,0,1
1789662440156.0,12.25,0.13519448,0.23389842,9.865907,0.00030543236,0.0006108647,-0.00015271618,-61.050003,2.4,9.075001,9.869605207451308,0.00069983343723707,0.1351932113119238,0.23351800439270304,9.865685070286215,11.05530921,76.9270995,378.10638427734375,0.0,3.7900925,,0.0,405.0,,1,1,1,0,1
1789662440166.0,12.26,0.13519448,0.23389842,9.865907,0.00030543236,0.0006108647,-0.00015271618,-61.050003,2.4,9.075001,9.869605207451308,0.00069983343723707,0.1351823996959009,0.23405765891241567,9.866004364084956,11.05530921,76.9270995,378.10638427734375,0.0,3.7900925,,0.0,405.0,,1,1,1,0,1
1789662440176.0,12.27,0.13519448,0.23389842,9.865907,0.00030543236,0.0006108647,-0.00015271618,-61.050003,2.4,9.075001,9.869605207451308,0.00069983343723707,0.135178291565152,0.23415651840464247,9.866060657595046,11.05530921,76.9270995,378.10638427734375,0.0,3.7900925,,0.0,405.0,,1,1,1,0,1
1789662440186.0,12.28,0.13519448,0.23389842,9.865907,0.00030543236,-0.0006108647,-0.0009162971,-61.050003,2.4,9.075001,9.869605207451308,0.0011428232512990229,0.13519041388078085,0.23403947999549696,9.865988843890147,11.05530921,76.9270995,378.10638427734375,0.0,3.7900925,,0.0,405.0,,1,1,1,0,1
1789662440196.0,12.29,0.13519448,0.23389842,9.865907,0.00030543236,-0.0006108647,-0.0009162971,-61.050003,2.4,9.075001,9.869605207451308,0.0011428232512990229,0.13521796807307443,0.23393788518242367,9.865924933862573,11.05530921,76.9270995,378.10638427734375,0.0,3.7900925,,0.0,405.0,,1,1,1,0,1
1789662440206.0,12.3,0.13519448,0.23389842,9.865907,0.00030543236,-0.0006108647,-0.0009162971,-61.050003,2.4,9.075001,9.869605207451308,0.0011428232512990229,0.13524102923076203,0.23392602803779577,9.865914462458134,11.05530921,76.9270995,378.10638427734375,0.0,3.7900925,,0.0,405.0,,1,1,1,0,1
1789662440216.0,12.31,0.13519448,0.23389842,9.865907,0.00030543236,-0.0006108647,-0.0009162971,-61.050003,2.4,9.075001,9.869605207451308,0.0011428232512990229,0.13522405187620862,0.23390638140473394,9.865905968242904,11.05530921,76.9270995,378.10638427734375,0.0,3.7900925,,0.0,405.0,,1,1,1,0,1
1789662440226.0,12.32,0.13519448,0.23389842,9.865907,0.00030543236,-0.0006108647,-0.0009162971,-61.050003,2.325,9.450001,9.869605207451308,0.0011428232512990229,0.1351367865892083,0.23372575502203213,9.865816855524649,11.05530921,76.9270995,378.10638427734375,0.0,3.7900925,,0.0,405.0,,1,1,1,0,1
1789662440236.0,12.33,0.13519448,0.23389842,9.865907,0.00030543236,-0.0006108647,-0.0009162971,-61.050003,2.325,9.450001,9.869605207451308,0.0011428232512990229,0.13498124278045603,0.2333201411805488,9.865613192495323,11.05530921,76.9270995,378.10638427734375,0.0,3.7900925,,0.0,405.0,,1,1,1,0,1
1789662440246.0,12.34,0.13459627,0.2321038,9.865009,0.00030543236,-0.0006108647,-0.0009162971,-61.050003,2.325,9.450001,9.868656995759522,0.0011428232512990229,0.13480035342333402,0.23277703349724832,9.865342517763185,11.05530921,76.9270995,378.10638427734375,0.0,3.7900925,,0.0,405.0,,1,1,1,0,1
1789662440256.0,12.35,0.13459627,0.2321038,9.865009,0.00030543236,-0.0006108647,-0.0009162971,-61.050003,2.325,9.450001,9.868656995759522,0.0011428232512990229,0.13465410641835926,0.23227536625516235,9.86509897875152,11.05530921,76.9270995,378.10638427734375,0.0,3.7900925,,0.0,405.0,,1,1,1,0,1
1789662440266.0,12.36,0.13459627,0.2321038,9.865009,0.00030543236,-0.0006108647,-0.0009162971,-61.050003,2.325,9.450001,9.868656995759522,0.0011428232512990229,0.13457923789880838,0.2319663844031219,9.864956370973058,11.05530921,76.9270995,378.10638427734375,0.0,3.7900925,,0.0,405.0,,1,1,1,0,1
1789662440276.0,12.37,0.13459627,0.2321038,9.865009,0.00030543236,-0.0006108647,-0.0009162971,-61.050003,2.325,9.450001,9.868656995759522,0.0011428232512990229,0.1345669857756789,0.2318972161605629,9.864926783160469,11.05530921,76.9270995,378.10638427734375,0.0,3.7900925,,0.0,405.0,,1,1,1,0,1
1789662440286.0,12.38,0.13459627,0.2321038,9.865009,0.00030543236,0.0013744456,-0.00015271618,-61.050003,2.325,9.450001,9.868656995759522,0.0014162315719995519,0.13457740619037012,0.232015237558189,9.864969679779922,11.05530921,76.9270995,378.10638427734375,0.0,3.7900925,,0.0,405.0,,1,1,1,0,1
1789662440296.0,12.39,0.13459627,0.2321038,9.865009,0.00030543236,0.0013744456,-0.00015271618,-61.050003,2.325,9.450001,9.868656995759522,0.0014162315719995519,0.13457636497839887,0.23220926150347315,9.865028632254388,11.05530921,76.9270995,378.10638427734375,0.0,3.7900925,,0.0,405.0,,1,1,1,0,1
1789662440306.0,12.4,0.13459627,0.2321038,9.865009,0.00030543236,0.0013744456,-0.00015271618,-61.050003,2.325,9.450001,9.868656995759522,0.0014162315719995519,0.1345647870904678,0.23233872116893484,9.865060390122075,11.05530921,76.9270995,378.10638427734375,0.0,3.7900925,,0.0,405.0,,1,1,1,0,1
1789662440316.0,12.41,0.13459627,0.2321038,9.865009,0.00030543236,0.0013744456,-0.00015271618,-60.825,2.1000001,9.675,9.868656995759522,0.0014162315719995519,0.13457814455895795,0.23225887937725423,9.865043765709737,11.05530921,76.9270995,378.10638427734375,0.0,3.7900925,,0.0,405.0,,1,1,1,0,1
1789662440326.0,12.42,0.13459627,0.2321038,9.865009,0.00030543236,0.0013744456,-0.00015271618,-60.825,2.1000001,9.675,9.868656995759522,0.0014162315719995519,0.13465620443391046,0.23187767879529186,9.86497847869188,11.05530921,76.9270995,378.10638427734375,0.0,3.7900925,,0.0,405.0,,1,1,1,0,1
1789662440336.0,12.43,0.13459627,0.2321038,9.865009,0.00030543236,0.0013744456,-0.00015271618,-60.825,2.1000001,9.675,9.868656995759522,0.0014162315719995519,0.13480545428906707,0.23123202185099523,9.864884010022774,11.05530921,76.9270995,378.10638427734375,0.0,3.7900925,,0.0,405.0,,1,1,1,0,1
1789662440346.0,12.44,0.13519448,0.22971097,9.864711,0.00030543236,0.0013744456,-0.00015271618,-60.825,2.1000001,9.675,9.86831129376662,0.0014162315719995519,0.13498557351252266,0.2305065118008448,9.86479460749187,11.05530921,76.9270995,378.10638427734375,0.0,3.7900925,,0.0,405.0,,1,1,1,0,1
1789662440356.0,12.45,0.13519448,0.22971097,9.864711,0.00030543236,0.0013744456,-0.00015271618,-60.825,2.1000001,9.675,9.86831129376662,0.0014162315719995519,0.1351344517324161,0.229937822080076,9.864742244189355,11.05530921,76.9270995,378.10638427734375,0.0,3.7900925,,0.0,405.0,,1,1,1,0,1
1789662440366.0,12.46,0.13519448,0.22971097,9.864711,0.00030543236,0.0013744456,-0.00015271618,-60.825,2.1000001,9.675,9.86831129376662,0.0014162315719995519,0.13521207964552942,0.2296595789293595,9.864733047708736,11.05530921,76.9270995,378.10638427734375,0.0,3.7900925,,0.0,405.0,,1,1,1,0,1
1789662440376.0,12.47,0.13519448,0.22971097,9.864711,0.00030543236,0.0013744456,-0.00015271618,-60.825,2.1000001,9.675,9.86831129376662,0.0014162315719995519,0.1352254111078034,0.22961969066546506,9.864737683724242,11.05530921,76.9270995,378.10638427734375,0.0,3.7900925,,0.0,405.0,,1,1,1,0,1
1789662440386.0,12.48,0.13519448,0.22971097,9.864711,0.00030543236,0.0006108647,0.00030543236,-60.825,2.1000001,9.675,9.86831129376662,0.0007481534166041276,0.13521450654684677,0.22964535587608573,9.864712045731437,11.05530921,76.9270995,378.10638427734375,0.0,3.7900925,,0.0,405.0,,1,1,1,0,1
1789662440396.0,12.49,0.13519448,0.22971097,9.864711,0.00030543236,0.0006108647,0.00030543236,-60.825,2.1000001,9.675,9.86831129376662,0.0007481534166041276,0.13521456744350333,0.2296024245241929,9.864641521987386,11.05530921,76.9270995,378.10638427734375,0.0,3.7900925,,0.0,405.0,,1,1,1,0,1
1789662440406.0,12.5,0.13519448,0.22971097,9.864711,0.00030543236,0.0006108647,0.00030543236,-60.825,2.1000001,9.675,9.86831129376662,0.0007481534166041276,0.13522555686699014,0.22952230422432998,9.864577407945655,11.05530921,76.9270995,378.10638427734375,0.0,3.7900925,,0.0,405.0,,1,1,1,0,1
1789662440416.0,12.51,0.13519448,0.22971097,9.864711,0.00030543236,0.0006108647,0.00030543236,-60.825,2.1000001,9.675,9.86831129376662,0.0007481534166041276,0.1352122053852371,0.22959577624418837,9.864627300090028,11.05530921,76.9270995,378.10638427734375,0.0,3.7900925,,0.0,405.0,,1,1,1,0,1
1789662440426.0,12.52,0.13519448,0.22971097,9.864711,0.00030543236,0.0006108647,0.00030543236,-61.350002,1.8750001,8.775001,9.86831129376662,0.0007481534166041276,0.13513442184056434,0.23002621716459018,9.864886777757198,11.05530921,76.9270995,378.10638427734375,0.0,3.7900925,,0.0,405.0,,1,1,1,0,1
1789662440436.0,12.53,0.13519448,0.22971097,9.864711,0.00030543236,0.0006108647,0.00030543236,-61.350002,1.8750001,8.775001,9.86831129376662,0.0007481534166041276,0.1349853169277348,0.23084442230931285,9.865352499820213,11.05530921,76.9270995,378.10638427734375,0.0,3.7900925,,0.0,405.0,,1,1,1,0,1
1789662440446.0,12.54,0.13459627,0.2330011,9.866505,0.00030543236,0.0006108647,0.00030543236,-61.350002,1.8750001,8.775001,9.870173584265078,0.0007481534166041276,0.13480508643010333,0.23184002099817044,9.865894192670313,11.05530921,76.9270995,378.10638427734375,0.0,3.7900925,,0.0,405.0,,1,1,1,0,1
1789662440456.0,12.55,0.13459627,0.2330011,9.866505,0.00030543236,0.0006108647,0.00030543236,-61.350002,1.8750001,8.775001,9.870173584265078,0.0007481534166041276,0.13465605854394272,0.23268496755539847,9.866328968393567,11.05530921,76.9270995,378.10638427734375,0.0,3.7900925,,0.0,405.0,,1,1,1,0,1
1789662440466.0,12.56,0.13459627,0.2330011,9.866505,0.00030543236,0.0006108647,0.00030543236,-61.350002,1.8750001,8.775001,9.870173584265078,0.0007481534166041276,0.13457858183044374,0.23315203319144853,9.866547025313835,11.05530921,76.9270995,378.10638427734375,0.0,3.7900925,,0.0,405.0,,1,1,1,0,1
1789662440476.0,12.57,0.13459627,0.2330011,9.866505,0.00030543236,0.0006108647,0.00030543236,-61.350002,1.8750001,8.775001,9.870173584265078,0.0007481534166041276,0.13456580080927005,0.23324160262115737,9.866580794870103,11.05530921,76.9270995,378.10638427734375,0.0,3.7900925,,0.0,405.0,,1,1,1,0,1
1789662440486.0,12.58,0.13459627,0.2330011,9.866505,0.00030543236,-0.00015271618,0.00030543236,-61.350002,1.8750001,8.775001,9.870173584265078,0.00045814854,0.13457726120339286,0.2331278050279724,9.8665583673755,11.05530921,76.9270995,378.10638427734375,0.0,3.7900925,,0.0,405.0,,1,1,1,0,1
1789662440496.0,12.59,0.13459627,0.2330011,9.866505,0.00030543236,-0.00015271618,0.00030543236,-61.350002,1.8750001,8.775001,9.870173584265078,0.00045814854,0.13457701292018112,0.23300220881155,9.86658316241005,11.05530921,76.9270995,378.10638427734375,0.0,3.7900925,,0.0,405.0,,1,1,1,0,1
1789662440506.0,12.6,0.13459627,0.2330011,9.866505,0.00030543236,-0.00015271618,0.00030543236,-61.350002,1.8750001,8.775001,9.870173584265078,0.00045814854,0.13456461945850862,0.23295367524336819,9.866637297752796,11.05530921,76.9270995,378.10638427734375,0.0,3.7900925,,0.0,405.0,,1,1,1,0,1
1789662440516.0,12.61,0.13459627,0.2330011,9.866505,0.00030543236,-0.00015271618,0.00030543236,-60.9,1.8750001,8.775001,9.870173584265078,0.00045814854,0.13457595546995405,0.23295490769584304,9.866584305045604,11.05530921,76.9270995,378.10638427734375,0.0,3.7900925,,0.0,405.0,,1,1,1,0,1
1789662440526.0,12.62,0.13459627,0.2330011,9.866505,0.00030543236,-0.00015271618,0.00030543236,-60.9,1.8750001,8.775001,9.870173584265078,0.00045814854,0.13465300418523996,0.2329300743325243,9.86627586034062,11.05530921,76.9270995,378.10638427734375,0.0,3.7900925,,0.0,405.0,,1,1,1,0,1
1789662440536.0,12.63,0.13459627,0.2330011,9.866505,0.00030543236,-0.00015271618,0.00030543236,-60.9,1.8750001,8.775001,9.870173584265078,0.00045814854,0.13480469996427374,0.23283194510993965,9.865686697881905,11.05530921,76.9270995,378.10638427734375,0.0,3.7900925,,0.0,405.0,,1,1,1,0,1
1789662440546.0,12.64,0.13519448,0.2324029,9.864112,0.00030543236,-0.00015271618,0.00030543236,-60.9,1.8750001,8.775001,9.867775544867996,0.00045814854,0.1349907327487505,0.23267195086208883,9.864965022234509,11.05530921,76.9270995,378.10638427734375,0.0,3.7900925,,0.0,405.0,,1,1,1,0,1
1789662440556.0,12.65,0.13519448,0.2324029,9.864112,0.00030543236,-0.00015271618,0.00030543236,-60.9,1.8750001,8.775001,9.867775544867996,0.00045814854,0.1351447073381527,0.23249686805259964,9.86434495355616,11.05530921,76.9270995,378.10638427734375,0.0,3.7900925,,0.0,405.0,,1,1,1,0,1
1789662440566.0,12.66,0.13519448,0.2324029,9.864112,0.00030543236,-0.00015271618,0.00030543236,-60.9,1.8750001,8.775001,9.867775544867996,0.00045814854,0.13521957621237665,0.23235121604000514,9.863992070328093,11.05530921,76.9270995,378.10638427734375,0.0,3.7900925,,0.0,405.0,,1,1,1,0,1
1789662440576.0,12.67,0.13519448,0.2324029,9.864112,0.00030543236,-0.00015271618,0.00030543236,-60.9,1.8750001,8.775001,9.867775544867996,0.00045814854,0.135218515697327,0.2322660089976706,9.863914989044616,11.05530921,76.9270995,378.10638427734375,0.0,3.7900925,,0.0,405.0,,1,1,1,0,1
1789662440586.0,12.68,0.13519448,0.2324029,9.864112,0.00030543236,-0.00015271618,0.00030543236,-60.9,1.8750001,8.775001,9.867775544867996,0.00045814854,0.13518847142770643,0.23227115058794218,9.864002149722312,11.05530921,76.9270995,378.10638427734375,0.0,3.7900925,,0.0,405.0,,1,1,1,0,1
1789662440596.0,12.69,0.13519448,0.2324029,9.864112,-0.0009162971,-0.0006108647,0.00030543236,-60.9,1.8750001,8.775001,9.867775544867996,0.0011428232512990229,0.13518360399973978,0.23239014593846513,9.864123454050958,11.05530921,76.9270995,378.10638427734375,0.0,3.7900925,,0.0,405.0,,1,1,1,0,1
1789662440606.0,12.7,0.13519448,0.2324029,9.864112,-0.0009162971,-0.0006108647,0.00030543236,-60.9,1.8750001,8.775001,9.867775544867996,0.0011428232512990229,0.13522354400835376,0.23259177148144336,9.864200826128297,11.05530921,76.9270995,378.10638427734375,0.0,3.7900925,,0.0,405.0,,1,1,1,0,1
1789662440616.0,12.71,0.13519448,0.2324029,9.864112,-0.0009162971,-0.0006108647,0.00030543236,-60.9,1.8750001,8.775001,9.867775544867996,0.0011428232512990229,0.13527163205434606,0.23273582311101543,9.864210821337487,11.05530921,76.9270995,378.10638427734375,0.0,3.7900925,,0.0,405.0,,1,1,1,0,1
1789662440626.0,12.72,0.13519448,0.2324029,9.864112,-0.0009162971,-0.0006108647,0.00030543236,-61.125004,2.025,9.3,9.867775544867996,0.0011428232512990229,0.13524967288247222,0.23259496942004637,9.864152386756968,11.05530921,76.9270995,378.10638427734375,0.0,3.7900925,,0.0,405.0,,1,1,1,0,1
1789662440636.0,12.73,0.13519448,0.2324029,9.864112,-0.0009162971,-0.0006108647,0.00030543236,-61.125004,2.025,9.3,9.867775544867996,0.0011428232512990229,0.13508824585792054,0.23199564681445986,9.864029280614828,11.05530921,76.9270995,378.10638427734375,0.0,3.7900925,,0.0,405.0,,1,1,1,0,1
1789662440646.0,12.74,0.13519448,0.2324029,9.864112,-0.0009162971,-0.0006108647,0.00030543236,-61.125004,2.025,9.3,9.867775544867996,0.0011428232512990229,0.13478399299257832,0.2309981412018128,9.863861044536758,11.05530921,76.9270995,378.10638427734375,0.0,3.7900925,,0.0,405.0,,1,1,1,0,1
1789662440656.0,12.75,0.13399807,0.22881366,9.863514,-0.0009162971,-0.0006108647,0.00030543236,-61.125004,2.025,9.3,9.867077561363462,0.0011428232512990229,0.1344173556143151,0.22993800067250922,9.863694378809722,11.05530921,76.9270995,378.10638427734375,0.0,3.7900925,,0.0,405.0,,1,1,1,0,1
1789662440666.0,12.76,0.13399807,0.22881366,9.863514,-0.0009162971,-0.0006108647,0.00030543236,-61.125004,2.025,9.3,9.867077561363462,0.0011428232512990229,0.1341072832003907,0.22922176195885935,9.863583665224679,11.05530921,76.9270995,378.10638427734375,0.0,3.7900925,,0.0,405.0,,1,1,1,0,1
1789662440676.0,12.77,0.13399807,0.22881366,9.863514,-0.0009162971,-0.0006108647,0.00030543236,-61.125004,2.025,9.3,9.867077561363462,0.0011428232512990229,0.13393576709590027,0.22900013819254864,9.863547775566301,11.05530921,76.9270995,378.10638427734375,0.0,3.7900925,,0.0,405.0,,1,1,1,0,1
1789662440686.0,12.78,0.13399807,0.22881366,9.863514,-0.0009162971,-0.0006108647,0.00030543236,-61.125004,2.025,9.3,9.867077561363462,0.0011428232512990229,0.1339047859011633,0.22900913657361274,9.86354589694056,11.05530921,76.9270995,378.10638427734375,0.0,3.7900925,,0.0,405.0,,1,1,1,0,1
1789662440696.0,12.79,0.13399807,0.22881366,9.863514,-0.0009162971,-0.0006108647,0.00030543236,-61.125004,2.025,9.3,9.867077561363462,0.0011428232512990229,0.13395423161906753,0.22877823073620104,9.86350704626033,11.05530921,76.9270995,378.10638427734375,0.0,3.7900925,,0.0,405.0,,1,1,1,0,1
1789662440706.0,12.8,0.13399807,0.22881366,9.863514,-0.0009162971,-0.0006108647,0.00030543236,-61.125004,2.025,9.3,9.867077561363462,0.0011428232512990229,0.13401305466038943,0.22811368161888929,9.86340275711698,11.05530921,76.9270995,378.10638427734375,0.0,3.7900925,,0.0,405.0,,1,1,1,0,1
1789662440716.0,12.81,0.13399807,0.22881366,9.863514,-0.0009162971,-0.0006108647,0.00030543236,-60.825,1.8000001,9.3,9.867077561363462,0.0011428232512990229,0.13403854139428803,0.22749806075779772,9.863308258518108,11.05530921,76.9270995,378.10638427734375,0.0,3.7900925,,0.0,405.0,,1,1,1,0,1
1789662440726.0,12.82,0.13399807,0.22881366,9.863514,-0.0009162971,-0.0006108647,0.00030543236,-60.825,1.8000001,9.3,9.867077561363462,0.0011428232512990229,0.1340245421695813,0.22800059456279034,9.863388419294306,11.05530921,76.9270995,378.10638427734375,0.0,3.7900925,,0.0,405.0,,1,1,1,0,1
1789662440736.0,12.83,0.13399807,0.22881366,9.863514,-0.0009162971,-0.0006108647,0.00030543236,-60.825,1.8000001,9.3,9.867077561363462,0.0011428232512990229,0.13398930839704778,0.23057777843920108,9.863788966292732,11.05530921,76.9270995,378.10638427734375,0.0,3.7900925,,0.0,405.0,,1,1,1,0,1
1789662440746.0,12.84,0.13399807,0.22881366,9.863514,-0.0009162971,-0.0006108647,0.00030543236,-60.825,1.8000001,9.3,9.867077561363462,0.0011428232512990229,0.13396044464161985,0.235186862402951,9.864498874367486,11.05530921,76.9270995,378.10638427734375,0.0,3.7900925,,0.0,405.0,,1,1,1,0,1
1789662440756.0,12.85,0.13399807,0.24646074,9.866206,-0.0009162971,-0.0006108647,0.00030543236,-60.825,1.8000001,9.3,9.87019347396803,0.0011428232512990229,0.1339629560986608,0.24050567902932926,9.865308380363853,11.05530921,76.9270995,378.10638427734375,0.0,3.7900925,,0.0,405.0,,1,1,1,0,1
1789662440766.0,12.86,0.13399807,0.24646074,9.866206,-0.0009162971,-0.0006108647,0.00030543236,-60.825,1.8000001,9.3,9.87019347396803,0.0011428232512990229,0.13400602364848033,0.2446999262892635,9.865932245005505,11.05530921,76.9270995,378.10638427734375,0.0,3.7900925,,0.0,405.0,,1,1,1,0,1
1789662440776.0,12.87,0.13399807,0.24646074,9.866206,-0.0009162971,-0.0006108647,0.00030543236,-60.825,1.8000001,9.3,9.87019347396803,0.0011428232512990229,0.1340681279967763,0.24671679176307618,9.866216168568108,11.05530921,76.9270995,378.10638427734375,0.0,3.7900925,,0.0,405.0,,1,1,1,0,1
1789662440786.0,12.88,0.13399807,0.24646074,9.866206,-0.0009162971,-0.0006108647,0.00030543236,-60.825,1.8000001,9.3,9.87019347396803,0.0011428232512990229,0.13409436966760177,0.24698998494620714,9.866247698745347,11.05530921,76.9270995,378.10638427734375,0.0,3.7900925,,0.0,405.0,,1,1,1,0,1
1789662440796.0,12.89,0.13399807,0.24646074,9.866206,-0.0006108647,-0.00030543236,0.00030543236,-60.825,1.8000001,9.3,9.87019347396803,0.0007481534166041276,0.13402597687695217,0.24691880468526586,9.866264949263941,11.05530921,76.9270995,378.10638427734375,0.0,3.7900925,,0.0,405.0,,1,1,1,0,1
1789662440806.0,12.9,0.13399807,0.24646074,9.866206,-0.0006108647,-0.00030543236,0.00030543236,-60.825,1.8000001,9.3,9.87019347396803,0.0007481534166041276,0.13386290895826755,0.2475336981270761,9.86642612360947,11.05530921,76.9270995,378.10638427734375,0.0,3.7900925,,0.0,405.0,,1,1,1,0,1
1789662440816.0,12.91,0.13399807,0.24646074,9.866206,-0.0006108647,-0.00030543236,0.00030543236,-60.825,1.8000001,9.3,9.87019347396803,0.0007481534166041276,0.13372016130047065,0.248404410406436,9.86661840237308,11.05530921,76.9270995,378.10638427734375,0.0,3.7900925,,0.0,405.0,,1,1,1,0,1
1789662440826.0,12.92,0.13399807,0.24646074,9.866206,-0.0006108647,-0.00030543236,0.00030543236,-60.675003,2.25,9.0,9.87019347396803,0.0007481534166041276,0.13381140814812342,0.24769557229891648,9.866472679471773,11.05530921,76.9270995,378.10638427734375,0.0,3.7900925,,0.0,405.0,,1,1,1,0,1
1789662440836.0,12.93,0.13399807,0.24646074,9.866206,-0.0006108647,-0.00030543236,0.00030543236,-60.675003,2.25,9.0,9.87019347396803,0.0007481534166041276,0.1343262335008993,0.2435011207810893,9.865618532301134,11.05530921,76.9270995,378.10638427734375,0.0,3.7900925,,0.0,405.0,,1,1,1,0,1
1789662440846.0,12.94,0.13399807,0.24646074,9.866206,-0.0006108647,-0.00030543236,0.00030543236,-60.675003,2.25,9.0,9.87019347396803,0.0007481534166041276,0.13526501146295059,0.2355680977124518,9.864016844279616,11.05530921,76.9270995,378.10638427734375,0.0,3.7900925,,0.0,405.0,,1,1,1,0,1
1789662440856.0,12.95,0.13758731,0.21505493,9.859925,-0.0006108647,-0.00030543236,0.00030543236,-60.675003,2.25,9.0,9.863229688921137,0.0007481534166041276,0.13637609162478503,0.22595931832777164,9.862087912415493,11.05530921,76.9270995,378.10638427734375,0.0,3.7900925,,0.0,405.0,,1,1,1,0,1
1789662440866.0,12.96,0.13758731,0.21505493,9.859925,-0.0006108647,-0.00030543236,0.00030543236,-60.675003,2.25,9.0,9.863229688921137,0.0007481534166041276,0.13728649051348776,0.21789101034669814,9.860479607629198,11.05530921,76.9270995,378.10638427734375,0.0,3.7900925,,0.0,405.0,,1,1,1,0,1
1789662440876.0,12.97,0.13758731,0.21505493,9.859925,-0.0006108647,-0.00030543236,0.00030543236,-60.675003,2.25,9.0,9.863229688921137,0.0007481534166041276,0.13774254160907207,0.21360777725279184,9.859641331624676,11.05530921,76.9270995,378.10638427734375,0.0,3.7900925,,0.0,405.0,,1,1,1,0,1
1789662440886.0,12.98,0.13758731,0.21505493,9.859925,-0.0006108647,-0.00030543236,0.00030543236,-60.675003,2.25,9.0,9.863229688921137,0.0007481534166041276,0.13776499162115552,0.21306823204492126,9.859556399838594,11.05530921,76.9270995,378.10638427734375,0.0,3.7900925,,0.0,405.0,,1,1,1,0,1
1789662440896.0,12.99,0.13758731,0.21505493,9.859925,-0.0006108647,-0.00030543236,0.00030543236,-60.675003,2.25,9.0,9.863229688921137,0.0007481534166041276,0.1376024485970639,0.21437875384271887,9.859826589802687,11.05530921,76.9270995,378.10638427734375,0.0,3.7900925,,0.0,405.0,,1,1,1,0,1
1789662440906.0,13.0,0.13758731,0.21505493,9.859925,0.00030543236,-0.00015271618,-0.0009162971,-60.675003,2.25,9.0,9.863229688921137,0.000977860692347009,0.13753623762760916,0.215368386294998,9.859996886032036,11.05530921,76.9270995,378.10638427734375,0.0,3.7900925,,0.0,405.0,,1,1,1,0,1
1789662440916.0,13.01,0.13758731,0.21505493,9.859925,0.00030543236,-0.00015271618,-0.0009162971,-60.675003,2.25,9.0,9.863229688921137,0.000977860692347009,0.137677733735004,0.21503897836919864,9.859868607363646,11.05530921,76.9270995,378.10638427734375,0.0,3.7900925,,0.0,405.0,,1,1,1,0,1
1789662440926.0,13.02,0.13758731,0.21505493,9.859925,0.00030543236,-0.00015271618,-0.0009162971,-60.300003,2.025,7.8750005,9.863229688921137,0.000977860692347009,0.13787781495908716,0.21405430237702253,9.859618607960302,11.05530921,76.9270995,378.10638427734375,0.0,3.7900925,,0.0,405.0,,1,1,1,0,1
1789662440936.0,13.03,0.13758731,0.21505493,9.859925,0.00030543236,-0.00015271618,-0.0009162971,-60.300003,2.025,7.8750005,9.863229688921137,0.000977860692347009,0.13780469781795757,0.21414656820128777,9.859674567864536,11.05530921,76.9270995,378.10638427734375,0.0,3.7900925,,0.0,405.0,,1,1,1,0,1
1789662440946.0,13.04,0.13758731,0.21505493,9.859925,0.00030543236,-0.00015271618,-0.0009162971,-60.300003,2.025,7.8750005,9.863229688921137,0.000977860692347009,0.1371659888470341,0.21683975030742364,9.860413441843905,11.05530921,76.9270995,378.10638427734375,0.0,3.7900925,,0.0,405.0,,1,1,1,0,1
1789662440956.0,13.05,0.13758731,0.21505493,9.859925,0.00030543236,-0.00015271618,-0.0009162971,-60.300003,2.025,7.8750005,9.863229688921137,0.000977860692347009,0.13594714305391917,0.22225180131765204,9.861860240439565,11.05530921,76.9270995,378.10638427734375,0.0,3.7900925,,0.0,405.0,,1,1,1,0,1
1789662440966.0,13.06,0.13280165,0.23629123,9.865608,0.00030543236,-0.00015271618,-0.0009162971,-60.300003,2.025,7.8750005,9.869330830065513,0.000977860692347009,0.1344785540828416,0.2288302085768175,9.863612516126063,11.05530921,76.9270995,378.10638427734375,0.0,3.7900925,,0.0,405.0,,1,1,1,0,1
1789662440976.0,13.07,0.13280165,0.23629123,9.865608,0.00030543236,-0.00015271618,-0.0009162971,-60.300003,2.025,7.8750005,9.869330830065513,0.000977860692347009,0.13324361414167563,0.2343230759267517,9.865083003709259,11.05530921,76.9270995,378.10638427734375,0.0,3.7900925,,0.0,405.0,,1,1,1,0,1
1789662440986.0,13.08,0.13280165,0.23629123,9.865608,0.00030543236,-0.00015271618,-0.0009162971,-60.300003,2.025,7.8750005,9.869330830065513,0.000977860692347009,0.13256770766984674,0.23726313862508827,9.865881285508046,11.05530921,76.9270995,378.10638427734375,0.0,3.7900925,,0.0,405.0,,1,1,1,0,1
1789662440996.0,13.09,0.13280165,0.23629123,9.865608,-0.0009162971,-0.0007635809,0.00030543236,-60.300003,2.025,7.8750005,9.869330830065513,0.0012312372203797243,0.13244553673976028,0.23775788829305144,9.866021552679415,11.05530921,76.9270995,378.10638427734375,0.0,3.7900925,,0.0,405.0,,1,1,1,0,1
1789662441006.0,13.1,0.13280165,0.23629123,9.865608,-0.0009162971,-0.0007635809,0.00030543236,-60.300003,2.025,7.8750005,9.869330830065513,0.0012312372203797243,0.13262362435419045,0.23705154646220503,9.865816953657701,11.05531036,76.92710027,378.1494140625,0.0,3.7900925,,0.0,405.0,,1,1,1,0,1
1789662441016.0,13.11,0.13280165,0.23629123,9.865608,-0.0009162971,-0.0007635809,0.00030543236,-60.300003,2.025,7.8750005,9.869330830065513,0.0012312372203797243,0.13282183836888625,0.23641041012787084,9.865603143353072,11.05531036,76.92710027,378.1494140625,0.0,3.7900925,,0.0,405.0,,1,1,1,0,1
1789662441026.0,13.12,0.13280165,0.23629123,9.865608,-0.0009162971,-0.0007635809,0.00030543236,-60.675003,2.1000001,8.475,9.869330830065513,0.0012312372203797243,0.13290001677894453,0.23627999077505993,9.865530317723914,11.05531036,76.92710027,378.1494140625,0.0,3.7900925,,0.0,405.0,,1,1,1,0,1
1789662441036.0,13.13,0.13280165,0.23629123,9.865608,-0.0009162971,-0.0007635809,0.00030543236,-60.675003,2.1000001,8.475,9.869330830065513,0.0012312372203797243,0.13287762498635444,0.23622963322396526,9.865543073011613,11.05531036,76.92710027,378.1494140625,0.0,3.7900925,,0.0,405.0,,1,1,1,0,1
1789662441046.0,13.14,0.13280165,0.23629123,9.865608,-0.0009162971,-0.0007635809,0.00030543236,-60.675003,2.1000001,8.475,9.869330830065513,0.0012312372203797243,0.13284704416008972,0.23554394474842832,9.865503110623937,11.05531036,76.92710027,378.1494140625,0.0,3.7900925,,0.0,405.0,,1,1,1,0,1
1789662441056.0,13.15,0.13280165,0.23629123,9.865608,-0.0009162971,-0.0007635809,0.00030543236,-60.675003,2.1000001,8.475,9.869330830065513,0.0012312372203797243,0.1328750794698255,0.23392470678329544,9.86533113555019,11.05531036,76.92710027,378.1494140625,0.0,3.7900925,,0.0,405.0,,1,1,1,0,1
1789662441066.0,13.16,0.13310076,0.22911277,9.864711,-0.0009162971,-0.0007635809,0.00030543236,-60.675003,2.1000001,8.475,9.868268925561901,0.0012312372203797243,0.13296037727389556,0.23177042389744126,9.865065694570468,11.05531036,76.92710027,378.1494140625,0.0,3.7900925,,0.0,405.0,,1,1,1,0,1
1789662441076.0,13.17,0.13310076,0.22911277,9.864711,-0.0009162971,-0.0007635809,0.00030543236,-60.675003,2.1000001,8.475,9.868268925561901,0.0012312372203797243,0.13305519623322234,0.22986478352902,9.864816784220107,11.05531036,76.92710027,378.1494140625,0.0,3.7900925,,0.0,405.0,,1,1,1,0,1
1789662441086.0,13.18,0.13310076,0.22911277,9.864711,-0.0009162971,-0.0007635809,0.00030543236,-60.675003,2.1000001,8.475,9.868268925561901,0.0012312372203797243,0.1331145464572433,0.2287903731250865,9.864672685506717,11.05531036,76.92710027,378.1494140625,0.0,3.7900925,,0.0,405.0,,1,1,1,0,1
1789662441096.0,13.19,0.13310076,0.22911277,9.864711,0.00030543236,0.0018325942,0.00030543236,-60.675003,2.1000001,8.475,9.868268925561901,0.0018828115558770025,0.13312836395219232,0.22857675492426532,9.864642327366322,11.05531036,76.92710027,378.1494140625,0.0,3.7900925,,0.0,405.0,,1,1,1,0,1
1789662441106.0,13.2,0.13310076,0.22911277,9.864711,0.00030543236,0.0018325942,0.00030543236,-60.675003,2.1000001,8.475,9.868268925561901,0.0018828115558770025,0.13311812232375944,0.22881677544294027,9.864669821885856,11.05531036,76.92710027,378.1494140625,0.0,3.7900925,,0.0,405.0,,1,1,1,0,1
1789662441116.0,13.21,0.13310076,0.22911277,9.864711,0.00030543236,0.0018325942,0.00030543236,-60.675003,2.1000001,8.475,9.868268925561901,0.0018828115558770025,0.13311045750968606,0.22905939994732682,9.864693324227115,11.05531036,76.92710027,378.1494140625,0.0,3.7900925,,0.0,405.0,,1,1,1,0,1
1789662441126.0,13.22,0.13310076,0.22911277,9.864711,0.00030543236,0.0018325942,0.00030543236,-60.825,1.8750001,9.0,9.868268925561901,0.0018828115558770025,0.13311293175203212,0.22912581347279576,9.864694489770798,11.05531036,76.92710027,378.1494140625,0.0,3.7900925,,0.0,405.0,,1,1,1,0,1
1789662441136.0,13.23,0.13310076,0.22911277,9.864711,0.00030543236,0.0018325942,0.00030543236,-60.825,1.8750001,9.0,9.868268925561901,0.0018828115558770025,0.13310921052085495,0.22914796348710567,9.86470465034471,11.05531036,76.92710027,378.1494140625,0.0,3.7900925,,0.0,405.0,,1,1,1,0,1
1789662441146.0,13.24,0.13310076,0.22911277,9.864711,0.00030543236,0.0018325942,0.00030543236,-60.825,1.8750001,9.0,9.868268925561901,0.0018828115558770025,0.13307471842507826,0.22937028123073055,9.864770371827978,11.05531036,76.92710027,378.1494140625,0.0,3.7900925,,0.0,405.0,,1,1,1,0,1
1789662441156.0,13.25,0.13310076,0.22911277,9.864711,0.00030543236,0.0018325942,0.00030543236,-60.825,1.8750001,9.0,9.868268925561901,0.0018828115558770025,0.13299976797431368,0.22990332746308378,9.864908750739348,11.05531036,76.92710027,378.1494140625,0.0,3.7900925,,0.0,405.0,,1,1,1,0,1
1789662441166.0,13.26,0.13280165,0.23150559,9.865309,0.00030543236,0.0018325942,0.00030543236,-60.825,1.8750001,9.0,9.86891852139458,0.0018828115558770025,0.13290192059193093,0.23061971790464694,9.865088340885963,11.05531036,76.92710027,378.1494140625,0.0,3.7900925,,0.0,405.0,,1,1,1,0,1
1789662441176.0,13.27,0.13280165,0.23150559,9.865309,0.00030543236,0.0018325942,0.00030543236,-60.825,1.8750001,9.0,9.86891852139458,0.0018828115558770025,0.1328173214119941,0.23125541732643184,9.86524990724751,11.05531036,76.92710027,378.1494140625,0.0,3.7900925,,0.0,405.0,,1,1,1,0,1
1789662441186.0,13.28,0.13280165,0.23150559,9.865309,0.00030543236,0.0018325942,0.00030543236,-60.825,1.8750001,9.0,9.86891852139458,0.0018828115558770025,0.13277737983056548,0.2316104560966746,9.865346605911519,11.05531036,76.92710027,378.1494140625,0.0,3.7900925,,0.0,405.0,,1,1,1,0,1
1789662441196.0,13.29,0.13280165,0.23150559,9.865309,0.00030543236,0.0018325942,0.00030543236,-60.825,1.8750001,9.0,9.86891852139458,0.0018828115558770025,0.13278778962687166,0.23167411808388938,9.865368702370006,11.05531036,76.92710027,378.1494140625,0.0,3.7900925,,0.0,405.0,,1,1,1,0,1
1789662441206.0,13.3,0.13280165,0.23150559,9.865309,-0.0012217294,-0.0015271618,0.00030543236,-60.825,1.8750001,9.0,9.86891852139458,0.001979427901374225,0.1328231453218784,0.23158994115856496,9.865338501820245,11.05531036,76.92710027,378.1494140625,0.0,3.7900925,,0.0,405.0,,1,1,1,0,1
1789662441216.0,13.31,0.13280165,0.23150559,9.865309,-0.0012217294,-0.0015271618,0.00030543236,-60.825,1.8750001,9.0,9.86891852139458,0.001979427901374225,0.13284065234837192,0.2315194708244654,9.865290659410828,11.05531036,76.92710027,378.1494140625,0.0,3.7900925,,0.0,405.0,,1,1,1,0,1
1789662441226.0,13.32,0.13280165,0.23150559,9.865309,-0.0012217294,-0.0015271618,0.00030543236,-60.525,2.1000001,8.85,9.86891852139458,0.001979427901374225,0.13281052804906418,0.23152260096187285,9.865258678397591,11.05531036,76.92710027,378.1494140625,0.0,3.7900925,,0.0,405.0,,1,1,1,0,1
1789662441236.0,13.33,0.13280165,0.23150559,9.865309,-0.0012217294,-0.0015271618,0.00030543236,-60.525,2.1000001,8.85,9.86891852139458,0.001979427901374225,0.13275555100090652,0.2315285446198464,9.86527131726189,11.05531036,76.92710027,378.1494140625,0.0,3.7900925,,0.0,405.0,,1,1,1,0,1
1789662441246.0,13.34,0.13280165,0.23150559,9.865309,-0.0012217294,-0.0015271618,0.00030543236,-60.525,2.1000001,8.85,9.86891852139458,0.001979427901374225,0.1327816834755152,0.23139552902857735,9.865348679590943,11.05531036,76.92710027,378.1494140625,0.0,3.7900925,,0.0,405.0,,1,1,1,0,1
1789662441256.0,13.35,0.13280165,0.23150559,9.865309,-0.0012217294,-0.0015271618,0.00030543236,-60.525,2.1000001,8.85,9.86891852139458,0.001979427901374225,0.1330695086537231,0.23100634530865874,9.865492713549076,11.05531036,76.92710027,378.1494140625,0.0,3.7900925,,0.0,405.0,,1,1,1,0,1
1789662441266.0,13.36,0.13489537,0.22941187,9.865907,-0.0012217294,-0.0015271618,0.00030543236,-60.525,2.1000001,8.85,9.869495807770189,0.001979427901374225,0.1337909085855884,0.23034268746298442,9.865680314963653,11.05531036,76.92710027,378.1494140625,0.0,3.7900925,,0.0,405.0,,1,1,1,0,1
1789662441276.0,13.37,0.13489537,0.22941187,9.865907,-0.0012217294,-0.0015271618,0.00030543236,-60.525,2.1000001,8.85,9.869495807770189,0.001979427901374225,0.13493310609271889,0.2295211694281953,9.865867955400157,11.05531036,76.92710027,378.1494140625,0.0,3.7900925,,0.0,405.0,,1,1,1,0,1
1789662441286.0,13.38,0.13489537,0.22941187,9.865907,-0.0012217294,-0.0015271618,0.00030543236,-60.525,2.1000001,8.85,9.869495807770189,0.001979427901374225,0.13609315741187952,0.22880739872229694,9.866003735621172,11.05531036,76.92710027,378.1494140625,0.0,3.7900925,,0.0,405.0,,1,1,1,0,1
1789662441296.0,13.39,0.13489537,0.22941187,9.865907,-0.0012217294,-0.0015271618,0.00030543236,-60.525,2.1000001,8.85,9.869495807770189,0.001979427901374225,0.13645679665926794,0.22858267590439107,9.866039472530344,11.05531036,76.92710027,378.1494140625,0.0,3.7900925,,0.0,405.0,,1,1,1,0,1
1789662441306.0,13.4,0.13489537,0.22941187,9.865907,-0.0006108647,-0.0012217294,-0.0009162971,-60.525,2.1000001,8.85,9.869495807770189,0.0016448035700346896,0.13524250085638234,0.22916233739874145,9.865949946253615,11.05531036,76.92710027,378.1494140625,0.0,3.7900925,,0.0,405.0,,1,1,1,0,1
1789662441316.0,13.41,0.13489537,0.22941187,9.865907,-0.0006108647,-0.0012217294,-0.0009162971,-60.525,2.1000001,8.85,9.869495807770189,0.0016448035700346896,0.13262186575823978,0.23042432163760196,9.865769483486275,11.05531036,76.92710027,378.1494140625,0.0,3.7900925,,0.0,405.0,,1,1,1,0,1
1789662441326.0,13.42,0.13489537,0.22941187,9.865907,-0.0006108647,-0.0012217294,-0.0009162971,-61.125004,1.8750001,9.3,9.869495807770189,0.0016448035700346896,0.13052881281521922,0.23146774990515645,9.865624319947289,11.05531036,76.92710027,378.1494140625,0.0,3.7900925,,0.0,405.0,,1,1,1,0,1
1789662441336.0,13.43,0.13489537,0.22941187,9.865907,-0.0006108647,-0.0012217294,-0.0009162971,-61.125004,1.8750001,9.3,9.869495807770189,0.0016448035700346896,0.13237404788805787,0.23074722433820927,9.865702588006455,11.05531036,76.92710027,378.1494140625,0.0,3.7900925,,0.0,405.0,,1,1,1,0,1
1789662441346.0,13.44,0.13489537,0.22941187,9.865907,-0.0006108647,-0.0012217294,-0.0009162971,-61.125004,1.8750001,9.3,9.869495807770189,0.0016448035700346896,0.14122156128393604,0.22693119586650812,9.866123946019133,11.05531036,76.92710027,378.1494140625,0.0,3.7900925,,0.0,405.0,,1,1,1,0,1
1789662441356.0,13.45,0.13489537,0.22941187,9.865907,-0.0006108647,-0.0012217294,-0.0009162971,-61.125004,1.8750001,9.3,9.869495807770189,0.0016448035700346896,0.15747537475755993,0.22004107679890858,9.866769593319278,11.05531036,76.92710027,378.1494140625,0.0,3.7900925,,0.0,405.0,,1,1,1,0,1
1789662441366.0,13.46,0.20638095,0.20249261,9.867104,-0.0006108647,-0.0012217294,-0.0009162971,-61.125004,1.8750001,9.3,9.871339205013852,0.0016448035700346896,0.1781297898619515,0.21185491717453975,9.867240014009933,11.05531036,76.92710027,378.1494140625,0.0,3.7900925,,0.0,405.0,,1,1,1,0,1
1789662441376.0,13.47,0.20638095,0.20249261,9.867104,-0.0006108647,-0.0012217294,-0.0009162971,-61.125004,1.8750001,9.3,9.871339205013852,0.0016448035700346896,0.19839993589344407,0.20496740809844552,9.867090245508539,11.05531036,76.92710027,378.1494140625,0.0,3.7900925,,0.0,405.0,,1,1,1,0,1
1789662441386.0,13.48,0.20638095,0.20249261,9.867104,-0.0006108647,-0.0012217294,-0.0009162971,-61.125004,1.8750001,9.3,9.871339205013852,0.0016448035700346896,0.21392059393987345,0.20115910091349812,9.866283723460176,11.05531036,76.92710027,378.1494140625,0.0,3.7900925,,0.0,405.0,,1,1,1,0,1
1789662441396.0,13.49,0.20638095,0.20249261,9.867104,-0.0006108647,-0.0012217294,-0.0009162971,-61.125004,1.8750001,9.3,9.871339205013852,0.0016448035700346896,0.22126185068959744,0.20045072462805408,9.865517326395787,11.05531036,76.92710027,378.1494140625,0.0,3.7900925,,0.0,405.0,,1,1,1,0,1
1789662441406.0,13.5,0.20638095,0.20249261,9.867104,0.002596175,0.0030543236,-0.116064295,-61.125004,1.8750001,9.3,9.871339205013852,0.1161334990049433,0.21753625026161075,0.20150161867367367,9.865959367864221,11.05531036,76.92710027,378.1494140625,0.0,3.7900925,,0.0,405.0,,1,1,1,0,1
1789662441416.0,13.51,0.20638095,0.20249261,9.867104,0.002596175,0.0030543236,-0.116064295,-61.050003,2.1000001,9.225,9.871339205013852,0.1161334990049433,0.20230867237277153,0.202752408339028,9.868242307898527,11.05531036,76.92710027,378.1494140625,0.0,3.7900925,,0.0,405.0,,1,1,1,0,1
1789662441426.0,13.52,0.20638095,0.20249261,9.867104,0.002596175,0.0030543236,-0.116064295,-61.050003,2.1000001,9.225,9.871339205013852,0.1161334990049433,0.18244918856113215,0.20329986535941366,9.871255680939008,11.05531036,76.92710027,378.1494140625,0.0,3.7900925,,0.0,405.0,,1,1,1,0,1
1789662441436.0,13.53,0.20638095,0.20249261,9.867104,0.002596175,0.0030543236,-0.116064295,-61.050003,2.1000001,9.225,9.871339205013852,0.1161334990049433,0.17455272465144406,0.2030551489724251,9.871964300558822,11.05531036,76.92710027,378.1494140625,0.0,3.7900925,,0.0,405.0,,1,1,1,0,1
1789662441446.0,13.54,0.20638095,0.20249261,9.867104,0.002596175,0.0030543236,-0.116064295,-61.050003,2.1000001,9.225,9.871339205013852,0.1161334990049433,0.19695528986652808,0.20241947233242988,9.867353217150264,11.05531036,76.92710027,378.1494140625,0.0,3.7900925,,0.0,405.0,,1,1,1,0,1
1789662441456.0,13.55,0.20638095,0.20249261,9.867104,0.002596175,0.0030543236,-0.116064295,-61.050003,2.1000001,9.225,9.871339205013852,0.1161334990049433,0.24998423408487755,0.2019060811090585,9.858119164431555,11.05531036,76.92710027,378.1494140625,0.0,3.7900925,,0.0,405.0,,1,1,1,0,1
1789662441466.0,13.56,0.20638095,0.20249261,9.867104,0.23716822,0.018020509,0.5833758,-61.050003,2.1000001,9.225,9.871339205013852,0.6300006566252352,0.2970317597061173,0.20191110327378986,9.851454874523807,11.05531036,76.92710027,378.1494140625,0.0,3.7900925,,0.0,405.0,,1,1,1,0,1
1789662441476.0,13.57,0.20638095,0.20249261,9.867104,0.23716822,0.018020509,0.5833758,-61.050003,2.1000001,9.225,9.871339205013852,0.6300006566252352,0.26856998702301305,0.20257778162237466,9.859258741417984,11.05531036,76.92710027,378.1494140625,0.0,3.7900925,,0.0,405.0,,1,1,1,0,1
1789662441486.0,13.58,0.20638095,0.20249261,9.867104,0.23716822,0.018020509,0.5833758,-61.050003,2.1000001,9.225,9.871339205013852,0.6300006566252352,0.1010567086214137,0.20368579051760075,9.89067666857933,11.05531036,76.92710027,378.1494140625,0.0,3.7900925,,0.0,405.0,,1,1,1,0,1
1789662441496.0,13.59,0.20638095,0.20249261,9.867104,0.23716822,0.018020509,0.5833758,-61.050003,2.1000001,9.225,9.871339205013852,0.6300006566252352,-0.20910676688777835,0.2046841686754352,9.943676897376498,11.05531036,76.92710027,378.1494140625,0.0,3.7900925,,0.0,405.0,,1,1,1,0,1
1789662441506.0,13.6,-0.9921241,0.20727827,10.08485,0.23716822,0.018020509,0.5833758,-61.050003,2.1000001,9.225,10.135653606626216,0.6300006566252352,-0.5830414393957095,0.20506270043070787,10.00397547591091,11.05531036,76.92710027,378.1494140625,0.0,3.7900925,,0.0,405.0,,1,1,1,0,1
1789662441516.0,13.61,-0.9921241,0.20727827,10.08485,0.23716822,0.018020509,0.5833758,-61.050003,2.1000001,9.225,10.135653606626216,0.6300006566252352,-0.898301745374359,0.20496087534499927,10.054557581467607,11.05531036,76.92710027,378.1494140625,0.0,3.7900925,,0.0,405.0,,1,1,1,0,1
1789662441526.0,13.62,-0.9921241,0.20727827,10.08485,0.23716822,0.018020509,0.5833758,-60.45,3.15,9.450001,10.135653606626216,0.6300006566252352,-1.0640724575261098,0.2054250030790379,10.087750489947249,11.05531036,76.92710027,378.1494140625,0.0,3.7900925,,0.0,405.0,,1,1,1,0,1
1789662441536.0,13.63,-0.9921241,0.20727827,10.08485,0.23716822,0.018020509,0.5833758,-60.45,3.15,9.450001,10.135653606626216,0.6300006566252352,-1.0729980676050497,0.20766059393957778,10.107284750802563,11.05531036,76.92710027,378.1494140625,0.0,3.7900925,,0.0,405.0,,1,1,1,0,1
1789662441546.0,13.64,-0.9921241,0.20727827,10.08485,0.23716822,0.018020509,0.5833758,-60.45,3.15,9.450001,10.135653606626216,0.6300006566252352,-0.9954165809274106,0.21141449988640604,10.117748453337223,11.05531036,76.92710027,378.1494140625,0.0,3.7900925,,0.0,405.0,,1,1,1,0,1
1789662441556.0,13.65,-0.9921241,0.20727827,10.08485,0.23716822,0.018020509,0.5833758,-60.45,3.15,9.450001,10.135653606626216,0.6300006566252352,-0.9308481323280398,0.213842059422279,10.113568067678495,11.05531036,76.92710027,378.1494140625,0.0,3.7900925,,0.0,405.0,,1,1,1,0,1
1789662441566.0,13.66,-0.9921241,0.20727827,10.08485,0.23716822,0.018020509,0.5833758,-60.45,3.15,9.450001,10.135653606626216,0.6300006566252352,-0.9504574932415613,0.2107125839233297,10.082903699560177,11.05531036,76.92710027,378.1494140625,0.0,3.7900925,,0.0,405.0,,1,1,1,0,1
1789662441576.0,13.67,-0.9921241,0.20727827,10.08485,1.2266164,1.1887428,0.115148,-60.45,3.15,9.450001,10.135653606626216,1.7120035920537082,-1.0532950303828899,0.20054038335746988,10.028722479977148,11.05531036,76.92710027,378.1494140625,0.0,3.7900925,,0.0,405.0,,1,1,1,0,1
1789662441586.0,13.68,-0.9921241,0.20727827,10.08485,1.2266164,1.1887428,0.115148,-60.45,3.15,9.450001,10.135653606626216,1.7120035920537082,-1.151556902792204,0.1893655559348002,9.989658136654771,11.05531036,76.92710027,378.1494140625,0.0,3.7900925,,0.0,405.0,,1,1,1,0,1
1789662441596.0,13.69,-0.9921241,0.20727827,10.08485,1.2266164,1.1887428,0.115148,-60.45,3.15,9.450001,10.135653606626216,1.7120035920537082,-1.1027996814424363,0.19150451143485545,10.034265527803528,11.05531036,76.92710027,378.1494140625,0.0,3.7900925,,0.0,405.0,,1,1,1,0,1
1789662441606.0,13.7,-0.9921241,0.20727827,10.08485,1.2266164,1.1887428,0.115148,-60.45,3.15,9.450001,10.135653606626216,1.7120035920537082,-0.7932378892437596,0.22279205056808635,10.21819853549538,11.05531036,76.92710027,378.1494140625,0.0,3.7900925,,0.0,405.0,,1,1,1,0,1
1789662441616.0,13.71,-0.9921241,0.20727827,10.08485,1.2266164,1.1887428,0.115148,-60.45,3.15,9.450001,10.135653606626216,1.7120035920537082,-0.23075728210796728,0.2887482751098871,10.53101079563266,11.05531036,76.92710027,378.1494140625,0.0,3.7900925,,0.0,405.0,,1,1,1,0,1
1789662441626.0,13.72,1.1922239,0.46121657,11.323136,1.2266164,1.1887428,0.115148,-60.825,6.6000004,5.25,11.395065924630265,1.7120035920537082,0.4311175640537812,0.3762842281730845,10.884567249642146,11.05531036,76.92710027,378.1494140625,0.0,3.7900925,,0.0,405.0,,1,1,1,0,1
1789662441636.0,13.73,1.1922239,0.46121657,11.323136,1.2266164,1.1887428,0.115148,-60.825,6.6000004,5.25,11.395065924630265,1.7120035920537082,0.9799882238504168,0.45663346000253463,11.168403242230209,11.05531036,76.92710027,378.1494140625,0.0,3.7900925,,0.0,405.0,,1,1,1,0,1
1789662441646.0,13.74,1.1922239,0.46121657,11.323136,1.2266164,1.1887428,0.115148,-60.825,6.6000004,5.25,11.395065924630265,1.7120035920537082,1.281420092280811,0.498856978264937,11.329864644179192,11.05531036,76.92710027,378.1494140625,0.0,3.7900925,,0.0,405.0,,1,1,1,0,1
1789662441656.0,13.75,1.1922239,0.46121657,11.323136,1.2266164,1.1887428,0.115148,-60.825,6.6000004,5.25,11.395065924630265,1.7120035920537082,1.3492985434861262,0.48680847422033663,11.401860236854354,11.05531036,76.92710027,378.1494140625,0.0,3.7900925,,0.0,405.0,,1,1,1,0,1
1789662441666.0,13.76,1.1922239,0.46121657,11.323136,0.8747583,1.5986329,-0.97081673,-60.825,6.6000004,5.25,11.395065924630265,2.0647794932217804,1.2973980525732902,0.43298675883307197,11.447410333603516,11.05531036,76.92710027,378.1494140625,0.0,3.7900925,,0.0,405.0,,1,1,1,0,1
1789662441676.0,13.77,1.1922239,0.46121657,11.323136,0.8747583,1.5986329,-0.97081673,-60.825,6.6000004,5.25,11.395065924630265,2.0647794932217804,1.2307347787553549,0.38345959498902443,11.472662759010365,11.05531036,76.92710027,378.1494140625,0.0,3.7900925,,0.0,405.0,,1,1,1,0,1
1789662441686.0,13.78,1.1922239,0.46121657,11.323136,0.8747583,1.5986329,-0.97081673,-60.825,6.6000004,5.25,11.395065924630265,2.0647794932217804,1.1744833161650998,0.4051722465556624,11.394642638154266,11.05531036,76.92710027,378.1494140625,0.0,3.7900925,,0.0,405.0,,1,1,1,0,1
1789662441696.0,13.79,1.1922239,0.46121657,11.323136,0.8747583,1.5986329,-0.97081673,-60.825,6.6000004,5.25,11.395065924630265,2.0647794932217804,1.0862668931379915,0.55123984764322,11.104609375157171,11.05531036,76.92710027,378.1494140625,0.0,3.7900925,,0.0,405.0,,1,1,1,0,1
1789662441706.0,13.8,1.1922239,0.46121657,11.323136,0.8747583,1.5986329,-0.97081673,-60.825,6.6000004,5.25,11.395065924630265,2.0647794932217804,0.921590244679649,0.8200619649435776,10.579293633057485,11.05531036,76.92710027,378.1494140625,0.0,3.7900925,,0.0,405.0,,1,1,1,0,1
1789662441716.0,13.81,0.360718,1.5122639,9.169894,0.8747583,1.5986329,-0.97081673,-60.825,6.6000004,5.25,9.300753493669381,2.0647794932217804,0.6872674682040045,1.1428470464905953,9.936722218907034,11.05531036,76.92710027,378.1494140625,0.0,3.7900925,,0.0,405.0,,1,1,1,0,1
1789662441726.0,13.82,0.360718,1.5122639,9.169894,0.8747583,1.5986329,-0.97081673,-60.375004,-0.75,-6.3,9.300753493669381,2.0647794932217804,0.44318716944700737,1.419527637404873,9.375268742920515,11.05531036,76.92710027,378.1494140625,0.0,3.7900925,,0.0,405.0,,1,1,1,0,1
1789662441736.0,13.83,0.360718,1.5122639,9.169894,0.8747583,1.5986329,-0.97081673,-60.375004,-0.75,-6.3,9.300753493669381,2.0647794932217804,0.2662739968458603,1.5782482041829418,9.046762066565828,11.05531036,76.92710027,378.1494140625,0.0,3.7900925,,0.0,405.0,,1,1,1,0,1
1789662441746.0,13.84,0.360718,1.5122639,9.169894,0.8747583,1.5986329,-0.97081673,-60.375004,-0.75,-6.3,9.300753493669381,2.0647794932217804,0.21443437875060806,1.6096111638926855,8.975677377866417,11.05531036,76.92710027,378.1494140625,0.0,3.7900925,,0.0,405.0,,1,1,1,0,1
1789662441756.0,13.85,0.360718,1.5122639,9.169894,0.8747583,1.5986329,-0.97081673,-60.375004,-0.75,-6.3,9.300753493669381,2.0647794932217804,0.3038362794272034,1.5554547744959606,9.07723007964532,11.05531036,76.92710027,378.1494140625,0.0,3.7900925,,0.0,405.0,,1,1,1,0,1
1789662441766.0,13.86,0.360718,1.5122639,9.169894,0.8747583,1.5986329,-0.97081673,-60.375004,-0.75,-6.3,9.300753493669381,2.0647794932217804,0.4860611681903432,1.4761691927907243,9.228168715663118,11.05531036,76.92710027,378.1494140625,0.0,3.7900925,,0.0,405.0,,1,1,1,0,1
1789662441776.0,13.87,0.360718,1.5122639,9.169894,0.30802855,1.3897172,-0.61987495,-60.375004,-0.75,-6.3,9.300753493669381,1.5525593184250466,0.6281787536916744,1.4281403841120714,9.319853879238739,11.05531036,76.92710027,378.1494140625,0.0,3.7900925,,0.0,405.0,,1,1,1,0,1
1789662441786.0,13.88,0.360718,1.5122639,9.169894,0.30802855,1.3897172,-0.61987495,-60.375004,-0.75,-6.3,9.300753493669381,1.5525593184250466,0.536220724053752,1.455678229549584,9.275911789120384,11.05531036,76.92710027,378.1494140625,0.0,3.7900925,,0.0,405.0,,1,1,1,0,1
1789662441796.0,13.89,0.360718,1.5122639,9.169894,0.30802855,1.3897172,-0.61987495,-60.375004,-0.75,-6.3,9.300753493669381,1.5525593184250466,0.05447001659635175,1.5815653972129742,9.063074015995563,11.05531036,76.92710027,378.1494140625,0.0,3.7900925,,0.0,405.0,,1,1,1,0,1
1789662441806.0,13.9,0.360718,1.5122639,9.169894,0.30802855,1.3897172,-0.61987495,-60.375004,-0.75,-6.3,9.300753493669381,1.5525593184250466,-0.8046827039156697,1.7913069612844734,8.711433184605273,11.05531036,76.92710027,378.1494140625,0.0,3.7900925,,0.0,405.0,,1,1,1,0,1
1789662441816.0,13.91,-2.981457,2.295016,7.9091763,0.30802855,1.3897172,-0.61987495,-60.375004,-0.75,-6.3,8.758496105358882,1.5525593184250466,-1.8181463086241128,2.0294085398420325,8.31865509943592,11.05531036,76.92710027,378.1494140625,0.0,3.7900925,,0.0,405.0,,1,1,1,0,1
1789662441826.0,13.92,-2.981457,2.295016,7.9091763,0.30802855,1.3897172,-0.61987495,-54.825,-9.3,-20.25,8.758496105358882,1.5525593184250466,-2.6692430365233717,2.2248325151019333,8.007823192079728,11.05531036,76.92710027,378.1494140625,0.0,3.7900925,,0.0,405.0,,1,1,1,0,1
1789662441836.0,13.93,-2.981457,2.295016,7.9091763,0.30802855,1.3897172,-0.61987495,-54.825,-9.3,-20.25,8.758496105358882,1.5525593184250466,-3.144651957705709,2.3321344066176435,7.856020087584628,11.05531036,76.92710027,378.1494140625,0.0,3.7900925,,0.0,405.0,,1,1,1,0,1
1789662441846.0,13.94,-2.981457,2.295016,7.9091763,0.30802855,1.3897172,-0.61987495,-54.825,-9.3,-20.25,8.758496105358882,1.5525593184250466,-3.2439487021296176,2.3537167506036227,7.849997677020419,11.05531036,76.92710027,378.1494140625,0.0,3.7900925,,0.0,405.0,,1,1,1,0,1
1789662441856.0,13.95,-2.981457,2.295016,7.9091763,0.30802855,1.3897172,-0.61987495,-54.825,-9.3,-20.25,8.758496105358882,1.5525593184250466,-3.125077774329965,2.3265922853123517,7.904595849336305,11.05531036,76.92710027,378.1494140625,0.0,3.7900925,,0.0,405.0,,1,1,1,0,1
1789662441866.0,13.96,-2.981457,2.295016,7.9091763,0.30802855,1.3897172,-0.61987495,-54.825,-9.3,-20.25,8.758496105358882,1.5525593184250466,-2.965697968963751,2.291141508328008,7.926882391220437,11.05531036,76.92710027,378.1494140625,0.0,3.7900925,,0.0,405.0,,1,1,1,0,1
1789662441876.0,13.97,-2.981457,2.295016,7.9091763,0.63682646,0.8654426,-0.54183704,-54.825,-9.3,-20.25,8.758496105358882,1.203381158223301,-2.868141355297535,2.2700341913182416,7.880978226476681,11.05531036,76.92710027,378.1494140625,0.0,3.7900925,,0.0,405.0,,1,1,1,0,1
1789662441886.0,13.98,-2.981457,2.295016,7.9091763,0.63682646,0.8654426,-0.54183704,-54.825,-9.3,-20.25,8.758496105358882,1.203381158223301,-2.857583286293579,2.2681770422045995,7.815888724867607,11.05531036,76.92710027,378.1494140625,0.0,3.7900925,,0.0,405.0,,1,1,1,0,1
1789662441896.0,13.99,-2.981457,2.295016,7.9091763,0.63682646,0.8654426,-0.54183704,-54.825,-9.3,-20.25,8.758496105358882,1.203381158223301,-2.9296054595959955,2.283800607066422,7.839279727948167,11.05531036,76.92710027,378.1494140625,0.0,3.7900925,,0.0,405.0,,1,1,1,0,1
1789662441906.0,14.0,-2.981457,2.295016,7.9091763,0.63682646,0.8654426,-0.54183704,-54.825,-9.3,-20.25,8.758496105358882,1.203381158223301,-3.079928171149605,2.3155841677343507,8.04564284294029,11.05531036,76.92710027,378.1494140625,0.0,3.7900925,,0.0,405.0,,1,1,1,0,1
1789662441916.0,14.01,-2.981457,2.295016,7.9091763,0.63682646,0.8654426,-0.54183704,-54.825,-9.3,-20.25,8.758496105358882,1.203381158223301,-3.293693353364587,2.3605380164822947,8.439984030354221,11.05531036,76.92710027,378.1494140625,0.0,3.7900925,,0.0,405.0,,1,1,1,0,1
1789662441926.0,14.02,-3.790231,2.4634109,9.467502,0.63682646,0.8654426,-0.54183704,-50.325,-15.150001,-24.375002,10.491322052801726,1.203381158223301,-3.526009830208114,2.4094320730467853,8.916825274239473,11.05531036,76.92710027,378.1494140625,0.0,3.7900925,,0.0,405.0,,1,1,1,0,1
1789662441936.0,14.03,-3.790231,2.4634109,9.467502,0.63682646,0.8654426,-0.54183704,-50.325,-15.150001,-24.375002,10.491322052801726,1.203381158223301,-3.7129943756443446,2.4485913008643676,9.321672674688294,11.05531036,76.92710027,378.1494140625,0.0,3.7900925,,0.0,405.0,,1,1,1,0,1
1789662441946.0,14.04,-3.790231,2.4634109,9.467502,0.63682646,0.8654426,-0.54183704,-50.325,-15.150001,-24.375002,10.491322052801726,1.203381158223301,-3.811253597788236,2.4682443003918877,9.549237646465523,11.05531036,76.92710027,378.1494140625,0.0,3.7900925,,0.0,405.0,,1,1,1,0,1
1789662441956.0,14.05,-3.790231,2.4634109,9.467502,0.63682646,0.8654426,-0.54183704,-50.325,-15.150001,-24.375002,10.491322052801726,1.203381158223301,-3.8271325382419836,2.4694725135153104,9.59667772575907,11.05531036,76.92710027,378.1494140625,0.0,3.7900925,,0.0,405.0,,1,1,1,0,1
1789662441966.0,14.06,-3.790231,2.4634109,9.467502,0.63682646,0.8654426,-0.54183704,-50.325,-15.150001,-24.375002,10.491322052801726,1.203381158223301,-3.807123946596333,2.4631533578800235,9.537496084452519,11.05531036,76.92710027,378.1494140625,0.0,3.7900925,,0.0,405.0,,1,1,1,0,1
1789662441976.0,14.07,-3.790231,2.4634109,9.467502,-0.57039493,-0.06566796,-0.58643013,-50.325,-15.150001,-24.375002,10.491322052801726,0.8207088122544337,-3.798856344254236,2.461720847915992,9.456325875044987,11.05531036,76.92710027,378.1494140625,0.0,3.7900925,,0.0,405.0,,1,1,1,0,1
1789662441986.0,14.08,-3.790231,2.4634109,9.467502,-0.57039493,-0.06566796,-0.58643013,-50.325,-15.150001,-24.375002,10.491322052801726,0.8207088122544337,-3.8148946798182988,2.469715197852283,9.404992135206795,11.05531036,76.92710027,378.1494140625,0.0,3.7900925,,0.0,405.0,,1,1,1,0,1
1789662441996.0,14.09,-3.790231,2.4634109,9.467502,-0.57039493,-0.06566796,-0.58643013,-50.325,-15.150001,-24.375002,10.491322052801726,0.8207088122544337,-3.82605935075483,2.4794632842254973,9.400714310908514,11.05531036,76.92710027,378.1494140625,0.0,3.7900925,,0.0,405.0,,1,1,1,0,1
1789662442006.0,14.1,-3.790231,2.4634109,9.467502,-0.57039493,-0.06566796,-0.58643013,-50.325,-15.150001,-24.375002,10.491322052801726,0.8207088122544337,-3.790906315699543,2.4759284637853614,9.44293030932149,11.05531029,76.92710055,378.205810546875,0.0,3.7900925,,0.0,405.0,,1,1,1,0,1
1789662442016.0,14.11,-3.790231,2.4634109,9.467502,-0.57039493,-0.06566796,-0.58643013,-46.575,-20.325,-25.2,10.491322052801726,0.8207088122544337,-3.7053927394515243,2.45045012298114,9.517296066779503,11.05531029,76.92710055,378.205810546875,0.0,3.7900925,,0.0,405.0,,1,1,1,0,1
1789662442026.0,14.12,-3.790231,2.4634109,9.467502,-0.57039493,-0.06566796,-0.58643013,-46.575,-20.325,-25.2,10.491322052801726,0.8207088122544337,-3.637705505065118,2.4163180620712517,9.581953372422634,11.05531029,76.92710055,378.205810546875,0.0,3.7900925,,0.0,405.0,,1,1,1,0,1
1789662442036.0,14.13,-3.790231,2.4634109,9.467502,-0.57039493,-0.06566796,-0.58643013,-46.575,-20.325,-25.2,10.491322052801726,0.8207088122544337,-3.710209729656295,2.4130197221499032,9.561919348458042,11.05531029,76.92710055,378.205810546875,0.0,3.7900925,,0.0,405.0,,1,1,1,0,1
1789662442046.0,14.14,-3.790231,2.4634109,9.467502,-0.57039493,-0.06566796,-0.58643013,-46.575,-20.325,-25.2,10.491322052801726,0.8207088122544337,-4.020463748860364,2.488200798918219,9.380035143665209,11.05531029,76.92710055,378.205810546875,0.0,3.7900925,,0.0,405.0,,1,1,1,0,1
1789662442056.0,14.15,-3.790231,2.4634109,9.467502,-0.57039493,-0.06566796,-0.58643013,-46.575,-20.325,-25.2,10.491322052801726,0.8207088122544337,-4.551715190812457,2.661642176284702,9.018239451856703,11.05531029,76.92710055,378.205810546875,0.0,3.7900925,,0.0,405.0,,1,1,1,0,1
1789662442066.0,14.16,-5.953941,3.0580273,8.160124,0.99341875,-1.2434151,1.2846485,-46.575,-20.325,-25.2,10.554078268347373,2.0453077255786773,-5.158887614655913,2.894827844982248,8.56131719465983,11.05531029,76.92710055,378.205810546875,0.0,3.7900925,,0.0,405.0,,1,1,1,0,1
1789662442076.0,14.17,-5.953941,3.0580273,8.160124,0.99341875,-1.2434151,1.2846485,-46.575,-20.325,-25.2,10.554078268347373,2.0453077255786773,-5.665692776839673,3.0930544736267045,8.175741476371375,11.05531029,76.92710055,378.205810546875,0.0,3.7900925,,0.0,405.0,,1,1,1,0,1
1789662442086.0,14.18,-5.953941,3.0580273,8.160124,0.99341875,-1.2434151,1.2846485,-46.575,-20.325,-25.2,10.554078268347373,2.0453077255786773,-5.995823662550919,3.14702573551579,8.027062632861401,11.05531029,76.92710055,378.205810546875,0.0,3.7900925,,0.0,405.0,,1,1,1,0,1
1789662442096.0,14.19,-5.953941,3.0580273,8.160124,0.99341875,-1.2434151,1.2846485,-46.575,-20.325,-25.2,10.554078268347373,2.0453077255786773,-6.212796464384989,2.993830315202175,8.188675473184388,11.05531029,76.92710055,378.205810546875,0.0,3.7900925,,0.0,405.0,,1,1,1,0,1
1789662442106.0,14.2,-5.953941,3.0580273,8.160124,0.99341875,-1.2434151,1.2846485,-46.575,-20.325,-25.2,10.554078268347373,2.0453077255786773,-6.432849877045476,2.661465116077771,8.598605919822658,11.05531029,76.92710055,378.205810546875,0.0,3.7900925,,0.0,405.0,,1,1,1,0,1
1789662442116.0,14.21,-7.1066833,1.8514465,9.563813,0.99341875,-1.2434151,1.2846485,-46.575,-20.325,-25.2,12.058164071193845,2.0453077255786773,-6.70520697328572,2.263621847748071,9.09025922389215,11.05531029,76.92710055,378.205810546875,0.0,3.7900925,,0.0,405.0,,1,1,1,0,1
1789662442126.0,14.22,-7.1066833,1.8514465,9.563813,0.99341875,-1.2434151,1.2846485,-46.575,-20.325,-25.2,12.058164071193845,2.0453077255786773,-6.974846528061436,1.9390813701477552,9.48165076758621,11.05531029,76.92710055,378.205810546875,0.0,3.7900925,,0.0,405.0,,1,1,1,0,1
1789662442136.0,14.23,-7.1066833,1.8514465,9.563813,0.99341875,-1.2434151,1.2846485,-46.575,-20.325,-25.2,12.058164071193845,2.0453077255786773,-7.145907004591638,1.7740320428431202,9.669080012843603,11.05531029,76.92710055,378.205810546875,0.0,3.7900925,,0.0,405.0,,1,1,1,0,1
1789662442146.0,14.24,-7.1066833,1.8514465,9.563813,0.99341875,-1.2434151,1.2846485,-46.575,-20.325,-25.2,12.058164071193845,2.0453077255786773,-7.171645696537238,1.7634233106835746,9.665677352057974,11.05531029,76.92710055,378.205810546875,0.0,3.7900925,,0.0,405.0,,1,1,1,0,1
1789662442156.0,14.25,-7.1066833,1.8514465,9.563813,0.99341875,-1.2434151,1.2846485,-46.575,-20.325,-25.2,12.058164071193845,2.0453077255786773,-7.09580999520938,1.8328879843475245,9.569212383768809,11.05531029,76.92710055,378.205810546875,0.0,3.7900925,,0.0,405.0,,1,1,1,0,1
1789662442166.0,14.26,-7.1066833,1.8514465,9.563813,0.99341875,-1.2434151,1.2846485,-46.575,-20.325,-25.2,12.058164071193845,2.0453077255786773,-7.026340561167,1.8937860256315808,9.494325872940392,11.05531029,76.92710055,378.205810546875,0.0,3.7900925,,0.0,405.0,,1,1,1,0,1
1789662442176.0,14.27,-7.1066833,1.8514465,9.563813,1.0496184,0.161421,1.1888955,-50.250004,-18.45,-20.1,12.058164071193845,1.594122967270659,-7.063850170455115,1.8915541279546617,9.512104602056176,11.05531029,76.92710055,378.205810546875,0.0,3.7900925,,0.0,405.0,,1,1,1,0,1
1789662442186.0,14.28,-7.1066833,1.8514465,9.563813,1.0496184,0.161421,1.1888955,-50.250004,-18.45,-20.1,12.058164071193845,1.594122967270659,-7.219898337546344,1.828886195970562,9.615524486296922,11.05531029,76.92710055,378.205810546875,0.0,3.7900925,,0.0,405.0,,1,1,1,0,1
1789662442196.0,14.29,-7.1066833,1.8514465,9.563813,1.0496184,0.161421,1.1888955,-50.250004,-18.45,-20.1,12.058164071193845,1.594122967270659,-7.369219316131963,1.7636998735781526,9.715091683475196,11.05531029,76.92710055,378.205810546875,0.0,3.7900925,,0.0,405.0,,1,1,1,0,1
1789662442206.0,14.3,-7.1066833,1.8514465,9.563813,1.0496184,0.161421,1.1888955,-50.250004,-18.45,-20.1,12.058164071193845,1.594122967270659,-7.285428881558416,1.7828802215782578,9.67390399946952,11.05531029,76.92710055,378.205810546875,0.0,3.7900925,,0.0,405.0,,1,1,1,0,1
1789662442216.0,14.31,-7.1066833,1.8514465,9.563813,1.0496184,0.161421,1.1888955,-50.250004,-18.45,-20.1,12.058164071193845,1.594122967270659,-6.7754516907306375,1.9541038283865,9.385021809733908,11.05531029,76.92710055,378.205810546875,0.0,3.7900925,,0.0,405.0,,1,1,1,0,1
1789662442226.0,14.32,-7.1066833,1.8514465,9.563813,1.0496184,0.161421,1.1888955,-59.175003,-5.4750004,-35.7,12.058164071193845,1.594122967270659,-5.841385803501602,2.276090522070698,8.856151751429547,11.05531029,76.92710055,378.205810546875,0.0,3.7900925,,0.0,405.0,,1,1,1,0,1
1789662442236.0,14.33,-3.4666018,3.1109686,7.527521,1.0496184,0.161421,1.1888955,-59.175003,-5.4750004,-35.7,8.852063379539835,1.594122967270659,-4.731548398350841,2.665691716327626,8.23171717930946,11.05531029,76.92710055,378.205810546875,0.0,3.7900925,,0.0,405.0,,1,1,1,0,1
1789662442246.0,14.34,-3.4666018,3.1109686,7.527521,1.0496184,0.161421,1.1888955,-59.175003,-5.4750004,-35.7,8.852063379539835,1.594122967270659,-3.8040433211998703,3.0021174141782336,7.713573476162054,11.05531029,76.92710055,378.205810546875,0.0,3.7900925,,0.0,405.0,,1,1,1,0,1
1789662442256.0,14.35,-3.4666018,3.1109686,7.527521,1.0496184,0.161421,1.1888955,-59.175003,-5.4750004,-35.7,8.852063379539835,1.594122967270659,-3.298226314586709,3.197374650562674,7.43370701045204,11.05531029,76.92710055,378.205810546875,0.0,3.7900925,,0.0,405.0,,1,1,1,0,1
1789662442266.0,14.36,-3.4666018,3.1109686,7.527521,1.0496184,0.161421,1.1888955,-59.175003,-5.4750004,-35.7,8.852063379539835,1.594122967270659,-3.2058599645708683,3.2362653959286054,7.384287428477196,11.05531029,76.92710055,378.205810546875,0.0,3.7900925,,0.0,405.0,,1,1,1,0,1
1789662442276.0,14.37,-3.4666018,3.1109686,7.527521,-0.16401717,-0.828638,0.7741183,-59.175003,-5.4750004,-35.7,8.852063379539835,1.145775592990922,-3.333486474967192,3.1645965145870303,7.454729434801575,11.05531029,76.92710055,378.205810546875,0.0,3.7900925,,0.0,405.0,,1,1,1,0,1
1789662442286.0,14.38,-3.4666018,3.1109686,7.527521,-0.16401717,-0.828638,0.7741183,-59.175003,-5.4750004,-35.7,8.852063379539835,1.145775592990922,-3.471427069528209,3.0550985228310723,7.527850189243597,11.05531029,76.92710055,378.205810546875,0.0,3.7900925,,0.0,405.0,,1,1,1,0,1
1789662442296.0,14.39,-3.4666018,3.1109686,7.527521,-0.16401717,-0.828638,0.7741183,-59.175003,-5.4750004,-35.7,8.852063379539835,1.145775592990922,-3.5219416822401324,2.9854084759702015,7.552240060527404,11.05531029,76.92710055,378.205810546875,0.0,3.7900925,,0.0,405.0,,1,1,1,0,1
1789662442306.0,14.4,-3.4666018,3.1109686,7.527521,-0.16401717,-0.828638,0.7741183,-59.175003,-5.4750004,-35.7,8.852063379539835,1.145775592990922,-3.5127166706975403,3.0271535122991975,7.548816465706019,11.05531029,76.92710055,378.205810546875,0.0,3.7900925,,0.0,405.0,,1,1,1,0,1
1789662442316.0,14.41,-3.4666018,3.1109686,7.527521,-0.16401717,-0.828638,0.7741183,-59.250004,-0.52500004,-33.45,8.852063379539835,1.145775592990922,-3.523716317007895,3.223947868908542,7.566908114029237,11.05531029,76.92710055,378.205810546875,0.0,3.7900925,,0.0,405.0,,1,1,1,0,1
1789662442326.0,14.42,-3.4666018,3.1109686,7.527521,-0.16401717,-0.828638,0.7741183,-59.250004,-0.52500004,-33.45,8.852063379539835,1.145775592990922,-3.602877357824513,3.558122752296908,7.633503685678453,11.05531029,76.92710055,378.205810546875,0.0,3.7900925,,0.0,405.0,,1,1,1,0,1
1789662442336.0,14.43,-3.9077785,4.368098,7.862516,-0.16401717,-0.828638,0.7741183,-59.250004,-0.52500004,-33.45,9.806639118113925,1.145775592990922,-3.7313258679886245,3.9410229818450717,7.732556454909014,11.05531029,76.92710055,378.205810546875,0.0,3.7900925,,0.0,405.0,,1,1,1,0,1
1789662442346.0,14.44,-3.9077785,4.368098,7.862516,-0.16401717,-0.828638,0.7741183,-59.250004,-0.52500004,-33.45,9.806639118113925,1.145775592990922,-3.8502714395090023,4.2553021320713444,7.822832581150479,11.05531029,76.92710055,378.205810546875,0.0,3.7900925,,0.0,405.0,,1,1,1,0,1
1789662442356.0,14.45,-3.9077785,4.368098,7.862516,-0.16401717,-0.828638,0.7741183,-59.250004,-0.52500004,-33.45,9.806639118113925,1.145775592990922,-3.915063054519264,4.425209200056539,7.872986218963641,11.05531029,76.92710055,378.205810546875,0.0,3.7900925,,0.0,405.0,,1,1,1,0,1
1789662442366.0,14.46,-3.9077785,4.368098,7.862516,-0.16401717,-0.828638,0.7741183,-59.250004,-0.52500004,-33.45,9.806639118113925,1.145775592990922,-3.9279745722908754,4.4559223057349895,7.882849974448859,11.05531029,76.92710055,378.205810546875,0.0,3.7900925,,0.0,405.0,,1,1,1,0,1
1789662442376.0,14.47,-3.9077785,4.368098,7.862516,-0.33673918,-0.695164,1.173013,-59.250004,-0.52500004,-33.45,9.806639118113925,1.4044948417178587,-3.926423271196269,4.412322187050035,7.876359789545214,11.05531029,76.92710055,378.205810546875,0.0,3.7900925,,0.0,405.0,,1,1,1,0,1
1789662442386.0,14.48,-3.9077785,4.368098,7.862516,-0.33673918,-0.695164,1.173013,-59.250004,-0.52500004,-33.45,9.806639118113925,1.4044948417178587,-3.9416285417862844,4.364221754737245,7.876388824218857,11.05531029,76.92710055,378.205810546875,0.0,3.7900925,,0.0,405.0,,1,1,1,0,1
1789662442396.0,14.49,-3.9077785,4.368098,7.862516,-0.33673918,-0.695164,1.173013,-59.250004,-0.52500004,-33.45,9.806639118113925,1.4044948417178587,-3.963271905783286,4.345437614199682,7.883497606580223,11.05531029,76.92710055,378.205810546875,0.0,3.7900925,,0.0,405.0,,1,1,1,0,1
1789662442406.0,14.5,-3.9077785,4.368098,7.862516,-0.33673918,-0.695164,1.173013,-59.250004,-0.52500004,-33.45,9.806639118113925,1.4044948417178587,-3.9393434952013537,4.349619674118307,7.874663091752619,11.05531029,76.92710055,378.205810546875,0.0,3.7900925,,0.0,405.0,,1,1,1,0,1
1789662442416.0,14.51,-3.9077785,4.368098,7.862516,-0.33673918,-0.695164,1.173013,-59.7,7.275,-29.325,9.806639118113925,1.4044948417178587,-3.814863029570974,4.352734110454708,7.822716077064747,11.05531029,76.92710055,378.205810546875,0.0,3.7900925,,0.0,405.0,,1,1,1,0,1
1789662442426.0,14.52,-3.9077785,4.368098,7.862516,-0.33673918,-0.695164,1.173013,-59.7,7.275,-29.325,9.806639118113925,1.4044948417178587,-3.5818085561684687,4.338152264283795,7.721699673105133,11.05531029,76.92710055,378.205810546875,0.0,3.7900925,,0.0,405.0,,1,1,1,0,1
1789662442436.0,14.53,-2.9506495,4.252644,7.451848,-0.33673918,-0.695164,1.173013,-59.7,7.275,-29.325,9.07311148822113,1.4044948417178587,-3.2972500809756293,4.306910550857182,7.597043070168478,11.05531029,76.92710055,378.205810546875,0.0,3.7900925,,0.0,405.0,,1,1,1,0,1
1789662442446.0,14.54,-2.9506495,4.252644,7.451848,-0.33673918,-0.695164,1.173013,-59.7,7.275,-29.325,9.07311148822113,1.4044948417178587,-3.0495103492794366,4.27149398176085,7.49046885611288,11.05531029,76.92710055,378.205810546875,0.0,3.7900925,,0.0,405.0,,1,1,1,0,1
1789662442456.0,14.55,-2.9506495,4.252644,7.451848,-0.33673918,-0.695164,1.173013,-59.7,7.275,-29.325,9.07311148822113,1.4044948417178587,-2.90079089759761,4.243974628730981,7.4319240435200165,11.05531029,76.92710055,378.205810546875,0.0,3.7900925,,0.0,405.0,,1,1,1,0,1
1789662442466.0,14.56,-2.9506495,4.252644,7.451848,-0.33673918,-0.695164,1.173013,-59.7,7.275,-29.325,9.07311148822113,1.4044948417178587,-2.857297698539885,4.230173289407023,7.422366762296951,11.05531029,76.92710055,378.205810546875,0.0,3.7900925,,0.0,405.0,,1,1,1,0,1
1789662442476.0,14.57,-2.9506495,4.252644,7.451848,-0.9230166,-0.4372264,1.9737039,-59.7,7.275,-29.325,9.07311148822113,2.2223036816798305,-2.885906828170543,4.231821429931273,7.439255863122443,11.05531029,76.92710055,378.205810546875,0.0,3.7900925,,0.0,405.0,,1,1,1,0,1
1789662442486.0,14.58,-2.9506495,4.252644,7.451848,-0.9230166,-0.4372264,1.9737039,-59.7,7.275,-29.325,9.07311148822113,2.2223036816798305,-2.9484161247484617,4.249188440968354,7.455932559600482,11.05531029,76.92710055,378.205810546875,0.0,3.7900925,,0.0,405.0,,1,1,1,0,1
1789662442496.0,14.59,-2.9506495,4.252644,7.451848,-0.9230166,-0.4372264,1.9737039,-59.7,7.275,-29.325,9.07311148822113,2.2223036816798305,-3.015087275658906,4.277235120540951,7.458347382017439,11.05531029,76.92710055,378.205810546875,0.0,3.7900925,,0.0,405.0,,1,1,1,0,1
1789662442506.0,14.6,-2.9506495,4.252644,7.451848,-0.9230166,-0.4372264,1.9737039,-59.7,7.275,-29.325,9.07311148822113,2.2223036816798305,-3.051814985140041,4.2981081058521315,7.449936064342048,11.05531029,76.92710055,378.205810546875,0.0,3.7900925,,0.0,405.0,,1,1,1,0,1
1789662442516.0,14.61,-2.9506495,4.252644,7.451848,-0.9230166,-0.4372264,1.9737039,-56.775,16.2,-26.7,9.07311148822113,2.2223036816798305,-3.0092002112925673,4.281267992734512,7.445655184181431,11.05531029,76.92710055,378.205810546875,0.0,3.7900925,,0.0,405.0,,1,1,1,0,1
1789662442526.0,14.62,-2.9506495,4.252644,7.451848,-0.9230166,-0.4372264,1.9737039,-56.775,16.2,-26.7,9.07311148822113,2.2223036816798305,-2.8413299577111344,4.19919127309168,7.461164058212376,11.05531029,76.92710055,378.205810546875,0.0,3.7900925,,0.0,405.0,,1,1,1,0,1
1789662442536.0,14.63,-2.9506495,4.252644,7.451848,-0.9230166,-0.4372264,1.9737039,-56.775,16.2,-26.7,9.07311148822113,2.2223036816798305,-2.546621942693819,4.050802598015046,7.503498054006724,11.05531029,76.92710055,378.205810546875,0.0,3.7900925,,0.0,405.0,,1,1,1,0,1
1789662442546.0,14.64,-1.7679968,3.662215,7.6495547,-0.9230166,-0.4372264,1.9737039,-56.775,16.2,-26.7,8.663331835923598,2.2223036816798305,-2.189369559775686,3.8712817269085846,7.567491191003205,11.05531029,76.92710055,378.205810546875,0.0,3.7900925,,0.0,405.0,,1,1,1,0,1
1789662442556.0,14.65,-1.7679968,3.662215,7.6495547,-0.9230166,-0.4372264,1.9737039,-56.775,16.2,-26.7,8.663331835923598,2.2223036816798305,-1.8718631209449759,3.7147490394799116,7.637839425132648,11.05531029,76.92710055,378.205810546875,0.0,3.7900925,,0.0,405.0,,1,1,1,0,1
1789662442566.0,14.66,-1.7679968,3.662215,7.6495547,-0.9230166,-0.4372264,1.9737039,-56.775,16.2,-26.7,8.663331835923598,2.2223036816798305,-1.6774540138925191,3.622415074280111,7.69282531105602,11.05531029,76.92710055,378.205810546875,0.0,3.7900925,,0.0,405.0,,1,1,1,0,1
1789662442576.0,14.67,-1.7679968,3.662215,7.6495547,-0.9230166,-0.4372264,1.9737039,-56.775,16.2,-26.7,8.663331835923598,2.2223036816798305,-1.6332963839028263,3.6030049696660242,7.708285443849379,11.05531029,76.92710055,378.205810546875,0.0,3.7900925,,0.0,405.0,,1,1,1,0,1
1789662442586.0,14.68,-1.7679968,3.662215,7.6495547,0.34773475,0.9410371,1.9727876,-56.775,16.2,-26.7,8.663331835923598,2.2132241627652025,-1.7118510386023935,3.636652242478296,7.667666838049446,11.05531029,76.92710055,378.205810546875,0.0,3.7900925,,0.0,405.0,,1,1,1,0,1
1789662442596.0,14.69,-1.7679968,3.662215,7.6495547,0.34773475,0.9410371,1.9727876,-56.775,16.2,-26.7,8.663331835923598,2.2132241627652025,-1.846958820492671,3.6895125003742955,7.5829064279750655,11.05531029,76.92710055,378.205810546875,0.0,3.7900925,,0.0,405.0,,1,1,1,0,1
1789662442606.0,14.7,-1.7679968,3.662215,7.6495547,0.34773475,0.9410371,1.9727876,-56.775,16.2,-26.7,8.663331835923598,2.2132241627652025,-1.9419906142182852,3.7236678206488345,7.514398526881385,11.05531029,76.92710055,378.205810546875,0.0,3.7900925,,0.0,405.0,,1,1,1,0,1
1789662442616.0,14.71,-1.7679968,3.662215,7.6495547,0.34773475,0.9410371,1.9727876,-48.45,30.45,-24.525002,8.663331835923598,2.2132241627652025,-1.8841479769845724,3.7030947096005917,7.562048128837081,11.05531029,76.92710055,378.205810546875,0.0,3.7900925,,0.0,405.0,,1,1,1,0,1
1789662442626.0,14.72,-1.7679968,3.662215,7.6495547,0.34773475,0.9410371,1.9727876,-48.45,30.45,-24.525002,8.663331835923598,2.2132241627652025,-1.5912999598314133,3.605873039408205,7.810597501312719,11.05531029,76.92710055,378.205810546875,0.0,3.7900925,,0.0,405.0,,1,1,1,0,1
1789662442636.0,14.73,-1.7679968,3.662215,7.6495547,0.34773475,0.9410371,1.9727876,-48.45,30.45,-24.525002,8.663331835923598,2.2132241627652025,-1.0773886085536681,3.441591668129591,8.256912494317321,11.05531029,76.92710055,378.205810546875,0.0,3.7900925,,0.0,405.0,,1,1,1,0,1
1789662442646.0,14.74,0.20937198,3.0514472,9.3867445,0.34773475,0.9410371,1.9727876,-48.45,30.45,-24.525002,9.872494059186728,2.2132241627652025,-0.47438578852726193,3.2558606573680877,8.784654040222911,11.05531029,76.92710055,378.205810546875,0.0,3.7900925,,0.0,405.0,,1,1,1,0,1
1789662442656.0,14.75,0.20937198,3.0514472,9.3867445,0.34773475,0.9410371,1.9727876,-48.45,30.45,-24.525002,9.872494059186728,2.2132241627652025,0.03266319226019718,3.1076448191659005,9.225910998607391,11.05531029,76.92710055,378.205810546875,0.0,3.7900925,,0.0,405.0,,1,1,1,0,1
1789662442666.0,14.76,0.20937198,3.0514472,9.3867445,0.34773475,0.9410371,1.9727876,-48.45,30.45,-24.525002,9.872494059186728,2.2132241627652025,0.3162996143759,3.03212796894618,9.467505066541523,11.05531029,76.92710055,378.205810546875,0.0,3.7900925,,0.0,405.0,,1,1,1,0,1
1789662442676.0,14.77,0.20937198,3.0514472,9.3867445,0.34773475,0.9410371,1.9727876,-48.45,30.45,-24.525002,9.872494059186728,2.2132241627652025,0.3705044955183221,3.020443351023762,9.512040763085874,11.05531029,76.92710055,378.205810546875,0.0,3.7900925,,0.0,405.0,,1,1,1,0,1
1789662442686.0,14.78,0.20937198,3.0514472,9.3867445,0.46349362,1.0102175,1.1090249,-48.45,30.45,-24.525002,9.872494059186728,1.57012800812767,0.2846696293659381,3.0334997390798923,9.449838859895744,11.05531029,76.92710055,378.205810546875,0.0,3.7900925,,0.0,405.0,,1,1,1,0,1
1789662442696.0,14.79,0.20937198,3.0514472,9.3867445,0.46349362,1.0102175,1.1090249,-48.45,30.45,-24.525002,9.872494059186728,1.57012800812767,0.17075334429518751,3.036761911869036,9.380748010232724,11.05531029,76.92710055,378.205810546875,0.0,3.7900925,,0.0,405.0,,1,1,1,0,1
1789662442706.0,14.8,0.20937198,3.0514472,9.3867445,0.46349362,1.0102175,1.1090249,-48.45,30.45,-24.525002,9.872494059186728,1.57012800812767,0.10999701995352419,3.0277752996815606,9.3543088757898,11.05531029,76.92710055,378.205810546875,0.0,3.7900925,,0.0,405.0,,1,1,1,0,1
1789662442716.0,14.81,0.20937198,3.0514472,9.3867445,0.46349362,1.0102175,1.1090249,-48.45,30.45,-24.525002,9.872494059186728,1.57012800812767,0.14100453460679732,3.036784266212988,9.361939122071629,11.05531029,76.92710055,378.205810546875,0.0,3.7900925,,0.0,405.0,,1,1,1,0,1
1789662442726.0,14.82,0.20937198,3.0514472,9.3867445,0.46349362,1.0102175,1.1090249,-42.15,36.225002,-21.6,9.872494059186728,1.57012800812767,0.26666684204233876,3.1009295755257846,9.367814924259891,11.05531029,76.92710055,378.205810546875,0.0,3.7900925,,0.0,405.0,,1,1,1,0,1
1789662442736.0,14.83,0.20937198,3.0514472,9.3867445,0.46349362,1.0102175,1.1090249,-42.15,36.225002,-21.6,9.872494059186728,1.57012800812767,0.4577263619906081,3.231408157660731,9.345122192906,11.05531029,76.92710055,378.205810546875,0.0,3.7900925,,0.0,405.0,,1,1,1,0,1
1789662442746.0,14.84,0.8659027,3.6026936,9.2126665,0.46349362,1.0102175,1.1090249,-42.15,36.225002,-21.6,9.929874757597423,1.57012800812767,0.6583038789969811,3.39955792042174,9.293110172413433,11.05531029,76.92710055,378.205810546875,0.0,3.7900925,,0.0,405.0,,1,1,1,0,1
1789662442756.0,14.85,0.8659027,3.6026936,9.2126665,0.46349362,1.0102175,1.1090249,-42.15,36.225002,-21.6,9.929874757597423,1.57012800812767,0.8088137823830355,3.553303994738619,9.231521055504087,11.05531029,76.92710055,378.205810546875,0.0,3.7900925,,0.0,405.0,,1,1,1,0,1
1789662442766.0,14.86,0.8659027,3.6026936,9.2126665,0.46349362,1.0102175,1.1090249,-42.15,36.225002,-21.6,9.929874757597423,1.57012800812767,0.8798052666831441,3.648666984611636,9.185152430482077,11.05531029,76.92710055,378.205810546875,0.0,3.7900925,,0.0,405.0,,1,1,1,0,1
1789662442776.0,14.87,0.8659027,3.6026936,9.2126665,0.46349362,1.0102175,1.1090249,-42.15,36.225002,-21.6,9.929874757597423,1.57012800812767,0.8886642436505777,3.669993622442825,9.172043555330573,11.05531029,76.92710055,378.205810546875,0.0,3.7900925,,0.0,405.0,,1,1,1,0,1
1789662442786.0,14.88,0.8659027,3.6026936,9.2126665,-0.028710641,0.5661189,0.7434224,-42.15,36.225002,-21.6,9.929874757597423,0.9348752722505826,0.8814511073396663,3.6298790272275654,9.197489315754524,11.05531029,76.92710055,378.205810546875,0.0,3.7900925,,0.0,405.0,,1,1,1,0,1
1789662442796.0,14.89,0.8659027,3.6026936,9.2126665,-0.028710641,0.5661189,0.7434224,-42.15,36.225002,-21.6,9.929874757597423,0.9348752722505826,0.8926358144543409,3.5614536787701683,9.248276769274952,11.05531029,76.92710055,378.205810546875,0.0,3.7900925,,0.0,405.0,,1,1,1,0,1
1789662442806.0,14.9,0.8659027,3.6026936,9.2126665,-0.028710641,0.5661189,0.7434224,-42.15,36.225002,-21.6,9.929874757597423,0.9348752722505826,0.9137571928870001,3.5140495416368718,9.287489184854989,11.05531029,76.92710055,378.205810546875,0.0,3.7900925,,0.0,405.0,,1,1,1,0,1
1789662442816.0,14.91,0.8659027,3.6026936,9.2126665,-0.028710641,0.5661189,0.7434224,-39.825,37.2,-20.025002,9.929874757597423,0.9348752722505826,0.8957061146536238,3.5448243897556995,9.261398141125001,11.05531029,76.92710055,378.205810546875,0.0,3.7900925,,0.0,405.0,,1,1,1,0,1
1789662442826.0,14.92,0.8659027,3.6026936,9.2126665,-0.028710641,0.5661189,0.7434224,-39.825,37.2,-20.025002,9.929874757597423,0.9348752722505826,0.78623757723967,3.6934849183271825,9.12761283766153,11.05531029,76.92710055,378.205810546875,0.0,3.7900925,,0.0,405.0,,1,1,1,0,1
1789662442836.0,14.93,0.8659027,3.6026936,9.2126665,-0.028710641,0.5661189,0.7434224,-39.825,37.2,-20.025002,9.929874757597423,0.9348752722505826,0.5769617380490343,3.9484819843104564,8.891590551539037,11.05531029,76.92710055,378.205810546875,0.0,3.7900925,,0.0,405.0,,1,1,1,0,1
1789662442846.0,14.94,0.021535404,4.557131,8.310572,-0.028710641,0.5661189,0.7434224,-39.825,37.2,-20.025002,9.478054319952511,0.9348752722505826,0.32086976286115626,4.237676306571079,8.617985065908123,11.05531029,76.92710055,378.205810546875,0.0,3.7900925,,0.0,405.0,,1,1,1,0,1
1789662442856.0,14.95,0.021535404,4.557131,8.310572,-0.028710641,0.5661189,0.7434224,-39.825,37.2,-20.025002,9.478054319952511,0.9348752722505826,0.10150778691749147,4.466319296141877,8.395903380631033,11.05531029,76.92710055,378.205810546875,0.0,3.7900925,,0.0,405.0,,1,1,1,0,1
1789662442866.0,14.96,0.021535404,4.557131,8.310572,-0.028710641,0.5661189,0.7434224,-39.825,37.2,-20.025002,9.478054319952511,0.9348752722505826,-0.021744240181239508,4.579559529090258,8.280661342640348,11.05531029,76.92710055,378.205810546875,0.0,3.7900925,,0.0,405.0,,1,1,1,0,1
1789662442876.0,14.97,0.021535404,4.557131,8.310572,-0.028710641,0.5661189,0.7434224,-39.825,37.2,-20.025002,9.478054319952511,0.9348752722505826,-0.045778178875755415,4.5962251950610264,8.261538558802888,11.05531029,76.92710055,378.205810546875,0.0,3.7900925,,0.0,405.0,,1,1,1,0,1
1789662442886.0,14.98,0.021535404,4.557131,8.310572,-0.37430736,2.0198243,1.1665989,-39.825,37.2,-20.025002,9.478054319952511,2.362360936881126,-0.011827779481939363,4.583915064758655,8.28167492281604,11.05531029,76.92710055,378.205810546875,0.0,3.7900925,,0.0,405.0,,1,1,1,0,1
1789662442896.0,14.99,0.021535404,4.557131,8.310572,-0.37430736,2.0198243,1.1665989,-39.825,37.2,-20.025002,9.478054319952511,2.362360936881126,0.0305922657430801,4.596724790641602,8.289612359866192,11.05531029,76.92710055,378.205810546875,0.0,3.7900925,,0.0,405.0,,1,1,1,0,1
1789662442906.0,15.0,0.021535404,4.557131,8.310572,-0.37430736,2.0198243,1.1665989,-39.825,37.2,-20.025002,9.478054319952511,2.362360936881126,0.051084295223313196,4.625458842540105,8.279792420589995,11.05531029,76.92710055,378.205810546875,0.0,3.7900925,,0.0,405.0,,1,1,1,0,1
1789662442916.0,15.01,0.021535404,4.557131,8.310572,-0.37430736,2.0198243,1.1665989,-39.825,37.2,-20.025002,9.478054319952511,2.362360936881126,0.04314958924155131,4.599106822282004,8.293169535399677,11.05531029,76.92710055,378.205810546875,0.0,3.7900925,,0.0,405.0,,1,1,1,0,1
1789662442926.0,15.02,0.021535404,4.557131,8.310572,-0.37430736,2.0198243,1.1665989,-37.275,38.25,-21.45,9.478054319952511,2.362360936881126,0.014557504003786302,4.440041299156878,8.379635893854987,11.05531029,76.92710055,378.205810546875,0.0,3.7900925,,0.0,405.0,,1,1,1,0,1
1789662442936.0,15.03,0.021535404,4.557131,8.310572,-0.37430736,2.0198243,1.1665989,-37.275,38.25,-21.45,9.478054319952511,2.362360936881126,-0.02292649217818259,4.1340698093067285,8.551346944776054,11.05531029,76.92710055,378.205810546875,0.0,3.7900925,,0.0,405.0,,1,1,1,0,1
1789662442946.0,15.04,-0.09212367,3.3149567,9.017053,-0.37430736,2.0198243,1.1665989,-37.275,38.25,-21.45,9.607531915026781,2.362360936881126,-0.058643283124699644,3.757324021778061,8.764787928379778,11.05531029,76.92710055,378.205810546875,0.0,3.7900925,,0.0,405.0,,1,1,1,0,1
1789662442956.0,15.05,-0.09212367,3.3149567,9.017053,-0.37430736,2.0198243,1.1665989,-37.275,38.25,-21.45,9.607531915026781,2.362360936881126,-0.08500508817086108,3.4320428847213824,8.948010537156344,11.05531029,76.92710055,378.205810546875,0.0,3.7900925,,0.0,405.0,,1,1,1,0,1
1789662442966.0,15.06,-0.09212367,3.3149567,9.017053,-0.37430736,2.0198243,1.1665989,-37.275,38.25,-21.45,9.607531915026781,2.362360936881126,-0.09874708432831605,3.247021231539877,9.049936812133977,11.05531029,76.92710055,378.205810546875,0.0,3.7900925,,0.0,405.0,,1,1,1,0,1
1789662442976.0,15.07,-0.09212367,3.3149567,9.017053,-0.37430736,2.0198243,1.1665989,-37.275,38.25,-21.45,9.607531915026781,2.362360936881126,-0.10098203719002458,3.2103265133754686,9.069443951182183,11.05531029,76.92710055,378.205810546875,0.0,3.7900925,,0.0,405.0,,1,1,1,0,1
1789662442986.0,15.08,-0.09212367,3.3149567,9.017053,-0.80023277,0.025198169,0.10903935,-37.275,38.25,-21.45,9.607531915026781,0.8080204290432563,-0.09557299668811903,3.264783497470438,9.044252086805246,11.05531029,76.92710055,378.205810546875,0.0,3.7900925,,0.0,405.0,,1,1,1,0,1
1789662442996.0,15.09,-0.09212367,3.3149567,9.017053,-0.80023277,0.025198169,0.10903935,-37.275,38.25,-21.45,9.607531915026781,0.8080204290432563,-0.08739361245318537,3.3371478333964744,9.0166945246366,11.05531029,76.92710055,378.205810546875,0.0,3.7900925,,0.0,405.0,,1,1,1,0,1
1789662443006.0,15.1,-0.09212367,3.3149567,9.017053,-0.80023277,0.025198169,0.10903935,-37.275,38.25,-21.45,9.607531915026781,0.8080204290432563,-0.08188756100964596,3.3752637667033865,9.006852527144764,11.05530955,76.92710155,378.3358154296875,0.0,3.7900925,,0.0,405.0,,1,1,1,0,1
1789662443016.0,15.11,-0.09212367,3.3149567,9.017053,-0.80023277,0.025198169,0.10903935,-37.050003,40.125,-17.475,9.607531915026781,0.8080204290432563,-0.08488594763478624,3.3565685601320396,9.008901157237595,11.05530955,76.92710155,378.3358154296875,0.0,3.7900925,,0.0,405.0,,1,1,1,0,1
1789662443026.0,15.12,-0.09212367,3.3149567,9.017053,-0.80023277,0.025198169,0.10903935,-37.050003,40.125,-17.475,9.607531915026781,0.8080204290432563,-0.10058934491249498,3.281578427828723,9.005743942733423,11.05530955,76.92710155,378.3358154296875,0.0,3.7900925,,0.0,405.0,,1,1,1,0,1
1789662443036.0,15.13,-0.09212367,3.3149567,9.017053,-0.80023277,0.025198169,0.10903935,-37.050003,40.125,-17.475,9.607531915026781,0.8080204290432563,-0.12796681651577016,3.1681887442176304,8.98684330362727,11.05530955,76.92710155,378.3358154296875,0.0,3.7900925,,0.0,405.0,,1,1,1,0,1
1789662443046.0,15.14,-0.18843478,2.9108686,8.919845,-0.80023277,0.025198169,0.10903935,-37.050003,40.125,-17.475,9.384684251310995,0.8080204290432563,-0.15908700991353902,3.046668212373945,8.956419567341548,11.05530955,76.92710155,378.3358154296875,0.0,3.7900925,,0.0,405.0,,1,1,1,0,1
1789662443056.0,15.15,-0.18843478,2.9108686,8.919845,-0.80023277,0.025198169,0.10903935,-37.050003,40.125,-17.475,9.384684251310995,0.8080204290432563,-0.18261821717069077,2.9481835199375444,8.92854867428101,11.05530955,76.92710155,378.3358154296875,0.0,3.7900925,,0.0,405.0,,1,1,1,0,1
1789662443066.0,15.16,-0.18843478,2.9108686,8.919845,-0.80023277,0.025198169,0.10903935,-37.050003,40.125,-17.475,9.384684251310995,0.8080204290432563,-0.19115535468205658,2.89027107408233,8.915283175808707,11.05530955,76.92710155,378.3358154296875,0.0,3.7900925,,0.0,405.0,,1,1,1,0,1
1789662443076.0,15.17,-0.18843478,2.9108686,8.919845,-0.80023277,0.025198169,0.10903935,-37.050003,40.125,-17.475,9.384684251310995,0.8080204290432563,-0.1869081805766212,2.8718822386483187,8.917578483363748,11.05530955,76.92710155,378.3358154296875,0.0,3.7900925,,0.0,405.0,,1,1,1,0,1
1789662443086.0,15.18,-0.18843478,2.9108686,8.919845,-0.80023277,0.025198169,0.10903935,-37.050003,40.125,-17.475,9.384684251310995,0.8080204290432563,-0.18095500367120812,2.8819169730281895,8.92506679106742,11.05530955,76.92710155,378.3358154296875,0.0,3.7900925,,0.0,405.0,,1,1,1,0,1
1789662443096.0,15.19,-0.18843478,2.9108686,8.919845,-1.0070105,0.60750496,0.4520399,-37.050003,40.125,-17.475,9.384684251310995,1.25994940165344,-0.18553490186313826,2.9096967719509164,8.924178862003018,11.05530955,76.92710155,378.3358154296875,0.0,3.7900925,,0.0,405.0,,1,1,1,0,1
1789662443106.0,15.2,-0.18843478,2.9108686,8.919845,-1.0070105,0.60750496,0.4520399,-37.050003,40.125,-17.475,9.384684251310995,1.25994940165344,-0.20323591864550267,2.944586984657138,8.909648537917354,11.05530955,76.92710155,378.3358154296875,0.0,3.7900925,,0.0,405.0,,1,1,1,0,1
1789662443116.0,15.21,-0.18843478,2.9108686,8.919845,-1.0070105,0.60750496,0.4520399,-37.050003,40.125,-17.475,9.384684251310995,1.25994940165344,-0.21996422514706465,2.966636720340095,8.892631532158745,11.05530955,76.92710155,378.3358154296875,0.0,3.7900925,,0.0,405.0,,1,1,1,0,1
1789662443126.0,15.22,-0.18843478,2.9108686,8.919845,-1.0070105,0.60750496,0.4520399,-33.675003,40.5,-15.150001,9.384684251310995,1.25994940165344,-0.2089607327878766,2.9437093578011764,8.898962269102991,11.05530955,76.92710155,378.3358154296875,0.0,3.7900925,,0.0,405.0,,1,1,1,0,1
1789662443136.0,15.23,-0.18843478,2.9108686,8.919845,-1.0070105,0.60750496,0.4520399,-33.675003,40.5,-15.150001,9.384684251310995,1.25994940165344,-0.14774135458668736,2.847276450815753,8.955433270964233,11.05530955,76.92710155,378.3358154296875,0.0,3.7900925,,0.0,405.0,,1,1,1,0,1
1789662443146.0,15.24,-0.18843478,2.9108686,8.919845,-1.0070105,0.60750496,0.4520399,-33.675003,40.5,-15.150001,9.384684251310995,1.25994940165344,-0.03839123272199934,2.678817218964913,9.071158986260766,11.05530955,76.92710155,378.3358154296875,0.0,3.7900925,,0.0,405.0,,1,1,1,0,1
1789662443156.0,15.25,0.22462623,2.2552354,9.42174,-1.0070105,0.60750496,0.4520399,-33.675003,40.5,-15.150001,9.690496802549246,1.25994940165344,0.08671992417121856,2.48097417230731,9.22777077062379,11.05530955,76.92710155,378.3358154296875,0.0,3.7900925,,0.0,405.0,,1,1,1,0,1
1789662443166.0,15.26,0.22462623,2.2552354,9.42174,-1.0070105,0.60750496,0.4520399,-33.675003,40.5,-15.150001,9.690496802549246,1.25994940165344,0.1837854632668179,2.316084099486948,9.385781294558338,11.05530955,76.92710155,378.3358154296875,0.0,3.7900925,,0.0,405.0,,1,1,1,0,1
1789662443176.0,15.27,0.22462623,2.2552354,9.42174,-1.0070105,0.60750496,0.4520399,-33.675003,40.5,-15.150001,9.690496802549246,1.25994940165344,0.22860990036148066,2.2264963520484673,9.499397317285245,11.05530955,76.92710155,378.3358154296875,0.0,3.7900925,,0.0,405.0,,1,1,1,0,1
1789662443186.0,15.28,0.22462623,2.2552354,9.42174,-1.0070105,0.60750496,0.4520399,-33.675003,40.5,-15.150001,9.690496802549246,1.25994940165344,0.23334679129583322,2.2107816602691184,9.529189199220967,11.05530955,76.92710155,378.3358154296875,0.0,3.7900925,,0.0,405.0,,1,1,1,0,1
1789662443196.0,15.29,0.22462623,2.2552354,9.42174,-0.94164795,-0.2568686,0.05635227,-33.675003,40.5,-15.150001,9.690496802549246,0.9776798646486055,0.23333836761773008,2.2337148198989882,9.456774845069171,11.05530955,76.92710155,378.3358154296875,0.0,3.7900925,,0.0,405.0,,1,1,1,0,1
1789662443206.0,15.3,0.22462623,2.2552354,9.42174,-0.94164795,-0.2568686,0.05635227,-33.675003,40.5,-15.150001,9.690496802549246,0.9776798646486055,0.2534978600525707,2.2565576133510885,9.311813285138598,11.05530955,76.92710155,378.3358154296875,0.0,3.7900925,,0.0,405.0,,1,1,1,0,1
1789662443216.0,15.31,0.22462623,2.2552354,9.42174,-0.94164795,-0.2568686,0.05635227,-33.675003,40.5,-15.150001,9.690496802549246,0.9776798646486055,0.28007438165716403,2.2618043775210332,9.198286768840772,11.05530955,76.92710155,378.3358154296875,0.0,3.7900925,,0.0,405.0,,1,1,1,0,1
1789662443226.0,15.32,0.22462623,2.2552354,9.42174,-0.94164795,-0.2568686,0.05635227,-32.100002,39.825,-9.075001,9.690496802549246,0.9776798646486055,0.26130827283405783,2.2581649150764878,9.277905620870985,11.05530955,76.92710155,378.3358154296875,0.0,3.7900925,,0.0,405.0,,1,1,1,0,1
1789662443236.0,15.33,0.22462623,2.2552354,9.42174,-0.94164795,-0.2568686,0.05635227,-32.100002,39.825,-9.075001,9.690496802549246,0.9776798646486055,0.1417454014524421,2.2687906420456145,9.682734192826034,11.05530955,76.92710155,378.3358154296875,0.0,3.7900925,,0.0,405.0,,1,1,1,0,1
1789662443246.0,15.34,0.22462623,2.2552354,9.42174,-0.94164795,-0.2568686,0.05635227,-32.100002,39.825,-9.075001,9.690496802549246,0.9776798646486055,-0.09180932698047489,2.3144214513172434,10.400065835793967,11.05530955,76.92710155,378.3358154296875,0.0,3.7900925,,0.0,405.0,,1,1,1,0,1
1789662443256.0,15.35,-0.74865437,2.528017,12.176177,-0.94164795,-0.2568686,0.05635227,-32.100002,39.825,-9.075001,12.458356217950186,0.9776798646486055,-0.39005793892276525,2.4011449023109606,11.234997275290114,11.05530955,76.92710155,378.3358154296875,0.0,3.7900925,,0.0,405.0,,1,1,1,0,1
1789662443266.0,15.36,-0.74865437,2.528017,12.176177,-0.94164795,-0.2568686,0.05635227,-32.100002,39.825,-9.075001,12.458356217950186,0.9776798646486055,-0.6659259843444909,2.5143685104622047,11.915509446974038,11.05530955,76.92710155,378.3358154296875,0.0,3.7900925,,0.0,405.0,,1,1,1,0,1
1789662443276.0,15.37,-0.74865437,2.528017,12.176177,-0.94164795,-0.2568686,0.05635227,-32.100002,39.825,-9.075001,12.458356217950186,0.9776798646486055,-0.8422723072200735,2.615942028005738,12.270593388497971,11.05530955,76.92710155,378.3358154296875,0.0,3.7900925,,0.0,405.0,,1,1,1,0,1
1789662443286.0,15.38,-0.74865437,2.528017,12.176177,-0.94164795,-0.2568686,0.05635227,-32.100002,39.825,-9.075001,12.458356217950186,0.9776798646486055,-0.8834706903537242,2.6487480177472533,12.329835297911195,11.05530955,76.92710155,378.3358154296875,0.0,3.7900925,,0.0,405.0,,1,1,1,0,1
1789662443296.0,15.39,-0.74865437,2.528017,12.176177,2.5584543,1.9491166,0.4059196,-32.100002,39.825,-9.075001,12.458356217950186,3.2418381587069103,-0.800320554697494,2.5642426632159796,12.26464537995546,11.05530955,76.92710155,378.3358154296875,0.0,3.7900925,,0.0,405.0,,1,1,1,0,1
1789662443306.0,15.4,-0.74865437,2.528017,12.176177,2.5584543,1.9491166,0.4059196,-32.100002,39.825,-9.075001,12.458356217950186,3.2418381587069103,-0.649788611358895,2.3786477817319764,12.233328250070935,11.05530955,76.92710155,378.3358154296875,0.0,3.7900925,,0.0,405.0,,1,1,1,0,1
1789662443316.0,15.41,-0.74865437,2.528017,12.176177,2.5584543,1.9491166,0.4059196,-32.100002,39.825,-9.075001,12.458356217950186,3.2418381587069103,-0.5397685846144543,2.224418600871536,12.258663401598229,11.05530955,76.92710155,378.3358154296875,0.0,3.7900925,,0.0,405.0,,1,1,1,0,1
1789662443326.0,15.42,-0.74865437,2.528017,12.176177,2.5584543,1.9491166,0.4059196,-31.125002,38.175003,-10.05,12.458356217950186,3.2418381587069103,-0.6121198621869317,2.3306437585724358,12.223709533465803,11.05530955,76.92710155,378.3358154296875,0.0,3.7900925,,0.0,405.0,,1,1,1,0,1
1789662443336.0,15.43,-0.74865437,2.528017,12.176177,2.5584543,1.9491166,0.4059196,-31.125002,38.175003,-10.05,12.458356217950186,3.2418381587069103,-0.9749022213768307,2.8958079704132738,11.980193938357537,11.05530955,76.92710155,378.3358154296875,0.0,3.7900925,,0.0,405.0,,1,1,1,0,1
1789662443346.0,15.44,-0.74865437,2.528017,12.176177,2.5584543,1.9491166,0.4059196,-31.125002,38.175003,-10.05,12.458356217950186,3.2418381587069103,-1.6112105632459495,3.918797120437276,11.484609147220118,11.05530955,76.92710155,378.3358154296875,0.0,3.7900925,,0.0,405.0,,1,1,1,0,1
1789662443356.0,15.45,-3.181856,6.538986,10.097712,2.5584543,1.9491166,0.4059196,-31.125002,38.175003,-10.05,12.443726658355848,3.2418381587069103,-2.3500801365159902,5.138420299252375,10.853638955062246,11.05530955,76.92710155,378.3358154296875,0.0,3.7900925,,0.0,405.0,,1,1,1,0,1
1789662443366.0,15.46,-3.181856,6.538986,10.097712,2.5584543,1.9491166,0.4059196,-31.125002,38.175003,-10.05,12.443726658355848,3.2418381587069103,-2.9555595069758103,6.170957682955101,10.292719978225932,11.05530955,76.92710155,378.3358154296875,0.0,3.7900925,,0.0,405.0,,1,1,1,0,1
1789662443376.0,15.47,-3.181856,6.538986,10.097712,2.5584543,1.9491166,0.4059196,-31.125002,38.175003,-10.05,12.443726658355848,3.2418381587069103,-3.276925213454997,6.749137899448951,9.96211331484414,11.05530955,76.92710155,378.3358154296875,0.0,3.7900925,,0.0,405.0,,1,1,1,0,1
1789662443386.0,15.48,-3.181856,6.538986,10.097712,2.5584543,1.9491166,0.4059196,-31.125002,38.175003,-10.05,12.443726658355848,3.2418381587069103,-3.332817695276428,6.860949951320724,9.894074067560865,11.05530955,76.92710155,378.3358154296875,0.0,3.7900925,,0.0,405.0,,1,1,1,0,1
1789662443396.0,15.49,-3.181856,6.538986,10.097712,4.2377214,6.9279695,1.9428552,-31.125002,38.175003,-10.05,12.443726658355848,8.350432945968445,-3.2638984188951925,6.694516429803135,10.00852779941709,11.05530955,76.92710155,378.3358154296875,0.0,3.7900925,,0.0,405.0,,1,1,1,0,1
1789662443406.0,15.5,-3.181856,6.538986,10.097712,4.2377214,6.9279695,1.9428552,-31.125002,38.175003,-10.05,12.443726658355848,8.350432945968445,-3.208384145706739,6.479415386252367,10.178490465634262,11.05530955,76.92710155,378.3358154296875,0.0,3.7900925,,0.0,405.0,,1,1,1,0,1
1789662443416.0,15.51,-3.181856,6.538986,10.097712,4.2377214,6.9279695,1.9428552,-12.525001,34.800003,-32.100002,12.443726658355848,8.350432945968445,-3.205665461932142,6.3688191965806515,10.279238115854726,11.05530955,76.92710155,378.3358154296875,0.0,3.7900925,,0.0,405.0,,1,1,1,0,1
1789662443426.0,15.52,-3.181856,6.538986,10.097712,4.2377214,6.9279695,1.9428552,-12.525001,34.800003,-32.100002,12.443726658355848,8.350432945968445,-3.1909683465942695,6.41711606635937,10.210652891456597,11.05530955,76.92710155,378.3358154296875,0.0,3.7900925,,0.0,405.0,,1,1,1,0,1
1789662443436.0,15.53,-3.181856,6.538986,10.097712,4.2377214,6.9279695,1.9428552,-12.525001,34.800003,-32.100002,12.443726658355848,8.350432945968445,-3.0698342588153733,6.610225874157719,9.922117600784414,11.05530955,76.92710155,378.3358154296875,0.0,3.7900925,,0.0,405.0,,1,1,1,0,1
1789662443446.0,15.54,-3.181856,6.538986,10.097712,4.2377214,6.9279695,1.9428552,-12.525001,34.800003,-32.100002,12.443726658355848,8.350432945968445,-2.808807227255067,6.892874753868315,9.445077176202323,11.05530955,76.92710155,378.3358154296875,0.0,3.7900925,,0.0,405.0,,1,1,1,0,1
1789662443456.0,15.55,-2.0632114,7.4700933,8.188539,4.2377214,6.9279695,1.9428552,-12.525001,34.800003,-32.100002,11.27436499969359,8.350432945968445,-2.4716752771714825,7.18430014091128,8.893590311772975,11.05530955,76.92710155,378.3358154296875,0.0,3.7900925,,0.0,405.0,,1,1,1,0,1
1789662443466.0,15.56,-2.0632114,7.4700933,8.188539,4.2377214,6.9279695,1.9428552,-12.525001,34.800003,-32.100002,11.27436499969359,8.350432945968445,-2.1752132172056307,7.403914373673394,8.406064954915369,11.05530955,76.92710155,378.3358154296875,0.0,3.7900925,,0.0,405.0,,1,1,1,0,1
1789662443476.0,15.57,-2.0632114,7.4700933,8.188539,4.2377214,6.9279695,1.9428552,-12.525001,34.800003,-32.100002,11.27436499969359,8.350432945968445,-2.006447250771839,7.508462513731883,8.071829612215966,11.05530955,76.92710155,378.3358154296875,0.0,3.7900925,,0.0,405.0,,1,1,1,0,1
1789662443486.0,15.58,-2.0632114,7.4700933,8.188539,4.2377214,6.9279695,1.9428552,-12.525001,34.800003,-32.100002,11.27436499969359,8.350432945968445,-1.9727587159871796,7.513041147772915,7.915518647135704,11.05530955,76.92710155,378.3358154296875,0.0,3.7900925,,0.0,405.0,,1,1,1,0,1
1789662443496.0,15.59,-2.0632114,7.4700933,8.188539,3.806298,4.8181953,0.6108647,-12.525001,34.800003,-32.100002,11.27436499969359,6.17058069353705,-2.017189884744369,7.475707262264687,7.942029452431926,11.05530955,76.92710155,378.3358154296875,0.0,3.7900925,,0.0,405.0,,1,1,1,0,1
1789662443506.0,15.6,-2.0632114,7.4700933,8.188539,3.806298,4.8181953,0.6108647,-12.525001,34.800003,-32.100002,11.27436499969359,6.17058069353705,-2.070851072770149,7.456739284845202,8.158668768134884,11.05530955,76.92710155,378.3358154296875,0.0,3.7900925,,0.0,405.0,,1,1,1,0,1
1789662443516.0,15.61,-2.0632114,7.4700933,8.188539,3.806298,4.8181953,0.6108647,-12.525001,34.800003,-32.100002,11.27436499969359,6.17058069353705,-2.0944416719924006,7.4802140637798225,8.508160074926717,11.05530955,76.92710155,378.3358154296875,0.0,3.7900925,,0.0,405.0,,1,1,1,0,1
1789662443526.0,15.62,-2.0632114,7.4700933,8.188539,3.806298,4.8181953,0.6108647,21.900002,15.750001,-45.825,11.27436499969359,6.17058069353705,-2.0862023481186074,7.519022221394,8.764645136163686,11.05530955,76.92710155,378.3358154296875,0.0,3.7900925,,0.0,405.0,,1,1,1,0,1
1789662443536.0,15.63,-2.0632114,7.4700933,8.188539,3.806298,4.8181953,0.6108647,21.900002,15.750001,-45.825,11.27436499969359,6.17058069353705,-2.0657925351910396,7.510703292141254,8.540801264325678,11.05530955,76.92710155,378.3358154296875,0.0,3.7900925,,0.0,405.0,,1,1,1,0,1
1789662443546.0,15.64,-2.0632114,7.4700933,8.188539,3.806298,4.8181953,0.6108647,21.900002,15.750001,-45.825,11.27436499969359,6.17058069353705,-2.054999577016329,7.397797797075959,7.500121319729697,11.05530955,76.92710155,378.3358154296875,0.0,3.7900925,,0.0,405.0,,1,1,1,0,1
1789662443556.0,15.65,-2.0632114,7.4700933,8.188539,3.806298,4.8181953,0.6108647,21.900002,15.750001,-45.825,11.27436499969359,6.17058069353705,-2.0678105925121875,7.170518332964683,5.6613032279404605,11.05530955,76.92710155,378.3358154296875,0.0,3.7900925,,0.0,405.0,,1,1,1,0,1
1789662443566.0,15.66,-2.169991,6.538089,1.061815,3.806298,4.8181953,0.6108647,21.900002,15.750001,-45.825,6.970144891336694,6.17058069353705,-2.1087328461512773,6.880902038322751,3.509858964951845,11.05530955,76.92710155,378.3358154296875,0.0,3.7900925,,0.0,405.0,,1,1,1,0,1
1789662443576.0,15.67,-2.169991,6.538089,1.061815,3.806298,4.8181953,0.6108647,21.900002,15.750001,-45.825,6.970144891336694,6.17058069353705,-2.171262261892882,6.615106905225232,1.7395712672007198,11.05530955,76.92710155,378.3358154296875,0.0,3.7900925,,0.0,405.0,,1,1,1,0,1
1789662443586.0,15.68,-2.169991,6.538089,1.061815,3.806298,4.8181953,0.6108647,21.900002,15.750001,-45.825,6.970144891336694,6.17058069353705,-2.232551862851866,6.446863539213714,0.7990646532039932,11.05530955,76.92710155,378.3358154296875,0.0,3.7900925,,0.0,405.0,,1,1,1,0,1
1789662443596.0,15.69,-2.169991,6.538089,1.061815,3.806298,4.8181953,0.6108647,21.900002,15.750001,-45.825,6.970144891336694,6.17058069353705,-2.2524268899146582,6.408656011559797,0.6328584831098408,11.05530955,76.92710155,378.3358154296875,0.0,3.7900925,,0.0,405.0,,1,1,1,0,1
1789662443606.0,15.7,-2.169991,6.538089,1.061815,-0.73685557,-4.603782,-1.3196205,21.900002,15.750001,-45.825,6.970144891336694,4.84553021851936,-2.1926695360095994,6.488838958171654,0.8205549606209808,11.05530955,76.92710155,378.3358154296875,0.0,3.7900925,,0.0,405.0,,1,1,1,0,1
1789662443616.0,15.71,-2.169991,6.538089,1.061815,-0.73685557,-4.603782,-1.3196205,16.35,18.300001,-51.9,6.970144891336694,4.84553021851936,-2.060648992984207,6.632775140206623,0.9550510310844942,11.05530955,76.92710155,378.3358154296875,0.0,3.7900925,,0.0,405.0,,1,1,1,0,1
1789662443626.0,15.72,-2.169991,6.538089,1.061815,-0.73685557,-4.603782,-1.3196205,16.35,18.300001,-51.9,6.970144891336694,4.84553021851936,-1.9499341738504057,6.737947252431872,0.9396304485306829,11.05530955,76.92710155,378.3358154296875,0.0,3.7900925,,0.0,405.0,,1,1,1,0,1
1789662443636.0,15.73,-2.169991,6.538089,1.061815,-0.73685557,-4.603782,-1.3196205,16.35,18.300001,-51.9,6.970144891336694,4.84553021851936,-2.027225126613458,6.669097050167586,1.003009559842075,11.05530955,76.92710155,378.3358154296875,0.0,3.7900925,,0.0,405.0,,1,1,1,0,1
1789662443646.0,15.74,-2.169991,6.538089,1.061815,-0.73685557,-4.603782,-1.3196205,16.35,18.300001,-51.9,6.970144891336694,4.84553021851936,-2.4388050938797683,6.32199196383992,1.4579657845773584,11.05530955,76.92710155,378.3358154296875,0.0,3.7900925,,0.0,405.0,,1,1,1,0,1
1789662443656.0,15.75,-2.169991,6.538089,1.061815,-0.73685557,-4.603782,-1.3196205,16.35,18.300001,-51.9,6.970144891336694,4.84553021851936,-3.1857094340971677,5.710373642924545,2.4036088384413277,11.05530955,76.92710155,378.3358154296875,0.0,3.7900925,,0.0,405.0,,1,1,1,0,1
1789662443666.0,15.76,-5.10419,4.1850467,5.055137,-0.73685557,-4.603782,-1.3196205,16.35,18.300001,-51.9,8.313951017780289,4.84553021851936,-4.078309941020412,4.994944434016197,3.6072242045725234,11.05530955,76.92710155,378.3358154296875,0.0,3.7900925,,0.0,405.0,,1,1,1,0,1
1789662443676.0,15.77,-5.10419,4.1850467,5.055137,-0.73685557,-4.603782,-1.3196205,16.35,18.300001,-51.9,8.313951017780289,4.84553021851936,-4.836020895081809,4.400922762228407,4.658665515616436,11.05530955,76.92710155,378.3358154296875,0.0,3.7900925,,0.0,405.0,,1,1,1,0,1
1789662443686.0,15.78,-5.10419,4.1850467,5.055137,-0.73685557,-4.603782,-1.3196205,16.35,18.300001,-51.9,8.313951017780289,4.84553021851936,-5.26165643605946,4.077643056785019,5.256093896274083,11.05530955,76.92710155,378.3358154296875,0.0,3.7900925,,0.0,405.0,,1,1,1,0,1
1789662443696.0,15.79,-5.10419,4.1850467,5.055137,-0.73685557,-4.603782,-1.3196205,16.35,18.300001,-51.9,8.313951017780289,4.84553021851936,-5.343523434252878,4.018668108150664,5.3768127222093245,11.05530955,76.92710155,378.3358154296875,0.0,3.7900925,,0.0,405.0,,1,1,1,0,1
1789662443706.0,15.8,-5.10419,4.1850467,5.055137,-0.72173667,-4.3962407,-0.7116574,16.35,18.300001,-51.9,8.313951017780289,4.511573158902994,-5.217141119200775,4.100895574154491,5.221187055820763,11.05530955,76.92710155,378.3358154296875,0.0,3.7900925,,0.0,405.0,,1,1,1,0,1
1789662443716.0,15.81,-5.10419,4.1850467,5.055137,-0.72173667,-4.3962407,-0.7116574,16.35,18.300001,-51.9,8.313951017780289,4.511573158902994,-5.052048699723441,4.190518404424928,5.029298752237934,11.05530955,76.92710155,378.3358154296875,0.0,3.7900925,,0.0,405.0,,1,1,1,0,1
1789662443726.0,15.82,-5.10419,4.1850467,5.055137,-0.72173667,-4.3962407,-0.7116574,-23.625,34.575,-47.775,8.313951017780289,4.511573158902994,-4.966931277917366,4.223635451961938,4.939066643371699,11.05530955,76.92710155,378.3358154296875,0.0,3.7900925,,0.0,405.0,,1,1,1,0,1
1789662443736.0,15.83,-5.10419,4.1850467,5.055137,-0.72173667,-4.3962407,-0.7116574,-23.625,34.575,-47.775,8.313951017780289,4.511573158902994,-5.010220308229206,4.215577884209377,4.96377904728838,11.05530955,76.92710155,378.3358154296875,0.0,3.7900925,,0.0,405.0,,1,1,1,0,1
1789662443746.0,15.84,-5.10419,4.1850467,5.055137,-0.72173667,-4.3962407,-0.7116574,-23.625,34.575,-47.775,8.313951017780289,4.511573158902994,-5.174715814417372,4.216686603562704,5.0524428630693645,11.05530955,76.92710155,378.3358154296875,0.0,3.7900925,,0.0,405.0,,1,1,1,0,1
1789662443756.0,15.85,-5.10419,4.1850467,5.055137,-0.72173667,-4.3962407,-0.7116574,-23.625,34.575,-47.775,8.313951017780289,4.511573158902994,-5.410592537612932,4.260835090496005,5.156693326363849,11.05530955,76.92710155,378.3358154296875,0.0,3.7900925,,0.0,405.0,,1,1,1,0,1
1789662443766.0,15.86,-5.857032,4.4608197,5.3536415,-0.72173667,-4.3962407,-0.7116574,-23.625,34.575,-47.775,9.10303320632493,4.511573158902994,-5.639073855880609,4.342558669950716,5.258094251034308,11.05530955,76.92710155,378.3358154296875,0.0,3.7900925,,0.0,405.0,,1,1,1,0,1
1789662443776.0,15.87,-5.857032,4.4608197,5.3536415,-0.72173667,-4.3962407,-0.7116574,-23.625,34.575,-47.775,9.10303320632493,4.511573158902994,-5.786623272223392,4.428996607877594,5.355261585165782,11.05530955,76.92710155,378.3358154296875,0.0,3.7900925,,0.0,405.0,,1,1,1,0,1
1789662443786.0,15.88,-5.857032,4.4608197,5.3536415,-0.72173667,-4.3962407,-0.7116574,-23.625,34.575,-47.775,9.10303320632493,4.511573158902994,-5.832270043310815,4.487099276956999,5.435178426593931,11.05530955,76.92710155,378.3358154296875,0.0,3.7900925,,0.0,405.0,,1,1,1,0,1
1789662443796.0,15.89,-5.857032,4.4608197,5.3536415,-0.72173667,-4.3962407,-0.7116574,-23.625,34.575,-47.775,9.10303320632493,4.511573158902994,-5.827922791151662,4.5020828782339,5.458079947221678,11.05530955,76.92710155,378.3358154296875,0.0,3.7900925,,0.0,405.0,,1,1,1,0,1
1789662443806.0,15.9,-5.857032,4.4608197,5.3536415,-2.0277655,-2.6380193,0.6575959,-23.625,34.575,-47.775,9.10303320632493,3.391667896162528,-5.860060429811194,4.479300536090727,5.37932906011462,11.05530955,76.92710155,378.3358154296875,0.0,3.7900925,,0.0,405.0,,1,1,1,0,1
1789662443816.0,15.91,-5.857032,4.4608197,5.3536415,-2.0277655,-2.6380193,0.6575959,-23.625,34.575,-47.775,9.10303320632493,3.391667896162528,-5.967308529942387,4.43847066962335,5.2087877039403665,11.05530955,76.92710155,378.3358154296875,0.0,3.7900925,,0.0,405.0,,1,1,1,0,1
1789662443826.0,15.92,-5.857032,4.4608197,5.3536415,-2.0277655,-2.6380193,0.6575959,-32.025,38.775,-39.0,9.10303320632493,3.391667896162528,-6.072497238088846,4.409285358951623,5.067052656084611,11.05530955,76.92710155,378.3358154296875,0.0,3.7900925,,0.0,405.0,,1,1,1,0,1
1789662443836.0,15.93,-5.857032,4.4608197,5.3536415,-2.0277655,-2.6380193,0.6575959,-32.025,38.775,-39.0,9.10303320632493,3.391667896162528,-5.9955806342021285,4.425789125670509,5.169916109080217,11.05530955,76.92710155,378.3358154296875,0.0,3.7900925,,0.0,405.0,,1,1,1,0,1
1789662443846.0,15.94,-5.857032,4.4608197,5.3536415,-2.0277655,-2.6380193,0.6575959,-32.025,38.775,-39.0,9.10303320632493,3.391667896162528,-5.567756054977149,4.512175902082227,5.706058018651916,11.05530955,76.92710155,378.3358154296875,0.0,3.7900925,,0.0,405.0,,1,1,1,0,1
1789662443856.0,15.95,-5.857032,4.4608197,5.3536415,-2.0277655,-2.6380193,0.6575959,-32.025,38.775,-39.0,9.10303320632493,3.391667896162528,-4.779178328530468,4.663775988174036,6.67372344133275,11.05530955,76.92710155,378.3358154296875,0.0,3.7900925,,0.0,405.0,,1,1,1,0,1
1789662443866.0,15.96,-2.7448666,5.0401816,9.139686,-2.0277655,-2.6380193,0.6575959,-32.025,38.775,-39.0,10.792200118204356,3.391667896162528,-3.8326567719114975,4.841016511330233,7.822610396214876,11.05530955,76.92710155,378.3358154296875,0.0,3.7900925,,0.0,405.0,,1,1,1,0,1
1789662443876.0,15.97,-2.7448666,5.0401816,9.139686,-2.0277655,-2.6380193,0.6575959,-32.025,38.775,-39.0,10.792200118204356,3.391667896162528,-3.032698521766647,4.988962536150147,8.787441637045413,11.05530955,76.92710155,378.3358154296875,0.0,3.7900925,,0.0,405.0,,1,1,1,0,1
1789662443886.0,15.98,-2.7448666,5.0401816,9.139686,-2.0277655,-2.6380193,0.6575959,-32.025,38.775,-39.0,10.792200118204356,3.391667896162528,-2.590654331379473,5.070336211896575,9.31965482216444,11.05530955,76.92710155,378.3358154296875,0.0,3.7900925,,0.0,405.0,,1,1,1,0,1
1789662443896.0,15.99,-2.7448666,5.0401816,9.139686,-2.0277655,-2.6380193,0.6575959,-32.025,38.775,-39.0,10.792200118204356,3.391667896162528,-2.5104403035029597,5.084621496575926,9.420700934076304,11.05530955,76.92710155,378.3358154296875,0.0,3.7900925,,0.0,405.0,,1,1,1,0,1
1789662443906.0,16.0,-2.7448666,5.0401816,9.139686,-2.0277655,-2.6380193,0.6575959,-32.025,38.775,-39.0,10.792200118204356,3.391667896162528,-2.633795608109038,5.060028293904571,9.282450662211415,11.05530955,76.92710155,378.3358154296875,0.0,3.7900925,,0.0,405.0,,1,1,1,0,1
1789662443916.0,16.01,-2.7448666,5.0401816,9.139686,-0.70478517,-1.711643,0.48762277,-32.025,38.775,-39.0,10.792200118204356,1.9142152076303756,-2.77570641499133,5.030520165958989,9.120766056924133,11.05530955,76.92710155,378.3358154296875,0.0,3.7900925,,0.0,405.0,,1,1,1,0,1
1789662443926.0,16.02,-2.7448666,5.0401816,9.139686,-0.70478517,-1.711643,0.48762277,-37.125,44.775,-21.975,10.792200118204356,1.9142152076303756,-2.8308160930980932,5.017897543350784,9.050075670895113,11.05530955,76.92710155,378.3358154296875,0.0,3.7900925,,0.0,405.0,,1,1,1,0,1
1789662443936.0,16.03,-2.7448666,5.0401816,9.139686,-0.70478517,-1.711643,0.48762277,-37.125,44.775,-21.975,10.792200118204356,1.9142152076303756,-2.795153048040097,5.027006138091994,9.067989474683419,11.05530955,76.92710155,378.3358154296875,0.0,3.7900925,,0.0,405.0,,1,1,1,0,1
1789662443946.0,16.04,-2.7448666,5.0401816,9.139686,-0.70478517,-1.711643,0.48762277,-37.125,44.775,-21.975,10.792200118204356,1.9142152076303756,-2.7261583283192494,5.049184461708663,9.116914539504066,11.05530955,76.92710155,378.3358154296875,0.0,3.7900925,,0.0,405.0,,1,1,1,0,1
1789662443956.0,16.05,-2.7448666,5.0401816,9.139686,-0.70478517,-1.711643,0.48762277,-37.125,44.775,-21.975,10.792200118204356,1.9142152076303756,-2.6892310410867886,5.067465562939772,9.151335709200703,11.05530955,76.92710155,378.3358154296875,0.0,3.7900925,,0.0,405.0,,1,1,1,0,1
1789662443966.0,16.06,-2.7448666,5.0401816,9.139686,-0.8393281,-1.0251837,0.07987056,-37.125,44.775,-21.975,10.792200118204356,1.3273479515748738,-2.7189073446485756,5.063425211883484,9.16414618547883,11.05530955,76.92710155,378.3358154296875,0.0,3.7900925,,0.0,405.0,,1,1,1,0,1
1789662443976.0,16.07,-2.7448666,5.0401816,9.139686,-0.8393281,-1.0251837,0.07987056,-37.125,44.775,-21.975,10.792200118204356,1.3273479515748738,-2.7986463814211375,5.029177767665418,9.17023412144907,11.05530955,76.92710155,378.3358154296875,0.0,3.7900925,,0.0,405.0,,1,1,1,0,1
1789662443986.0,16.08,-2.7448666,5.0401816,9.139686,-0.8393281,-1.0251837,0.07987056,-37.125,44.775,-21.975,10.792200118204356,1.3273479515748738,-2.859783029806873,4.982370327533299,9.175103455644848,11.05530955,76.92710155,378.3358154296875,0.0,3.7900925,,0.0,405.0,,1,1,1,0,1
1789662443996.0,16.09,-2.7448666,5.0401816,9.139686,-0.8393281,-1.0251837,0.07987056,-37.125,44.775,-21.975,10.792200118204356,1.3273479515748738,-2.8082973186889983,4.9714884545222,9.159373100902389,11.05530955,76.92710155,378.3358154296875,0.0,3.7900925,,0.0,405.0,,1,1,1,0,1
1789662444006.0,16.1,-2.7448666,5.0401816,9.139686,-0.8393281,-1.0251837,0.07987056,-37.125,44.775,-21.975,10.792200118204356,1.3273479515748738,-2.5807620979536523,5.056464688396171,9.092388769836422,11.05531167,76.9271026,378.4033203125,0.0,3.7900925,,0.0,405.0,,1,1,1,0,1
1789662444016.0,16.11,-2.7448666,5.0401816,9.139686,-0.8393281,-1.0251837,0.07987056,-37.125,44.775,-21.975,10.792200118204356,1.3273479515748738,-2.1990017678184532,5.265259842970405,8.962923828932576,11.05531167,76.9271026,378.4033203125,0.0,3.7900925,,0.0,405.0,,1,1,1,0,1
1789662444026.0,16.12,-1.192523,5.7194443,8.630014,-0.8393281,-1.0251837,0.07987056,-38.325,44.775,-14.55,10.421674330285295,1.3273479515748738,-1.7701305540375525,5.55226508352506,8.799143701928301,11.05531167,76.9271026,378.4033203125,0.0,3.7900925,,0.0,405.0,,1,1,1,0,1
1789662444036.0,16.13,-1.192523,5.7194443,8.630014,-0.8393281,-1.0251837,0.07987056,-38.325,44.775,-14.55,10.421674330285295,1.3273479515748738,-1.4127780336096045,5.794318597436944,8.658152088776276,11.05531167,76.9271026,378.4033203125,0.0,3.7900925,,0.0,405.0,,1,1,1,0,1
1789662444046.0,16.14,-1.192523,5.7194443,8.630014,-0.8393281,-1.0251837,0.07987056,-38.325,44.775,-14.55,10.421674330285295,1.3273479515748738,-1.1674094821298446,5.840808990865741,8.592346334215707,11.05531167,76.9271026,378.4033203125,0.0,3.7900925,,0.0,405.0,,1,1,1,0,1
1789662444056.0,16.15,-1.192523,5.7194443,8.630014,-0.8393281,-1.0251837,0.07987056,-38.325,44.775,-14.55,10.421674330285295,1.3273479515748738,-0.9784181266279675,5.598653573667277,8.61893534791681,11.05531167,76.9271026,378.4033203125,0.0,3.7900925,,0.0,405.0,,1,1,1,0,1
1789662444066.0,16.16,-1.192523,5.7194443,8.630014,-0.8393281,-1.0251837,0.07987056,-38.325,44.775,-14.55,10.421674330285295,1.3273479515748738,-0.7657836738354016,5.102238994674118,8.712957211196487,11.05531167,76.9271026,378.4033203125,0.0,3.7900925,,0.0,405.0,,1,1,1,0,1
1789662444076.0,16.17,-0.12562318,3.8730826,8.922237,-0.8393281,-1.0251837,0.07987056,-38.325,44.775,-14.55,9.727428390584281,1.3273479515748738,-0.5096049113404207,4.512239231164882,8.824693408932083,11.05531167,76.9271026,378.4033203125,0.0,3.7900925,,0.0,405.0,,1,1,1,0,1
1789662444086.0,16.18,-0.12562318,3.8730826,8.922237,-0.8393281,-1.0251837,0.07987056,-38.325,44.775,-14.55,9.727428390584281,1.3273479515748738,-0.2640452362100175,4.027900572616642,8.908199105999199,11.05531167,76.9271026,378.4033203125,0.0,3.7900925,,0.0,405.0,,1,1,1,0,1
1789662444096.0,16.19,-0.12562318,3.8730826,8.922237,-0.8393281,-1.0251837,0.07987056,-38.325,44.775,-14.55,9.727428390584281,1.3273479515748738,-0.09998108738597333,3.7710019457146333,8.943571804150782,11.05531167,76.9271026,378.4033203125,0.0,3.7900925,,0.0,405.0,,1,1,1,0,1
1789662444106.0,16.2,-0.12562318,3.8730826,8.922237,-0.8393281,-1.0251837,0.07987056,-38.325,44.775,-14.55,9.727428390584281,1.3273479515748738,-0.044388780575444715,3.7313594017256277,8.94076470859314,11.05531167,76.9271026,378.4033203125,0.0,3.7900925,,0.0,405.0,,1,1,1,0,1
1789662444116.0,16.21,-0.12562318,3.8730826,8.922237,-0.34055707,0.38576108,-0.2727511,-38.325,44.775,-14.55,9.727428390584281,0.5823949616205151,-0.06936283497175709,3.807171787096383,8.925488841350397,11.05531167,76.9271026,378.4033203125,0.0,3.7900925,,0.0,405.0,,1,1,1,0,1
1789662444126.0,16.22,-0.12562318,3.8730826,8.922237,-0.34055707,0.38576108,-0.2727511,-37.95,44.550003,-12.225,9.727428390584281,0.5823949616205151,-0.12304524772004405,3.8903320326723176,8.919161887034523,11.05531167,76.9271026,378.4033203125,0.0,3.7900925,,0.0,405.0,,1,1,1,0,1
1789662444136.0,16.23,-0.12562318,3.8730826,8.922237,-0.34055707,0.38576108,-0.2727511,-37.95,44.550003,-12.225,9.727428390584281,0.5823949616205151,-0.16306995389804627,3.9251583407302864,8.926059314661996,11.05531167,76.9271026,378.4033203125,0.0,3.7900925,,0.0,405.0,,1,1,1,0,1
1789662444146.0,16.24,-0.12562318,3.8730826,8.922237,-0.34055707,0.38576108,-0.2727511,-37.95,44.550003,-12.225,9.727428390584281,0.5823949616205151,-0.1689416923347079,3.9124211846523176,8.933830106417746,11.05531167,76.9271026,378.4033203125,0.0,3.7900925,,0.0,405.0,,1,1,1,0,1
1789662444156.0,16.25,-0.12562318,3.8730826,8.922237,-0.34055707,0.38576108,-0.2727511,-37.95,44.550003,-12.225,9.727428390584281,0.5823949616205151,-0.13906902360943102,3.8795390640167255,8.925889632476892,11.05531167,76.9271026,378.4033203125,0.0,3.7900925,,0.0,405.0,,1,1,1,0,1
1789662444166.0,16.26,-0.12562318,3.8730826,8.922237,0.43478295,0.4670061,-0.08032871,-37.95,44.550003,-12.225,9.727428390584281,0.6431046669852246,-0.088582737963712,3.851742424016838,8.89881116672531,11.05531167,76.9271026,378.4033203125,0.0,3.7900925,,0.0,405.0,,1,1,1,0,1
1789662444176.0,16.27,-0.12562318,3.8730826,8.922237,0.43478295,0.4670061,-0.08032871,-37.95,44.550003,-12.225,9.727428390584281,0.6431046669852246,-0.051993895676298155,3.8421422275389907,8.873877614752715,11.05531167,76.9271026,378.4033203125,0.0,3.7900925,,0.0,405.0,,1,1,1,0,1
1789662444186.0,16.28,-0.12562318,3.8730826,8.922237,0.43478295,0.4670061,-0.08032871,-37.95,44.550003,-12.225,9.727428390584281,0.6431046669852246,-0.07836718131351683,3.856001129701437,8.89143282118044,11.05531167,76.9271026,378.4033203125,0.0,3.7900925,,0.0,405.0,,1,1,1,0,1
1789662444196.0,16.29,-0.12562318,3.8730826,8.922237,0.43478295,0.4670061,-0.08032871,-37.95,44.550003,-12.225,9.727428390584281,0.6431046669852246,-0.2071112487351552,3.8953769171118195,8.985116453043354,11.05531167,76.9271026,378.4033203125,0.0,3.7900925,,0.0,405.0,,1,1,1,0,1
1789662444206.0,16.3,-0.12562318,3.8730826,8.922237,0.43478295,0.4670061,-0.08032871,-37.95,44.550003,-12.225,9.727428390584281,0.6431046669852246,-0.43436471792258524,3.9573277228989676,9.150883960312857,11.05531167,76.9271026,378.4033203125,0.0,3.7900925,,0.0,405.0,,1,1,1,0,1
1789662444216.0,16.31,-1.0046864,4.1168513,9.545269,0.43478295,0.4670061,-0.08032871,-37.95,44.550003,-12.225,10.443659304621999,0.6431046669852246,-0.7011538403183286,4.030489252818111,9.338614997495215,11.05531167,76.9271026,378.4033203125,0.0,3.7900925,,0.0,405.0,,1,1,1,0,1
1789662444226.0,16.32,-1.0046864,4.1168513,9.545269,0.43478295,0.4670061,-0.08032871,-37.2,42.300003,-15.375001,10.443659304621999,0.6431046669852246,-0.9236794467419899,4.0972784055582325,9.481725099338027,11.05531167,76.9271026,378.4033203125,0.0,3.7900925,,0.0,405.0,,1,1,1,0,1
1789662444236.0,16.33,-1.0046864,4.1168513,9.545269,0.43478295,0.4670061,-0.08032871,-37.2,42.300003,-15.375001,10.443659304621999,0.6431046669852246,-1.0456737381840104,4.1410700936853235,9.54544971389741,11.05531167,76.9271026,378.4033203125,0.0,3.7900925,,0.0,405.0,,1,1,1,0,1
1789662444246.0,16.34,-1.0046864,4.1168513,9.545269,0.43478295,0.4670061,-0.08032871,-37.2,42.300003,-15.375001,10.443659304621999,0.6431046669852246,-1.0684558261783208,4.15204675357378,9.552163438721287,11.05531167,76.9271026,378.4033203125,0.0,3.7900925,,0.0,405.0,,1,1,1,0,1
1789662444256.0,16.35,-1.0046864,4.1168513,9.545269,0.43478295,0.4670061,-0.08032871,-37.2,42.300003,-15.375001,10.443659304621999,0.6431046669852246,-1.0369115753359448,4.129936857883333,9.55881682102877,11.05531167,76.9271026,378.4033203125,0.0,3.7900925,,0.0,405.0,,1,1,1,0,1
1789662444266.0,16.36,-1.0046864,4.1168513,9.545269,0.43478295,0.4670061,-0.08032871,-37.2,42.300003,-15.375001,10.443659304621999,0.6431046669852246,-1.000890684686263,4.087623868917539,9.601452913081989,11.05531167,76.9271026,378.4033203125,0.0,3.7900925,,0.0,405.0,,1,1,1,0,1
1789662444276.0,16.37,-1.0046864,4.1168513,9.545269,0.18188497,0.6924152,0.218995,-37.2,42.300003,-15.375001,10.443659304621999,0.7486519628825807,-0.9860074937182869,4.055430152251078,9.649571853044158,11.05531167,76.9271026,378.4033203125,0.0,3.7900925,,0.0,405.0,,1,1,1,0,1
1789662444286.0,16.38,-1.0046864,4.1168513,9.545269,0.18188497,0.6924152,0.218995,-37.2,42.300003,-15.375001,10.443659304621999,0.7486519628825807,-0.9900888716419122,4.076576546148386,9.610746539931446,11.05531167,76.9271026,378.4033203125,0.0,3.7900925,,0.0,405.0,,1,1,1,0,1
1789662444296.0,16.39,-1.0046864,4.1168513,9.545269,0.18188497,0.6924152,0.218995,-37.2,42.300003,-15.375001,10.443659304621999,0.7486519628825807,-0.9980536844565498,4.185625875186184,9.393803583415574,11.05531167,76.9271026,378.4033203125,0.0,3.7900925,,0.0,405.0,,1,1,1,0,1
1789662444306.0,16.4,-1.0046864,4.1168513,9.545269,0.18188497,0.6924152,0.218995,-37.2,42.300003,-15.375001,10.443659304621999,0.7486519628825807,-0.9986614079552619,4.37947182212837,8.990139190585385,11.05531167,76.9271026,378.4033203125,0.0,3.7900925,,0.0,405.0,,1,1,1,0,1
1789662444316.0,16.41,-0.9768698,4.866403,7.940283,0.18188497,0.6924152,0.218995,-37.2,42.300003,-15.375001,9.363986698231157,0.7486519628825807,-0.9915795820429961,4.607477917875652,8.503528799400865,11.05531167,76.9271026,378.4033203125,0.0,3.7900925,,0.0,405.0,,1,1,1,0,1
1789662444326.0,16.42,-0.9768698,4.866403,7.940283,0.18188497,0.6924152,0.218995,-34.725002,42.0,-21.0,9.363986698231157,0.7486519628825807,-0.9835245606078424,4.797707211118346,8.09174959102393,11.05531167,76.9271026,378.4033203125,0.0,3.7900925,,0.0,405.0,,1,1,1,0,1
1789662444336.0,16.43,-0.9768698,4.866403,7.940283,0.18188497,0.6924152,0.218995,-34.725002,42.0,-21.0,9.363986698231157,0.7486519628825807,-0.9798266879848261,4.9018347048486195,7.863894849240593,11.05531167,76.9271026,378.4033203125,0.0,3.7900925,,0.0,405.0,,1,1,1,0,1
1789662444346.0,16.44,-0.9768698,4.866403,7.940283,0.18188497,0.6924152,0.218995,-34.725002,42.0,-21.0,9.363986698231157,0.7486519628825807,-0.9792204359292664,4.920886554257111,7.820711449204938,11.05531167,76.9271026,378.4033203125,0.0,3.7900925,,0.0,405.0,,1,1,1,0,1
1789662444356.0,16.45,-0.9768698,4.866403,7.940283,0.18188497,0.6924152,0.218995,-34.725002,42.0,-21.0,9.363986698231157,0.7486519628825807,-0.9758243862616146,4.893338888107105,7.879622374414392,11.05531167,76.9271026,378.4033203125,0.0,3.7900925,,0.0,405.0,,1,1,1,0,1
1789662444366.0,16.46,-0.9768698,4.866403,7.940283,0.05635227,0.019089522,0.10705404,-34.725002,42.0,-21.0,9.363986698231157,0.12247675560963796,-0.9665250888317592,4.862198958009584,7.947275626019014,11.05531167,76.9271026,378.4033203125,0.0,3.7900925,,0.0,405.0,,1,1,1,0,1
1789662444376.0,16.47,-0.9768698,4.866403,7.940283,0.05635227,0.019089522,0.10705404,-34.725002,42.0,-21.0,9.363986698231157,0.12247675560963796,-0.9577215146695636,4.849919454686905,7.97516003173696,11.05531167,76.9271026,378.4033203125,0.0,3.7900925,,0.0,405.0,,1,1,1,0,1
1789662444386.0,16.48,-0.9768698,4.866403,7.940283,0.05635227,0.019089522,0.10705404,-34.725002,42.0,-21.0,9.363986698231157,0.12247675560963796,-0.964865618915395,4.854945810641192,7.967223251813774,11.05531167,76.9271026,378.4033203125,0.0,3.7900925,,0.0,405.0,,1,1,1,0,1
1789662444396.0,16.49,-0.9768698,4.866403,7.940283,0.05635227,0.019089522,0.10705404,-34.725002,42.0,-21.0,9.363986698231157,0.12247675560963796,-1.0026705669905533,4.864029504853038,7.952539206833529,11.05531167,76.9271026,378.4033203125,0.0,3.7900925,,0.0,405.0,,1,1,1,0,1
1789662444406.0,16.5,-0.9768698,4.866403,7.940283,0.05635227,0.019089522,0.10705404,-34.725002,42.0,-21.0,9.363986698231157,0.12247675560963796,-1.0720054109909858,4.866754326197188,7.953771830897425,11.05531167,76.9271026,378.4033203125,0.0,3.7900925,,0.0,405.0,,1,1,1,0,1
1789662444416.0,16.51,-1.2502499,4.861019,8.008778,0.05635227,0.019089522,0.10705404,-34.725002,42.0,-21.0,9.451621849402091,0.12247675560963796,-1.154997167603645,4.862662896702273,7.972980710190055,11.05531167,76.9271026,378.4033203125,0.0,3.7900925,,0.0,405.0,,1,1,1,0,1
1789662444426.0,16.52,-1.2502499,4.861019,8.008778,0.05635227,0.019089522,0.10705404,-31.2,41.100002,-24.525002,9.451621849402091,0.12247675560963796,-1.224805469888977,4.859024282377053,7.997252430654639,11.05531167,76.9271026,378.4033203125,0.0,3.7900925,,0.0,405.0,,1,1,1,0,1
1789662444436.0,16.53,-1.2502499,4.861019,8.008778,0.05635227,0.019089522,0.10705404,-31.2,41.100002,-24.525002,9.451621849402091,0.12247675560963796,-1.2629811510852644,4.862845815408968,8.012997092736525,11.05531167,76.9271026,378.4033203125,0.0,3.7900925,,0.0,405.0,,1,1,1,0,1
1789662444446.0,16.54,-1.2502499,4.861019,8.008778,0.05635227,0.019089522,0.10705404,-31.2,41.100002,-24.525002,9.451621849402091,0.12247675560963796,-1.2696909632949722,4.873014483570387,8.0160026630282,11.05531167,76.9271026,378.4033203125,0.0,3.7900925,,0.0,405.0,,1,1,1,0,1
1789662444456.0,16.55,-1.2502499,4.861019,8.008778,0.05635227,0.019089522,0.10705404,-31.2,41.100002,-24.525002,9.451621849402091,0.12247675560963796,-1.2595248345617913,4.878394485128344,8.011714791015024,11.05531167,76.9271026,378.4033203125,0.0,3.7900925,,0.0,405.0,,1,1,1,0,1
1789662444466.0,16.56,-1.2502499,4.861019,8.008778,0.05635227,0.019089522,0.10705404,-31.2,41.100002,-24.525002,9.451621849402091,0.12247675560963796,-1.2488985672151274,4.865375457745373,8.008599814597014,11.05531167,76.9271026,378.4033203125,0.0,3.7900925,,0.0,405.0,,1,1,1,0,1
1789662444476.0,16.57,-1.2502499,4.861019,8.008778,0.20998475,0.54336417,0.19654572,-31.2,41.100002,-24.525002,9.451621849402091,0.6147913764218476,-1.2459737799079538,4.83278945934674,8.010832239539916,11.05531167,76.9271026,378.4033203125,0.0,3.7900925,,0.0,405.0,,1,1,1,0,1
1789662444486.0,16.58,-1.2502499,4.861019,8.008778,0.20998475,0.54336417,0.19654572,-31.2,41.100002,-24.525002,9.451621849402091,0.6147913764218476,-1.2488361073540235,4.804336874012267,8.015055326957308,11.05531167,76.9271026,378.4033203125,0.0,3.7900925,,0.0,405.0,,1,1,1,0,1
1789662444496.0,16.59,-1.2502499,4.861019,8.008778,0.20998475,0.54336417,0.19654572,-31.2,41.100002,-24.525002,9.451621849402091,0.6147913764218476,-1.2504536547604514,4.824624872840292,8.012774150699286,11.05531167,76.9271026,378.4033203125,0.0,3.7900925,,0.0,405.0,,1,1,1,0,1
1789662444506.0,16.6,-1.2502499,4.861019,8.008778,0.20998475,0.54336417,0.19654572,-31.2,41.100002,-24.525002,9.451621849402091,0.6147913764218476,-1.2454698870460896,4.932920778435301,7.996818118433226,11.05531167,76.9271026,378.4033203125,0.0,3.7900925,,0.0,405.0,,1,1,1,0,1
1789662444516.0,16.61,-1.2502499,4.861019,8.008778,0.20998475,0.54336417,0.19654572,-31.2,41.100002,-24.525002,9.451621849402091,0.6147913764218476,-1.2342248350302825,5.1291549327795,7.967563379859381,11.05531167,76.9271026,378.4033203125,0.0,3.7900925,,0.0,405.0,,1,1,1,0,1
1789662444526.0,16.62,-1.2032907,5.63091,7.891529,0.20998475,0.54336417,0.19654572,-29.475,40.800003,-26.1,9.768893790734317,0.6147913764218476,-1.2217371940692827,5.362262358338919,7.933780464931334,11.05531167,76.9271026,378.4033203125,0.0,3.7900925,,0.0,405.0,,1,1,1,0,1
1789662444536.0,16.63,-1.2032907,5.63091,7.891529,0.20998475,0.54336417,0.19654572,-29.475,40.800003,-26.1,9.768893790734317,0.6147913764218476,-1.212766626143052,5.55799532604773,7.906518047022171,11.05531167,76.9271026,378.4033203125,0.0,3.7900925,,0.0,405.0,,1,1,1,0,1
1789662444546.0,16.64,-1.2032907,5.63091,7.891529,0.20998475,0.54336417,0.19654572,-29.475,40.800003,-26.1,9.768893790734317,0.6147913764218476,-1.2072531495917305,5.666396053268914,7.89091664384369,11.05531167,76.9271026,378.4033203125,0.0,3.7900925,,0.0,405.0,,1,1,1,0,1
1789662444556.0,16.65,-1.2032907,5.63091,7.891529,0.20998475,0.54336417,0.19654572,-29.475,40.800003,-26.1,9.768893790734317,0.6147913764218476,-1.200756773221678,5.688445047234885,7.883651780774367,11.05531167,76.9271026,378.4033203125,0.0,3.7900925,,0.0,405.0,,1,1,1,0,1
1789662444566.0,16.66,-1.2032907,5.63091,7.891529,-0.06505709,-0.05009091,0.011148281,-29.475,40.800003,-26.1,9.768893790734317,0.08286017374560085,-1.1905735398555806,5.662850514803336,7.878711931460885,11.05531167,76.9271026,378.4033203125,0.0,3.7900925,,0.0,405.0,,1,1,1,0,1
1789662444576.0,16.67,-1.2032907,5.63091,7.891529,-0.06505709,-0.05009091,0.011148281,-29.475,40.800003,-26.1,9.768893790734317,0.08286017374560085,-1.182579753214455,5.631411041194433,7.876054175655238,11.05531167,76.9271026,378.4033203125,0.0,3.7900925,,0.0,405.0,,1,1,1,0,1
1789662444586.0,16.68,-1.2032907,5.63091,7.891529,-0.06505709,-0.05009091,0.011148281,-29.475,40.800003,-26.1,9.768893790734317,0.08286017374560085,-1.1915116153565888,5.614107496125301,7.884468617062086,11.05531167,76.9271026,378.4033203125,0.0,3.7900925,,0.0,405.0,,1,1,1,0,1
1789662444596.0,16.69,-1.2032907,5.63091,7.891529,-0.06505709,-0.05009091,0.011148281,-29.475,40.800003,-26.1,9.768893790734317,0.08286017374560085,-1.2315516654482799,5.608101342509798,7.914768487784406,11.05531167,76.9271026,378.4033203125,0.0,3.7900925,,0.0,405.0,,1,1,1,0,1
1789662444606.0,16.7,-1.2032907,5.63091,7.891529,-0.06505709,-0.05009091,0.011148281,-29.475,40.800003,-26.1,9.768893790734317,0.08286017374560085,-1.303136346279522,5.6023476578789815,7.968484509181233,11.05531167,76.9271026,378.4033203125,0.0,3.7900925,,0.0,405.0,,1,1,1,0,1
1789662444616.0,16.71,-1.4889339,5.558527,8.110771,-0.06505709,-0.05009091,0.011148281,-29.475,40.800003,-26.1,9.944785205460157,0.08286017374560085,-1.3880868455788455,5.591035512579012,8.032777482272566,11.05531167,76.9271026,378.4033203125,0.0,3.7900925,,0.0,405.0,,1,1,1,0,1
1789662444626.0,16.72,-1.4889339,5.558527,8.110771,-0.06505709,-0.05009091,0.011148281,-29.475,40.800003,-26.1,9.944785205460157,0.08286017374560085,-1.4597792698442276,5.576143189790844,8.087623290900769,11.05531167,76.9271026,378.4033203125,0.0,3.7900925,,0.0,405.0,,1,1,1,0,1
1789662444636.0,16.73,-1.4889339,5.558527,8.110771,-0.06505709,-0.05009091,0.011148281,-28.650002,40.5,-26.550001,9.944785205460157,0.08286017374560085,-1.5006214902355597,5.5619130404297445,8.119346145028258,11.05531167,76.9271026,378.4033203125,0.0,3.7900925,,0.0,405.0,,1,1,1,0,1
1789662444646.0,16.74,-1.4889339,5.558527,8.110771,-0.06505709,-0.05009091,0.011148281,-28.650002,40.5,-26.550001,9.944785205460157,0.08286017374560085,-1.5113098466833106,5.550313362003775,8.128106193316675,11.05531167,76.9271026,378.4033203125,0.0,3.7900925,,0.0,405.0,,1,1,1,0,1
1789662444656.0,16.75,-1.4889339,5.558527,8.110771,-0.06505709,-0.05009091,0.011148281,-28.650002,40.5,-26.550001,9.944785205460157,0.08286017374560085,-1.5049790442602726,5.54245216833982,8.123652381413647,11.05531167,76.9271026,378.4033203125,0.0,3.7900925,,0.0,405.0,,1,1,1,0,1
1789662444666.0,16.76,-1.4889339,5.558527,8.110771,-0.06505709,-0.05009091,0.011148281,-28.650002,40.5,-26.550001,9.944785205460157,0.08286017374560085,-1.4941847063095048,5.54241480276465,8.115377019847154,11.05531167,76.9271026,378.4033203125,0.0,3.7900925,,0.0,405.0,,1,1,1,0,1
1789662444676.0,16.77,-1.4889339,5.558527,8.110771,-0.05589412,0.0792597,0.06734783,-28.650002,40.5,-26.550001,9.944785205460157,0.11807617414353032,-1.483529333644864,5.556176127528415,8.106691358967575,11.05531167,76.9271026,378.4033203125,0.0,3.7900925,,0.0,405.0,,1,1,1,0,1
1789662444686.0,16.78,-1.4889339,5.558527,8.110771,-0.05589412,0.0792597,0.06734783,-28.650002,40.5,-26.550001,9.944785205460157,0.11807617414353032,-1.4730921325115751,5.582810083620724,8.097820872950251,11.05531167,76.9271026,378.4033203125,0.0,3.7900925,,0.0,405.0,,1,1,1,0,1
1789662444696.0,16.79,-1.4889339,5.558527,8.110771,-0.05589412,0.0792597,0.06734783,-28.650002,40.5,-26.550001,9.944785205460157,0.11807617414353032,-1.4670861046261328,5.6045086781846996,8.092617722312786,11.05531167,76.9271026,378.4033203125,0.0,3.7900925,,0.0,405.0,,1,1,1,0,1
1789662444706.0,16.8,-1.4889339,5.558527,8.110771,-0.05589412,0.0792597,0.06734783,-28.650002,40.5,-26.550001,9.944785205460157,0.11807617414353032,-1.4775115337723395,5.58768293111934,8.101222853844913,11.05531167,76.9271026,378.4033203125,0.0,3.7900925,,0.0,405.0,,1,1,1,0,1
1789662444716.0,16.81,-1.4889339,5.558527,8.110771,-0.05589412,0.0792597,0.06734783,-28.650002,40.5,-26.550001,9.944785205460157,0.11807617414353032,-1.5171467255697906,5.5017644710028835,8.134073014697965,11.05531167,76.9271026,378.4033203125,0.0,3.7900925,,0.0,405.0,,1,1,1,0,1
1789662444726.0,16.82,-1.4889339,5.558527,8.110771,-0.05589412,0.0792597,0.06734783,-27.825,40.5,-27.45,9.944785205460157,0.11807617414353032,-1.5868177286420977,5.34549788079244,8.191390747003066,11.05531167,76.9271026,378.4033203125,0.0,3.7900925,,0.0,405.0,,1,1,1,0,1
1789662444736.0,16.83,-1.7659031,4.938786,8.335996,-0.05589412,0.0792597,0.06734783,-27.825,40.5,-27.45,9.848799430610901,0.11807617414353032,-1.66948801565259,5.157224462703001,8.258542610748151,11.05531167,76.9271026,378.4033203125,0.0,3.7900925,,0.0,405.0,,1,1,1,0,1
1789662444746.0,16.84,-1.7659031,4.938786,8.335996,-0.05589412,0.0792597,0.06734783,-27.825,40.5,-27.45,9.848799430610901,0.11807617414353032,-1.7390848179107399,4.995101726213031,8.313812790673332,11.05531167,76.9271026,378.4033203125,0.0,3.7900925,,0.0,405.0,,1,1,1,0,1
1789662444756.0,16.85,-1.7659031,4.938786,8.335996,-0.05589412,0.0792597,0.06734783,-27.825,40.5,-27.45,9.848799430610901,0.11807617414353032,-1.7775763487858924,4.901646559118839,8.343073040619238,11.05531167,76.9271026,378.4033203125,0.0,3.7900925,,0.0,405.0,,1,1,1,0,1
1789662444766.0,16.86,-1.7659031,4.938786,8.335996,-0.05589412,0.0792597,0.06734783,-27.825,40.5,-27.45,9.848799430610901,0.11807617414353032,-1.7852558211645129,4.882554660430476,8.348410188856722,11.05531167,76.9271026,378.4033203125,0.0,3.7900925,,0.0,405.0,,1,1,1,0,1
1789662444776.0,16.87,-1.7659031,4.938786,8.335996,-0.14721839,0.003359756,-0.12324196,-27.825,40.5,-27.45,9.848799430610901,0.1920237563928308,-1.7764586306514931,4.912989976143981,8.343615799231378,11.05531167,76.9271026,378.4033203125,0.0,3.7900925,,0.0,405.0,,1,1,1,0,1
1789662444786.0,16.88,-1.7659031,4.938786,8.335996,-0.14721839,0.003359756,-0.12324196,-27.825,40.5,-27.45,9.848799430610901,0.1920237563928308,-1.766752139350152,4.957539830111019,8.341461374075815,11.05531167,76.9271026,378.4033203125,0.0,3.7900925,,0.0,405.0,,1,1,1,0,1
1789662444796.0,16.89,-1.7659031,4.938786,8.335996,-0.14721839,0.003359756,-0.12324196,-27.825,40.5,-27.45,9.848799430610901,0.1920237563928308,-1.7630425443033741,4.984427265874465,8.343531360945116,11.05531167,76.9271026,378.4033203125,0.0,3.7900925,,0.0,405.0,,1,1,1,0,1
1789662444806.0,16.9,-1.7659031,4.938786,8.335996,-0.14721839,0.003359756,-0.12324196,-27.825,40.5,-27.45,9.848799430610901,0.1920237563928308,-1.7627152306744855,4.970143439706177,8.33998282703304,11.05531167,76.9271026,378.4033203125,0.0,3.7900925,,0.0,405.0,,1,1,1,0,1
1789662444816.0,16.91,-1.7659031,4.938786,8.335996,-0.14721839,0.003359756,-0.12324196,-28.2,40.425003,-26.1,9.848799430610901,0.1920237563928308,-1.7598640301715318,4.9033014011418325,8.318861355370927,11.05531167,76.9271026,378.4033203125,0.0,3.7900925,,0.0,405.0,,1,1,1,0,1
1789662444826.0,16.92,-1.7659031,4.938786,8.335996,-0.14721839,0.003359756,-0.12324196,-28.2,40.425003,-26.1,9.848799430610901,0.1920237563928308,-1.7523596554799437,4.791715881627541,8.27765441323324,11.05531167,76.9271026,378.4033203125,0.0,3.7900925,,0.0,405.0,,1,1,1,0,1
1789662444836.0,16.93,-1.7350955,4.5224347,8.169097,-0.14721839,0.003359756,-0.12324196,-28.2,40.425003,-26.1,9.49721631875853,0.1920237563928308,-1.7441325302324937,4.664159874097102,8.227544322198804,11.05531167,76.9271026,378.4033203125,0.0,3.7900925,,0.0,405.0,,1,1,1,0,1
1789662444846.0,16.94,-1.7350955,4.5224347,8.169097,-0.14721839,0.003359756,-0.12324196,-28.2,40.425003,-26.1,9.49721631875853,0.1920237563928308,-1.741110459136698,4.557896255516948,8.186187929726168,11.05531167,76.9271026,378.4033203125,0.0,3.7900925,,0.0,405.0,,1,1,1,0,1
1789662444856.0,16.95,-1.7350955,4.5224347,8.169097,-0.14721839,0.003359756,-0.12324196,-28.2,40.425003,-26.1,9.49721631875853,0.1920237563928308,-1.744303541707149,4.49822784416404,8.16489840305982,11.05531167,76.9271026,378.4033203125,0.0,3.7900925,,0.0,405.0,,1,1,1,0,1
1789662444866.0,16.96,-1.7350955,4.5224347,8.169097,-0.14721839,0.003359756,-0.12324196,-28.2,40.425003,-26.1,9.49721631875853,0.1920237563928308,-1.746427226626861,4.486848034624647,8.161355204375173,11.05531167,76.9271026,378.4033203125,0.0,3.7900925,,0.0,405.0,,1,1,1,0,1
1789662444876.0,16.97,-1.7350955,4.5224347,8.169097,-0.081703156,0.28863358,-0.024281872,-28.2,40.425003,-26.1,9.49721631875853,0.3009557417824108,-1.7368020607356427,4.506709360380039,8.163716514677677,11.05531167,76.9271026,378.4033203125,0.0,3.7900925,,0.0,405.0,,1,1,1,0,1
1789662444886.0,16.98,-1.7350955,4.5224347,8.169097,-0.081703156,0.28863358,-0.024281872,-28.2,40.425003,-26.1,9.49721631875853,0.3009557417824108,-1.713266844216696,4.534850179499755,8.162010779920541,11.05531167,76.9271026,378.4033203125,0.0,3.7900925,,0.0,405.0,,1,1,1,0,1
1789662444896.0,16.99,-1.7350955,4.5224347,8.169097,-0.081703156,0.28863358,-0.024281872,-28.2,40.425003,-26.1,9.49721631875853,0.3009557417824108,-1.6926400253610232,4.551246173279175,8.157399523656894,11.05531167,76.9271026,378.4033203125,0.0,3.7900925,,0.0,405.0,,1,1,1,0,1
1789662444906.0,17.0,-1.7350955,4.5224347,8.169097,-0.081703156,0.28863358,-0.024281872,-28.2,40.425003,-26.1,9.49721631875853,0.3009557417824108,-1.7082933266151612,4.541522270589829,8.162127446806721,11.05531167,76.9271026,378.4033203125,0.0,3.7900925,,0.0,405.0,,1,1,1,0,1
1789662444916.0,17.01,-1.7350955,4.5224347,8.169097,-0.081703156,0.28863358,-0.024281872,-28.2,40.425003,-26.1,9.49721631875853,0.3009557417824108,-1.790222347039736,4.49914974648382,8.189753826838576,11.05531167,76.9271026,378.4033203125,0.0,3.7900925,,0.0,405.0,,1,1,1,0,1
1789662444926.0,17.02,-1.7350955,4.5224347,8.169097,-0.081703156,0.28863358,-0.024281872,-26.7,39.825,-28.575,9.49721631875853,0.3009557417824108,-1.9389830178819103,4.429561509411966,8.24271829695454,11.05531167,76.9271026,378.4033203125,0.0,3.7900925,,0.0,405.0,,1,1,1,0,1
1789662444936.0,17.03,-2.32373,4.260421,8.383852,-0.081703156,0.28863358,-0.024281872,-26.7,39.825,-28.575,9.687098769396593,0.3009557417824108,-2.116583571044347,4.350772425859967,8.307617651933553,11.05531167,76.9271026,378.4033203125,0.0,3.7900925,,0.0,405.0,,1,1,1,0,1
1789662444946.0,17.04,-2.32373,4.260421,8.383852,-0.081703156,0.28863358,-0.024281872,-26.7,39.825,-28.575,9.687098769396593,0.3009557417824108,-2.26723477776574,4.285186989130031,8.363139529984817,11.05531167,76.9271026,378.4033203125,0.0,3.7900925,,0.0,405.0,,1,1,1,0,1
1789662444956.0,17.05,-2.32373,4.260421,8.383852,-0.081703156,0.28863358,-0.024281872,-26.7,39.825,-28.575,9.687098769396593,0.3009557417824108,-2.352736846554552,4.247075533003302,8.394246233722033,11.05531167,76.9271026,378.4033203125,0.0,3.7900925,,0.0,405.0,,1,1,1,0,1
1789662444966.0,17.06,-2.32373,4.260421,8.383852,-0.081703156,0.28863358,-0.024281872,-26.7,39.825,-28.575,9.687098769396593,0.3009557417824108,-2.3720826869501,4.236583760937115,8.400454614543563,11.05531167,76.9271026,378.4033203125,0.0,3.7900925,,0.0,405.0,,1,1,1,0,1
1789662444976.0,17.07,-2.32373,4.260421,8.383852,-0.41874775,-0.21105376,-0.32635447,-26.7,39.825,-28.575,9.687098769396593,0.5713148062401158,-2.3518134078635606,4.244508518867395,8.392554250402341,11.05531167,76.9271026,378.4033203125,0.0,3.7900925,,0.0,405.0,,1,1,1,0,1
1789662444986.0,17.08,-2.32373,4.260421,8.383852,-0.41874775,-0.21105376,-0.32635447,-26.7,39.825,-28.575,9.687098769396593,0.5713148062401158,-2.321966693572513,4.260788623302164,8.382934741163343,11.05531167,76.9271026,378.4033203125,0.0,3.7900925,,0.0,405.0,,1,1,1,0,1
1789662444996.0,17.09,-2.32373,4.260421,8.383852,-0.41874775,-0.21105376,-0.32635447,-26.7,39.825,-28.575,9.687098769396593,0.5713148062401158,-2.3005916717993586,4.277588225391965,8.378312245358895,11.05531167,76.9271026,378.4033203125,0.0,3.7900925,,0.0,405.0,,1,1,1,0,1
1789662445006.0,17.1,-2.32373,4.260421,8.383852,-0.41874775,-0.21105376,-0.32635447,-26.7,39.825,-28.575,9.687098769396593,0.5713148062401158,-2.294888524687575,4.2860744563425515,8.378918793161375,11.05531315,76.92710142,377.9000854492188,0.0,3.7900925,,0.0,405.0,,1,1,1,0,1
1789662445016.0,17.11,-2.32373,4.260421,8.383852,-0.41874775,-0.21105376,-0.32635447,-28.275002,39.975002,-24.975,9.687098769396593,0.5713148062401158,-2.309608405863286,4.274230198992523,8.382128965469745,11.05531315,76.92710142,377.9000854492188,0.0,3.7900925,,0.0,405.0,,1,1,1,0,1
1789662445026.0,17.12,-2.32373,4.260421,8.383852,-0.41874775,-0.21105376,-0.32635447,-28.275002,39.975002,-24.975,9.687098769396593,0.5713148062401158,-2.3497675130190627,4.232373752466586,8.386269316289868,11.05531315,76.92710142,377.9000854492188,0.0,3.7900925,,0.0,405.0,,1,1,1,0,1
1789662445036.0,17.13,-2.32373,4.260421,8.383852,-0.41874775,-0.21105376,-0.32635447,-28.275002,39.975002,-24.975,9.687098769396593,0.5713148062401158,-2.4148477588780377,4.163631754852126,8.391942938217147,11.05531315,76.92710142,377.9000854492188,0.0,3.7900925,,0.0,405.0,,1,1,1,0,1
1789662445046.0,17.14,-2.5872395,4.004688,8.414361,-0.41874775,-0.21105376,-0.32635447,-28.275002,39.975002,-24.975,9.671235973029779,0.5713148062401158,-2.493095178027222,4.087920494843758,8.400803020881066,11.05531315,76.92710142,377.9000854492188,0.0,3.7900925,,0.0,405.0,,1,1,1,0,1
1789662445056.0,17.15,-2.5872395,4.004688,8.414361,-0.41874775,-0.21105376,-0.32635447,-28.275002,39.975002,-24.975,9.671235973029779,0.5713148062401158,-2.564545293252018,4.031249659305957,8.413065128232363,11.05531315,76.92710142,377.9000854492188,0.0,3.7900925,,0.0,405.0,,1,1,1,0,1
1789662445066.0,17.16,-2.5872395,4.004688,8.414361,-0.41874775,-0.21105376,-0.32635447,-28.275002,39.975002,-24.975,9.671235973029779,0.5713148062401158,-2.610747656395863,4.006741121196443,8.425214584236038,11.05531315,76.92710142,377.9000854492188,0.0,3.7900925,,0.0,405.0,,1,1,1,0,1
1789662445076.0,17.17,-2.5872395,4.004688,8.414361,-0.2151771,0.73853546,0.38453934,-28.275002,39.975002,-24.975,9.671235973029779,0.8600036709511519,-2.6223352128405977,4.004276945807071,8.429750715485614,11.05531315,76.92710142,377.9000854492188,0.0,3.7900925,,0.0,405.0,,1,1,1,0,1
1789662445086.0,17.18,-2.5872395,4.004688,8.414361,-0.2151771,0.73853546,0.38453934,-28.275002,39.975002,-24.975,9.671235973029779,0.8600036709511519,-2.6011185590822965,3.999813913575544,8.419208116160643,11.05531315,76.92710142,377.9000854492188,0.0,3.7900925,,0.0,405.0,,1,1,1,0,1
1789662445096.0,17.19,-2.5872395,4.004688,8.414361,-0.2151771,0.73853546,0.38453934,-28.275002,39.975002,-24.975,9.671235973029779,0.8600036709511519,-2.561248912353149,3.9788735383461002,8.394641855021202,11.05531315,76.92710142,377.9000854492188,0.0,3.7900925,,0.0,405.0,,1,1,1,0,1
1789662445106.0,17.2,-2.5872395,4.004688,8.414361,-0.2151771,0.73853546,0.38453934,-28.275002,39.975002,-24.975,9.671235973029779,0.8600036709511519,-2.531341572332515,3.9562470661993654,8.373432231520702,11.05531315,76.92710142,377.9000854492188,0.0,3.7900925,,0.0,405.0,,1,1,1,0,1
1789662445116.0,17.21,-2.5872395,4.004688,8.414361,-0.2151771,0.73853546,0.38453934,-25.125002,40.125,-26.175001,9.671235973029779,0.8600036709511519,-2.550180044846064,3.974022847288548,8.387116844381127,11.05531315,76.92710142,377.9000854492188,0.0,3.7900925,,0.0,405.0,,1,1,1,0,1
1789662445126.0,17.22,-2.5872395,4.004688,8.414361,-0.2151771,0.73853546,0.38453934,-25.125002,40.125,-26.175001,9.671235973029779,0.8600036709511519,-2.648332857676989,4.073623525102775,8.464215638993396,11.05531315,76.92710142,377.9000854492188,0.0,3.7900925,,0.0,405.0,,1,1,1,0,1
1789662445136.0,17.23,-2.5872395,4.004688,8.414361,-0.2151771,0.73853546,0.38453934,-25.125002,40.125,-26.175001,9.671235973029779,0.8600036709511519,-2.82317603251728,4.259407866627356,8.606897192493262,11.05531315,76.92710142,377.9000854492188,0.0,3.7900925,,0.0,405.0,,1,1,1,0,1
1789662445146.0,17.24,-3.266801,4.747659,8.985647,-0.2151771,0.73853546,0.38453934,-25.125002,40.125,-26.175001,10.674928887936021,0.8600036709511519,-3.030210999664794,4.484957787392142,8.781659947308286,11.05531315,76.92710142,377.9000854492188,0.0,3.7900925,,0.0,405.0,,1,1,1,0,1
1789662445156.0,17.25,-3.266801,4.747659,8.985647,-0.2151771,0.73853546,0.38453934,-25.125002,40.125,-26.175001,10.674928887936021,0.8600036709511519,-3.2055386679622497,4.678632018449199,8.936005628582397,11.05531315,76.92710142,377.9000854492188,0.0,3.7900925,,0.0,405.0,,1,1,1,0,1
1789662445166.0,17.26,-3.266801,4.747659,8.985647,-0.2151771,0.73853546,0.38453934,-25.125002,40.125,-26.175001,10.674928887936021,0.8600036709511519,-3.30446979646925,4.7889058686794,9.028634870266474,11.05531315,76.92710142,377.9000854492188,0.0,3.7900925,,0.0,405.0,,1,1,1,0,1
1789662445176.0,17.27,-3.266801,4.747659,8.985647,-0.2151771,0.73853546,0.38453934,-25.125002,40.125,-26.175001,10.674928887936021,0.8600036709511519,-3.3238981415845306,4.811081143842979,9.048190371107559,11.05531315,76.92710142,377.9000854492188,0.0,3.7900925,,0.0,405.0,,1,1,1,0,1
1789662445186.0,17.28,-3.266801,4.747659,8.985647,-0.18371756,0.65561056,0.7806851,-25.125002,40.125,-26.175001,10.674928887936021,1.0358796134676447,-3.293702229314418,4.778124875263928,9.01106628533418,11.05531315,76.92710142,377.9000854492188,0.0,3.7900925,,0.0,405.0,,1,1,1,0,1
1789662445196.0,17.29,-3.266801,4.747659,8.985647,-0.18371756,0.65561056,0.7806851,-25.125002,40.125,-26.175001,10.674928887936021,1.0358796134676447,-3.2522908537397166,4.732810482585408,8.950647572398033,11.05531315,76.92710142,377.9000854492188,0.0,3.7900925,,0.0,405.0,,1,1,1,0,1
1789662445206.0,17.3,-3.266801,4.747659,8.985647,-0.18371756,0.65561056,0.7806851,-25.125002,40.125,-26.175001,10.674928887936021,1.0358796134676447,-3.2290076100429097,4.707337056670258,8.910494028536297,11.05531315,76.92710142,377.9000854492188,0.0,3.7900925,,0.0,405.0,,1,1,1,0,1
1789662445216.0,17.31,-3.266801,4.747659,8.985647,-0.18371756,0.65561056,0.7806851,-20.475,42.15,-27.000002,10.674928887936021,1.0358796134676447,-3.2401855592223225,4.718845996199097,8.936949845741468,11.05531315,76.92710142,377.9000854492188,0.0,3.7900925,,0.0,405.0,,1,1,1,0,1
1789662445226.0,17.32,-3.266801,4.747659,8.985647,-0.18371756,0.65561056,0.7806851,-20.475,42.15,-27.000002,10.674928887936021,1.0358796134676447,-3.2904314925761318,4.771731226178999,9.059824075813651,11.05531315,76.92710142,377.9000854492188,0.0,3.7900925,,0.0,405.0,,1,1,1,0,1
1789662445236.0,17.33,-3.266801,4.747659,8.985647,-0.18371756,0.65561056,0.7806851,-20.475,42.15,-27.000002,10.674928887936021,1.0358796134676447,-3.3718006949145427,4.857905020234017,9.266499659108682,11.05531315,76.92710142,377.9000854492188,0.0,3.7900925,,0.0,405.0,,1,1,1,0,1
1789662445246.0,17.34,-3.5647075,5.0676994,9.74477,-0.18371756,0.65561056,0.7806851,-20.475,42.15,-27.000002,11.547694970088907,1.0358796134676447,-3.4639715119249392,4.957177130503266,9.495806701648037,11.05531315,76.92710142,377.9000854492188,0.0,3.7900925,,0.0,405.0,,1,1,1,0,1
1789662445256.0,17.35,-3.5647075,5.0676994,9.74477,-0.18371756,0.65561056,0.7806851,-20.475,42.15,-27.000002,11.547694970088907,1.0358796134676447,-3.5416143839982963,5.043796758287281,9.670634042184897,11.05531315,76.92710142,377.9000854492188,0.0,3.7900925,,0.0,405.0,,1,1,1,0,1
1789662445266.0,17.36,-3.5647075,5.0676994,9.74477,-0.18371756,0.65561056,0.7806851,-20.475,42.15,-27.000002,11.547694970088907,1.0358796134676447,-3.586461113495635,5.0971588883107986,9.750656320681625,11.05531315,76.92710142,377.9000854492188,0.0,3.7900925,,0.0,405.0,,1,1,1,0,1
1789662445276.0,17.37,-3.5647075,5.0676994,9.74477,-0.18371756,0.65561056,0.7806851,-20.475,42.15,-27.000002,11.547694970088907,1.0358796134676447,-3.59464169049391,5.108593077860168,9.759940155098837,11.05531315,76.92710142,377.9000854492188,0.0,3.7900925,,0.0,405.0,,1,1,1,0,1
1789662445286.0,17.38,-3.5647075,5.0676994,9.74477,0.6620246,1.3471094,1.0613774,-20.475,42.15,-27.000002,11.547694970088907,1.8383422673170193,-3.5752831622784473,5.082202102757045,9.762071762425856,11.05531315,76.92710142,377.9000854492188,0.0,3.7900925,,0.0,405.0,,1,1,1,0,1
1789662445296.0,17.39,-3.5647075,5.0676994,9.74477,0.6620246,1.3471094,1.0613774,-20.475,42.15,-27.000002,11.547694970088907,1.8383422673170193,-3.545602676578335,5.035591100906554,9.799854448759787,11.05531315,76.92710142,377.9000854492188,0.0,3.7900925,,0.0,405.0,,1,1,1,0,1
1789662445306.0,17.4,-3.5647075,5.0676994,9.74477,0.6620246,1.3471094,1.0613774,-20.475,42.15,-27.000002,11.547694970088907,1.8383422673170193,-3.5274773210966575,5.002199378022568,9.846213916882169,11.05531315,76.92710142,377.9000854492188,0.0,3.7900925,,0.0,405.0,,1,1,1,0,1
1789662445316.0,17.41,-3.5647075,5.0676994,9.74477,0.6620246,1.3471094,1.0613774,-12.525001,43.2,-31.725,11.547694970088907,1.8383422673170193,-3.542734263048121,5.025969406712452,9.808445687904014,11.05531315,76.92710142,377.9000854492188,0.0,3.7900925,,0.0,405.0,,1,1,1,0,1
1789662445326.0,17.42,-3.5647075,5.0676994,9.74477,0.6620246,1.3471094,1.0613774,-12.525001,43.2,-31.725,11.547694970088907,1.8383422673170193,-3.602180505085604,5.13938674374753,9.593112079804412,11.05531315,76.92710142,377.9000854492188,0.0,3.7900925,,0.0,405.0,,1,1,1,0,1
1789662445336.0,17.43,-3.5647075,5.0676994,9.74477,0.6620246,1.3471094,1.0613774,-12.525001,43.2,-31.725,11.547694970088907,1.8383422673170193,-3.692606557474412,5.334435915638282,9.189299440069764,11.05531315,76.92710142,377.9000854492188,0.0,3.7900925,,0.0,405.0,,1,1,1,0,1
1789662445346.0,17.44,-3.8536408,5.7966127,8.130512,0.6620246,1.3471094,1.0613774,-12.525001,43.2,-31.725,10.70310663271977,1.8383422673170193,-3.7766905803782795,5.554453435478773,8.699588905990385,11.05531315,76.92710142,377.9000854492188,0.0,3.7900925,,0.0,405.0,,1,1,1,0,1
1789662445356.0,17.45,-3.8536408,5.7966127,8.130512,0.6620246,1.3471094,1.0613774,-12.525001,43.2,-31.725,10.70310663271977,1.8383422673170193,-3.816262716435022,5.725123215956955,8.282199805435939,11.05531315,76.92710142,377.9000854492188,0.0,3.7900925,,0.0,405.0,,1,1,1,0,1
1789662445366.0,17.46,-3.8536408,5.7966127,8.130512,0.6620246,1.3471094,1.0613774,-12.525001,43.2,-31.725,10.70310663271977,1.8383422673170193,-3.8072646265664187,5.805614108099725,8.048592870798748,11.05531315,76.92710142,377.9000854492188,0.0,3.7900925,,0.0,405.0,,1,1,1,0,1
1789662445376.0,17.47,-3.8536408,5.7966127,8.130512,0.6620246,1.3471094,1.0613774,-12.525001,43.2,-31.725,10.70310663271977,1.8383422673170193,-3.7950513728320963,5.815918256387283,8.003491459512738,11.05531315,76.92710142,377.9000854492188,0.0,3.7900925,,0.0,405.0,,1,1,1,0,1
1789662445386.0,17.48,-3.8536408,5.7966127,8.130512,0.013744457,1.6670498,1.7472258,-12.525001,43.2,-31.725,10.70310663271977,2.4149620994880863,-3.844395889559791,5.814552097373357,8.067871921823542,11.05531315,76.92710142,377.9000854492188,0.0,3.7900925,,0.0,405.0,,1,1,1,0,1
1789662445396.0,17.49,-3.8536408,5.7966127,8.130512,0.013744457,1.6670498,1.7472258,-12.525001,43.2,-31.725,10.70310663271977,2.4149620994880863,-3.97153874765855,5.843166886038635,8.147539407772117,11.05531315,76.92710142,377.9000854492188,0.0,3.7900925,,0.0,405.0,,1,1,1,0,1
1789662445406.0,17.5,-3.8536408,5.7966127,8.130512,0.013744457,1.6670498,1.7472258,-12.525001,43.2,-31.725,10.70310663271977,2.4149620994880863,-4.085594575465254,5.8814524594709265,8.185270450107481,11.05531315,76.92710142,377.9000854492188,0.0,3.7900925,,0.0,405.0,,1,1,1,0,1
1789662445416.0,17.51,-3.8536408,5.7966127,8.130512,0.013744457,1.6670498,1.7472258,-12.525001,43.2,-31.725,10.70310663271977,2.4149620994880863,-4.002276212376691,5.850159275527652,8.169883916459872,11.05531315,76.92710142,377.9000854492188,0.0,3.7900925,,0.0,405.0,,1,1,1,0,1
1789662445426.0,17.52,-3.8536408,5.7966127,8.130512,0.013744457,1.6670498,1.7472258,-0.975,42.675003,-33.600002,10.70310663271977,2.4149620994880863,-3.5548078926693187,5.6680043119502646,8.117488636178642,11.05531315,76.92710142,377.9000854492188,0.0,3.7900925,,0.0,405.0,,1,1,1,0,1
1789662445436.0,17.53,-3.8536408,5.7966127,8.130512,0.013744457,1.6670498,1.7472258,-0.975,42.675003,-33.600002,10.70310663271977,2.4149620994880863,-2.739075634153746,5.324823471769532,8.051017748321025,11.05531315,76.92710142,377.9000854492188,0.0,3.7900925,,0.0,405.0,,1,1,1,0,1
1789662445446.0,17.54,-0.6451648,4.432704,7.9295154,0.013744457,1.6670498,1.7472258,-0.975,42.675003,-33.600002,9.107267254759366,2.4149620994880863,-1.7654406369756177,4.909204655118218,7.9896275037237885,11.05531315,76.92710142,377.9000854492188,0.0,3.7900925,,0.0,405.0,,1,1,1,0,1
1789662445456.0,17.55,-0.6451648,4.432704,7.9295154,0.013744457,1.6670498,1.7472258,-0.975,42.675003,-33.600002,9.107267254759366,2.4149620994880863,-0.9446927128812825,4.558404239753965,7.944945243992168,11.05531315,76.92710142,377.9000854492188,0.0,3.7900925,,0.0,405.0,,1,1,1,0,1
1789662445466.0,17.56,-0.6451648,4.432704,7.9295154,0.013744457,1.6670498,1.7472258,-0.975,42.675003,-33.600002,9.107267254759366,2.4149620994880863,-0.48995447787858165,4.368196616748069,7.920036340464767,11.05531315,76.92710142,377.9000854492188,0.0,3.7900925,,0.0,405.0,,1,1,1,0,1
1789662445476.0,17.57,-0.6451648,4.432704,7.9295154,0.013744457,1.6670498,1.7472258,-0.975,42.675003,-33.600002,9.107267254759366,2.4149620994880863,-0.40257428804984663,4.338508725847474,7.911647104546717,11.05531315,76.92710142,377.9000854492188,0.0,3.7900925,,0.0,405.0,,1,1,1,0,1
1789662445486.0,17.58,-0.6451648,4.432704,7.9295154,0.09789107,0.41599888,0.57360196,-0.975,42.675003,-33.600002,9.107267254759366,0.7153019909540591,-0.5218195748336251,4.393045903759304,7.915359375653738,11.05531315,76.92710142,377.9000854492188,0.0,3.7900925,,0.0,405.0,,1,1,1,0,1
1789662445496.0,17.59,-0.6451648,4.432704,7.9295154,0.09789107,0.41599888,0.57360196,-0.975,42.675003,-33.600002,9.107267254759366,0.7153019909540591,-0.664630116045443,4.444145190973297,7.9287019048921294,11.05531315,76.92710142,377.9000854492188,0.0,3.7900925,,0.0,405.0,,1,1,1,0,1
1789662445506.0,17.6,-0.6451648,4.432704,7.9295154,0.09789107,0.41599888,0.57360196,-0.975,42.675003,-33.600002,9.107267254759366,0.7153019909540591,-0.7305222980204411,4.448268380531719,7.947946764283353,11.05531315,76.92710142,377.9000854492188,0.0,3.7900925,,0.0,405.0,,1,1,1,0,1
1789662445516.0,17.61,-0.6451648,4.432704,7.9295154,0.09789107,0.41599888,0.57360196,5.925,41.850002,-34.275,9.107267254759366,0.7153019909540591,-0.7150969380016511,4.420870368381321,7.961515924536162,11.05531315,76.92710142,377.9000854492188,0.0,3.7900925,,0.0,405.0,,1,1,1,0,1
1789662445526.0,17.62,-0.6451648,4.432704,7.9295154,0.09789107,0.41599888,0.57360196,5.925,41.850002,-34.275,9.107267254759366,0.7153019909540591,-0.6618825094351077,4.413054025308162,7.948953505881734,11.05531315,76.92710142,377.9000854492188,0.0,3.7900925,,0.0,405.0,,1,1,1,0,1
1789662445536.0,17.63,-0.6451648,4.432704,7.9295154,0.09789107,0.41599888,0.57360196,5.925,41.850002,-34.275,9.107267254759366,0.7153019909540591,-0.6115071349414235,4.470715543748514,7.891533157552715,11.05531315,76.92710142,377.9000854492188,0.0,3.7900925,,0.0,405.0,,1,1,1,0,1
1789662445546.0,17.64,-0.6451648,4.432704,7.9295154,0.09789107,0.41599888,0.57360196,5.925,41.850002,-34.275,9.107267254759366,0.7153019909540591,-0.5819015955407256,4.60114825026441,7.788815053341342,11.05531315,76.92710142,377.9000854492188,0.0,3.7900925,,0.0,405.0,,1,1,1,0,1
1789662445556.0,17.65,-0.5703891,4.9582276,7.522735,0.09789107,0.41599888,0.57360196,5.925,41.850002,-34.275,9.027785251047213,0.7153019909540591,-0.5746990573182161,4.767200248287795,7.6656515410931,11.05531315,76.92710142,377.9000854492188,0.0,3.7900925,,0.0,405.0,,1,1,1,0,1
1789662445566.0,17.66,-0.5703891,4.9582276,7.522735,0.09789107,0.41599888,0.57360196,5.925,41.850002,-34.275,9.027785251047213,0.7153019909540591,-0.5852711195518329,4.912180488846774,7.559765158951987,11.05531315,76.92710142,377.9000854492188,0.0,3.7900925,,0.0,405.0,,1,1,1,0,1
1789662445576.0,17.67,-0.5703891,4.9582276,7.522735,0.09789107,0.41599888,0.57360196,5.925,41.850002,-34.275,9.027785251047213,0.7153019909540591,-0.6030606213710399,4.995457681212658,7.498797469815668,11.05531315,76.92710142,377.9000854492188,0.0,3.7900925,,0.0,405.0,,1,1,1,0,1
1789662445586.0,17.68,-0.5703891,4.9582276,7.522735,0.09789107,0.41599888,0.57360196,5.925,41.850002,-34.275,9.027785251047213,0.7153019909540591,-0.6081476154945006,5.011180864469117,7.486380168447685,11.05531315,76.92710142,377.9000854492188,0.0,3.7900925,,0.0,405.0,,1,1,1,0,1
1789662445596.0,17.69,-0.5703891,4.9582276,7.522735,-0.218995,-0.45906484,-0.265268,5.925,41.850002,-34.275,9.027785251047213,0.5736431374759272,-0.5787125953915271,4.981326988610714,7.506127271213816,11.05531315,76.92710142,377.9000854492188,0.0,3.7900925,,0.0,405.0,,1,1,1,0,1
1789662445606.0,17.7,-0.5703891,4.9582276,7.522735,-0.218995,-0.45906484,-0.265268,5.925,41.850002,-34.275,9.027785251047213,0.5736431374759272,-0.5142644702462097,4.937848885235207,7.534765845529245,11.05531315,76.92710142,377.9000854492188,0.0,3.7900925,,0.0,405.0,,1,1,1,0,1
1789662445616.0,17.71,-0.5703891,4.9582276,7.522735,-0.218995,-0.45906484,-0.265268,5.925,41.850002,-34.275,9.027785251047213,0.5736431374759272,-0.459109928837522,4.911121532734525,7.551713723788173,11.05531315,76.92710142,377.9000854492188,0.0,3.7900925,,0.0,405.0,,1,1,1,0,1
1789662445626.0,17.72,-0.5703891,4.9582276,7.522735,-0.218995,-0.45906484,-0.265268,5.7000003,41.850002,-34.2,9.027785251047213,0.5736431374759272,-0.49785508689643665,4.926181814341716,7.542350496677028,11.05531315,76.92710142,377.9000854492188,0.0,3.7900925,,0.0,405.0,,1,1,1,0,1
1789662445636.0,17.73,-0.5703891,4.9582276,7.522735,-0.218995,-0.45906484,-0.265268,5.7000003,41.850002,-34.2,9.027785251047213,0.5736431374759272,-0.7082041947501507,4.9974086078350926,7.500449408106182,11.05531315,76.92710142,377.9000854492188,0.0,3.7900925,,0.0,405.0,,1,1,1,0,1
1789662445646.0,17.74,-0.5703891,4.9582276,7.522735,-0.218995,-0.45906484,-0.265268,5.7000003,41.850002,-34.2,9.027785251047213,0.5736431374759272,-1.0961310469297467,5.118920496971736,7.432316457187613,11.05531315,76.92710142,377.9000854492188,0.0,3.7900925,,0.0,405.0,,1,1,1,0,1
1789662445656.0,17.75,-2.12363,5.4224353,7.275975,-0.218995,-0.45906484,-0.265268,5.7000003,41.850002,-34.2,9.319464639141623,0.5736431374759272,-1.569915103620491,5.261161788470091,7.357211223639844,11.05531315,76.92710142,377.9000854492188,0.0,3.7900925,,0.0,405.0,,1,1,1,0,1
1789662445666.0,17.76,-2.12363,5.4224353,7.275975,-0.218995,-0.45906484,-0.265268,5.7000003,41.850002,-34.2,9.319464639141623,0.5736431374759272,-1.9863872212570697,5.383464375180569,7.298369026380016,11.05531315,76.92710142,377.9000854492188,0.0,3.7900925,,0.0,405.0,,1,1,1,0,1
1789662445676.0,17.77,-2.12363,5.4224353,7.275975,-0.218995,-0.45906484,-0.265268,5.7000003,41.850002,-34.2,9.319464639141623,0.5736431374759272,-2.234681376232138,5.455592929350429,7.268880328794889,11.05531315,76.92710142,377.9000854492188,0.0,3.7900925,,0.0,405.0,,1,1,1,0,1
1789662445686.0,17.78,-2.12363,5.4224353,7.275975,-0.218995,-0.45906484,-0.265268,5.7000003,41.850002,-34.2,9.319464639141623,0.5736431374759272,-2.287609816767252,5.470654726634651,7.264298773107772,11.05531315,76.92710142,377.9000854492188,0.0,3.7900925,,0.0,405.0,,1,1,1,0,1
1789662445696.0,17.79,-2.12363,5.4224353,7.275975,-0.07192932,-0.2887863,-0.43386668,5.7000003,41.850002,-34.2,9.319464639141623,0.5261289292156199,-2.1932361256451225,5.442408249475066,7.268671733578581,11.05531315,76.92710142,377.9000854492188,0.0,3.7900925,,0.0,405.0,,1,1,1,0,1
1789662445706.0,17.8,-2.12363,5.4224353,7.275975,-0.07192932,-0.2887863,-0.43386668,5.7000003,41.850002,-34.2,9.319464639141623,0.5261289292156199,-2.0409115922288916,5.3965298683244205,7.268710114328159,11.05531315,76.92710142,377.9000854492188,0.0,3.7900925,,0.0,405.0,,1,1,1,0,1
1789662445716.0,17.81,-2.12363,5.4224353,7.275975,-0.07192932,-0.2887863,-0.43386668,2.5500002,42.45,-33.675003,9.319464639141623,0.5261289292156199,-1.939611823795687,5.365655770456807,7.264642190058559,11.05531315,76.92710142,377.9000854492188,0.0,3.7900925,,0.0,405.0,,1,1,1,0,1
1789662445726.0,17.82,-2.12363,5.4224353,7.275975,-0.07192932,-0.2887863,-0.43386668,2.5500002,42.45,-33.675003,9.319464639141623,0.5261289292156199,-2.0012637996137177,5.384784153120187,7.269646738172156,11.05531315,76.92710142,377.9000854492188,0.0,3.7900925,,0.0,405.0,,1,1,1,0,1
1789662445736.0,17.83,-2.12363,5.4224353,7.275975,-0.07192932,-0.2887863,-0.43386668,2.5500002,42.45,-33.675003,9.319464639141623,0.5261289292156199,-2.299379377914951,5.477864851200278,7.298191856322142,11.05531315,76.92710142,377.9000854492188,0.0,3.7900925,,0.0,405.0,,1,1,1,0,1
1789662445746.0,17.84,-2.12363,5.4224353,7.275975,-0.07192932,-0.2887863,-0.43386668,2.5500002,42.45,-33.675003,9.319464639141623,0.5261289292156199,-2.810508643009927,5.638636107056307,7.351950779396955,11.05531315,76.92710142,377.9000854492188,0.0,3.7900925,,0.0,405.0,,1,1,1,0,1
1789662445756.0,17.85,-4.0510488,6.033203,7.487142,-0.07192932,-0.2887863,-0.43386668,2.5500002,42.45,-33.675003,10.433974800973713,0.5261289292156199,-3.397052220188408,5.824588888950168,7.415153351438534,11.05531315,76.92710142,377.9000854492188,0.0,3.7900925,,0.0,405.0,,1,1,1,0,1
1789662445766.0,17.86,-4.0510488,6.033203,7.487142,-0.07192932,-0.2887863,-0.43386668,2.5500002,42.45,-33.675003,10.433974800973713,0.5261289292156199,-3.8754298997158423,5.977937881717145,7.464771661845928,11.05531315,76.92710142,377.9000854492188,0.0,3.7900925,,0.0,405.0,,1,1,1,0,1
1789662445776.0,17.87,-4.0510488,6.033203,7.487142,-0.07192932,-0.2887863,-0.43386668,2.5500002,42.45,-33.675003,10.433974800973713,0.5261289292156199,-4.12941501353669,6.0609201582995,7.487860559287399,11.05531315,76.92710142,377.9000854492188,0.0,3.7900925,,0.0,405.0,,1,1,1,0,1
1789662445786.0,17.88,-4.0510488,6.033203,7.487142,-0.07192932,-0.2887863,-0.43386668,2.5500002,42.45,-33.675003,10.433974800973713,0.5261289292156199,-4.1732469944167505,6.0757604265705165,7.490927458365065,11.05531315,76.92710142,377.9000854492188,0.0,3.7900925,,0.0,405.0,,1,1,1,0,1
1789662445796.0,17.89,-4.0510488,6.033203,7.487142,-0.016493347,-0.40469787,-0.040317073,2.5500002,42.45,-33.675003,10.433974800973713,0.4070354565060477,-4.115267599096947,6.054445793288333,7.4926624225548455,11.05531315,76.92710142,377.9000854492188,0.0,3.7900925,,0.0,405.0,,1,1,1,0,1
1789662445806.0,17.9,-4.0510488,6.033203,7.487142,-0.016493347,-0.40469787,-0.040317073,2.5500002,42.45,-33.675003,10.433974800973713,0.4070354565060477,-4.063974495358512,6.031525473122028,7.505396459039601,11.05531315,76.92710142,377.9000854492188,0.0,3.7900925,,0.0,405.0,,1,1,1,0,1
1789662445816.0,17.91,-4.0510488,6.033203,7.487142,-0.016493347,-0.40469787,-0.040317073,2.5500002,42.45,-33.675003,10.433974800973713,0.4070354565060477,-4.055822264387576,6.023399572862747,7.519935666471171,11.05531315,76.92710142,377.9000854492188,0.0,3.7900925,,0.0,405.0,,1,1,1,0,1
1789662445826.0,17.92,-4.0510488,6.033203,7.487142,-0.016493347,-0.40469787,-0.040317073,0.82500005,42.600002,-34.725002,10.433974800973713,0.4070354565060477,-4.050141305486106,6.025804923526949,7.507139912631146,11.05531315,76.92710142,377.9000854492188,0.0,3.7900925,,0.0,405.0,,1,1,1,0,1
1789662445836.0,17.93,-4.0510488,6.033203,7.487142,-0.016493347,-0.40469787,-0.040317073,0.82500005,42.600002,-34.725002,10.433974800973713,0.4070354565060477,-3.9808781897881387,6.025034499405612,7.438623234642151,11.05531315,76.92710142,377.9000854492188,0.0,3.7900925,,0.0,405.0,,1,1,1,0,1
1789662445846.0,17.94,-4.0510488,6.033203,7.487142,-0.016493347,-0.40469787,-0.040317073,0.82500005,42.600002,-34.725002,10.433974800973713,0.4070354565060477,-3.8193236502579984,6.011218486302962,7.313005858968625,11.05531315,76.92710142,377.9000854492188,0.0,3.7900925,,0.0,405.0,,1,1,1,0,1
1789662445856.0,17.95,-3.327519,5.945865,6.996015,-0.016493347,-0.40469787,-0.040317073,0.82500005,42.600002,-34.725002,9.76575236086862,0.4070354565060477,-3.600560209137391,5.984708268848982,7.164878027369849,11.05531315,76.92710142,377.9000854492188,0.0,3.7900925,,0.0,405.0,,1,1,1,0,1
1789662445866.0,17.96,-3.327519,5.945865,6.996015,-0.016493347,-0.40469787,-0.040317073,0.82500005,42.600002,-34.725002,9.76575236086862,0.4070354565060477,-3.397985961091359,5.954124476745829,7.044529857172296,11.05531315,76.92710142,377.9000854492188,0.0,3.7900925,,0.0,405.0,,1,1,1,0,1
1789662445876.0,17.97,-3.327519,5.945865,6.996015,-0.016493347,-0.40469787,-0.040317073,0.82500005,42.600002,-34.725002,9.76575236086862,0.4070354565060477,-3.273352407696836,5.930741839968165,6.983099348656063,11.05531315,76.92710142,377.9000854492188,0.0,3.7900925,,0.0,405.0,,1,1,1,0,1
1789662445886.0,17.98,-3.327519,5.945865,6.996015,-0.016493347,-0.40469787,-0.040317073,0.82500005,42.600002,-34.725002,9.76575236086862,0.4070354565060477,-3.2450953269573812,5.923974416663492,6.973134062340951,11.05531315,76.92710142,377.9000854492188,0.0,3.7900925,,0.0,405.0,,1,1,1,0,1
1789662445896.0,17.99,-3.327519,5.945865,6.996015,-0.016493347,-0.40469787,-0.040317073,0.82500005,42.600002,-34.725002,9.76575236086862,0.4070354565060477,-3.2909235135574564,5.937971795741421,6.980661672164145,11.05531315,76.92710142,377.9000854492188,0.0,3.7900925,,0.0,405.0,,1,1,1,0,1
1789662445906.0,18.0,-3.327519,5.945865,6.996015,-0.062155485,-0.048869178,0.040622503,0.82500005,42.600002,-34.725002,9.76575236086862,0.0888914429175605,-3.366208467758818,5.966779217519197,6.977140755428522,11.05531315,76.92710142,377.9000854492188,0.0,3.7900925,,0.0,405.0,,1,1,1,0,1
1789662445916.0,18.01,-3.327519,5.945865,6.996015,-0.062155485,-0.048869178,0.040622503,0.82500005,42.600002,-34.725002,9.76575236086862,0.0888914429175605,-3.416837474478848,5.989731333700444,6.965098136413252,11.05531315,76.92710142,377.9000854492188,0.0,3.7900925,,0.0,405.0,,1,1,1,0,1
1789662445926.0,18.02,-3.327519,5.945865,6.996015,-0.062155485,-0.048869178,0.040622503,0.52500004,42.600002,-33.75,9.76575236086862,0.0888914429175605,-3.388216079262809,5.974817416756632,6.977816939463237,11.05531315,76.92710142,377.9000854492188,0.0,3.7900925,,0.0,405.0,,1,1,1,0,1
1789662445936.0,18.03,-3.327519,5.945865,6.996015,-0.062155485,-0.048869178,0.040622503,0.52500004,42.600002,-33.75,9.76575236086862,0.0888914429175605,-3.244766604796832,5.8955578261541115,7.052394746368525,11.05531315,76.92710142,377.9000854492188,0.0,3.7900925,,0.0,405.0,,1,1,1,0,1
1789662445946.0,18.04,-3.327519,5.945865,6.996015,-0.062155485,-0.048869178,0.040622503,0.52500004,42.600002,-33.75,9.76575236086862,0.0888914429175605,-2.9974723348061287,5.753445589058504,7.1957820343093735,11.05531315,76.92710142,377.9000854492188,0.0,3.7900925,,0.0,405.0,,1,1,1,0,1
1789662445956.0,18.05,-2.3973093,5.3967123,7.5813594,-0.062155485,-0.048869178,0.040622503,0.52500004,42.600002,-33.75,9.609818202276573,0.0888914429175605,-2.7123163356562796,5.5857729967805385,7.37203627970551,11.05531315,76.92710142,377.9000854492188,0.0,3.7900925,,0.0,405.0,,1,1,1,0,1
1789662445966.0,18.06,-2.3973093,5.3967123,7.5813594,-0.062155485,-0.048869178,0.040622503,0.52500004,42.600002,-33.75,9.609818202276573,0.0888914429175605,-2.4784400142978473,5.446200707466185,7.523857399622822,11.05531315,76.92710142,377.9000854492188,0.0,3.7900925,,0.0,405.0,,1,1,1,0,1
1789662445976.0,18.07,-2.3973093,5.3967123,7.5813594,-0.062155485,-0.048869178,0.040622503,0.52500004,42.600002,-33.75,9.609818202276573,0.0888914429175605,-2.354261120110335,5.370976232652794,7.610621511865312,11.05531315,76.92710142,377.9000854492188,0.0,3.7900925,,0.0,405.0,,1,1,1,0,1
1789662445986.0,18.08,-2.3973093,5.3967123,7.5813594,-0.062155485,-0.048869178,0.040622503,0.52500004,42.600002,-33.75,9.609818202276573,0.0888914429175605,-2.336040518828921,5.359038647170173,7.630066602124355,11.05531315,76.92710142,377.9000854492188,0.0,3.7900925,,0.0,405.0,,1,1,1,0,1
1789662445996.0,18.09,-2.3973093,5.3967123,7.5813594,-0.062155485,-0.048869178,0.040622503,0.52500004,42.600002,-33.75,9.609818202276573,0.0888914429175605,-2.3722697466707934,5.380351473964665,7.609167815583476,11.05531315,76.92710142,377.9000854492188,0.0,3.7900925,,0.0,405.0,,1,1,1,0,1
1789662446006.0,18.1,-2.3973093,5.3967123,7.5813594,-0.071776606,-0.22388192,-0.19517128,0.52500004,42.600002,-33.75,9.609818202276573,0.3055598530707266,-2.4056448344202352,5.401058190546085,7.5792597571567075,11.05531378,76.92710484,378.4108276367188,0.0,3.7900925,,0.0,405.0,,1,1,1,0,1
1789662446016.0,18.11,-2.3973093,5.3967123,7.5813594,-0.071776606,-0.22388192,-0.19517128,0.52500004,42.600002,-33.75,9.609818202276573,0.3055598530707266,-2.4081630757169905,5.404295041813666,7.5591448540314,11.05531378,76.92710484,378.4108276367188,0.0,3.7900925,,0.0,405.0,,1,1,1,0,1
1789662446026.0,18.12,-2.3973093,5.3967123,7.5813594,-0.071776606,-0.22388192,-0.19517128,-1.0500001,43.125,-33.375,9.609818202276573,0.3055598530707266,-2.389994101754993,5.39507274550025,7.5551269973370285,11.05531378,76.92710484,378.4108276367188,0.0,3.7900925,,0.0,405.0,,1,1,1,0,1
1789662446036.0,18.13,-2.3973093,5.3967123,7.5813594,-0.071776606,-0.22388192,-0.19517128,-1.0500001,43.125,-33.375,9.609818202276573,0.3055598530707266,-2.3842460937676453,5.391056893988583,7.569361847960153,11.05531378,76.92710484,378.4108276367188,0.0,3.7900925,,0.0,405.0,,1,1,1,0,1
1789662446046.0,18.14,-2.3973093,5.3967123,7.5813594,-0.071776606,-0.22388192,-0.19517128,-1.0500001,43.125,-33.375,9.609818202276573,0.3055598530707266,-2.4209930470438326,5.407794309283316,7.603832709054935,11.05531378,76.92710484,378.4108276367188,0.0,3.7900925,,0.0,405.0,,1,1,1,0,1
1789662446056.0,18.15,-2.3973093,5.3967123,7.5813594,-0.071776606,-0.22388192,-0.19517128,-1.0500001,43.125,-33.375,9.609818202276573,0.3055598530707266,-2.5061317312177454,5.447485940445417,7.656460570239801,11.05531378,76.92710484,378.4108276367188,0.0,3.7900925,,0.0,405.0,,1,1,1,0,1
1789662446066.0,18.16,-2.7472596,5.5543394,7.7874413,-0.071776606,-0.22388192,-0.19517128,-1.0500001,43.125,-33.375,9.952002988400386,0.3055598530707266,-2.6172763881955787,5.497653542710081,7.716671010347595,11.05531378,76.92710484,378.4108276367188,0.0,3.7900925,,0.0,405.0,,1,1,1,0,1
1789662446076.0,18.17,-2.7472596,5.5543394,7.7874413,-0.071776606,-0.22388192,-0.19517128,-1.0500001,43.125,-33.375,9.952002988400386,0.3055598530707266,-2.7183325724371388,5.54006210088818,7.768393502206196,11.05531378,76.92710484,378.4108276367188,0.0,3.7900925,,0.0,405.0,,1,1,1,0,1
1789662446086.0,18.18,-2.7472596,5.5543394,7.7874413,-0.071776606,-0.22388192,-0.19517128,-1.0500001,43.125,-33.375,9.952002988400386,0.3055598530707266,-2.780431653610603,5.562861670007769,7.7990637075858045,11.05531378,76.92710484,378.4108276367188,0.0,3.7900925,,0.0,405.0,,1,1,1,0,1
1789662446096.0,18.19,-2.7472596,5.5543394,7.7874413,0.04001164,-0.15790853,-0.23075415,-1.0500001,43.125,-33.375,9.952002988400386,0.2824597545217247,-2.7934867038220585,5.566563242485794,7.80610005433738,11.05531378,76.92710484,378.4108276367188,0.0,3.7900925,,0.0,405.0,,1,1,1,0,1
1789662446106.0,18.2,-2.7472596,5.5543394,7.7874413,0.04001164,-0.15790853,-0.23075415,-1.0500001,43.125,-33.375,9.952002988400386,0.2824597545217247,-2.7651543137758714,5.560451956177445,7.796071745262641,11.05531378,76.92710484,378.4108276367188,0.0,3.7900925,,0.0,405.0,,1,1,1,0,1
1789662446116.0,18.21,-2.7472596,5.5543394,7.7874413,0.04001164,-0.15790853,-0.23075415,-3.45,43.575,-33.0,9.952002988400386,0.2824597545217247,-2.716778808969876,5.554221962799926,7.779911778052697,11.05531378,76.92710484,378.4108276367188,0.0,3.7900925,,0.0,405.0,,1,1,1,0,1
1789662446126.0,18.22,-2.7472596,5.5543394,7.7874413,0.04001164,-0.15790853,-0.23075415,-3.45,43.575,-33.0,9.952002988400386,0.2824597545217247,-2.6825424072752355,5.551981881286923,7.769360082898044,11.05531378,76.92710484,378.4108276367188,0.0,3.7900925,,0.0,405.0,,1,1,1,0,1
1789662446136.0,18.23,-2.7472596,5.5543394,7.7874413,0.04001164,-0.15790853,-0.23075415,-3.45,43.575,-33.0,9.952002988400386,0.2824597545217247,-2.7046850062244383,5.551926615957754,7.775060918129791,11.05531378,76.92710484,378.4108276367188,0.0,3.7900925,,0.0,405.0,,1,1,1,0,1
1789662446146.0,18.24,-2.7472596,5.5543394,7.7874413,0.04001164,-0.15790853,-0.23075415,-3.45,43.575,-33.0,9.952002988400386,0.2824597545217247,-2.814855452263282,5.550047104057059,7.803375783334694,11.05531378,76.92710484,378.4108276367188,0.0,3.7900925,,0.0,405.0,,1,1,1,0,1
1789662446156.0,18.25,-2.7472596,5.5543394,7.7874413,0.04001164,-0.15790853,-0.23075415,-3.45,43.575,-33.0,9.952002988400386,0.2824597545217247,-3.0080803445896094,5.544041576353878,7.851765969157054,11.05531378,76.92710484,378.4108276367188,0.0,3.7900925,,0.0,405.0,,1,1,1,0,1
1789662446166.0,18.26,-3.4893336,5.517251,7.969595,0.04001164,-0.15790853,-0.23075415,-3.45,43.575,-33.0,10.301939236527993,0.2824597545217247,-3.2339776520318213,5.534566378286063,7.907502511352864,11.05531378,76.92710484,378.4108276367188,0.0,3.7900925,,0.0,405.0,,1,1,1,0,1
1789662446176.0,18.27,-3.4893336,5.517251,7.969595,0.04001164,-0.15790853,-0.23075415,-3.45,43.575,-33.0,10.301939236527993,0.2824597545217247,-3.4220751675663723,5.523811412893529,7.953650700263365,11.05531378,76.92710484,378.4108276367188,0.0,3.7900925,,0.0,405.0,,1,1,1,0,1
1789662446186.0,18.28,-3.4893336,5.517251,7.969595,0.04001164,-0.15790853,-0.23075415,-3.45,43.575,-33.0,10.301939236527993,0.2824597545217247,-3.5250983367108764,5.513834739251501,7.978963971073189,11.05531378,76.92710484,378.4108276367188,0.0,3.7900925,,0.0,405.0,,1,1,1,0,1
1789662446196.0,18.29,-3.4893336,5.517251,7.969595,0.04001164,-0.15790853,-0.23075415,-3.45,43.575,-33.0,10.301939236527993,0.2824597545217247,-3.5438311337497637,5.506782843421177,7.983499939361141,11.05531378,76.92710484,378.4108276367188,0.0,3.7900925,,0.0,405.0,,1,1,1,0,1
1789662446206.0,18.3,-3.4893336,5.517251,7.969595,0.021380264,-0.14874557,-0.17684534,-3.45,43.575,-33.0,10.301939236527993,0.23207032245216144,-3.5157079176874593,5.506077747154709,7.975987864456384,11.05531378,76.92710484,378.4108276367188,0.0,3.7900925,,0.0,405.0,,1,1,1,0,1
1789662446216.0,18.31,-3.4893336,5.517251,7.969595,0.021380264,-0.14874557,-0.17684534,-3.45,43.575,-33.0,10.301939236527993,0.23207032245216144,-3.4832436730029066,5.51525351416267,7.966766781505407,11.05531378,76.92710484,378.4108276367188,0.0,3.7900925,,0.0,405.0,,1,1,1,0,1
1789662446226.0,18.32,-3.4893336,5.517251,7.969595,0.021380264,-0.14874557,-0.17684534,-5.625,43.95,-31.95,10.301939236527993,0.23207032245216144,-3.469933045973958,5.532819548642131,7.962463059412784,11.05531378,76.92710484,378.4108276367188,0.0,3.7900925,,0.0,405.0,,1,1,1,0,1
1789662446236.0,18.33,-3.4893336,5.517251,7.969595,0.021380264,-0.14874557,-0.17684534,-5.625,43.95,-31.95,10.301939236527993,0.23207032245216144,-3.4762999524070053,5.546705974188514,7.964777921308473,11.05531378,76.92710484,378.4108276367188,0.0,3.7900925,,0.0,405.0,,1,1,1,0,1
1789662446246.0,18.34,-3.4893336,5.517251,7.969595,0.021380264,-0.14874557,-0.17684534,-5.625,43.95,-31.95,10.301939236527993,0.23207032245216144,-3.490070907698261,5.5355542343303545,7.971647365978719,11.05531378,76.92710484,378.4108276367188,0.0,3.7900925,,0.0,405.0,,1,1,1,0,1
1789662446256.0,18.35,-3.4893336,5.517251,7.969595,0.021380264,-0.14874557,-0.17684534,-5.625,43.95,-31.95,10.301939236527993,0.23207032245216144,-3.498271875607621,5.4808126813440605,7.978584858398995,11.05531378,76.92710484,378.4108276367188,0.0,3.7900925,,0.0,405.0,,1,1,1,0,1
1789662446266.0,18.36,-3.4893336,5.517251,7.969595,0.021380264,-0.14874557,-0.17684534,-5.625,43.95,-31.95,10.301939236527993,0.23207032245216144,-3.4941444553938243,5.383083789470549,7.980232883882967,11.05531378,76.92710484,378.4108276367188,0.0,3.7900925,,0.0,405.0,,1,1,1,0,1
1789662446276.0,18.37,-3.473182,5.1343994,7.9794655,0.021380264,-0.14874557,-0.17684534,-5.625,43.95,-31.95,10.10430205751662,0.23207032245216144,-3.4789006018674757,5.267798668026102,7.973534597121144,11.05531378,76.92710484,378.4108276367188,0.0,3.7900925,,0.0,405.0,,1,1,1,0,1
1789662446286.0,18.38,-3.473182,5.1343994,7.9794655,0.021380264,-0.14874557,-0.17684534,-5.625,43.95,-31.95,10.10430205751662,0.23207032245216144,-3.460947528849327,5.171443362079197,7.962144618167734,11.05531378,76.92710484,378.4108276367188,0.0,3.7900925,,0.0,405.0,,1,1,1,0,1
1789662446296.0,18.39,-3.473182,5.1343994,7.9794655,0.021380264,-0.14874557,-0.17684534,-5.625,43.95,-31.95,10.10430205751662,0.23207032245216144,-3.453159438134029,5.118080582301291,7.957977165636048,11.05531378,76.92710484,378.4108276367188,0.0,3.7900925,,0.0,405.0,,1,1,1,0,1
1789662446306.0,18.4,-3.473182,5.1343994,7.9794655,0.021380264,-0.14874557,-0.17684534,-5.625,43.95,-31.95,10.10430205751662,0.23207032245216144,-3.4662973721217165,5.106447450863343,7.974581433749637,11.05531378,76.92710484,378.4108276367188,0.0,3.7900925,,0.0,405.0,,1,1,1,0,1
1789662446316.0,18.41,-3.473182,5.1343994,7.9794655,0.22876884,-0.057115853,-0.071013026,-6.3,43.5,-33.600002,10.10430205751662,0.24625241659837552,-3.4983268459627306,5.117202769267175,8.012186233467697,11.05531378,76.92710484,378.4108276367188,0.0,3.7900925,,0.0,405.0,,1,1,1,0,1
1789662446326.0,18.42,-3.473182,5.1343994,7.9794655,0.22876884,-0.057115853,-0.071013026,-6.3,43.5,-33.600002,10.10430205751662,0.24625241659837552,-3.525695569463723,5.130836000206528,8.044188248280436,11.05531378,76.92710484,378.4108276367188,0.0,3.7900925,,0.0,405.0,,1,1,1,0,1
1789662446336.0,18.43,-3.473182,5.1343994,7.9794655,0.22876884,-0.057115853,-0.071013026,-6.3,43.5,-33.600002,10.10430205751662,0.24625241659837552,-3.507658229100171,5.139991242703844,8.020964604509835,11.05531378,76.92710484,378.4108276367188,0.0,3.7900925,,0.0,405.0,,1,1,1,0,1
1789662446346.0,18.44,-3.473182,5.1343994,7.9794655,0.22876884,-0.057115853,-0.071013026,-6.3,43.5,-33.600002,10.10430205751662,0.24625241659837552,-3.4093055587112766,5.148609376144626,7.898583049138465,11.05531378,76.92710484,378.4108276367188,0.0,3.7900925,,0.0,405.0,,1,1,1,0,1
1789662446356.0,18.45,-3.473182,5.1343994,7.9794655,0.22876884,-0.057115853,-0.071013026,-6.3,43.5,-33.600002,10.10430205751662,0.24625241659837552,-3.2313511518822655,5.162545404359999,7.676780600122046,11.05531378,76.92710484,378.4108276367188,0.0,3.7900925,,0.0,405.0,,1,1,1,0,1
1789662446366.0,18.46,-2.7798617,5.209474,7.1081786,0.22876884,-0.057115853,-0.071013026,-6.3,43.5,-33.600002,9.240803722474622,0.24625241659837552,-3.0203430359712984,5.181679551002977,7.4125053140767845,11.05531378,76.92710484,378.4108276367188,0.0,3.7900925,,0.0,405.0,,1,1,1,0,1
1789662446376.0,18.47,-2.7798617,5.209474,7.1081786,0.22876884,-0.057115853,-0.071013026,-6.3,43.5,-33.600002,9.240803722474622,0.24625241659837552,-2.843767782019021,5.199805260769237,7.189415474820689,11.05531378,76.92710484,378.4108276367188,0.0,3.7900925,,0.0,405.0,,1,1,1,0,1
1789662446386.0,18.48,-2.7798617,5.209474,7.1081786,0.22876884,-0.057115853,-0.071013026,-6.3,43.5,-33.600002,9.240803722474622,0.24625241659837552,-2.7472525921575577,5.210562736243803,7.065030166660353,11.05531378,76.92710484,378.4108276367188,0.0,3.7900925,,0.0,405.0,,1,1,1,0,1
1789662446396.0,18.49,-2.7798617,5.209474,7.1081786,0.22876884,-0.057115853,-0.071013026,-6.3,43.5,-33.600002,9.240803722474622,0.24625241659837552,-2.7299196774162984,5.212863365265154,7.040397849234929,11.05531378,76.92710484,378.4108276367188,0.0,3.7900925,,0.0,405.0,,1,1,1,0,1
1789662446406.0,18.5,-2.7798617,5.209474,7.1081786,0.04001164,-0.08536834,-0.04474584,-6.3,43.5,-33.600002,9.240803722474622,0.10435935514917098,-2.75544571079643,5.211124693630365,7.073306416612965,11.05531378,76.92710484,378.4108276367188,0.0,3.7900925,,0.0,405.0,,1,1,1,0,1
1789662446416.0,18.51,-2.7798617,5.209474,7.1081786,0.04001164,-0.08536834,-0.04474584,-6.3,43.5,-33.600002,9.240803722474622,0.10435935514917098,-2.7833244234556878,5.210884633463677,7.114892395874597,11.05531378,76.92710484,378.4108276367188,0.0,3.7900925,,0.0,405.0,,1,1,1,0,1
1789662446426.0,18.52,-2.7798617,5.209474,7.1081786,0.04001164,-0.08536834,-0.04474584,-6.0750003,42.975002,-33.975002,9.240803722474622,0.10435935514917098,-2.793057408470908,5.213782024559273,7.13652544603832,11.05531378,76.92710484,378.4108276367188,0.0,3.7900925,,0.0,405.0,,1,1,1,0,1
1789662446436.0,18.53,-2.7798617,5.209474,7.1081786,0.04001164,-0.08536834,-0.04474584,-6.0750003,42.975002,-33.975002,9.240803722474622,0.10435935514917098,-2.7876613900097382,5.215863044054453,7.133230564827901,11.05531378,76.92710484,378.4108276367188,0.0,3.7900925,,0.0,405.0,,1,1,1,0,1
1789662446446.0,18.54,-2.7798617,5.209474,7.1081786,0.04001164,-0.08536834,-0.04474584,-6.0750003,42.975002,-33.975002,9.240803722474622,0.10435935514917098,-2.7812334358796975,5.210979084159703,7.113149914621415,11.05531378,76.92710484,378.4108276367188,0.0,3.7900925,,0.0,405.0,,1,1,1,0,1
1789662446456.0,18.55,-2.7798617,5.209474,7.1081786,0.04001164,-0.08536834,-0.04474584,-6.0750003,42.975002,-33.975002,9.240803722474622,0.10435935514917098,-2.7832588586283853,5.197835966450129,7.088613609826582,11.05531378,76.92710484,378.4108276367188,0.0,3.7900925,,0.0,405.0,,1,1,1,0,1
1789662446466.0,18.56,-2.7798617,5.209474,7.1081786,-0.035430156,-0.008246673,-0.041844234,-6.0750003,42.975002,-33.975002,9.240803722474622,0.05544586088068271,-2.790010006606391,5.185900696571579,7.074619602303633,11.05531378,76.92710484,378.4108276367188,0.0,3.7900925,,0.0,405.0,,1,1,1,0,1
1789662446476.0,18.57,-2.7798617,5.209474,7.1081786,-0.035430156,-0.008246673,-0.041844234,-6.0750003,42.975002,-33.975002,9.240803722474622,0.05544586088068271,-2.7870381461092903,5.194013889943156,7.088598715844985,11.05531378,76.92710484,378.4108276367188,0.0,3.7900925,,0.0,405.0,,1,1,1,0,1
1789662446486.0,18.58,-2.7798617,5.209474,7.1081786,-0.035430156,-0.008246673,-0.041844234,-6.0750003,42.975002,-33.975002,9.240803722474622,0.05544586088068271,-2.7603196541097605,5.239231168156322,7.143492693538529,11.05531378,76.92710484,378.4108276367188,0.0,3.7900925,,0.0,405.0,,1,1,1,0,1
1789662446496.0,18.59,-2.7798617,5.209474,7.1081786,-0.035430156,-0.008246673,-0.041844234,-6.0750003,42.975002,-33.975002,9.240803722474622,0.05544586088068271,-2.7082420775867058,5.3221294618097685,7.236046395020731,11.05531378,76.92710484,378.4108276367188,0.0,3.7900925,,0.0,405.0,,1,1,1,0,1
1789662446506.0,18.6,-2.5695925,5.5343,7.467401,-0.035430156,-0.008246673,-0.041844234,-6.0750003,42.975002,-33.975002,9.643306476559648,0.05544586088068271,-2.644927018763906,5.4213945694649395,7.342601773764624,11.05531378,76.92710484,378.4108276367188,0.0,3.7900925,,0.0,405.0,,1,1,1,0,1
1789662446516.0,18.61,-2.5695925,5.5343,7.467401,-0.035430156,-0.008246673,-0.041844234,-6.0750003,42.975002,-33.975002,9.643306476559648,0.05544586088068271,-2.5912507850884383,5.505152067668725,7.431091103212272,11.05531378,76.92710484,378.4108276367188,0.0,3.7900925,,0.0,405.0,,1,1,1,0,1
1789662446526.0,18.62,-2.5695925,5.5343,7.467401,-0.035430156,-0.008246673,-0.041844234,-7.275,43.125,-32.925003,9.643306476559648,0.05544586088068271,-2.560782197124727,5.551073797428542,7.481237052383975,11.05531378,76.92710484,378.4108276367188,0.0,3.7900925,,0.0,405.0,,1,1,1,0,1
1789662446536.0,18.63,-2.5695925,5.5343,7.467401,-0.035430156,-0.008246673,-0.041844234,-7.275,43.125,-32.925003,9.643306476559648,0.05544586088068271,-2.5527828854856085,5.558484932558113,7.494860422905481,11.05531378,76.92710484,378.4108276367188,0.0,3.7900925,,0.0,405.0,,1,1,1,0,1
1789662446546.0,18.64,-2.5695925,5.5343,7.467401,-0.035430156,-0.008246673,-0.041844234,-7.275,43.125,-32.925003,9.643306476559648,0.05544586088068271,-2.557136229632875,5.544182578194068,7.488110248664007,11.05531378,76.92710484,378.4108276367188,0.0,3.7900925,,0.0,405.0,,1,1,1,0,1
1789662446556.0,18.65,-2.5695925,5.5343,7.467401,-0.035430156,-0.008246673,-0.041844234,-7.275,43.125,-32.925003,9.643306476559648,0.05544586088068271,-2.564660960514293,5.52865088400308,7.475465097591068,11.05531378,76.92710484,378.4108276367188,0.0,3.7900925,,0.0,405.0,,1,1,1,0,1
1789662446566.0,18.66,-2.5695925,5.5343,7.467401,-0.035430156,-0.008246673,-0.041844234,-7.275,43.125,-32.925003,9.643306476559648,0.05544586088068271,-2.572692309731538,5.524411482530195,7.461373131439796,11.05531378,76.92710484,378.4108276367188,0.0,3.7900925,,0.0,405.0,,1,1,1,0,1
1789662446576.0,18.67,-2.5695925,5.5343,7.467401,-0.011148281,-0.15913026,0.1605047,-7.275,43.125,-32.925003,9.643306476559648,0.22629291314359043,-2.581860688712953,5.532162700358762,7.445743103247187,11.05531378,76.92710484,378.4108276367188,0.0,3.7900925,,0.0,405.0,,1,1,1,0,1
1789662446586.0,18.68,-2.5695925,5.5343,7.467401,-0.011148281,-0.15913026,0.1605047,-7.275,43.125,-32.925003,9.643306476559648,0.22629291314359043,-2.588554897167924,5.543236355278229,7.435700283237103,11.05531378,76.92710484,378.4108276367188,0.0,3.7900925,,0.0,405.0,,1,1,1,0,1
1789662446596.0,18.69,-2.5695925,5.5343,7.467401,-0.011148281,-0.15913026,0.1605047,-7.275,43.125,-32.925003,9.643306476559648,0.22629291314359043,-2.5815613046743375,5.545043659858827,7.449877861165064,11.05531378,76.92710484,378.4108276367188,0.0,3.7900925,,0.0,405.0,,1,1,1,0,1
1789662446606.0,18.7,-2.5695925,5.5343,7.467401,-0.011148281,-0.15913026,0.1605047,-7.275,43.125,-32.925003,9.643306476559648,0.22629291314359043,-2.5480047256073175,5.527598228933845,7.507680630910831,11.05531378,76.92710484,378.4108276367188,0.0,3.7900925,,0.0,405.0,,1,1,1,0,1
1789662446616.0,18.71,-2.5695925,5.5343,7.467401,-0.011148281,-0.15913026,0.1605047,-7.275,43.125,-32.925003,9.643306476559648,0.22629291314359043,-2.485005586627968,5.489456302874968,7.610654214363165,11.05531378,76.92710484,378.4108276367188,0.0,3.7900925,,0.0,405.0,,1,1,1,0,1
1789662446626.0,18.72,-2.3219352,5.393123,7.876275,-0.011148281,-0.15913026,0.1605047,-6.3750005,42.9,-34.275,9.824096225187995,0.22629291314359043,-2.4065493076346316,5.440070253809717,7.733838377156144,11.05531378,76.92710484,378.4108276367188,0.0,3.7900925,,0.0,405.0,,1,1,1,0,1
1789662446636.0,18.73,-2.3219352,5.393123,7.876275,-0.011148281,-0.15913026,0.1605047,-6.3750005,42.9,-34.275,9.824096225187995,0.22629291314359043,-2.337886725127546,5.396207290862325,7.838436860481613,11.05531378,76.92710484,378.4108276367188,0.0,3.7900925,,0.0,405.0,,1,1,1,0,1
1789662446646.0,18.74,-2.3219352,5.393123,7.876275,-0.011148281,-0.15913026,0.1605047,-6.3750005,42.9,-34.275,9.824096225187995,0.22629291314359043,-2.301003783511964,5.3738809997423616,7.896589220264851,11.05531378,76.92710484,378.4108276367188,0.0,3.7900925,,0.0,405.0,,1,1,1,0,1
1789662446656.0,18.75,-2.3219352,5.393123,7.876275,-0.011148281,-0.15913026,0.1605047,-6.3750005,42.9,-34.275,9.824096225187995,0.22629291314359043,-2.3021178131640943,5.3799503563416655,7.90687956744457,11.05531378,76.92710484,378.4108276367188,0.0,3.7900925,,0.0,405.0,,1,1,1,0,1
1789662446666.0,18.76,-2.3219352,5.393123,7.876275,0.090866126,-0.051923502,-0.46670064,-6.3750005,42.9,-34.275,9.824096225187995,0.47829090550689074,-2.32828995750102,5.406522082234389,7.88959485280394,11.05531378,76.92710484,378.4108276367188,0.0,3.7900925,,0.0,405.0,,1,1,1,0,1
1789662446676.0,18.77,-2.3219352,5.393123,7.876275,0.090866126,-0.051923502,-0.46670064,-6.3750005,42.9,-34.275,9.824096225187995,0.47829090550689074,-2.3526099999618415,5.430182311230414,7.869891653247717,11.05531378,76.92710484,378.4108276367188,0.0,3.7900925,,0.0,405.0,,1,1,1,0,1
1789662446686.0,18.78,-2.3219352,5.393123,7.876275,0.090866126,-0.051923502,-0.46670064,-6.3750005,42.9,-34.275,9.824096225187995,0.47829090550689074,-2.3454289388118275,5.4192874004629665,7.863734081814239,11.05531378,76.92710484,378.4108276367188,0.0,3.7900925,,0.0,405.0,,1,1,1,0,1
1789662446696.0,18.79,-2.3219352,5.393123,7.876275,0.090866126,-0.051923502,-0.46670064,-6.3750005,42.9,-34.275,9.824096225187995,0.47829090550689074,-2.2897953420301342,5.350851465901633,7.873794508315126,11.05531378,76.92710484,378.4108276367188,0.0,3.7900925,,0.0,405.0,,1,1,1,0,1
1789662446706.0,18.8,-2.3219352,5.393123,7.876275,0.090866126,-0.051923502,-0.46670064,-6.3750005,42.9,-34.275,9.824096225187995,0.47829090550689074,-2.194923604622037,5.229305162619969,7.893158131351905,11.05531378,76.92710484,378.4108276367188,0.0,3.7900925,,0.0,405.0,,1,1,1,0,1
1789662446716.0,18.81,-1.9962122,4.9378886,7.9244304,0.090866126,-0.051923502,-0.46670064,-6.3750005,42.9,-34.275,9.547994770520297,0.47829090550689074,-2.095635715369979,5.090548354617747,7.911804210953371,11.05531378,76.92710484,378.4108276367188,0.0,3.7900925,,0.0,405.0,,1,1,1,0,1
1789662446726.0,18.82,-1.9962122,4.9378886,7.9244304,0.090866126,-0.051923502,-0.46670064,-8.925,42.675003,-33.0,9.547994770520297,0.47829090550689074,-2.031011253991218,4.981677389515984,7.922501010881833,11.05531378,76.92710484,378.4108276367188,0.0,3.7900925,,0.0,405.0,,1,1,1,0,1
1789662446736.0,18.83,-1.9962122,4.9378886,7.9244304,0.090866126,-0.051923502,-0.46670064,-8.925,42.675003,-33.0,9.547994770520297,0.47829090550689074,-2.014000734472168,4.929118020077081,7.9243012352837665,11.05531378,76.92710484,378.4108276367188,0.0,3.7900925,,0.0,405.0,,1,1,1,0,1
1789662446746.0,18.84,-1.9962122,4.9378886,7.9244304,0.090866126,-0.051923502,-0.46670064,-8.925,42.675003,-33.0,9.547994770520297,0.47829090550689074,-2.0177273216550415,4.921991466681855,7.922325404691676,11.05531378,76.92710484,378.4108276367188,0.0,3.7900925,,0.0,405.0,,1,1,1,0,1
1789662446756.0,18.85,-1.9962122,4.9378886,7.9244304,0.090866126,-0.051923502,-0.46670064,-8.925,42.675003,-33.0,9.547994770520297,0.47829090550689074,-1.9960950972657814,4.925537926182106,7.923628372055934,11.05531378,76.92710484,378.4108276367188,0.0,3.7900925,,0.0,405.0,,1,1,1,0,1
1789662446766.0,18.86,-1.9962122,4.9378886,7.9244304,0.090866126,-0.051923502,-0.46670064,-8.925,42.675003,-33.0,9.547994770520297,0.47829090550689074,-1.9302218467652348,4.913727482503339,7.931069007861982,11.05531378,76.92710484,378.4108276367188,0.0,3.7900925,,0.0,405.0,,1,1,1,0,1
1789662446776.0,18.87,-1.9962122,4.9378886,7.9244304,-0.087048225,-0.28481567,-0.3011563,-8.925,42.675003,-33.0,9.547994770520297,0.4235474901152048,-1.8673452720023305,4.895251954350951,7.938968940429055,11.05531378,76.92710484,378.4108276367188,0.0,3.7900925,,0.0,405.0,,1,1,1,0,1
1789662446786.0,18.88,-1.9962122,4.9378886,7.9244304,-0.087048225,-0.28481567,-0.3011563,-8.925,42.675003,-33.0,9.547994770520297,0.4235474901152048,-1.9135044547739173,4.911886857485002,7.934461739333889,11.05531378,76.92710484,378.4108276367188,0.0,3.7900925,,0.0,405.0,,1,1,1,0,1
1789662446796.0,18.89,-1.9962122,4.9378886,7.9244304,-0.087048225,-0.28481567,-0.3011563,-8.925,42.675003,-33.0,9.547994770520297,0.4235474901152048,-2.1672914671398034,5.007215018837199,7.905551440034743,11.05531378,76.92710484,378.4108276367188,0.0,3.7900925,,0.0,405.0,,1,1,1,0,1
1789662446806.0,18.9,-1.9962122,4.9378886,7.9244304,-0.087048225,-0.28481567,-0.3011563,-8.925,42.675003,-33.0,9.547994770520297,0.4235474901152048,-2.633632163377647,5.1871726560122005,7.851317174313111,11.05531378,76.92710484,378.4108276367188,0.0,3.7900925,,0.0,405.0,,1,1,1,0,1
1789662446816.0,18.91,-3.8347974,5.6620164,7.7123666,-0.087048225,-0.28481567,-0.3011563,-8.925,42.675003,-33.0,10.307506943277374,0.4235474901152048,-3.1925065532777013,5.40567367490013,7.785740923698665,11.05531378,76.92710484,378.4108276367188,0.0,3.7900925,,0.0,405.0,,1,1,1,0,1
1789662446826.0,18.92,-3.8347974,5.6620164,7.7123666,-0.087048225,-0.28481567,-0.3011563,-10.200001,42.525,-34.425003,10.307506943277374,0.4235474901152048,-3.6644189143035213,5.591568395213227,7.730295832286042,11.05531378,76.92710484,378.4108276367188,0.0,3.7900925,,0.0,405.0,,1,1,1,0,1
1789662446836.0,18.93,-3.8347974,5.6620164,7.7123666,-0.087048225,-0.28481567,-0.3011563,-10.200001,42.525,-34.425003,10.307506943277374,0.4235474901152048,-3.9251777576526523,5.695715824960579,7.700466332415301,11.05531378,76.92710484,378.4108276367188,0.0,3.7900925,,0.0,405.0,,1,1,1,0,1
1789662446846.0,18.94,-3.8347974,5.6620164,7.7123666,-0.087048225,-0.28481567,-0.3011563,-10.200001,42.525,-34.425003,10.307506943277374,0.4235474901152048,-3.9729859671498913,5.717703308325065,7.697144222644782,11.05531378,76.92710484,378.4108276367188,0.0,3.7900925,,0.0,405.0,,1,1,1,0,1
1789662446856.0,18.95,-3.8347974,5.6620164,7.7123666,-0.087048225,-0.28481567,-0.3011563,-10.200001,42.525,-34.425003,10.307506943277374,0.4235474901152048,-3.901283721356958,5.693634687817524,7.708605449718809,11.05531378,76.92710484,378.4108276367188,0.0,3.7900925,,0.0,405.0,,1,1,1,0,1
1789662446866.0,18.96,-3.8347974,5.6620164,7.7123666,-0.087048225,-0.28481567,-0.3011563,-10.200001,42.525,-34.425003,10.307506943277374,0.4235474901152048,-3.818531192466427,5.663103130449836,7.719413405742071,11.05531378,76.92710484,378.4108276367188,0.0,3.7900925,,0.0,405.0,,1,1,1,0,1
1789662446876.0,18.97,-3.8347974,5.6620164,7.7123666,0.03161225,-0.17928879,-0.10262527,-10.200001,42.525,-34.425003,10.307506943277374,0.2089874412788948,-3.785679817564811,5.645748238563902,7.719290784083167,11.05531378,76.92710484,378.4108276367188,0.0,3.7900925,,0.0,405.0,,1,1,1,0,1
1789662446886.0,18.98,-3.8347974,5.6620164,7.7123666,0.03161225,-0.17928879,-0.10262527,-10.200001,42.525,-34.425003,10.307506943277374,0.2089874412788948,-3.8043418770827646,5.641164359450085,7.708083375586521,11.05531378,76.92710484,378.4108276367188,0.0,3.7900925,,0.0,405.0,,1,1,1,0,1
1789662446896.0,18.99,-3.8347974,5.6620164,7.7123666,0.03161225,-0.17928879,-0.10262527,-10.200001,42.525,-34.425003,10.307506943277374,0.2089874412788948,-3.8414465241171767,5.643777515191809,7.696092706920111,11.05531378,76.92710484,378.4108276367188,0.0,3.7900925,,0.0,405.0,,1,1,1,0,1
1789662446906.0,19.0,-3.8347974,5.6620164,7.7123666,0.03161225,-0.17928879,-0.10262527,-10.200001,42.525,-34.425003,10.307506943277374,0.2089874412788948,-3.8603524694656017,5.655414912836366,7.699490945177729,11.05531378,76.92710484,378.4108276367188,0.0,3.7900925,,0.0,405.0,,1,1,1,0,1
1789662446916.0,19.01,-3.8347974,5.6620164,7.7123666,0.03161225,-0.17928879,-0.10262527,-10.200001,42.525,-34.425003,10.307506943277374,0.2089874412788948,-3.8402039846677605,5.684750401463993,7.731164828096075,11.05531378,76.92710484,378.4108276367188,0.0,3.7900925,,0.0,405.0,,1,1,1,0,1
1789662446926.0,19.02,-3.8347974,5.6620164,7.7123666,0.03161225,-0.17928879,-0.10262527,-10.200001,42.525,-34.425003,10.307506943277374,0.2089874412788948,-3.7816250875142488,5.73635419666818,7.790982943001014,11.05531378,76.92710484,378.4108276367188,0.0,3.7900925,,0.0,405.0,,1,1,1,0,1
1789662446936.0,19.03,-3.6421752,5.875277,7.9426756,0.03161225,-0.17928879,-0.10262527,-12.150001,42.225002,-33.525,10.529502158272223,0.2089874412788948,-3.7034820841525926,5.8014872728635165,7.8630148174417975,11.05531378,76.92710484,378.4108276367188,0.0,3.7900925,,0.0,405.0,,1,1,1,0,1
1789662446946.0,19.04,-3.6421752,5.875277,7.9426756,0.03161225,-0.17928879,-0.10262527,-12.150001,42.225002,-33.525,10.529502158272223,0.2089874412788948,-3.6345541447206005,5.860269364323259,7.923924023584066,11.05531378,76.92710484,378.4108276367188,0.0,3.7900925,,0.0,405.0,,1,1,1,0,1
1789662446956.0,19.05,-3.6421752,5.875277,7.9426756,0.03161225,-0.17928879,-0.10262527,-12.150001,42.225002,-33.525,10.529502158272223,0.2089874412788948,-3.6024017560187427,5.893388946390592,7.956998793937048,11.05531378,76.92710484,378.4108276367188,0.0,3.7900925,,0.0,405.0,,1,1,1,0,1
1789662446966.0,19.06,-3.6421752,5.875277,7.9426756,0.03161225,-0.17928879,-0.10262527,-12.150001,42.225002,-33.525,10.529502158272223,0.2089874412788948,-3.6208177924358416,5.89363737551574,7.960798116326376,11.05531378,76.92710484,378.4108276367188,0.0,3.7900925,,0.0,405.0,,1,1,1,0,1
1789662446976.0,19.07,-3.6421752,5.875277,7.9426756,0.2406807,0.40423974,-0.2067777,-12.150001,42.225002,-33.525,10.529502158272223,0.5139007530302399,-3.67724557370225,5.870402936338092,7.947143682610682,11.05531378,76.92710484,378.4108276367188,0.0,3.7900925,,0.0,405.0,,1,1,1,0,1
1789662446986.0,19.08,-3.6421752,5.875277,7.9426756,0.2406807,0.40423974,-0.2067777,-12.150001,42.225002,-33.525,10.529502158272223,0.5139007530302399,-3.72600585393,5.846915909758446,7.93272585026178,11.05531378,76.92710484,378.4108276367188,0.0,3.7900925,,0.0,405.0,,1,1,1,0,1
1789662446996.0,19.09,-3.6421752,5.875277,7.9426756,0.2406807,0.40423974,-0.2067777,-12.150001,42.225002,-33.525,10.529502158272223,0.5139007530302399,-3.6995361896973407,5.85176188967818,7.9312325783684345,11.05531378,76.92710484,378.4108276367188,0.0,3.7900925,,0.0,405.0,,1,1,1,0,1
1789662447006.0,19.1,-3.6421752,5.875277,7.9426756,0.2406807,0.40423974,-0.2067777,-12.150001,42.225002,-33.525,10.529502158272223,0.5139007530302399,-3.544512906127517,5.905551859637026,7.948943023658021,11.05531313,76.92710573,378.4660034179688,0.0,3.7900925,,0.0,405.0,,1,1,1,0,1
1789662447016.0,19.11,-3.6421752,5.875277,7.9426756,0.2406807,0.40423974,-0.2067777,-12.150001,42.225002,-33.525,10.529502158272223,0.5139007530302399,-3.265701340149773,6.007598183971029,7.983491314651549,11.05531313,76.92710573,378.4660034179688,0.0,3.7900925,,0.0,405.0,,1,1,1,0,1
1789662447026.0,19.12,-2.5701907,6.276673,8.072785,0.2406807,0.40423974,-0.2067777,-12.825001,41.775,-33.225002,10.543830510754642,0.5139007530302399,-2.9388343026895365,6.132755080224785,8.025637530463136,11.05531313,76.92710573,378.4660034179688,0.0,3.7900925,,0.0,405.0,,1,1,1,0,1
1789662447036.0,19.13,-2.5701907,6.276673,8.072785,0.2406807,0.40423974,-0.2067777,-12.825001,41.775,-33.225002,10.543830510754642,0.5139007530302399,-2.6696306962062764,6.243991138432943,8.063729396911173,11.05531313,76.92710573,378.4660034179688,0.0,3.7900925,,0.0,405.0,,1,1,1,0,1
1789662447046.0,19.14,-2.5701907,6.276673,8.072785,0.2406807,0.40423974,-0.2067777,-12.825001,41.775,-33.225002,10.543830510754642,0.5139007530302399,-2.5261587509498313,6.311988785787549,8.088349224871719,11.05531313,76.92710573,378.4660034179688,0.0,3.7900925,,0.0,405.0,,1,1,1,0,1
1789662447056.0,19.15,-2.5701907,6.276673,8.072785,0.2406807,0.40423974,-0.2067777,-12.825001,41.775,-33.225002,10.543830510754642,0.5139007530302399,-2.501291443162171,6.326589165017504,8.094346235120298,11.05531313,76.92710573,378.4660034179688,0.0,3.7900925,,0.0,405.0,,1,1,1,0,1
1789662447066.0,19.16,-2.5701907,6.276673,8.072785,0.9089667,0.6647735,-0.2990183,-12.825001,41.775,-33.225002,10.543830510754642,1.1651421422925317,-2.5334793264058497,6.296056660757847,8.081229646151153,11.05531313,76.92710573,378.4660034179688,0.0,3.7900925,,0.0,405.0,,1,1,1,0,1
1789662447076.0,19.17,-2.5701907,6.276673,8.072785,0.9089667,0.6647735,-0.2990183,-12.825001,41.775,-33.225002,10.543830510754642,1.1651421422925317,-2.5611784733012017,6.243430977044489,8.055473947613187,11.05531313,76.92710573,378.4660034179688,0.0,3.7900925,,0.0,405.0,,1,1,1,0,1
1789662447086.0,19.18,-2.5701907,6.276673,8.072785,0.9089667,0.6647735,-0.2990183,-12.825001,41.775,-33.225002,10.543830510754642,1.1651421422925317,-2.564760143712308,6.2060431223711285,8.034371750488132,11.05531313,76.92710573,378.4660034179688,0.0,3.7900925,,0.0,405.0,,1,1,1,0,1
1789662447096.0,19.19,-2.5701907,6.276673,8.072785,0.9089667,0.6647735,-0.2990183,-12.825001,41.775,-33.225002,10.543830510754642,1.1651421422925317,-2.569191961187203,6.230275304539323,8.04451168751387,11.05531313,76.92710573,378.4660034179688,0.0,3.7900925,,0.0,405.0,,1,1,1,0,1
1789662447106.0,19.2,-2.5701907,6.276673,8.072785,0.9089667,0.6647735,-0.2990183,-12.825001,41.775,-33.225002,10.543830510754642,1.1651421422925317,-2.6131194061576095,6.350921273202229,8.108507129890981,11.05531313,76.92710573,378.4660034179688,0.0,3.7900925,,0.0,405.0,,1,1,1,0,1
1789662447116.0,19.21,-2.5701907,6.276673,8.072785,0.9089667,0.6647735,-0.2990183,-12.825001,41.775,-33.225002,10.543830510754642,1.1651421422925317,-2.711401009215875,6.562531996623813,8.225069574781346,11.05531313,76.92710573,378.4660034179688,0.0,3.7900925,,0.0,405.0,,1,1,1,0,1
1789662447126.0,19.22,-2.9949167,7.0899334,8.484052,0.9089667,0.6647735,-0.2990183,-12.825001,41.775,-33.225002,11.454947402545262,1.1651421422925317,-2.8399096966532174,6.809851041127975,8.359889853450984,11.05531313,76.92710573,378.4660034179688,0.0,3.7900925,,0.0,405.0,,1,1,1,0,1
1789662447136.0,19.23,-2.9949167,7.0899334,8.484052,0.9089667,0.6647735,-0.2990183,-12.825001,41.775,-33.225002,11.454947402545262,1.1651421422925317,-2.952847010556955,7.015729999772737,8.461507200216571,11.05531313,76.92710573,378.4660034179688,0.0,3.7900925,,0.0,405.0,,1,1,1,0,1
1789662447146.0,19.24,-2.9949167,7.0899334,8.484052,0.9089667,0.6647735,-0.2990183,-12.825001,41.775,-33.225002,11.454947402545262,1.1651421422925317,-3.0158317807293913,7.128636172552566,8.49547602304717,11.05531313,76.92710573,378.4660034179688,0.0,3.7900925,,0.0,405.0,,1,1,1,0,1
1789662447156.0,19.25,-2.9949167,7.0899334,8.484052,0.9089667,0.6647735,-0.2990183,-12.825001,41.775,-33.225002,11.454947402545262,1.1651421422925317,-3.0264459808405952,7.149706091218199,8.471792213628154,11.05531313,76.92710573,378.4660034179688,0.0,3.7900925,,0.0,405.0,,1,1,1,0,1
1789662447166.0,19.26,-2.9949167,7.0899334,8.484052,0.9089667,0.6647735,-0.2990183,-12.825001,41.775,-33.225002,11.454947402545262,1.1651421422925317,-3.0087227398610454,7.1198508839672785,8.442856337576297,11.05531313,76.92710573,378.4660034179688,0.0,3.7900925,,0.0,405.0,,1,1,1,0,1
1789662447176.0,19.27,-2.9949167,7.0899334,8.484052,1.616348,0.11392627,-0.0013744456,-12.150001,39.9,-36.45,11.454947402545262,1.62035858414143,-2.9915380235887334,7.084906530275462,8.467691320667111,11.05531313,76.92710573,378.4660034179688,0.0,3.7900925,,0.0,405.0,,1,1,1,0,1
1789662447186.0,19.28,-2.9949167,7.0899334,8.484052,1.616348,0.11392627,-0.0013744456,-12.150001,39.9,-36.45,11.454947402545262,1.62035858414143,-2.9896782896878276,7.069555691149884,8.558944739899664,11.05531313,76.92710573,378.4660034179688,0.0,3.7900925,,0.0,405.0,,1,1,1,0,1
1789662447196.0,19.29,-2.9949167,7.0899334,8.484052,1.616348,0.11392627,-0.0013744456,-12.150001,39.9,-36.45,11.454947402545262,1.62035858414143,-2.9984443766409625,7.074054356490241,8.645990165680415,11.05531313,76.92710573,378.4660034179688,0.0,3.7900925,,0.0,405.0,,1,1,1,0,1
1789662447206.0,19.3,-2.9949167,7.0899334,8.484052,1.616348,0.11392627,-0.0013744456,-12.150001,39.9,-36.45,11.454947402545262,1.62035858414143,-3.0011824708419996,7.086586039682422,8.591852132743048,11.05531313,76.92710573,378.4660034179688,0.0,3.7900925,,0.0,405.0,,1,1,1,0,1
1789662447216.0,19.31,-2.9949167,7.0899334,8.484052,1.616348,0.11392627,-0.0013744456,-12.150001,39.9,-36.45,11.454947402545262,1.62035858414143,-2.982826804189504,7.09667618519046,8.275985196518207,11.05531313,76.92710573,378.4660034179688,0.0,3.7900925,,0.0,405.0,,1,1,1,0,1
1789662447226.0,19.32,-2.9949167,7.0899334,8.484052,1.616348,0.11392627,-0.0013744456,-9.900001,35.925003,-42.825,11.454947402545262,1.62035858414143,-2.9410566972618235,7.100875392346353,7.697145115492478,11.05531313,76.92710573,378.4660034179688,0.0,3.7900925,,0.0,405.0,,1,1,1,0,1
1789662447236.0,19.33,-2.8292136,7.1024957,6.2204413,1.616348,0.11392627,-0.0013744456,-9.900001,35.925003,-42.825,9.856154662427388,1.62035858414143,-2.8882990220256146,7.101037082213823,7.007738899583365,11.05531313,76.92710573,378.4660034179688,0.0,3.7900925,,0.0,405.0,,1,1,1,0,1
1789662447246.0,19.34,-2.8292136,7.1024957,6.2204413,1.616348,0.11392627,-0.0013744456,-9.900001,35.925003,-42.825,9.856154662427388,1.62035858414143,-2.843358643525729,7.100214314532659,6.430278996223631,11.05531313,76.92710573,378.4660034179688,0.0,3.7900925,,0.0,405.0,,1,1,1,0,1
1789662447256.0,19.35,-2.8292136,7.1024957,6.2204413,1.616348,0.11392627,-0.0013744456,-9.900001,35.925003,-42.825,9.856154662427388,1.62035858414143,-2.8191847531045333,7.100186360515448,6.114959186921812,11.05531313,76.92710573,378.4660034179688,0.0,3.7900925,,0.0,405.0,,1,1,1,0,1
1789662447266.0,19.36,-2.8292136,7.1024957,6.2204413,1.616348,0.11392627,-0.0013744456,-9.900001,35.925003,-42.825,9.856154662427388,1.62035858414143,-2.81617585263215,7.1012769112679885,6.058191103345556,11.05531313,76.92710573,378.4660034179688,0.0,3.7900925,,0.0,405.0,,1,1,1,0,1
1789662447276.0,19.37,-2.8292136,7.1024957,6.2204413,1.8377866,0.8683442,0.11285726,-9.900001,35.925003,-42.825,9.856154662427388,2.035735247508356,-2.824804119929954,7.10305798779569,6.139878941837665,11.05531313,76.92710573,378.4660034179688,0.0,3.7900925,,0.0,405.0,,1,1,1,0,1
1789662447286.0,19.38,-2.8292136,7.1024957,6.2204413,1.8377866,0.8683442,0.11285726,-9.900001,35.925003,-42.825,9.856154662427388,2.035735247508356,-2.8334232460388677,7.104720487555454,6.22772778782538,11.05531313,76.92710573,378.4660034179688,0.0,3.7900925,,0.0,405.0,,1,1,1,0,1
1789662447296.0,19.39,-2.8292136,7.1024957,6.2204413,1.8377866,0.8683442,0.11285726,-9.900001,35.925003,-42.825,9.856154662427388,2.035735247508356,-2.834910023157737,7.105110097511837,6.257531828699676,11.05531313,76.92710573,378.4660034179688,0.0,3.7900925,,0.0,405.0,,1,1,1,0,1
1789662447306.0,19.4,-2.8292136,7.1024957,6.2204413,1.8377866,0.8683442,0.11285726,-9.900001,35.925003,-42.825,9.856154662427388,2.035735247508356,-2.82916488605715,7.103171740788747,6.243206370799264,11.05531313,76.92710573,378.4660034179688,0.0,3.7900925,,0.0,405.0,,1,1,1,0,1
1789662447316.0,19.41,-2.8292136,7.1024957,6.2204413,1.8377866,0.8683442,0.11285726,-9.900001,35.925003,-42.825,9.856154662427388,2.035735247508356,-2.8219480503817596,7.099152346331927,6.23198581959693,11.05531313,76.92710573,378.4660034179688,0.0,3.7900925,,0.0,405.0,,1,1,1,0,1
1789662447326.0,19.42,-2.8292136,7.1024957,6.2204413,1.8377866,0.8683442,0.11285726,-4.9500003,30.225,-49.050003,9.856154662427388,2.035735247508356,-2.8211274237768156,7.095711760466298,6.249025131147315,11.05531313,76.92710573,378.4660034179688,0.0,3.7900925,,0.0,405.0,,1,1,1,0,1
1789662447336.0,19.43,-2.8292136,7.1024957,6.2204413,1.8377866,0.8683442,0.11285726,-4.9500003,30.225,-49.050003,9.856154662427388,2.035735247508356,-2.8308354242135136,7.097201410052727,6.270092881024314,11.05531313,76.92710573,378.4660034179688,0.0,3.7900925,,0.0,405.0,,1,1,1,0,1
1789662447346.0,19.44,-2.8292136,7.1024957,6.2204413,1.8377866,0.8683442,0.11285726,-4.9500003,30.225,-49.050003,9.856154662427388,2.035735247508356,-2.845028302733407,7.106081932741731,6.238647207069224,11.05531313,76.92710573,378.4660034179688,0.0,3.7900925,,0.0,405.0,,1,1,1,0,1
1789662447356.0,19.45,-2.8292136,7.1024957,6.2204413,1.8377866,0.8683442,0.11285726,-4.9500003,30.225,-49.050003,9.856154662427388,2.035735247508356,-2.8446129675581084,7.118124154220205,6.115733288809153,11.05531313,76.92710573,378.4660034179688,0.0,3.7900925,,0.0,405.0,,1,1,1,0,1
1789662447366.0,19.46,-2.8292136,7.1024957,6.2204413,1.8377866,0.8683442,0.11285726,-4.9500003,30.225,-49.050003,9.856154662427388,2.035735247508356,-2.8036384135698,7.121092738221708,5.925037980067357,11.05531313,76.92710573,378.4660034179688,0.0,3.7900925,,0.0,405.0,,1,1,1,0,1
1789662447376.0,19.47,-2.6243281,7.0929246,5.5097733,1.0118974,0.83092874,-0.09529489,-4.9500003,30.225,-49.050003,9.357044361075118,1.3128061681546366,-2.7070618961664916,7.101793643849536,5.748251711509555,11.05531313,76.92710573,378.4660034179688,0.0,3.7900925,,0.0,405.0,,1,1,1,0,1
1789662447386.0,19.48,-2.6243281,7.0929246,5.5097733,1.0118974,0.83092874,-0.09529489,-4.9500003,30.225,-49.050003,9.357044361075118,1.3128061681546366,-2.5750040444749716,7.061035467418103,5.658179789401347,11.05531313,76.92710573,378.4660034179688,0.0,3.7900925,,0.0,405.0,,1,1,1,0,1
1789662447396.0,19.49,-2.6243281,7.0929246,5.5097733,1.0118974,0.83092874,-0.09529489,-4.9500003,30.225,-49.050003,9.357044361075118,1.3128061681546366,-2.478047182191514,7.026708298027559,5.637147547697422,11.05531313,76.92710573,378.4660034179688,0.0,3.7900925,,0.0,405.0,,1,1,1,0,1
1789662447406.0,19.5,-2.6243281,7.0929246,5.5097733,1.0118974,0.83092874,-0.09529489,-4.9500003,30.225,-49.050003,9.357044361075118,1.3128061681546366,-2.521323373183243,7.0494649985178475,5.5601652301636895,11.05531313,76.92710573,378.4660034179688,0.0,3.7900925,,0.0,405.0,,1,1,1,0,1
1789662447416.0,19.51,-2.6243281,7.0929246,5.5097733,1.0118974,0.83092874,-0.09529489,-4.9500003,30.225,-49.050003,9.357044361075118,1.3128061681546366,-2.7869543857074155,7.1735924135945695,5.279323692319747,11.05531313,76.92710573,378.4660034179688,0.0,3.7900925,,0.0,405.0,,1,1,1,0,1
1789662447426.0,19.52,-2.6243281,7.0929246,5.5097733,1.0118974,0.83092874,-0.09529489,-4.65,25.800001,-53.625004,9.357044361075118,1.3128061681546366,-3.2631684248044546,7.398647475352561,4.7523305525864545,11.05531313,76.92710573,378.4660034179688,0.0,3.7900925,,0.0,405.0,,1,1,1,0,1
1789662447436.0,19.53,-4.4575295,7.9683986,3.321537,1.0118974,0.83092874,-0.09529489,-4.65,25.800001,-53.625004,9.715840341124448,1.3128061681546366,-3.823003090535197,7.665786517522631,4.101193336334476,11.05531313,76.92710573,378.4660034179688,0.0,3.7900925,,0.0,405.0,,1,1,1,0,1
1789662447446.0,19.54,-4.4575295,7.9683986,3.321537,1.0118974,0.83092874,-0.09529489,-4.65,25.800001,-53.625004,9.715840341124448,1.3128061681546366,-4.290045670676698,7.888979975790274,3.538079395626311,11.05531313,76.92710573,378.4660034179688,0.0,3.7900925,,0.0,405.0,,1,1,1,0,1
1789662447456.0,19.55,-4.4575295,7.9683986,3.321537,1.0118974,0.83092874,-0.09529489,-4.65,25.800001,-53.625004,9.715840341124448,1.3128061681546366,-4.547046124657084,8.009665158454784,3.2192820910073534,11.05531313,76.92710573,378.4660034179688,0.0,3.7900925,,0.0,405.0,,1,1,1,0,1
1789662447466.0,19.56,-4.4575295,7.9683986,3.321537,1.0118974,0.83092874,-0.09529489,-4.65,25.800001,-53.625004,9.715840341124448,1.3128061681546366,-4.596201728916928,8.029038876302373,3.154588292702891,11.05531313,76.92710573,378.4660034179688,0.0,3.7900925,,0.0,405.0,,1,1,1,0,1
1789662447476.0,19.57,-4.4575295,7.9683986,3.321537,0.29138246,-0.979827,-0.070249446,-4.65,25.800001,-53.625004,9.715840341124448,1.0246461206621331,-4.528750579934464,7.994896443331169,3.2353856437270743,11.05531313,76.92710573,378.4660034179688,0.0,3.7900925,,0.0,405.0,,1,1,1,0,1
1789662447486.0,19.58,-4.4575295,7.9683986,3.321537,0.29138246,-0.979827,-0.070249446,-4.65,25.800001,-53.625004,9.715840341124448,1.0246461206621331,-4.4465406781285,7.961397924340559,3.3324673470367308,11.05531313,76.92710573,378.4660034179688,0.0,3.7900925,,0.0,405.0,,1,1,1,0,1
1789662447496.0,19.59,-4.4575295,7.9683986,3.321537,0.29138246,-0.979827,-0.070249446,-4.65,25.800001,-53.625004,9.715840341124448,1.0246461206621331,-4.405436954451592,7.955753175409905,3.3741174489144883,11.05531313,76.92710573,378.4660034179688,0.0,3.7900925,,0.0,405.0,,1,1,1,0,1
1789662447506.0,19.6,-4.4575295,7.9683986,3.321537,0.29138246,-0.979827,-0.070249446,-4.65,25.800001,-53.625004,9.715840341124448,1.0246461206621331,-4.410406675807341,7.970346612653249,3.360164700958761,11.05531313,76.92710573,378.4660034179688,0.0,3.7900925,,0.0,405.0,,1,1,1,0,1
1789662447516.0,19.61,-4.4575295,7.9683986,3.321537,0.29138246,-0.979827,-0.070249446,-6.8250003,25.500002,-56.625004,9.715840341124448,1.0246461206621331,-4.442980665575726,7.97725988009907,3.3282526071707372,11.05531313,76.92710573,378.4660034179688,0.0,3.7900925,,0.0,405.0,,1,1,1,0,1
1789662447526.0,19.62,-4.4575295,7.9683986,3.321537,0.29138246,-0.979827,-0.070249446,-6.8250003,25.500002,-56.625004,9.715840341124448,1.0246461206621331,-4.486674816637099,7.9515072999131755,3.312489721635759,11.05531313,76.92710573,378.4660034179688,0.0,3.7900925,,0.0,405.0,,1,1,1,0,1
1789662447536.0,19.63,-4.4575295,7.9683986,3.321537,0.29138246,-0.979827,-0.070249446,-6.8250003,25.500002,-56.625004,9.715840341124448,1.0246461206621331,-4.5332470117704835,7.888692615040951,3.322277758574892,11.05531313,76.92710573,378.4660034179688,0.0,3.7900925,,0.0,405.0,,1,1,1,0,1
1789662447546.0,19.64,-4.627719,7.714161,3.367898,0.29138246,-0.979827,-0.070249446,-6.8250003,25.500002,-56.625004,9.605560890197198,1.0246461206621331,-4.576555863893936,7.807412418281092,3.345471504992988,11.05531313,76.92710573,378.4660034179688,0.0,3.7900925,,0.0,405.0,,1,1,1,0,1
1789662447556.0,19.65,-4.627719,7.714161,3.367898,0.29138246,-0.979827,-0.070249446,-6.8250003,25.500002,-56.625004,9.605560890197198,1.0246461206621331,-4.609002819184694,7.736107727262091,3.3644063573064367,11.05531313,76.92710573,378.4660034179688,0.0,3.7900925,,0.0,405.0,,1,1,1,0,1
1789662447566.0,19.66,-4.627719,7.714161,3.367898,0.29138246,-0.979827,-0.070249446,-6.8250003,25.500002,-56.625004,9.605560890197198,1.0246461206621331,-4.625843495684769,7.695130292646427,3.370403593680272,11.05531313,76.92710573,378.4660034179688,0.0,3.7900925,,0.0,405.0,,1,1,1,0,1
1789662447576.0,19.67,-4.627719,7.714161,3.367898,0.29138246,-0.979827,-0.070249446,-6.8250003,25.500002,-56.625004,9.605560890197198,1.0246461206621331,-4.630413807903205,7.687590908803543,3.3679905584925534,11.05531313,76.92710573,378.4660034179688,0.0,3.7900925,,0.0,405.0,,1,1,1,0,1
1789662447586.0,19.68,-4.627719,7.714161,3.367898,0.10506873,-0.23961169,-0.071013026,-6.8250003,25.500002,-56.625004,9.605560890197198,0.2711015489999009,-4.632240791122325,7.702852437560433,3.3683116618615787,11.05531313,76.92710573,378.4660034179688,0.0,3.7900925,,0.0,405.0,,1,1,1,0,1
1789662447596.0,19.69,-4.627719,7.714161,3.367898,0.10506873,-0.23961169,-0.071013026,-6.8250003,25.500002,-56.625004,9.605560890197198,0.2711015489999009,-4.638273316606985,7.725122628747887,3.3775178500009857,11.05531313,76.92710573,378.4660034179688,0.0,3.7900925,,0.0,405.0,,1,1,1,0,1
1789662447606.0,19.7,-4.627719,7.714161,3.367898,0.10506873,-0.23961169,-0.071013026,-6.8250003,25.500002,-56.625004,9.605560890197198,0.2711015489999009,-4.644727845144318,7.738869496062623,3.388361773725435,11.05531313,76.92710573,378.4660034179688,0.0,3.7900925,,0.0,405.0,,1,1,1,0,1
1789662447616.0,19.71,-4.627719,7.714161,3.367898,0.10506873,-0.23961169,-0.071013026,-9.675,26.325,-58.575,9.605560890197198,0.2711015489999009,-4.637405674997342,7.7307632964687745,3.3816796471747264,11.05531313,76.92710573,378.4660034179688,0.0,3.7900925,,0.0,405.0,,1,1,1,0,1
1789662447626.0,19.72,-4.627719,7.714161,3.367898,0.10506873,-0.23961169,-0.071013026,-9.675,26.325,-58.575,9.605560890197198,0.2711015489999009,-4.60228084766527,7.6929655169000775,3.3387769356553445,11.05531313,76.92710573,378.4660034179688,0.0,3.7900925,,0.0,405.0,,1,1,1,0,1
1789662447636.0,19.73,-4.627719,7.714161,3.367898,0.10506873,-0.23961169,-0.071013026,-9.675,26.325,-58.575,9.605560890197198,0.2711015489999009,-4.539229004150148,7.628708883215662,3.257086466372226,11.05531313,76.92710573,378.4660034179688,0.0,3.7900925,,0.0,405.0,,1,1,1,0,1
1789662447646.0,19.74,-4.3851466,7.4700933,3.0376883,0.10506873,-0.23961169,-0.071013026,-9.675,26.325,-58.575,9.179289450831876,0.2711015489999009,-4.466626360127351,7.5541531780891225,3.156132726707289,11.05531313,76.92710573,378.4660034179688,0.0,3.7900925,,0.0,405.0,,1,1,1,0,1
1789662447656.0,19.75,-4.3851466,7.4700933,3.0376883,0.10506873,-0.23961169,-0.071013026,-9.675,26.325,-58.575,9.179289450831876,0.2711015489999009,-4.4102734810564,7.491184499765838,3.0670739607083655,11.05531313,76.92710573,378.4660034179688,0.0,3.7900925,,0.0,405.0,,1,1,1,0,1
1789662447666.0,19.76,-4.3851466,7.4700933,3.0376883,0.10506873,-0.23961169,-0.071013026,-9.675,26.325,-58.575,9.179289450831876,0.2711015489999009,-4.384393739620826,7.45519991080314,3.014057284279488,11.05531313,76.92710573,378.4660034179688,0.0,3.7900925,,0.0,405.0,,1,1,1,0,1
1789662447676.0,19.77,-4.3851466,7.4700933,3.0376883,0.10506873,-0.23961169,-0.071013026,-9.675,26.325,-58.575,9.179289450831876,0.2711015489999009,-4.381289631820054,7.4479997176147945,3.002874885732648,11.05531313,76.92710573,378.4660034179688,0.0,3.7900925,,0.0,405.0,,1,1,1,0,1
1789662447686.0,19.78,-4.3851466,7.4700933,3.0376883,-0.39324418,0.28053963,-0.006108647,-9.675,26.325,-58.575,9.179289450831876,0.48309500584520626,-4.379517106049967,7.460274456099759,3.0229074396618714,11.05531313,76.92710573,378.4660034179688,0.0,3.7900925,,0.0,405.0,,1,1,1,0,1
1789662447696.0,19.79,-4.3851466,7.4700933,3.0376883,-0.39324418,0.28053963,-0.006108647,-9.675,26.325,-58.575,9.179289450831876,0.48309500584520626,-4.364834750608369,7.47856380736011,3.0548541779589575,11.05531313,76.92710573,378.4660034179688,0.0,3.7900925,,0.0,405.0,,1,1,1,0,1
1789662447706.0,19.8,-4.3851466,7.4700933,3.0376883,-0.39324418,0.28053963,-0.006108647,-9.675,26.325,-58.575,9.179289450831876,0.48309500584520626,-4.347605201530659,7.489916286277149,3.0758209563098013,11.05531313,76.92710573,378.4660034179688,0.0,3.7900925,,0.0,405.0,,1,1,1,0,1
1789662447716.0,19.81,-4.3851466,7.4700933,3.0376883,-0.39324418,0.28053963,-0.006108647,-11.175,28.275002,-60.975002,9.179289450831876,0.48309500584520626,-4.361476523653124,7.4835823371749415,3.062957050834513,11.05531313,76.92710573,378.4660034179688,0.0,3.7900925,,0.0,405.0,,1,1,1,0,1
1789662447726.0,19.82,-4.3851466,7.4700933,3.0376883,-0.39324418,0.28053963,-0.006108647,-11.175,28.275002,-60.975002,9.179289450831876,0.48309500584520626,-4.440307334271451,7.453471402381691,3.001815227002983,11.05531313,76.92710573,378.4660034179688,0.0,3.7900925,,0.0,405.0,,1,1,1,0,1
1789662447736.0,19.83,-4.3851466,7.4700933,3.0376883,-0.39324418,0.28053963,-0.006108647,-11.175,28.275002,-60.975002,9.179289450831876,0.48309500584520626,-4.588228580162216,7.402316805728644,2.89808753336123,11.05531313,76.92710573,378.4660034179688,0.0,3.7900925,,0.0,405.0,,1,1,1,0,1
1789662447746.0,19.84,-4.977968,7.2762747,2.6518457,-0.39324418,0.28053963,-0.006108647,-11.175,28.275002,-60.975002,9.206336108110142,0.48309500584520626,-4.768277231413119,7.3429960516471295,2.7807514101364226,11.05531313,76.92710573,378.4660034179688,0.0,3.7900925,,0.0,405.0,,1,1,1,0,1
1789662447756.0,19.85,-4.977968,7.2762747,2.6518457,-0.39324418,0.28053963,-0.006108647,-11.175,28.275002,-60.975002,9.206336108110142,0.48309500584520626,-4.922926497714098,7.292851053695982,2.6874727871875503,11.05531313,76.92710573,378.4660034179688,0.0,3.7900925,,0.0,405.0,,1,1,1,0,1
1789662447766.0,19.86,-4.977968,7.2762747,2.6518457,-0.39324418,0.28053963,-0.006108647,-11.175,28.275002,-60.975002,9.206336108110142,0.48309500584520626,-5.010717094568623,7.2641303262834045,2.640558960087708,11.05531313,76.92710573,378.4660034179688,0.0,3.7900925,,0.0,405.0,,1,1,1,0,1
1789662447776.0,19.87,-4.977968,7.2762747,2.6518457,-0.39324418,0.28053963,-0.006108647,-11.175,28.275002,-60.975002,9.206336108110142,0.48309500584520626,-5.027977894020743,7.258422016639417,2.6337620790701624,11.05531313,76.92710573,378.4660034179688,0.0,3.7900925,,0.0,405.0,,1,1,1,0,1
1789662447786.0,19.88,-4.977968,7.2762747,2.6518457,-0.43233952,0.61987495,0.08139773,-11.175,28.275002,-60.975002,9.206336108110142,0.7601236772002868,-5.001568319856478,7.268517444965018,2.6413052681295186,11.05531313,76.92710573,378.4660034179688,0.0,3.7900925,,0.0,405.0,,1,1,1,0,1
1789662447796.0,19.89,-4.977968,7.2762747,2.6518457,-0.43233952,0.61987495,0.08139773,-11.175,28.275002,-60.975002,9.206336108110142,0.7601236772002868,-4.966197192225043,7.283672346253155,2.6409308492306205,11.05531313,76.92710573,378.4660034179688,0.0,3.7900925,,0.0,405.0,,1,1,1,0,1
1789662447806.0,19.9,-4.977968,7.2762747,2.6518457,-0.43233952,0.61987495,0.08139773,-11.175,28.275002,-60.975002,9.206336108110142,0.7601236772002868,-4.947344959935643,7.29311274645672,2.6325609979393167,11.05531313,76.92710573,378.4660034179688,0.0,3.7900925,,0.0,405.0,,1,1,1,0,1
1789662447816.0,19.91,-4.977968,7.2762747,2.6518457,-0.43233952,0.61987495,0.08139773,-12.375001,32.175003,-63.15,9.206336108110142,0.7601236772002868,-4.956982862450765,7.287542939215255,2.639029628760403,11.05531313,76.92710573,378.4660034179688,0.0,3.7900925,,0.0,405.0,,1,1,1,0,1
1789662447826.0,19.92,-4.977968,7.2762747,2.6518457,-0.43233952,0.61987495,0.08139773,-12.375001,32.175003,-63.15,9.206336108110142,0.7601236772002868,-4.995415627581246,7.261693728995023,2.688381409145106,11.05531313,76.92710573,378.4660034179688,0.0,3.7900925,,0.0,405.0,,1,1,1,0,1
1789662447836.0,19.93,-4.977968,7.2762747,2.6518457,-0.43233952,0.61987495,0.08139773,-12.375001,32.175003,-63.15,9.206336108110142,0.7601236772002868,-5.0524992277694,7.218283472668563,2.7905132013086167,11.05531313,76.92710573,378.4660034179688,0.0,3.7900925,,0.0,405.0,,1,1,1,0,1
1789662447846.0,19.94,-5.1667023,7.114759,3.0933216,-0.43233952,0.61987495,0.08139773,-12.375001,32.175003,-63.15,9.321118323781372,0.7601236772002868,-5.109918126406722,7.169067634069974,2.9262242992413396,11.05531313,76.92710573,378.4660034179688,0.0,3.7900925,,0.0,405.0,,1,1,1,0,1
1789662447856.0,19.95,-5.1667023,7.114759,3.0933216,-0.43233952,0.61987495,0.08139773,-12.375001,32.175003,-63.15,9.321118323781372,0.7601236772002868,-5.14930624043512,7.129254010005852,3.056882145056321,11.05531313,76.92710573,378.4660034179688,0.0,3.7900925,,0.0,405.0,,1,1,1,0,1
1789662447866.0,19.96,-5.1667023,7.114759,3.0933216,-0.43233952,0.61987495,0.08139773,-12.375001,32.175003,-63.15,9.321118323781372,0.7601236772002868,-5.163909088891131,7.108302901379634,3.144519416453838,11.05531313,76.92710573,378.4660034179688,0.0,3.7900925,,0.0,405.0,,1,1,1,0,1
1789662447876.0,19.97,-5.1667023,7.114759,3.0933216,-0.43233952,0.61987495,0.08139773,-12.375001,32.175003,-63.15,9.321118323781372,0.7601236772002868,-5.163953410420627,7.104823109856412,3.166121363792067,11.05531313,76.92710573,378.4660034179688,0.0,3.7900925,,0.0,405.0,,1,1,1,0,1
1789662447886.0,19.98,-5.1667023,7.114759,3.0933216,-0.34483314,-0.39767292,0.29016075,-12.375001,32.175003,-63.15,9.321118323781372,0.6010381906203203,-5.168541980061449,7.109644186461206,3.119620788435722,11.05531313,76.92710573,378.4660034179688,0.0,3.7900925,,0.0,405.0,,1,1,1,0,1
1789662447896.0,19.99,-5.1667023,7.114759,3.0933216,-0.34483314,-0.39767292,0.29016075,-12.375001,32.175003,-63.15,9.321118323781372,0.6010381906203203,-5.187747794884203,7.1136721730242165,3.031348094797621,11.05531313,76.92710573,378.4660034179688,0.0,3.7900925,,0.0,405.0,,1,1,1,0,1
1789662447906.0,20.0,-5.1667023,7.114759,3.0933216,-0.34483314,-0.39767292,0.29016075,-12.375001,32.175003,-63.15,9.321118323781372,0.6010381906203203,-5.207844115831107,7.113988641606377,2.9646935304477755,11.05531313,76.92710573,378.4660034179688,0.0,3.7900925,,0.0,405.0,,1,1,1,0,1
1789662447916.0,20.01,-5.1667023,7.114759,3.0933216,-0.34483314,-0.39767292,0.29016075,-15.525001,38.325,-65.325005,9.321118323781372,0.6010381906203203,-5.193368130733562,7.114370035518884,3.0098879725104943,11.05531313,76.92710573,378.4660034179688,0.0,3.7900925,,0.0,405.0,,1,1,1,0,1
1789662447926.0,20.02,-5.1667023,7.114759,3.0933216,-0.34483314,-0.39767292,0.29016075,-15.525001,38.325,-65.325005,9.321118323781372,0.6010381906203203,-5.109778103766935,7.120966618769956,3.2379987714722054,11.0554072,76.9271226,374.7000122070313,,85.553604,,,405.0,,1,0,0,1,1
1789662447936.0,20.03,-5.1667023,7.114759,3.0933216,-0.34483314,-0.39767292,0.29016075,-15.525001,38.325,-65.325005,9.321118323781372,0.6010381906203203,-4.953014844070854,7.136879140027409,3.639893540947191,11.0554072,76.9271226,374.7000122070313,,85.553604,,,405.0,,1,0,0,1,1
1789662447946.0,20.04,-4.5358944,7.1886373,4.6325045,-0.34483314,-0.39767292,0.29016075,-15.525001,38.325,-65.325005,9.680441218323827,0.6010381906203203,-4.760920613636912,7.159571288159902,4.106717973359451,11.0554072,76.9271226,374.7000122070313,,85.553604,,,405.0,,1,0,0,1,1
1789662447956.0,20.05,-4.5358944,7.1886373,4.6325045,-0.34483314,-0.39767292,0.29016075,-15.525001,38.325,-65.325005,9.680441218323827,0.6010381906203203,-4.593015939392116,7.18243657810809,4.487721744898372,11.0554072,76.9271226,374.7000122070313,,85.553604,,,405.0,,1,0,0,1,1
1789662447966.0,20.06,-4.5358944,7.1886373,4.6325045,-0.34483314,-0.39767292,0.29016075,-15.525001,38.325,-65.325005,9.680441218323827,0.6010381906203203,-4.494298075739985,7.198374924100488,4.687822066168808,11.0554072,76.9271226,374.7000122070313,,85.553604,,,405.0,,1,0,0,1,1
1789662447976.0,20.07,-4.5358944,7.1886373,4.6325045,-0.34483314,-0.39767292,0.29016075,-15.525001,38.325,-65.325005,9.680441218323827,0.6010381906203203,-4.473459045456805,7.202469542923905,4.722007364828072,11.0554072,76.9271226,374.7000122070313,,85.553604,,,405.0,,1,0,0,1,1
1789662447986.0,20.08,-4.5358944,7.1886373,4.6325045,-0.11804961,-0.02275471,0.32055128,-15.525001,38.325,-65.325005,9.680441218323827,0.34235450976725074,-4.507965058671946,7.193512459737545,4.6833617449834355,11.0554072,76.9271226,374.7000122070313,,85.553604,,,405.0,,1,0,0,1,1
1789662447996.0,20.09,-4.5358944,7.1886373,4.6325045,-0.11804961,-0.02275471,0.32055128,-15.525001,38.325,-65.325005,9.680441218323827,0.34235450976725074,-4.561578843725012,7.176098656418257,4.659460298726267,11.0554072,76.9271226,374.7000122070313,,85.553604,,,405.0,,1,0,0,1,1
1789662448006.0,20.1,-4.5358944,7.1886373,4.6325045,-0.11804961,-0.02275471,0.32055128,-15.525001,38.325,-65.325005,9.680441218323827,0.34235450976725074,-4.596232243333226,7.162788971773536,4.667110309219261,11.05531234,76.92710493,378.4034423828125,0.0,3.7900925,,0.0,405.0,,1,1,1,0,1
1789662448016.0,20.11,-4.5358944,7.1886373,4.6325045,-0.11804961,-0.02275471,0.32055128,-21.075,41.475002,-65.475006,9.680441218323827,0.34235450976725074,-4.577575653399616,7.1720798558888035,4.650215761295113,11.05531234,76.92710493,378.4034423828125,0.0,3.7900925,,0.0,405.0,,1,1,1,0,1
1789662448026.0,20.12,-4.5358944,7.1886373,4.6325045,-0.11804961,-0.02275471,0.32055128,-21.075,41.475002,-65.475006,9.680441218323827,0.34235450976725074,-4.484996055315129,7.218909582190183,4.535751118439889,11.05531234,76.92710493,378.4034423828125,0.0,3.7900925,,0.0,405.0,,1,1,1,0,1
1789662448036.0,20.13,-4.5358944,7.1886373,4.6325045,-0.11804961,-0.02275471,0.32055128,-21.075,41.475002,-65.475006,9.680441218323827,0.34235450976725074,-4.327173199926721,7.302158377576753,4.302541728893847,11.05531234,76.92710493,378.4034423828125,0.0,3.7900925,,0.0,405.0,,1,1,1,0,1
1789662448046.0,20.14,-3.9553359,7.515856,3.6511483,-0.11804961,-0.02275471,0.32055128,-21.075,41.475002,-65.475006,9.244655613010023,0.34235450976725074,-4.147117529215328,7.4006019193142745,4.007885404541059,11.05531234,76.92710493,378.4034423828125,0.0,3.7900925,,0.0,405.0,,1,1,1,0,1
1789662448056.0,20.15,-3.9553359,7.515856,3.6511483,-0.11804961,-0.02275471,0.32055128,-21.075,41.475002,-65.475006,9.244655613010023,0.34235450976725074,-4.002374725882761,7.4841651312580675,3.7501009400327483,11.05531234,76.92710493,378.4034423828125,0.0,3.7900925,,0.0,405.0,,1,1,1,0,1
1789662448066.0,20.16,-3.9553359,7.515856,3.6511483,-0.11804961,-0.02275471,0.32055128,-21.075,41.475002,-65.475006,9.244655613010023,0.34235450976725074,-3.930290392590125,7.532487100749183,3.600935817408222,11.05531234,76.92710493,378.4034423828125,0.0,3.7900925,,0.0,405.0,,1,1,1,0,1
1789662448076.0,20.17,-3.9553359,7.515856,3.6511483,-0.11804961,-0.02275471,0.32055128,-21.075,41.475002,-65.475006,9.244655613010023,0.34235450976725074,-3.926208733820022,7.544725618732798,3.566542963998825,11.05531234,76.92710493,378.4034423828125,0.0,3.7900925,,0.0,405.0,,1,1,1,0,1
1789662448086.0,20.18,-3.9553359,7.515856,3.6511483,-0.0424551,0.9697477,0.121409364,-21.075,41.475002,-65.475006,9.244655613010023,0.9782398840970371,-3.9515714042684977,7.533984494094633,3.6022532599506625,11.05531234,76.92710493,378.4034423828125,0.0,3.7900925,,0.0,405.0,,1,1,1,0,1
1789662448096.0,20.19,-3.9553359,7.515856,3.6511483,-0.0424551,0.9697477,0.121409364,-21.075,41.475002,-65.475006,9.244655613010023,0.9782398840970371,-3.9635211699130504,7.515121539155754,3.6548529830205085,11.05531234,76.92710493,378.4034423828125,0.0,3.7900925,,0.0,405.0,,1,1,1,0,1
1789662448106.0,20.2,-3.9553359,7.515856,3.6511483,-0.0424551,0.9697477,0.121409364,-21.075,41.475002,-65.475006,9.244655613010023,0.9782398840970371,-3.9446747588598603,7.498321662300698,3.691349611036452,11.05531234,76.92710493,378.4034423828125,0.0,3.7900925,,0.0,405.0,,1,1,1,0,1
1789662448116.0,20.21,-3.9553359,7.515856,3.6511483,-0.0424551,0.9697477,0.121409364,-21.6,44.850002,-67.65,9.244655613010023,0.9782398840970371,-3.9158416298733907,7.491342233353181,3.699123871610729,11.05531234,76.92710493,378.4034423828125,0.0,3.7900925,,0.0,405.0,,1,1,1,0,1
1789662448126.0,20.22,-3.9553359,7.515856,3.6511483,-0.0424551,0.9697477,0.121409364,-21.6,44.850002,-67.65,9.244655613010023,0.9782398840970371,-3.924526488624448,7.5031543033041865,3.67271060528861,11.05531234,76.92710493,378.4034423828125,0.0,3.7900925,,0.0,405.0,,1,1,1,0,1
1789662448136.0,20.23,-3.9553359,7.515856,3.6511483,-0.0424551,0.9697477,0.121409364,-21.6,44.850002,-67.65,9.244655613010023,0.9782398840970371,-4.013401394858525,7.54111800316173,3.6089273846607135,11.05531234,76.92710493,378.4034423828125,0.0,3.7900925,,0.0,405.0,,1,1,1,0,1
1789662448146.0,20.24,-3.9553359,7.515856,3.6511483,-0.0424551,0.9697477,0.121409364,-21.6,44.850002,-67.65,9.244655613010023,0.9782398840970371,-4.186697327457158,7.602701806373945,3.515070679403462,11.05531234,76.92710493,378.4034423828125,0.0,3.7900925,,0.0,405.0,,1,1,1,0,1
1789662448156.0,20.25,-4.6471605,7.748857,3.3047872,-0.0424551,0.9697477,0.121409364,-21.6,44.850002,-67.65,9.620940908065753,0.9782398840970371,-4.400130248573319,7.67152789826116,3.4154339499081305,11.05531234,76.92710493,378.4034423828125,0.0,3.7900925,,0.0,405.0,,1,1,1,0,1
1789662448166.0,20.26,-4.6471605,7.748857,3.3047872,-0.0424551,0.9697477,0.121409364,-21.6,44.850002,-67.65,9.620940908065753,0.9782398840970371,-4.58595204240985,7.725419446323378,3.341177670829091,11.05531234,76.92710493,378.4034423828125,0.0,3.7900925,,0.0,405.0,,1,1,1,0,1
1789662448176.0,20.27,-4.6471605,7.748857,3.3047872,-0.0424551,0.9697477,0.121409364,-21.6,44.850002,-67.65,9.620940908065753,0.9782398840970371,-4.694039305083813,7.751664077986564,3.3081477218485915,11.05531234,76.92710493,378.4034423828125,0.0,3.7900925,,0.0,405.0,,1,1,1,0,1
1789662448186.0,20.28,-4.6471605,7.748857,3.3047872,-0.0424551,0.9697477,0.121409364,-21.6,44.850002,-67.65,9.620940908065753,0.9782398840970371,-4.71560651863666,7.755770860694474,3.303688724927816,11.05531234,76.92710493,378.4034423828125,0.0,3.7900925,,0.0,405.0,,1,1,1,0,1
1789662448196.0,20.29,-4.6471605,7.748857,3.3047872,-0.36865687,0.84513134,0.23441933,-21.6,44.850002,-67.65,9.620940908065753,0.951371269235119,-4.676727113351433,7.755180246163422,3.2976873145494165,11.05531234,76.92710493,378.4034423828125,0.0,3.7900925,,0.0,405.0,,1,1,1,0,1
1789662448206.0,20.3,-4.6471605,7.748857,3.3047872,-0.36865687,0.84513134,0.23441933,-21.6,44.850002,-67.65,9.620940908065753,0.951371269235119,-4.6181799117311035,7.762718526302602,3.2717979765019365,11.05531234,76.92710493,378.4034423828125,0.0,3.7900925,,0.0,405.0,,1,1,1,0,1
1789662448216.0,20.31,-4.6471605,7.748857,3.3047872,-0.36865687,0.84513134,0.23441933,-17.400002,47.025,-71.475006,9.620940908065753,0.951371269235119,-4.581729472527827,7.773046586506637,3.24419750377766,11.05531234,76.92710493,378.4034423828125,0.0,3.7900925,,0.0,405.0,,1,1,1,0,1
1789662448226.0,20.32,-4.6471605,7.748857,3.3047872,-0.36865687,0.84513134,0.23441933,-17.400002,47.025,-71.475006,9.620940908065753,0.951371269235119,-4.603709526835403,7.763519562918998,3.2670524777173906,11.05531234,76.92710493,378.4034423828125,0.0,3.7900925,,0.0,405.0,,1,1,1,0,1
1789662448236.0,20.33,-4.6471605,7.748857,3.3047872,-0.36865687,0.84513134,0.23441933,-17.400002,47.025,-71.475006,9.620940908065753,0.951371269235119,-4.704362396395599,7.710986274704007,3.391246754456441,11.05531234,76.92710493,378.4034423828125,0.0,3.7900925,,0.0,405.0,,1,1,1,0,1
1789662448246.0,20.34,-4.6471605,7.748857,3.3047872,-0.36865687,0.84513134,0.23441933,-17.400002,47.025,-71.475006,9.620940908065753,0.951371269235119,-4.872021558257749,7.6131397424720575,3.6207014039564944,11.05531234,76.92710493,378.4034423828125,0.0,3.7900925,,0.0,405.0,,1,1,1,0,1
1789662448256.0,20.35,-5.2642097,7.361519,4.2131624,-0.36865687,0.84513134,0.23441933,-17.400002,47.025,-71.475006,9.982715219904295,0.951371269235119,-5.059478619120341,7.496150876668856,3.8957699131984085,11.05531234,76.92710493,378.4034423828125,0.0,3.7900925,,0.0,405.0,,1,1,1,0,1
1789662448266.0,20.36,-5.2642097,7.361519,4.2131624,-0.36865687,0.84513134,0.23441933,-17.400002,47.025,-71.475006,9.982715219904295,0.951371269235119,-5.207184971843022,7.399309416306916,4.126812090677802,11.05531234,76.92710493,378.4034423828125,0.0,3.7900925,,0.0,405.0,,1,1,1,0,1
1789662448276.0,20.37,-5.2642097,7.361519,4.2131624,-0.36865687,0.84513134,0.23441933,-17.400002,47.025,-71.475006,9.982715219904295,0.951371269235119,-5.280877865748673,7.348187872523796,4.253054827714387,11.05531234,76.92710493,378.4034423828125,0.0,3.7900925,,0.0,405.0,,1,1,1,0,1
1789662448286.0,20.38,-5.2642097,7.361519,4.2131624,-0.36865687,0.84513134,0.23441933,-17.400002,47.025,-71.475006,9.982715219904295,0.951371269235119,-5.291805303970921,7.33935728869502,4.276534401028547,11.05531234,76.92710493,378.4034423828125,0.0,3.7900925,,0.0,405.0,,1,1,1,0,1
1789662448296.0,20.39,-5.2642097,7.361519,4.2131624,-0.13622284,-0.10674861,0.10140354,-17.400002,47.025,-71.475006,9.982715219904295,0.2005856570124826,-5.2815295574821475,7.348517921101397,4.246564442471987,11.05531234,76.92710493,378.4034423828125,0.0,3.7900925,,0.0,405.0,,1,1,1,0,1
1789662448306.0,20.4,-5.2642097,7.361519,4.2131624,-0.13622284,-0.10674861,0.10140354,-17.400002,47.025,-71.475006,9.982715219904295,0.2005856570124826,-5.284550175012541,7.352935195995587,4.215787083321444,11.05531234,76.92710493,378.4034423828125,0.0,3.7900925,,0.0,405.0,,1,1,1,0,1
1789662448316.0,20.41,-5.2642097,7.361519,4.2131624,-0.13622284,-0.10674861,0.10140354,-17.400002,47.025,-71.475006,9.982715219904295,0.2005856570124826,-5.298684491591278,7.349334967493184,4.206210368859446,11.05531234,76.92710493,378.4034423828125,0.0,3.7900925,,0.0,405.0,,1,1,1,0,1
1789662448326.0,20.42,-5.2642097,7.361519,4.2131624,-0.13622284,-0.10674861,0.10140354,-18.225,53.475002,-73.575005,9.982715219904295,0.2005856570124826,-5.285457518789753,7.354641013272907,4.20587218402276,11.05531234,76.92710493,378.4034423828125,0.0,3.7900925,,0.0,405.0,,1,1,1,0,1
1789662448336.0,20.43,-5.2642097,7.361519,4.2131624,-0.13622284,-0.10674861,0.10140354,-18.225,53.475002,-73.575005,9.982715219904295,0.2005856570124826,-5.201062332601751,7.390273486238435,4.190119345517707,11.05531234,76.92710493,378.4034423828125,0.0,3.7900925,,0.0,405.0,,1,1,1,0,1
1789662448346.0,20.44,-5.2642097,7.361519,4.2131624,-0.13622284,-0.10674861,0.10140354,-18.225,53.475002,-73.575005,9.982715219904295,0.2005856570124826,-5.035581337011716,7.462367232888697,4.146874508185544,11.05531234,76.92710493,378.4034423828125,0.0,3.7900925,,0.0,405.0,,1,1,1,0,1
1789662448356.0,20.45,-4.582854,7.6633134,4.010969,-0.13622284,-0.10674861,0.10140354,-18.225,53.475002,-73.575005,9.788605384368939,0.2005856570124826,-4.828559219879797,7.553771542630828,4.086923216812937,11.05531234,76.92710493,378.4034423828125,0.0,3.7900925,,0.0,405.0,,1,1,1,0,1
1789662448366.0,20.46,-4.582854,7.6633134,4.010969,-0.13622284,-0.10674861,0.10140354,-18.225,53.475002,-73.575005,9.788605384368939,0.2005856570124826,-4.646078389079367,7.6346131946320615,4.033933834285973,11.05531234,76.92710493,378.4034423828125,0.0,3.7900925,,0.0,405.0,,1,1,1,0,1
1789662448376.0,20.47,-4.582854,7.6633134,4.010969,-0.13622284,-0.10674861,0.10140354,-18.225,53.475002,-73.575005,9.788605384368939,0.2005856570124826,-4.53877168420313,7.681967646678779,4.005136643663381,11.05531234,76.92710493,378.4034423828125,0.0,3.7900925,,0.0,405.0,,1,1,1,0,1
1789662448386.0,20.48,-4.582854,7.6633134,4.010969,-0.13622284,-0.10674861,0.10140354,-18.225,53.475002,-73.575005,9.788605384368939,0.2005856570124826,-4.5162825065865855,7.691865500780632,3.999717343768763,11.05531234,76.92710493,378.4034423828125,0.0,3.7900925,,0.0,405.0,,1,1,1,0,1
1789662448396.0,20.49,-4.582854,7.6633134,4.010969,-0.21410808,-0.22953242,0.0943786,-18.225,53.475002,-73.575005,9.788605384368939,0.3277723629141157,-4.552893418909932,7.676518459042367,4.003261556386203,11.05531234,76.92710493,378.4034423828125,0.0,3.7900925,,0.0,405.0,,1,1,1,0,1
1789662448406.0,20.5,-4.582854,7.6633134,4.010969,-0.21410808,-0.22953242,0.0943786,-18.225,53.475002,-73.575005,9.788605384368939,0.3277723629141157,-4.608366989700523,7.653986354597273,4.002497405637181,11.05531234,76.92710493,378.4034423828125,0.0,3.7900925,,0.0,405.0,,1,1,1,0,1
1789662448416.0,20.51,-4.582854,7.6633134,4.010969,-0.21410808,-0.22953242,0.0943786,-17.775002,57.750004,-75.600006,9.788605384368939,0.3277723629141157,-4.642865681978355,7.640513305036573,3.9976592487366527,11.05531234,76.92710493,378.4034423828125,0.0,3.7900925,,0.0,405.0,,1,1,1,0,1
1789662448426.0,20.52,-4.582854,7.6633134,4.010969,-0.21410808,-0.22953242,0.0943786,-17.775002,57.750004,-75.600006,9.788605384368939,0.3277723629141157,-4.623280699701158,7.647835423545716,4.003035133808242,11.05531234,76.92710493,378.4034423828125,0.0,3.7900925,,0.0,405.0,,1,1,1,0,1
1789662448436.0,20.53,-4.582854,7.6633134,4.010969,-0.21410808,-0.22953242,0.0943786,-17.775002,57.750004,-75.600006,9.788605384368939,0.3277723629141157,-4.531595854164204,7.681221682218172,4.035162730713761,11.05531234,76.92710493,378.4034423828125,0.0,3.7900925,,0.0,405.0,,1,1,1,0,1
1789662448446.0,20.54,-4.582854,7.6633134,4.010969,-0.21410808,-0.22953242,0.0943786,-17.775002,57.750004,-75.600006,9.788605384368939,0.3277723629141157,-4.377590247763266,7.736223833096981,4.097455052512372,11.05531234,76.92710493,378.4034423828125,0.0,3.7900925,,0.0,405.0,,1,1,1,0,1
1789662448456.0,20.55,-4.0040894,7.8679,4.262215,-0.21410808,-0.22953242,0.0943786,-17.775002,57.750004,-75.600006,9.803216769990213,0.3277723629141157,-4.201837088949097,7.798258663150735,4.174039093962809,11.05531234,76.92710493,378.4034423828125,0.0,3.7900925,,0.0,405.0,,1,1,1,0,1
1789662448466.0,20.56,-4.0040894,7.8679,4.262215,-0.21410808,-0.22953242,0.0943786,-17.775002,57.750004,-75.600006,9.803216769990213,0.3277723629141157,-4.05670319584958,7.849230685250475,4.2390621596448295,11.05531234,76.92710493,378.4034423828125,0.0,3.7900925,,0.0,405.0,,1,1,1,0,1
1789662448476.0,20.57,-4.0040894,7.8679,4.262215,-0.21410808,-0.22953242,0.0943786,-17.775002,57.750004,-75.600006,9.803216769990213,0.3277723629141157,-3.975925981907642,7.877768948174596,4.274082833437193,11.05531234,76.92710493,378.4034423828125,0.0,3.7900925,,0.0,405.0,,1,1,1,0,1
1789662448486.0,20.58,-4.0040894,7.8679,4.262215,-0.21410808,-0.22953242,0.0943786,-17.775002,57.750004,-75.600006,9.803216769990213,0.3277723629141157,-3.958450799424292,7.884407913202367,4.2789073624829665,11.05531234,76.92710493,378.4034423828125,0.0,3.7900925,,0.0,405.0,,1,1,1,0,1
1789662448496.0,20.59,-4.0040894,7.8679,4.262215,-0.21410808,-0.22953242,0.0943786,-17.775002,57.750004,-75.600006,9.803216769990213,0.3277723629141157,-3.9782983447494944,7.877876886283168,4.268287701823094,11.05531234,76.92710493,378.4034423828125,0.0,3.7900925,,0.0,405.0,,1,1,1,0,1
1789662448506.0,20.6,-4.0040894,7.8679,4.262215,0.05360338,0.16920952,0.07406735,-17.775002,57.750004,-75.600006,9.803216769990213,0.1923308512487721,-4.00687717222097,7.867490127085432,4.259496911070243,11.05531234,76.92710493,378.4034423828125,0.0,3.7900925,,0.0,405.0,,1,1,1,0,1
1789662448516.0,20.61,-4.0040894,7.8679,4.262215,0.05360338,0.16920952,0.07406735,-17.775002,57.750004,-75.600006,9.803216769990213,0.1923308512487721,-4.026952541220209,7.858955002065151,4.260962088426794,11.05531234,76.92710493,378.4034423828125,0.0,3.7900925,,0.0,405.0,,1,1,1,0,1
1789662448526.0,20.62,-4.0040894,7.8679,4.262215,0.05360338,0.16920952,0.07406735,-17.85,59.850002,-76.425,9.803216769990213,0.1923308512487721,-4.031465260177375,7.855624744445052,4.268382769353408,11.05531234,76.92710493,378.4034423828125,0.0,3.7900925,,0.0,405.0,,1,1,1,0,1
1789662448536.0,20.63,-4.0040894,7.8679,4.262215,0.05360338,0.16920952,0.07406735,-17.85,59.850002,-76.425,9.803216769990213,0.1923308512487721,-4.016310208815168,7.861307825981547,4.268913777117212,11.05531234,76.92710493,378.4034423828125,0.0,3.7900925,,0.0,405.0,,1,1,1,0,1
1789662448546.0,20.64,-4.0040894,7.8679,4.262215,0.05360338,0.16920952,0.07406735,-17.85,59.850002,-76.425,9.803216769990213,0.1923308512487721,-3.9788207527847703,7.879986200903261,4.25020688655676,11.05531234,76.92710493,378.4034423828125,0.0,3.7900925,,0.0,405.0,,1,1,1,0,1
1789662448556.0,20.65,-4.0040894,7.8679,4.262215,0.05360338,0.16920952,0.07406735,-17.85,59.850002,-76.425,9.803216769990213,0.1923308512487721,-3.923558097285979,7.9121506830752,4.209019474038934,11.05531234,76.92710493,378.4034423828125,0.0,3.7900925,,0.0,405.0,,1,1,1,0,1
1789662448566.0,20.66,-3.8033917,8.000103,4.08724,0.05360338,0.16920952,0.07406735,-17.85,59.850002,-76.425,9.75566334248153,0.1923308512487721,-3.86602023997392,7.952005377785751,4.153958376326538,11.05531234,76.92710493,378.4034423828125,0.0,3.7900925,,0.0,405.0,,1,1,1,0,1
1789662448576.0,20.67,-3.8033917,8.000103,4.08724,0.05360338,0.16920952,0.07406735,-17.85,59.850002,-76.425,9.75566334248153,0.1923308512487721,-3.8254378755922294,7.989213662061721,4.100793464466309,11.05531234,76.92710493,378.4034423828125,0.0,3.7900925,,0.0,405.0,,1,1,1,0,1
1789662448586.0,20.68,-3.8033917,8.000103,4.08724,0.05360338,0.16920952,0.07406735,-17.85,59.850002,-76.425,9.75566334248153,0.1923308512487721,-3.810114269974649,8.013774515371473,4.064818812661816,11.05531234,76.92710493,378.4034423828125,0.0,3.7900925,,0.0,405.0,,1,1,1,0,1
1789662448596.0,20.69,-3.8033917,8.000103,4.08724,0.05360338,0.16920952,0.07406735,-17.85,59.850002,-76.425,9.75566334248153,0.1923308512487721,-3.8091426853294945,8.019831520236725,4.055899898957856,11.05531234,76.92710493,378.4034423828125,0.0,3.7900925,,0.0,405.0,,1,1,1,0,1
1789662448606.0,20.7,-3.8033917,8.000103,4.08724,0.19578214,0.12797616,-0.0030543236,-17.85,59.850002,-76.425,9.75566334248153,0.23391851736016694,-3.8008906076397184,8.007294058442113,4.076011730954338,11.05531234,76.92710493,378.4034423828125,0.0,3.7900925,,0.0,405.0,,1,1,1,0,1
1789662448616.0,20.71,-3.8033917,8.000103,4.08724,0.19578214,0.12797616,-0.0030543236,-17.400002,60.375004,-79.875,9.75566334248153,0.23391851736016694,-3.7745831305039994,7.9836370277694915,4.114934765897708,11.05531234,76.92710493,378.4034423828125,0.0,3.7900925,,0.0,405.0,,1,1,1,0,1
1789662448626.0,20.72,-3.8033917,8.000103,4.08724,0.19578214,0.12797616,-0.0030543236,-17.400002,60.375004,-79.875,9.75566334248153,0.23391851736016694,-3.748796853847453,7.965943002340813,4.145090500943819,11.05531234,76.92710493,378.4034423828125,0.0,3.7900925,,0.0,405.0,,1,1,1,0,1
1789662448636.0,20.73,-3.8033917,8.000103,4.08724,0.19578214,0.12797616,-0.0030543236,-17.400002,60.375004,-79.875,9.75566334248153,0.23391851736016694,-3.7688638137512434,7.978037962015503,4.125319846472908,11.05531234,76.92710493,378.4034423828125,0.0,3.7900925,,0.0,405.0,,1,1,1,0,1
1789662448646.0,20.74,-3.8033917,8.000103,4.08724,0.19578214,0.12797616,-0.0030543236,-17.400002,60.375004,-79.875,9.75566334248153,0.23391851736016694,-3.877766684632286,8.03830371542017,4.021517731095811,11.05531234,76.92710493,378.4034423828125,0.0,3.7900925,,0.0,405.0,,1,1,1,0,1
1789662448656.0,20.75,-3.8033917,8.000103,4.08724,0.19578214,0.12797616,-0.0030543236,-17.400002,60.375004,-79.875,9.75566334248153,0.23391851736016694,-4.078157449699543,8.143656517673012,3.8348011479623856,11.05531234,76.92710493,378.4034423828125,0.0,3.7900925,,0.0,405.0,,1,1,1,0,1
1789662448666.0,20.76,-4.595715,8.399705,3.3553355,0.19578214,0.12797616,-0.0030543236,-17.400002,60.375004,-79.875,10.145635355452622,0.23391851736016694,-4.318497301082184,8.264689785272173,3.6117966429424966,11.05531234,76.92710493,378.4034423828125,0.0,3.7900925,,0.0,405.0,,1,1,1,0,1
1789662448676.0,20.77,-4.595715,8.399705,3.3553355,0.19578214,0.12797616,-0.0030543236,-17.400002,60.375004,-79.875,10.145635355452622,0.23391851736016694,-4.52145465619109,8.361531312637647,3.4210452358795282,11.05531234,76.92710493,378.4034423828125,0.0,3.7900925,,0.0,405.0,,1,1,1,0,1
1789662448686.0,20.78,-4.595715,8.399705,3.3553355,0.19578214,0.12797616,-0.0030543236,-17.400002,60.375004,-79.875,10.145635355452622,0.23391851736016694,-4.633721679533158,8.410334880364626,3.311828852700245,11.05531234,76.92710493,378.4034423828125,0.0,3.7900925,,0.0,405.0,,1,1,1,0,1
1789662448696.0,20.79,-4.595715,8.399705,3.3553355,0.19578214,0.12797616,-0.0030543236,-17.400002,60.375004,-79.875,10.145635355452622,0.23391851736016694,-4.654940024468539,8.417815838993755,3.289921866262272,11.05531234,76.92710493,378.4034423828125,0.0,3.7900925,,0.0,405.0,,1,1,1,0,1
1789662448706.0,20.8,-4.595715,8.399705,3.3553355,0.10216712,0.4747946,0.022296563,-17.400002,60.375004,-79.875,10.145635355452622,0.4861740113579369,-4.625493284909052,8.411400920176103,3.3254808029777068,11.05531234,76.92710493,378.4034423828125,0.0,3.7900925,,0.0,405.0,,1,1,1,0,1
1789662448716.0,20.81,-4.595715,8.399705,3.3553355,0.10216712,0.4747946,0.022296563,-17.400002,60.375004,-79.875,10.145635355452622,0.4861740113579369,-4.591301590775647,8.41400347825473,3.3768477575589118,11.05531234,76.92710493,378.4034423828125,0.0,3.7900925,,0.0,405.0,,1,1,1,0,1
1789662448726.0,20.82,-4.595715,8.399705,3.3553355,0.10216712,0.4747946,0.022296563,-16.425001,60.15,-84.525,10.145635355452622,0.4861740113579369,-4.576889145880939,8.423825304854352,3.407432962504234,11.05531234,76.92710493,378.4034423828125,0.0,3.7900925,,0.0,405.0,,1,1,1,0,1
1789662448736.0,20.83,-4.595715,8.399705,3.3553355,0.10216712,0.4747946,0.022296563,-16.425001,60.15,-84.525,10.145635355452622,0.4861740113579369,-4.581500255358812,8.414495084554916,3.3909828494585086,11.05531234,76.92710493,378.4034423828125,0.0,3.7900925,,0.0,405.0,,1,1,1,0,1
1789662448746.0,20.84,-4.595715,8.399705,3.3553355,0.10216712,0.4747946,0.022296563,-16.425001,60.15,-84.525,10.145635355452622,0.4861740113579369,-4.5916792510109135,8.356130307558399,3.315441980013577,11.05531234,76.92710493,378.4034423828125,0.0,3.7900925,,0.0,405.0,,1,1,1,0,1
1789662448756.0,20.85,-4.595715,8.399705,3.3553355,0.10216712,0.4747946,0.022296563,-16.425001,60.15,-84.525,10.145635355452622,0.4861740113579369,-4.59572432964795,8.24215243284888,3.190385894843515,11.05531234,76.92710493,378.4034423828125,0.0,3.7900925,,0.0,405.0,,1,1,1,0,1
1789662448766.0,20.86,-4.575974,7.9313097,2.8920252,0.10216712,0.4747946,0.022296563,-16.425001,60.15,-84.525,9.602552856580646,0.4861740113579369,-4.590485142561048,8.099923153467042,3.048623870875426,11.05531234,76.92710493,378.4034423828125,0.0,3.7900925,,0.0,405.0,,1,1,1,0,1
1789662448776.0,20.87,-4.575974,7.9313097,2.8920252,0.10216712,0.4747946,0.022296563,-16.425001,60.15,-84.525,9.602552856580646,0.4861740113579369,-4.579973586950969,7.974904154319406,2.9318851186581663,11.05531234,76.92710493,378.4034423828125,0.0,3.7900925,,0.0,405.0,,1,1,1,0,1
1789662448786.0,20.88,-4.575974,7.9313097,2.8920252,0.10216712,0.4747946,0.022296563,-16.425001,60.15,-84.525,9.602552856580646,0.4861740113579369,-4.570607422735637,7.9016799123852035,2.8675527176678246,11.05531234,76.92710493,378.4034423828125,0.0,3.7900925,,0.0,405.0,,1,1,1,0,1
1789662448796.0,20.89,-4.575974,7.9313097,2.8920252,0.10216712,0.4747946,0.022296563,-16.425001,60.15,-84.525,9.602552856580646,0.4861740113579369,-4.567475679499834,7.886387727424209,2.855632817174706,11.05531234,76.92710493,378.4034423828125,0.0,3.7900925,,0.0,405.0,,1,1,1,0,1
1789662448806.0,20.9,-4.575974,7.9313097,2.8920252,0.07635809,0.38102686,-0.024434589,-16.425001,60.15,-84.525,9.602552856580646,0.38937010040513725,-4.572503147412604,7.910861112342564,2.8752251964856286,11.05531234,76.92710493,378.4034423828125,0.0,3.7900925,,0.0,405.0,,1,1,1,0,1
1789662448816.0,20.91,-4.575974,7.9313097,2.8920252,0.07635809,0.38102686,-0.024434589,-14.700001,61.725002,-90.0,9.602552856580646,0.38937010040513725,-4.58317747243575,7.947513042618732,2.900941668442952,11.05531234,76.92710493,378.4034423828125,0.0,3.7900925,,0.0,405.0,,1,1,1,0,1
1789662448826.0,20.92,-4.575974,7.9313097,2.8920252,0.07635809,0.38102686,-0.024434589,-14.700001,61.725002,-90.0,9.602552856580646,0.38937010040513725,-4.591634153502508,7.970057965202532,2.9145859820246587,11.05531234,76.92710493,378.4034423828125,0.0,3.7900925,,0.0,405.0,,1,1,1,0,1
1789662448836.0,20.93,-4.575974,7.9313097,2.8920252,0.07635809,0.38102686,-0.024434589,-14.700001,61.725002,-90.0,9.602552856580646,0.38937010040513725,-4.586277048346302,7.95765021533127,2.9074451002763273,11.05531234,76.92710493,378.4034423828125,0.0,3.7900925,,0.0,405.0,,1,1,1,0,1
1789662448846.0,20.94,-4.575974,7.9313097,2.8920252,0.07635809,0.38102686,-0.024434589,-14.700001,61.725002,-90.0,9.602552856580646,0.38937010040513725,-4.55773293985877,7.899502119128076,2.878458325802616,11.05531234,76.92710493,378.4034423828125,0.0,3.7900925,,0.0,405.0,,1,1,1,0,1
1789662448856.0,20.95,-4.575974,7.9313097,2.8920252,0.07635809,0.38102686,-0.024434589,-14.700001,61.725002,-90.0,9.602552856580646,0.38937010040513725,-4.506473044352919,7.802221737177248,2.8333653319672707,11.05531234,76.92710493,378.4034423828125,0.0,3.7900925,,0.0,405.0,,1,1,1,0,1
1789662448866.0,20.96,-4.3734818,7.568199,2.728416,0.07635809,0.38102686,-0.024434589,-14.700001,61.725002,-90.0,9.156922683281117,0.38937010040513725,-4.445295387363245,7.69151056802555,2.7837456435876278,11.05531234,76.92710493,378.4034423828125,0.0,3.7900925,,0.0,405.0,,1,1,1,0,1
1789662448876.0,20.97,-4.3734818,7.568199,2.728416,0.07635809,0.38102686,-0.024434589,-14.700001,61.725002,-90.0,9.156922683281117,0.38937010040513725,-4.392634242371587,7.600397922167074,2.742698069820402,11.05531234,76.92710493,378.4034423828125,0.0,3.7900925,,0.0,405.0,,1,1,1,0,1
1789662448886.0,20.98,-4.3734818,7.568199,2.728416,0.07635809,0.38102686,-0.024434589,-14.700001,61.725002,-90.0,9.156922683281117,0.38937010040513725,-4.361509040204933,7.5502437483861335,2.718593263793678,11.05531234,76.92710493,378.4034423828125,0.0,3.7900925,,0.0,405.0,,1,1,1,0,1
1789662448896.0,20.99,-4.3734818,7.568199,2.728416,0.07635809,0.38102686,-0.024434589,-14.700001,61.725002,-90.0,9.156922683281117,0.38937010040513725,-4.353574550651429,7.540363954312633,2.7121542959257305,11.05531234,76.92710493,378.4034423828125,0.0,3.7900925,,0.0,405.0,,1,1,1,0,1
1789662448906.0,21.0,-4.3734818,7.568199,2.728416,0.07635809,0.38102686,-0.024434589,-14.700001,61.725002,-90.0,9.156922683281117,0.38937010040513725,-4.361879912130534,7.5538411408456385,2.7187621464665686,11.0554072,76.9271226,374.7000122070313,,85.553604,,,405.0,,1,0,0,1,1
1789662448916.0,21.01,-4.3734818,7.568199,2.728416,-0.1831067,-0.024740022,-0.20234893,-14.700001,61.725002,-90.0,9.156922683281117,0.27401682748618816,-4.377024546019803,7.5715453661317325,2.7320517590882956,11.0554072,76.9271226,374.7000122070313,,85.553604,,,405.0,,1,0,0,1,1
1789662448926.0,21.02,-4.3734818,7.568199,2.728416,-0.1831067,-0.024740022,-0.20234893,-12.825001,68.100006,-94.950005,9.156922683281117,0.27401682748618816,-4.390143714078018,7.581782861066337,2.7446691169509894,11.0554072,76.9271226,374.7000122070313,,85.553604,,,405.0,,1,0,0,1,1
1789662448936.0,21.03,-4.3734818,7.568199,2.728416,-0.1831067,-0.024740022,-0.20234893,-12.825001,68.100006,-94.950005,9.156922683281117,0.27401682748618816,-4.392610894534617,7.581093897052588,2.7474850292385695,11.0554072,76.9271226,374.7000122070313,,85.553604,,,405.0,,1,0,0,1,1
1789662448946.0,21.04,-4.3734818,7.568199,2.728416,-0.1831067,-0.024740022,-0.20234893,-12.825001,68.100006,-94.950005,9.156922683281117,0.27401682748618816,-4.377862794609436,7.570861603223071,2.732543141003243,11.0554072,76.9271226,374.7000122070313,,85.553604,,,405.0,,1,0,0,1,1
1789662448956.0,21.05,-4.3734818,7.568199,2.728416,-0.1831067,-0.024740022,-0.20234893,-12.825001,68.100006,-94.950005,9.156922683281117,0.27401682748618816,-4.3487392455645635,7.55589208290089,2.702089288404803,11.0554072,76.9271226,374.7000122070313,,85.553604,,,405.0,,1,0,0,1,1
1789662448966.0,21.06,-4.3734818,7.568199,2.728416,0.03726275,-0.345444,-0.14798197,-12.825001,68.100006,-94.950005,9.156922683281117,0.3776489548756138,-4.32547772537457,7.54580457182772,2.677610977299554,11.0554072,76.9271226,374.7000122070313,,85.553604,,,405.0,,1,0,0,1,1
1789662448976.0,21.07,-4.3734818,7.568199,2.728416,0.03726275,-0.345444,-0.14798197,-12.825001,68.100006,-94.950005,9.156922683281117,0.3776489548756138,-4.343156979510309,7.554500873468388,2.69686783294046,11.0554072,76.9271226,374.7000122070313,,85.553604,,,405.0,,1,0,0,1,1
1789662448986.0,21.08,-4.3734818,7.568199,2.728416,0.03726275,-0.345444,-0.14798197,-12.825001,68.100006,-94.950005,9.156922683281117,0.3776489548756138,-4.4321652708782295,7.593434515709008,2.7925895094894675,11.0554072,76.9271226,374.7000122070313,,85.553604,,,405.0,,1,0,0,1,1
1789662448996.0,21.09,-4.3734818,7.568199,2.728416,0.03726275,-0.345444,-0.14798197,-12.825001,68.100006,-94.950005,9.156922683281117,0.3776489548756138,-4.5919119943094735,7.661585336399903,2.964340337613087,11.0554072,76.9271226,374.7000122070313,,85.553604,,,405.0,,1,0,0,1,1
1789662449006.0,21.1,-5.0012984,7.8346996,3.411866,0.03726275,-0.345444,-0.14798197,-12.825001,68.100006,-94.950005,9.901329865732114,0.3776489548756138,-4.7815430048562035,7.741731711027282,3.1690037122821733,11.05531328,76.92710479,378.1026611328125,0.0,3.7900925,,0.0,405.0,,1,1,1,0,1
1789662449016.0,21.11,-5.0012984,7.8346996,3.411866,0.03726275,-0.345444,-0.14798197,-14.325001,72.600006,-95.55,9.901329865732114,0.3776489548756138,-4.9417205154357555,7.809271469663817,3.344206886228041,11.05531328,76.92710479,378.1026611328125,0.0,3.7900925,,0.0,405.0,,1,1,1,0,1
1789662449026.0,21.12,-5.0012984,7.8346996,3.411866,0.03726275,-0.345444,-0.14798197,-14.325001,72.600006,-95.55,9.901329865732114,0.3776489548756138,-5.031977384651208,7.847520181746791,3.4471974502237,11.05531328,76.92710479,378.1026611328125,0.0,3.7900925,,0.0,405.0,,1,1,1,0,1
1789662449036.0,21.13,-5.0012984,7.8346996,3.411866,0.03726275,-0.345444,-0.14798197,-14.325001,72.600006,-95.55,9.901329865732114,0.3776489548756138,-5.051620651233696,7.856232669365932,3.4751310590077145,11.05531328,76.92710479,378.1026611328125,0.0,3.7900925,,0.0,405.0,,1,1,1,0,1
1789662449046.0,21.14,-5.0012984,7.8346996,3.411866,0.03726275,-0.345444,-0.14798197,-14.325001,72.600006,-95.55,9.901329865732114,0.3776489548756138,-5.029625001656312,7.847287865317135,3.453385867276348,11.05531328,76.92710479,378.1026611328125,0.0,3.7900925,,0.0,405.0,,1,1,1,0,1
1789662449056.0,21.15,-5.0012984,7.8346996,3.411866,0.03726275,-0.345444,-0.14798197,-14.325001,72.600006,-95.55,9.901329865732114,0.3776489548756138,-4.998805106113706,7.8340256116028595,3.4110792333776403,11.05531328,76.92710479,378.1026611328125,0.0,3.7900925,,0.0,405.0,,1,1,1,0,1
1789662449066.0,21.16,-5.0012984,7.8346996,3.411866,0.03726275,-0.345444,-0.14798197,-14.325001,72.600006,-95.55,9.901329865732114,0.3776489548756138,-4.978493419957926,7.824424827237382,3.369809373527108,11.05531328,76.92710479,378.1026611328125,0.0,3.7900925,,0.0,405.0,,1,1,1,0,1
1789662449076.0,21.17,-5.0012984,7.8346996,3.411866,0.06505709,-0.43753186,-0.08750637,-14.325001,72.600006,-95.55,9.901329865732114,0.4509145354331623,-4.974775604754752,7.821708079038357,3.350244735062447,11.05531328,76.92710479,378.1026611328125,0.0,3.7900925,,0.0,405.0,,1,1,1,0,1
1789662449086.0,21.18,-5.0012984,7.8346996,3.411866,0.06505709,-0.43753186,-0.08750637,-14.325001,72.600006,-95.55,9.901329865732114,0.4509145354331623,-4.9893404731564726,7.8281724517093805,3.378893106835871,11.05531328,76.92710479,378.1026611328125,0.0,3.7900925,,0.0,405.0,,1,1,1,0,1
1789662449096.0,21.19,-5.0012984,7.8346996,3.411866,0.06505709,-0.43753186,-0.08750637,-14.325001,72.600006,-95.55,9.901329865732114,0.4509145354331623,-5.023850085346028,7.846419465321811,3.477483694263493,11.05531328,76.92710479,378.1026611328125,0.0,3.7900925,,0.0,405.0,,1,1,1,0,1
1789662449106.0,21.2,-5.0012984,7.8346996,3.411866,0.06505709,-0.43753186,-0.08750637,-14.325001,72.600006,-95.55,9.901329865732114,0.4509145354331623,-5.076159262456178,7.876672251905017,3.639679320947028,11.05531328,76.92710479,378.1026611328125,0.0,3.7900925,,0.0,405.0,,1,1,1,0,1
1789662449116.0,21.21,-5.2055855,7.9594254,4.0238304,0.06505709,-0.43753186,-0.08750637,-14.325001,72.600006,-95.55,10.326750901611772,0.4509145354331623,-5.135778624158043,7.913994520403492,3.8211175509813473,11.05531328,76.92710479,378.1026611328125,0.0,3.7900925,,0.0,405.0,,1,1,1,0,1
1789662449126.0,21.22,-5.2055855,7.9594254,4.0238304,0.06505709,-0.43753186,-0.08750637,-15.375001,77.025,-94.875,10.326750901611772,0.4509145354331623,-5.186751089901509,7.949257598046617,3.9621075309840443,11.05531328,76.92710479,378.1026611328125,0.0,3.7900925,,0.0,405.0,,1,1,1,0,1
1789662449136.0,21.23,-5.2055855,7.9594254,4.0238304,0.06505709,-0.43753186,-0.08750637,-15.375001,77.025,-94.875,10.326750901611772,0.4509145354331623,-5.216665306037408,7.973072938499899,4.029249572407331,11.05531328,76.92710479,378.1026611328125,0.0,3.7900925,,0.0,405.0,,1,1,1,0,1
1789662449146.0,21.24,-5.2055855,7.9594254,4.0238304,0.06505709,-0.43753186,-0.08750637,-15.375001,77.025,-94.875,10.326750901611772,0.4509145354331623,-5.223246855715497,7.97919291057153,4.038887476046545,11.05531328,76.92710479,378.1026611328125,0.0,3.7900925,,0.0,405.0,,1,1,1,0,1
1789662449156.0,21.25,-5.2055855,7.9594254,4.0238304,0.06505709,-0.43753186,-0.08750637,-15.375001,77.025,-94.875,10.326750901611772,0.4509145354331623,-5.213512820869985,7.966557227994873,4.039337522461637,11.05531328,76.92710479,378.1026611328125,0.0,3.7900925,,0.0,405.0,,1,1,1,0,1
1789662449166.0,21.26,-5.2055855,7.9594254,4.0238304,0.06505709,-0.43753186,-0.08750637,-15.375001,77.025,-94.875,10.326750901611772,0.4509145354331623,-5.198614208873981,7.942051516184744,4.064779610008304,11.05531328,76.92710479,378.1026611328125,0.0,3.7900925,,0.0,405.0,,1,1,1,0,1
1789662449176.0,21.27,-5.2055855,7.9594254,4.0238304,0.22495094,-0.05925388,0.013897172,-15.375001,77.025,-94.875,10.326750901611772,0.23303879310435757,-5.189639562528206,7.923350731604585,4.097257701345977,11.05531328,76.92710479,378.1026611328125,0.0,3.7900925,,0.0,405.0,,1,1,1,0,1
1789662449186.0,21.28,-5.2055855,7.9594254,4.0238304,0.22495094,-0.05925388,0.013897172,-15.375001,77.025,-94.875,10.326750901611772,0.23303879310435757,-5.1953069673397145,7.93602889263891,4.069224830310486,11.05531328,76.92710479,378.1026611328125,0.0,3.7900925,,0.0,405.0,,1,1,1,0,1
1789662449196.0,21.29,-5.2055855,7.9594254,4.0238304,0.22495094,-0.05925388,0.013897172,-15.375001,77.025,-94.875,10.326750901611772,0.23303879310435757,-5.219163703333349,8.000332818479777,3.911882394193461,11.05531328,76.92710479,378.1026611328125,0.0,3.7900925,,0.0,405.0,,1,1,1,0,1
1789662449206.0,21.3,-5.2055855,7.9594254,4.0238304,0.22495094,-0.05925388,0.013897172,-15.375001,77.025,-94.875,10.326750901611772,0.23303879310435757,-5.2561900199413945,8.113729610296621,3.6172265371160055,11.05531328,76.92710479,378.1026611328125,0.0,3.7900925,,0.0,405.0,,1,1,1,0,1
1789662449216.0,21.31,-5.3294144,8.393424,2.8474588,0.22495094,-0.05925388,0.013897172,-15.375001,77.025,-94.875,10.342158667725071,0.23303879310435757,-5.293060990125405,8.245355095341877,3.260992788235744,11.05531328,76.92710479,378.1026611328125,0.0,3.7900925,,0.0,405.0,,1,1,1,0,1
1789662449226.0,21.32,-5.3294144,8.393424,2.8474588,0.22495094,-0.05925388,0.013897172,-13.8,76.950005,-99.3,10.342158667725071,0.23303879310435757,-5.315656533536189,8.352501741918655,2.959396011671695,11.05531328,76.92710479,378.1026611328125,0.0,3.7900925,,0.0,405.0,,1,1,1,0,1
1789662449236.0,21.33,-5.3294144,8.393424,2.8474588,0.22495094,-0.05925388,0.013897172,-13.8,76.950005,-99.3,10.342158667725071,0.23303879310435757,-5.320244411304886,8.40841438495992,2.7927339439007786,11.05531328,76.92710479,378.1026611328125,0.0,3.7900925,,0.0,405.0,,1,1,1,0,1
1789662449246.0,21.34,-5.3294144,8.393424,2.8474588,0.22495094,-0.05925388,0.013897172,-13.8,76.950005,-99.3,10.342158667725071,0.23303879310435757,-5.318514201622135,8.417771236662347,2.7610133961262195,11.05531328,76.92710479,378.1026611328125,0.0,3.7900925,,0.0,405.0,,1,1,1,0,1
1789662449256.0,21.35,-5.3294144,8.393424,2.8474588,0.22495094,-0.05925388,0.013897172,-13.8,76.950005,-99.3,10.342158667725071,0.23303879310435757,-5.329109644664725,8.407424673411764,2.8027798441161815,11.05531328,76.92710479,378.1026611328125,0.0,3.7900925,,0.0,405.0,,1,1,1,0,1
1789662449266.0,21.36,-5.3294144,8.393424,2.8474588,0.346513,0.44287694,-0.09407317,-13.8,76.950005,-99.3,10.342158667725071,0.5701412144956831,-5.358643974550521,8.402191117924698,2.849646306375685,11.05531328,76.92710479,378.1026611328125,0.0,3.7900925,,0.0,405.0,,1,1,1,0,1
1789662449276.0,21.37,-5.3294144,8.393424,2.8474588,0.346513,0.44287694,-0.09407317,-13.8,76.950005,-99.3,10.342158667725071,0.5701412144956831,-5.385815487913409,8.405813909051544,2.8681288461537044,11.05531328,76.92710479,378.1026611328125,0.0,3.7900925,,0.0,405.0,,1,1,1,0,1
1789662449286.0,21.38,-5.3294144,8.393424,2.8474588,0.346513,0.44287694,-0.09407317,-13.8,76.950005,-99.3,10.342158667725071,0.5701412144956831,-5.365028951506004,8.400393788603147,2.8646460720431715,11.05531328,76.92710479,378.1026611328125,0.0,3.7900925,,0.0,405.0,,1,1,1,0,1
1789662449296.0,21.39,-5.3294144,8.393424,2.8474588,0.346513,0.44287694,-0.09407317,-13.8,76.950005,-99.3,10.342158667725071,0.5701412144956831,-5.255063206013409,8.363266011312598,2.86287334020718,11.05531328,76.92710479,378.1026611328125,0.0,3.7900925,,0.0,405.0,,1,1,1,0,1
1789662449306.0,21.4,-5.3294144,8.393424,2.8474588,0.346513,0.44287694,-0.09407317,-13.8,76.950005,-99.3,10.342158667725071,0.5701412144956831,-5.055956031314788,8.28803381877126,2.8776471580125893,11.05531328,76.92710479,378.1026611328125,0.0,3.7900925,,0.0,405.0,,1,1,1,0,1
1789662449316.0,21.41,-4.554738,8.079366,2.9419754,0.346513,0.44287694,-0.09407317,-13.8,76.950005,-99.3,9.730211326831764,0.5701412144956831,-4.821505929546516,8.192941062792078,2.9043000319092984,11.05531328,76.92710479,378.1026611328125,0.0,3.7900925,,0.0,405.0,,1,1,1,0,1
1789662449326.0,21.42,-4.554738,8.079366,2.9419754,0.346513,0.44287694,-0.09407317,-4.425,76.950005,-101.62501,9.730211326831764,0.5701412144956831,-4.629124953084315,8.109477115249023,2.9269961420367445,11.05531328,76.92710479,378.1026611328125,0.0,3.7900925,,0.0,405.0,,1,1,1,0,1
1789662449336.0,21.43,-4.554738,8.079366,2.9419754,0.346513,0.44287694,-0.09407317,-4.425,76.950005,-101.62501,9.730211326831764,0.5701412144956831,-4.528176894921236,8.061318204139175,2.9355442595829504,11.05531328,76.92710479,378.1026611328125,0.0,3.7900925,,0.0,405.0,,1,1,1,0,1
1789662449346.0,21.44,-4.554738,8.079366,2.9419754,0.346513,0.44287694,-0.09407317,-4.425,76.950005,-101.62501,9.730211326831764,0.5701412144956831,-4.510933544920474,8.051577397437475,2.9354489709657208,11.05531328,76.92710479,378.1026611328125,0.0,3.7900925,,0.0,405.0,,1,1,1,0,1
1789662449356.0,21.45,-4.554738,8.079366,2.9419754,0.346513,0.44287694,-0.09407317,-4.425,76.950005,-101.62501,9.730211326831764,0.5701412144956831,-4.529087375179156,8.066261266229347,2.9424466387514294,11.05531328,76.92710479,378.1026611328125,0.0,3.7900925,,0.0,405.0,,1,1,1,0,1
1789662449366.0,21.46,-4.554738,8.079366,2.9419754,0.3049742,0.21380265,-0.26404628,-4.425,76.950005,-101.62501,9.730211326831764,0.45655369212667735,-4.537900423727212,8.086402861527223,2.9649868229367837,11.05531328,76.92710479,378.1026611328125,0.0,3.7900925,,0.0,405.0,,1,1,1,0,1
1789662449376.0,21.47,-4.554738,8.079366,2.9419754,0.3049742,0.21380265,-0.26404628,-4.425,76.950005,-101.62501,9.730211326831764,0.45655369212667735,-4.531060870285662,8.097338979324848,2.9881551079935593,11.05531328,76.92710479,378.1026611328125,0.0,3.7900925,,0.0,405.0,,1,1,1,0,1
1789662449386.0,21.48,-4.554738,8.079366,2.9419754,0.3049742,0.21380265,-0.26404628,-4.425,76.950005,-101.62501,9.730211326831764,0.45655369212667735,-4.541677938092879,8.091280225196698,2.974509174159303,11.05531328,76.92710479,378.1026611328125,0.0,3.7900925,,0.0,405.0,,1,1,1,0,1
1789662449396.0,21.49,-4.554738,8.079366,2.9419754,0.3049742,0.21380265,-0.26404628,-4.425,76.950005,-101.62501,9.730211326831764,0.45655369212667735,-4.611123334132929,8.066792264148209,2.887680170349338,11.05531328,76.92710479,378.1026611328125,0.0,3.7900925,,0.0,405.0,,1,1,1,0,1
1789662449406.0,21.5,-4.554738,8.079366,2.9419754,0.3049742,0.21380265,-0.26404628,-4.425,76.950005,-101.62501,9.730211326831764,0.45655369212667735,-4.7502538024219625,8.028556563230161,2.7253568540210136,11.05531328,76.92710479,378.1026611328125,0.0,3.7900925,,0.0,405.0,,1,1,1,0,1
1789662449416.0,21.51,-5.131408,7.934899,2.3428724,0.3049742,0.21380265,-0.26404628,-4.425,76.950005,-101.62501,9.73565720870177,0.45655369212667735,-4.924322961894071,7.98621404222245,2.53357321364968,11.05531328,76.92710479,378.1026611328125,0.0,3.7900925,,0.0,405.0,,1,1,1,0,1
1789662449426.0,21.52,-5.131408,7.934899,2.3428724,0.3049742,0.21380265,-0.26404628,-5.55,76.875,-104.700005,9.73565720870177,0.45655369212667735,-5.074908890463302,7.950168831654847,2.3834634315572067,11.05531328,76.92710479,378.1026611328125,0.0,3.7900925,,0.0,405.0,,1,1,1,0,1
1789662449436.0,21.53,-5.131408,7.934899,2.3428724,0.3049742,0.21380265,-0.26404628,-5.55,76.875,-104.700005,9.73565720870177,0.45655369212667735,-5.159842357985828,7.926595834533672,2.3233886191716806,11.05531328,76.92710479,378.1026611328125,0.0,3.7900925,,0.0,405.0,,1,1,1,0,1
1789662449446.0,21.54,-5.131408,7.934899,2.3428724,0.3049742,0.21380265,-0.26404628,-5.55,76.875,-104.700005,9.73565720870177,0.45655369212667735,-5.176829843069633,7.916440037061029,2.3431453034500547,11.05531328,76.92710479,378.1026611328125,0.0,3.7900925,,0.0,405.0,,1,1,1,0,1
1789662449456.0,21.55,-5.131408,7.934899,2.3428724,0.3049742,0.21380265,-0.26404628,-5.55,76.875,-104.700005,9.73565720870177,0.45655369212667735,-5.1549878349596865,7.918803493540109,2.378923062693822,11.05531328,76.92710479,378.1026611328125,0.0,3.7900925,,0.0,405.0,,1,1,1,0,1
1789662449466.0,21.56,-5.131408,7.934899,2.3428724,0.3049742,0.21380265,-0.26404628,-5.55,76.875,-104.700005,9.73565720870177,0.45655369212667735,-5.128439615125063,7.933124709149983,2.359173657135033,11.05531328,76.92710479,378.1026611328125,0.0,3.7900925,,0.0,405.0,,1,1,1,0,1
1789662449476.0,21.57,-5.131408,7.934899,2.3428724,-0.5766563,-0.010995565,0.16676606,-5.55,76.875,-104.700005,9.73565720870177,0.6003867999442383,-5.116059312335971,7.955401958550801,2.2663856136019835,11.05531328,76.92710479,378.1026611328125,0.0,3.7900925,,0.0,405.0,,1,1,1,0,1
1789662449486.0,21.58,-5.131408,7.934899,2.3428724,-0.5766563,-0.010995565,0.16676606,-5.55,76.875,-104.700005,9.73565720870177,0.6003867999442383,-5.118589702194493,7.971526735349549,2.175812324802703,11.05531328,76.92710479,378.1026611328125,0.0,3.7900925,,0.0,405.0,,1,1,1,0,1
1789662449496.0,21.59,-5.131408,7.934899,2.3428724,-0.5766563,-0.010995565,0.16676606,-5.55,76.875,-104.700005,9.73565720870177,0.6003867999442383,-5.127873262923387,7.957286468348974,2.232957845138543,11.05531328,76.92710479,378.1026611328125,0.0,3.7900925,,0.0,405.0,,1,1,1,0,1
1789662449506.0,21.6,-5.131408,7.934899,2.3428724,-0.5766563,-0.010995565,0.16676606,-5.55,76.875,-104.700005,9.73565720870177,0.6003867999442383,-5.136965296749863,7.891344187376138,2.5614681602171796,11.05531328,76.92710479,378.1026611328125,0.0,3.7900925,,0.0,405.0,,1,1,1,0,1
1789662449516.0,21.61,-5.131408,7.934899,2.3428724,-0.5766563,-0.010995565,0.16676606,-5.55,76.875,-104.700005,9.73565720870177,0.6003867999442383,-5.144205147914968,7.774336777608124,3.153597941435098,11.05531328,76.92710479,378.1026611328125,0.0,3.7900925,,0.0,405.0,,1,1,1,0,1
1789662449526.0,21.62,-5.1619167,7.47787,4.604389,-0.5766563,-0.010995565,0.16676606,-5.55,76.875,-104.700005,10.186477399864975,0.6003867999442383,-5.151391792312536,7.636225148595797,3.838791790804707,11.05531328,76.92710479,378.1026611328125,0.0,3.7900925,,0.0,405.0,,1,1,1,0,1
1789662449536.0,21.63,-5.1619167,7.47787,4.604389,-0.5766563,-0.010995565,0.16676606,-5.55,76.875,-104.700005,10.186477399864975,0.6003867999442383,-5.159898291728277,7.52067624612741,4.3824422205744336,11.05531328,76.92710479,378.1026611328125,0.0,3.7900925,,0.0,405.0,,1,1,1,0,1
1789662449546.0,21.64,-5.1619167,7.47787,4.604389,-0.5766563,-0.010995565,0.16676606,-5.55,76.875,-104.700005,10.186477399864975,0.6003867999442383,-5.168022204620843,7.457257858037795,4.6482938281793444,11.05531328,76.92710479,378.1026611328125,0.0,3.7900925,,0.0,405.0,,1,1,1,0,1
1789662449556.0,21.65,-5.1619167,7.47787,4.604389,-0.5766563,-0.010995565,0.16676606,-5.55,76.875,-104.700005,10.186477399864975,0.6003867999442383,-5.171041915644642,7.445260988449188,4.685975319426204,11.05531328,76.92710479,378.1026611328125,0.0,3.7900925,,0.0,405.0,,1,1,1,0,1
1789662449566.0,21.66,-5.1619167,7.47787,4.604389,-0.5766563,-0.010995565,0.16676606,-5.55,76.875,-104.700005,10.186477399864975,0.6003867999442383,-5.1644138653720555,7.461008535388925,4.666929610111821,11.05531328,76.92710479,378.1026611328125,0.0,3.7900925,,0.0,405.0,,1,1,1,0,1
1789662449576.0,21.67,-5.1619167,7.47787,4.604389,0.76724607,0.26404628,-0.26206097,-10.875,77.625,-101.62501,10.186477399864975,0.852679847251959,-5.149303926480799,7.478517339802553,4.722432944827265,11.05531328,76.92710479,378.1026611328125,0.0,3.7900925,,0.0,405.0,,1,1,1,0,1
1789662449586.0,21.68,-5.1619167,7.47787,4.604389,0.76724607,0.26404628,-0.26206097,-10.875,77.625,-101.62501,10.186477399864975,0.852679847251959,-5.136999042287289,7.485318987136946,4.812874079310127,11.05531328,76.92710479,378.1026611328125,0.0,3.7900925,,0.0,405.0,,1,1,1,0,1
1789662449596.0,21.69,-5.1619167,7.47787,4.604389,0.76724607,0.26404628,-0.26206097,-10.875,77.625,-101.62501,10.186477399864975,0.852679847251959,-5.146814556407632,7.484294783689645,4.733633851120094,11.05531328,76.92710479,378.1026611328125,0.0,3.7900925,,0.0,405.0,,1,1,1,0,1
1789662449606.0,21.7,-5.1619167,7.47787,4.604389,0.76724607,0.26404628,-0.26206097,-10.875,77.625,-101.62501,10.186477399864975,0.852679847251959,-5.195117884945837,7.485006617392566,4.268500998906138,11.05531328,76.92710479,378.1026611328125,0.0,3.7900925,,0.0,405.0,,1,1,1,0,1
1789662449616.0,21.71,-5.1619167,7.47787,4.604389,0.76724607,0.26404628,-0.26206097,-10.875,77.625,-101.62501,10.186477399864975,0.852679847251959,-5.281600986536268,7.493747845423733,3.3854134069184543,11.05531328,76.92710479,378.1026611328125,0.0,3.7900925,,0.0,405.0,,1,1,1,0,1
1789662449626.0,21.72,-5.513961,7.5346994,1.0648061,0.76724607,0.26404628,-0.26206097,-10.875,77.625,-101.62501,9.397301367332995,0.852679847251959,-5.385243419734806,7.50942395451697,2.3103536685964343,11.05531328,76.92710479,378.1026611328125,0.0,3.7900925,,0.0,405.0,,1,1,1,0,1
1789662449636.0,21.73,-5.513961,7.5346994,1.0648061,0.76724607,0.26404628,-0.26206097,-21.45,69.75,-102.00001,9.397301367332995,0.852679847251959,-5.476200757540826,7.526235072032206,1.3971573048624801,11.05531328,76.92710479,378.1026611328125,0.0,3.7900925,,0.0,405.0,,1,1,1,0,1
1789662449646.0,21.74,-5.513961,7.5346994,1.0648061,0.76724607,0.26404628,-0.26206097,-21.45,69.75,-102.00001,9.397301367332995,0.852679847251959,-5.533960432042381,7.538798791110427,0.8942003251397875,11.05531328,76.92710479,378.1026611328125,0.0,3.7900925,,0.0,405.0,,1,1,1,0,1
1789662449656.0,21.75,-5.513961,7.5346994,1.0648061,0.76724607,0.26404628,-0.26206097,-21.45,69.75,-102.00001,9.397301367332995,0.852679847251959,-5.5551200390190205,7.544708457750866,0.8056983827033242,11.05531328,76.92710479,378.1026611328125,0.0,3.7900925,,0.0,405.0,,1,1,1,0,1
1789662449666.0,21.76,-5.513961,7.5346994,1.0648061,0.76724607,0.26404628,-0.26206097,-21.45,69.75,-102.00001,9.397301367332995,0.852679847251959,-5.546485132615175,7.543573017208009,0.9435725945813315,11.05531328,76.92710479,378.1026611328125,0.0,3.7900925,,0.0,405.0,,1,1,1,0,1
1789662449676.0,21.77,-5.513961,7.5346994,1.0648061,-0.5009091,-1.3084723,0.024892738,-21.45,69.75,-102.00001,9.397301367332995,1.401295591492115,-5.5160602685433755,7.535754689447828,1.0906059938805321,11.05531328,76.92710479,378.1026611328125,0.0,3.7900925,,0.0,405.0,,1,1,1,0,1
1789662449686.0,21.78,-5.513961,7.5346994,1.0648061,-0.5009091,-1.3084723,0.024892738,-21.45,69.75,-102.00001,9.397301367332995,1.401295591492115,-5.475118052100737,7.523812111567336,1.1328020302676742,11.05531328,76.92710479,378.1026611328125,0.0,3.7900925,,0.0,405.0,,1,1,1,0,1
1789662449696.0,21.79,-5.513961,7.5346994,1.0648061,-0.5009091,-1.3084723,0.024892738,-21.45,69.75,-102.00001,9.397301367332995,1.401295591492115,-5.448460010523657,7.515445415211721,1.0876355567955718,11.05531328,76.92710479,378.1026611328125,0.0,3.7900925,,0.0,405.0,,1,1,1,0,1
1789662449706.0,21.8,-5.513961,7.5346994,1.0648061,-0.5009091,-1.3084723,0.024892738,-21.45,69.75,-102.00001,9.397301367332995,1.401295591492115,-5.47554455860436,7.523141256626901,1.0473566909355763,11.05531328,76.92710479,378.1026611328125,0.0,3.7900925,,0.0,405.0,,1,1,1,0,1
1789662449716.0,21.81,-5.513961,7.5346994,1.0648061,-0.5009091,-1.3084723,0.024892738,-21.45,69.75,-102.00001,9.397301367332995,1.401295591492115,-5.589690378952343,7.557275425259461,1.0970796398488132,11.05531328,76.92710479,378.1026611328125,0.0,3.7900925,,0.0,405.0,,1,1,1,0,1
1789662449726.0,21.82,-5.513961,7.5346994,1.0648061,-0.5009091,-1.3084723,0.024892738,-32.550003,69.3,-94.8,9.397301367332995,1.401295591492115,-5.78621864320859,7.6162904876170865,1.2591709405597789,11.05531328,76.92710479,378.1026611328125,0.0,3.7900925,,0.0,405.0,,1,1,1,0,1
1789662449736.0,21.83,-6.2623158,7.75783,1.7578273,-0.5009091,-1.3084723,0.024892738,-32.550003,69.3,-94.8,10.123758309267114,1.401295591492115,-6.010860409768612,7.6833977968787615,1.4876924244875556,11.05531328,76.92710479,378.1026611328125,0.0,3.7900925,,0.0,405.0,,1,1,1,0,1
1789662449746.0,21.84,-6.2623158,7.75783,1.7578273,-0.5009091,-1.3084723,0.024892738,-32.550003,69.3,-94.8,10.123758309267114,1.401295591492115,-6.18892751502792,7.735816473499906,1.7044856872696643,11.05531328,76.92710479,378.1026611328125,0.0,3.7900925,,0.0,405.0,,1,1,1,0,1
1789662449756.0,21.85,-6.2623158,7.75783,1.7578273,-0.5009091,-1.3084723,0.024892738,-32.550003,69.3,-94.8,10.123758309267114,1.401295591492115,-6.2764960145070905,7.76066139679583,1.843632353905603,11.05531328,76.92710479,378.1026611328125,0.0,3.7900925,,0.0,405.0,,1,1,1,0,1
1789662449766.0,21.86,-6.2623158,7.75783,1.7578273,-0.5009091,-1.3084723,0.024892738,-32.550003,69.3,-94.8,10.123758309267114,1.401295591492115,-6.289119514741923,7.76372835428981,1.8739484320071151,11.05531328,76.92710479,378.1026611328125,0.0,3.7900925,,0.0,405.0,,1,1,1,0,1
1789662449776.0,21.87,-6.2623158,7.75783,1.7578273,-1.1641555,-2.1045816,0.106595896,-32.550003,69.3,-94.8,10.123758309267114,2.4074643142283234,-6.282153082330442,7.762975341036874,1.8002952352673751,11.05531328,76.92710479,378.1026611328125,0.0,3.7900925,,0.0,405.0,,1,1,1,0,1
1789662449786.0,21.88,-6.2623158,7.75783,1.7578273,-1.1641555,-2.1045816,0.106595896,-32.550003,69.3,-94.8,10.123758309267114,2.4074643142283234,-6.298962766488993,7.771568450997534,1.6666288323715444,11.05531328,76.92710479,378.1026611328125,0.0,3.7900925,,0.0,405.0,,1,1,1,0,1
1789662449796.0,21.89,-6.2623158,7.75783,1.7578273,-1.1641555,-2.1045816,0.106595896,-32.550003,69.3,-94.8,10.123758309267114,2.4074643142283234,-6.328229344820724,7.783688787784277,1.5663858917834435,11.05531328,76.92710479,378.1026611328125,0.0,3.7900925,,0.0,405.0,,1,1,1,0,1
1789662449806.0,21.9,-6.2623158,7.75783,1.7578273,-1.1641555,-2.1045816,0.106595896,-32.550003,69.3,-94.8,10.123758309267114,2.4074643142283234,-6.3043660637526715,7.774762179690977,1.6310980273772933,11.05531328,76.92710479,378.1026611328125,0.0,3.7900925,,0.0,405.0,,1,1,1,0,1
1789662449816.0,21.91,-6.2623158,7.75783,1.7578273,-1.1641555,-2.1045816,0.106595896,-32.550003,69.3,-94.8,10.123758309267114,2.4074643142283234,-6.155200100165635,7.718195176443133,1.9685328324946854,11.05531328,76.92710479,378.1026611328125,0.0,3.7900925,,0.0,405.0,,1,1,1,0,1
1789662449826.0,21.92,-6.2623158,7.75783,1.7578273,-1.1641555,-2.1045816,0.106595896,-51.9,79.05,-79.875,10.123758309267114,2.4074643142283234,-5.864359463149862,7.6076602899879715,2.575659841886259,11.05531328,76.92710479,378.1026611328125,0.0,3.7900925,,0.0,405.0,,1,1,1,0,1
1789662449836.0,21.93,-5.0593243,7.2975106,4.1482573,-1.1641555,-2.1045816,0.106595896,-51.9,79.05,-79.875,9.800941891302394,2.4074643142283234,-5.497362257443262,7.466796164968642,3.305351784070933,11.05531328,76.92710479,378.1026611328125,0.0,3.7900925,,0.0,405.0,,1,1,1,0,1
1789662449846.0,21.94,-5.0593243,7.2975106,4.1482573,-1.1641555,-2.1045816,0.106595896,-51.9,79.05,-79.875,9.800941891302394,2.4074643142283234,-5.166225608222988,7.337116532252174,3.9382197143868964,11.05531328,76.92710479,378.1026611328125,0.0,3.7900925,,0.0,405.0,,1,1,1,0,1
1789662449856.0,21.95,-5.0593243,7.2975106,4.1482573,-1.1641555,-2.1045816,0.106595896,-51.9,79.05,-79.875,9.800941891302394,2.4074643142283234,-4.963044266916434,7.2548306725509235,4.30975020465581,11.05531328,76.92710479,378.1026611328125,0.0,3.7900925,,0.0,405.0,,1,1,1,0,1
1789662449866.0,21.96,-5.0593243,7.2975106,4.1482573,-1.1641555,-2.1045816,0.106595896,-51.9,79.05,-79.875,9.800941891302394,2.4074643142283234,-4.917984861364416,7.235687021271469,4.38692916299276,11.05531328,76.92710479,378.1026611328125,0.0,3.7900925,,0.0,405.0,,1,1,1,0,1
1789662449876.0,21.97,-5.0593243,7.2975106,4.1482573,-1.1641555,-2.1045816,0.106595896,-51.9,79.05,-79.875,9.800941891302394,2.4074643142283234,-5.001334642598945,7.273340471556578,4.250948706029268,11.05531328,76.92710479,378.1026611328125,0.0,3.7900925,,0.0,405.0,,1,1,1,0,1
1789662449886.0,21.98,-5.0593243,7.2975106,4.1482573,-0.98776823,-2.4460552,0.15302162,-51.9,79.05,-79.875,9.800941891302394,2.6424018872669235,-5.142336649647229,7.3409509824577075,4.038035712854646,11.05531328,76.92710479,378.1026611328125,0.0,3.7900925,,0.0,405.0,,1,1,1,0,1
1789662449896.0,21.99,-5.0593243,7.2975106,4.1482573,-0.98776823,-2.4460552,0.15302162,-51.9,79.05,-79.875,9.800941891302394,2.6424018872669235,-5.2396923601683305,7.390124951496921,3.900408706017646,11.05531328,76.92710479,378.1026611328125,0.0,3.7900925,,0.0,405.0,,1,1,1,0,1
1789662449906.0,22.0,-5.0593243,7.2975106,4.1482573,-0.98776823,-2.4460552,0.15302162,-51.9,79.05,-79.875,9.800941891302394,2.6424018872669235,-5.177444460571627,7.3583016356360655,3.983674339539275,11.05531328,76.92710479,378.1026611328125,0.0,3.7900925,,0.0,405.0,,1,1,1,0,1
1789662449916.0,22.01,-5.0593243,7.2975106,4.1482573,-0.98776823,-2.4460552,0.15302162,-51.9,79.05,-79.875,9.800941891302394,2.6424018872669235,-4.873213042513648,7.197733542443548,4.379021429860894,11.05531328,76.92710479,378.1026611328125,0.0,3.7900925,,0.0,405.0,,1,1,1,0,1
1789662449926.0,22.02,-5.0593243,7.2975106,4.1482573,-0.98776823,-2.4460552,0.15302162,-67.5,89.100006,-58.500004,9.800941891302394,2.6424018872669235,-4.344207170483149,6.9148506540635815,5.053709687730603,11.05531328,76.92710479,378.1026611328125,0.0,3.7900925,,0.0,405.0,,1,1,1,0,1
1789662449936.0,22.03,-3.0170503,6.2051873,6.713662,-0.98776823,-2.4460552,0.15302162,-67.5,89.100006,-58.500004,9.627055593017804,2.6424018872669235,-3.727295401039625,6.583227021461161,5.83135439024928,11.05531328,76.92710479,378.1026611328125,0.0,3.7900925,,0.0,405.0,,1,1,1,0,1
1789662449946.0,22.04,-3.0170503,6.2051873,6.713662,-0.98776823,-2.4460552,0.15302162,-67.5,89.100006,-58.500004,9.627055593017804,2.6424018872669235,-3.209783026471346,6.305969961355936,6.477361327512926,11.05531328,76.92710479,378.1026611328125,0.0,3.7900925,,0.0,405.0,,1,1,1,0,1
1789662449956.0,22.05,-3.0170503,6.2051873,6.713662,-0.98776823,-2.4460552,0.15302162,-67.5,89.100006,-58.500004,9.627055593017804,2.6424018872669235,-2.9160178667408814,6.152206225901803,6.838323328710183,11.05531328,76.92710479,378.1026611328125,0.0,3.7900925,,0.0,405.0,,1,1,1,0,1
1789662449966.0,22.06,-3.0170503,6.2051873,6.713662,-0.98776823,-2.4460552,0.15302162,-67.5,89.100006,-58.500004,9.627055593017804,2.6424018872669235,-2.8469854836186927,6.1214258322093915,6.917054900225974,11.05531328,76.92710479,378.1026611328125,0.0,3.7900925,,0.0,405.0,,1,1,1,0,1
1789662449976.0,22.07,-3.0170503,6.2051873,6.713662,0.0065667955,-0.82833254,-0.33612832,-67.5,89.100006,-58.500004,9.627055593017804,0.8939575868753578,-2.9151476356114667,6.160983047176777,6.829263030005593,11.05531328,76.92710479,378.1026611328125,0.0,3.7900925,,0.0,405.0,,1,1,1,0,1
1789662449986.0,22.08,-3.0170503,6.2051873,6.713662,0.0065667955,-0.82833254,-0.33612832,-67.5,89.100006,-58.500004,9.627055593017804,0.8939575868753578,-3.0230042630283314,6.211566803172133,6.702904030065197,11.05531328,76.92710479,378.1026611328125,0.0,3.7900925,,0.0,405.0,,1,1,1,0,1
1789662449996.0,22.09,-3.0170503,6.2051873,6.713662,0.0065667955,-0.82833254,-0.33612832,-67.5,89.100006,-58.500004,9.627055593017804,0.8939575868753578,-3.1090404426859686,6.239479408367568,6.614417419582139,11.05531328,76.92710479,378.1026611328125,0.0,3.7900925,,0.0,405.0,,1,1,1,0,1
1789662450006.0,22.1,-3.0170503,6.2051873,6.713662,0.0065667955,-0.82833254,-0.33612832,-67.5,89.100006,-58.500004,9.627055593017804,0.8939575868753578,-3.138694394905725,6.238891308381502,6.593756101137571,11.05531437,76.92710555,378.2437744140625,0.0,3.7900925,,0.0,405.0,,1,1,1,0,1
1789662450016.0,22.11,-3.0170503,6.2051873,6.713662,0.0065667955,-0.82833254,-0.33612832,-67.5,89.100006,-58.500004,9.627055593017804,0.8939575868753578,-3.0783569690875328,6.216702357023544,6.658337050000368,11.05531437,76.92710555,378.2437744140625,0.0,3.7900925,,0.0,405.0,,1,1,1,0,1
1789662450026.0,22.12,-3.0170503,6.2051873,6.713662,0.0065667955,-0.82833254,-0.33612832,-78.075005,89.925,-37.050003,9.627055593017804,0.8939575868753578,-2.898308117525236,6.1806608651454065,6.822735299394109,11.05531437,76.92710555,378.2437744140625,0.0,3.7900925,,0.0,405.0,,1,1,1,0,1
1789662450036.0,22.13,-3.0170503,6.2051873,6.713662,0.0065667955,-0.82833254,-0.33612832,-78.075005,89.925,-37.050003,9.627055593017804,0.8939575868753578,-2.6067649861803863,6.138924882808525,7.074515807709886,11.05531437,76.92710555,378.2437744140625,0.0,3.7900925,,0.0,405.0,,1,1,1,0,1
1789662450046.0,22.14,-1.8843478,6.0676003,7.6755767,0.0065667955,-0.82833254,-0.33612832,-78.075005,89.925,-37.050003,9.963986035192333,0.8939575868753578,-2.271509728937091,6.103419784268035,7.3547621223581,11.05531437,76.92710555,378.2437744140625,0.0,3.7900925,,0.0,405.0,,1,1,1,0,1
1789662450056.0,22.15,-1.8843478,6.0676003,7.6755767,0.0065667955,-0.82833254,-0.33612832,-78.075005,89.925,-37.050003,9.963986035192333,0.8939575868753578,-1.9915076650949244,6.085999896481827,7.580888502915008,11.05531437,76.92710555,378.2437744140625,0.0,3.7900925,,0.0,405.0,,1,1,1,0,1
1789662450066.0,22.16,-1.8843478,6.0676003,7.6755767,0.0065667955,-0.82833254,-0.33612832,-78.075005,89.925,-37.050003,9.963986035192333,0.8939575868753578,-1.8357024589159612,6.087272292165324,7.699956381131247,11.05531437,76.92710555,378.2437744140625,0.0,3.7900925,,0.0,405.0,,1,1,1,0,1
1789662450076.0,22.17,-1.8843478,6.0676003,7.6755767,0.0065667955,-0.82833254,-0.33612832,-78.075005,89.925,-37.050003,9.963986035192333,0.8939575868753578,-1.8042237358336572,6.090136166540598,7.722622185115444,11.05531437,76.92710555,378.2437744140625,0.0,3.7900925,,0.0,405.0,,1,1,1,0,1
1789662450086.0,22.18,-1.8843478,6.0676003,7.6755767,0.50457424,-0.7299833,-0.5681042,-78.075005,89.925,-37.050003,9.963986035192333,1.0536665335902566,-1.8428517546598326,6.07009246572519,7.705882694731139,11.05531437,76.92710555,378.2437744140625,0.0,3.7900925,,0.0,405.0,,1,1,1,0,1
1789662450096.0,22.19,-1.8843478,6.0676003,7.6755767,0.50457424,-0.7299833,-0.5681042,-78.075005,89.925,-37.050003,9.963986035192333,1.0536665335902566,-1.8892911664055536,6.0209328920291965,7.701491127486351,11.05531437,76.92710555,378.2437744140625,0.0,3.7900925,,0.0,405.0,,1,1,1,0,1
1789662450106.0,22.2,-1.8843478,6.0676003,7.6755767,0.50457424,-0.7299833,-0.5681042,-78.075005,89.925,-37.050003,9.963986035192333,1.0536665335902566,-1.9095846611439025,5.977499501121888,7.7135131815708675,11.05531437,76.92710555,378.2437744140625,0.0,3.7900925,,0.0,405.0,,1,1,1,0,1
1789662450116.0,22.21,-1.8843478,6.0676003,7.6755767,0.50457424,-0.7299833,-0.5681042,-78.075005,89.925,-37.050003,9.963986035192333,1.0536665335902566,-1.9039362261876076,6.010529857212908,7.69691220698612,11.05531437,76.92710555,378.2437744140625,0.0,3.7900925,,0.0,405.0,,1,1,1,0,1
1789662450126.0,22.22,-1.8843478,6.0676003,7.6755767,0.50457424,-0.7299833,-0.5681042,-83.775,80.475006,-34.050003,9.963986035192333,1.0536665335902566,-1.8901214289143755,6.1836233518012556,7.597406278111621,11.05531437,76.92710555,378.2437744140625,0.0,3.7900925,,0.0,405.0,,1,1,1,0,1
1789662450136.0,22.23,-1.8843478,6.0676003,7.6755767,0.50457424,-0.7299833,-0.5681042,-83.775,80.475006,-34.050003,9.963986035192333,1.0536665335902566,-1.8839994147928145,6.496919332469792,7.402167471801693,11.05531437,76.92710555,378.2437744140625,0.0,3.7900925,,0.0,405.0,,1,1,1,0,1
1789662450146.0,22.24,-1.9091734,7.2906313,6.8724856,0.50457424,-0.7299833,-0.5681042,-83.775,80.475006,-34.050003,10.19947577800029,1.0536665335902566,-1.8901510265361807,6.867456753382855,7.159748834081033,11.05531437,76.92710555,378.2437744140625,0.0,3.7900925,,0.0,405.0,,1,1,1,0,1
1789662450156.0,22.25,-1.9091734,7.2906313,6.8724856,0.50457424,-0.7299833,-0.5681042,-83.775,80.475006,-34.050003,10.19947577800029,1.0536665335902566,-1.9035537708287171,7.17477837813622,6.950447310532065,11.05531437,76.92710555,378.2437744140625,0.0,3.7900925,,0.0,405.0,,1,1,1,0,1
1789662450166.0,22.26,-1.9091734,7.2906313,6.8724856,0.50457424,-0.7299833,-0.5681042,-83.775,80.475006,-34.050003,10.19947577800029,1.0536665335902566,-1.915865914968171,7.33970828365557,6.832201229635061,11.05531437,76.92710555,378.2437744140625,0.0,3.7900925,,0.0,405.0,,1,1,1,0,1
1789662450176.0,22.27,-1.9091734,7.2906313,6.8724856,0.50457424,-0.7299833,-0.5681042,-83.775,80.475006,-34.050003,10.19947577800029,1.0536665335902566,-1.9203627363737332,7.369189365826265,6.808499428768275,11.05531437,76.92710555,378.2437744140625,0.0,3.7900925,,0.0,405.0,,1,1,1,0,1
1789662450186.0,22.28,-1.9091734,7.2906313,6.8724856,0.68737555,-0.49235696,-0.49388412,-83.775,80.475006,-34.050003,10.19947577800029,0.9791945908686478,-1.9142931523128823,7.333324837378854,6.839745261098267,11.05531437,76.92710555,378.2437744140625,0.0,3.7900925,,0.0,405.0,,1,1,1,0,1
1789662450196.0,22.29,-1.9091734,7.2906313,6.8724856,0.68737555,-0.49235696,-0.49388412,-83.775,80.475006,-34.050003,10.19947577800029,0.9791945908686478,-1.9005241401097117,7.30261371535147,6.878717937735048,11.05531437,76.92710555,378.2437744140625,0.0,3.7900925,,0.0,405.0,,1,1,1,0,1
1789662450206.0,22.3,-1.9091734,7.2906313,6.8724856,0.68737555,-0.49235696,-0.49388412,-83.775,80.475006,-34.050003,10.19947577800029,0.9791945908686478,-1.88895623974697,7.299045235238359,6.897604438831428,11.05531437,76.92710555,378.2437744140625,0.0,3.7900925,,0.0,405.0,,1,1,1,0,1
1789662450216.0,22.31,-1.9091734,7.2906313,6.8724856,0.68737555,-0.49235696,-0.49388412,-83.775,80.475006,-34.050003,10.19947577800029,0.9791945908686478,-1.8949375299027797,7.29271545749201,6.892090886491848,11.05531437,76.92710555,378.2437744140625,0.0,3.7900925,,0.0,405.0,,1,1,1,0,1
1789662450226.0,22.32,-1.9091734,7.2906313,6.8724856,0.68737555,-0.49235696,-0.49388412,-107.700005,43.5,-44.025,10.19947577800029,0.9791945908686478,-1.9320536059388889,7.238002807248269,6.870194774679509,11.05531437,76.92710555,378.2437744140625,0.0,3.7900925,,0.0,405.0,,1,1,1,0,1
1789662450236.0,22.33,-1.9091734,7.2906313,6.8724856,0.68737555,-0.49235696,-0.49388412,-107.700005,43.5,-44.025,10.19947577800029,0.9791945908686478,-2.002178091856518,7.117710497997928,6.840460315200067,11.05531437,76.92710555,378.2437744140625,0.0,3.7900925,,0.0,405.0,,1,1,1,0,1
1789662450246.0,22.34,-2.1975086,6.7698936,6.7722864,0.68737555,-0.49235696,-0.49388412,-107.700005,43.5,-44.025,9.824681495398202,0.9791945908686478,-2.0910242637991594,6.960931962855813,6.807546426954763,11.05531437,76.92710555,378.2437744140625,0.0,3.7900925,,0.0,405.0,,1,1,1,0,1
1789662450256.0,22.35,-2.1975086,6.7698936,6.7722864,0.68737555,-0.49235696,-0.49388412,-107.700005,43.5,-44.025,9.824681495398202,0.9791945908686478,-2.1742963911010578,6.8223623770539685,6.774664176398568,11.05531437,76.92710555,378.2437744140625,0.0,3.7900925,,0.0,405.0,,1,1,1,0,1
1789662450266.0,22.36,-2.1975086,6.7698936,6.7722864,0.68737555,-0.49235696,-0.49388412,-107.700005,43.5,-44.025,9.824681495398202,0.9791945908686478,-2.2293312978222626,6.743190591087119,6.748472435425562,11.05531437,76.92710555,378.2437744140625,0.0,3.7900925,,0.0,405.0,,1,1,1,0,1
1789662450276.0,22.37,-2.1975086,6.7698936,6.7722864,0.68737555,-0.49235696,-0.49388412,-107.700005,43.5,-44.025,9.824681495398202,0.9791945908686478,-2.2429883673105837,6.727347464671096,6.741106866036622,11.05531437,76.92710555,378.2437744140625,0.0,3.7900925,,0.0,405.0,,1,1,1,0,1
1789662450286.0,22.38,-2.1975086,6.7698936,6.7722864,0.37705624,0.09132428,-0.5797106,-107.700005,43.5,-44.025,9.824681495398202,0.6975499351249457,-2.2145736039322275,6.748400362295039,6.7640116290399845,11.05531437,76.92710555,378.2437744140625,0.0,3.7900925,,0.0,405.0,,1,1,1,0,1
1789662450296.0,22.39,-2.1975086,6.7698936,6.7722864,0.37705624,0.09132428,-0.5797106,-107.700005,43.5,-44.025,9.824681495398202,0.6975499351249457,-2.160126281817865,6.773964945399299,6.812726043243821,11.05531437,76.92710555,378.2437744140625,0.0,3.7900925,,0.0,405.0,,1,1,1,0,1
1789662450306.0,22.4,-2.1975086,6.7698936,6.7722864,0.37705624,0.09132428,-0.5797106,-107.700005,43.5,-44.025,9.824681495398202,0.6975499351249457,-2.118221167677614,6.785212500415791,6.852585671236101,11.05531437,76.92710555,378.2437744140625,0.0,3.7900925,,0.0,405.0,,1,1,1,0,1
1789662450316.0,22.41,-2.1975086,6.7698936,6.7722864,0.37705624,0.09132428,-0.5797106,-108.450005,36.300003,-48.9,9.824681495398202,0.6975499351249457,-2.1448157363333293,6.780885884667879,6.823641790140731,11.05531437,76.92710555,378.2437744140625,0.0,3.7900925,,0.0,405.0,,1,1,1,0,1
1789662450326.0,22.42,-2.1975086,6.7698936,6.7722864,0.37705624,0.09132428,-0.5797106,-108.450005,36.300003,-48.9,9.824681495398202,0.6975499351249457,-2.2860627047118425,6.770132694659174,6.674525038105967,11.05531437,76.92710555,378.2437744140625,0.0,3.7900925,,0.0,405.0,,1,1,1,0,1
1789662450336.0,22.43,-2.1975086,6.7698936,6.7722864,0.37705624,0.09132428,-0.5797106,-108.450005,36.300003,-48.9,9.824681495398202,0.6975499351249457,-2.540813599314049,6.763506383352316,6.407295642282934,11.05531437,76.92710555,378.2437744140625,0.0,3.7900925,,0.0,405.0,,1,1,1,0,1
1789662450346.0,22.44,-3.1986058,6.7818575,5.734699,0.37705624,0.09132428,-0.5797106,-108.450005,36.300003,-48.9,9.439885742671937,0.6975499351249457,-2.8465579361368216,6.767451132950132,6.092802043647887,11.05531437,76.92710555,378.2437744140625,0.0,3.7900925,,0.0,405.0,,1,1,1,0,1
1789662450356.0,22.45,-3.1986058,6.7818575,5.734699,0.37705624,0.09132428,-0.5797106,-108.450005,36.300003,-48.9,9.439885742671937,0.6975499351249457,-3.110396521341782,6.781925062846703,5.832447727611428,11.05531437,76.92710555,378.2437744140625,0.0,3.7900925,,0.0,405.0,,1,1,1,0,1
1789662450366.0,22.46,-3.1986058,6.7818575,5.734699,0.37705624,0.09132428,-0.5797106,-108.450005,36.300003,-48.9,9.439885742671937,0.6975499351249457,-3.2636130146508306,6.799320612302821,5.692584759726062,11.05531437,76.92710555,378.2437744140625,0.0,3.7900925,,0.0,405.0,,1,1,1,0,1
1789662450376.0,22.47,-3.1986058,6.7818575,5.734699,0.37705624,0.09132428,-0.5797106,-108.450005,36.300003,-48.9,9.439885742671937,0.6975499351249457,-3.294446002798549,6.805750968002193,5.667356941215834,11.05531437,76.92710555,378.2437744140625,0.0,3.7900925,,0.0,405.0,,1,1,1,0,1
1789662450386.0,22.48,-3.1986058,6.7818575,5.734699,-0.03726275,-0.0679587,-0.2594648,-108.450005,36.300003,-48.9,9.439885742671937,0.27079305730075964,-3.239790574923822,6.788341722135216,5.698099887648115,11.05531437,76.92710555,378.2437744140625,0.0,3.7900925,,0.0,405.0,,1,1,1,0,1
1789662450396.0,22.49,-3.1986058,6.7818575,5.734699,-0.03726275,-0.0679587,-0.2594648,-108.450005,36.300003,-48.9,9.439885742671937,0.27079305730075964,-3.157483728483069,6.7489960493110575,5.725617662417296,11.05531437,76.92710555,378.2437744140625,0.0,3.7900925,,0.0,405.0,,1,1,1,0,1
1789662450406.0,22.5,-3.1986058,6.7818575,5.734699,-0.03726275,-0.0679587,-0.2594648,-108.450005,36.300003,-48.9,9.439885742671937,0.27079305730075964,-3.106788722152139,6.716184140458275,5.730475419433695,11.05531437,76.92710555,378.2437744140625,0.0,3.7900925,,0.0,405.0,,1,1,1,0,1
1789662450416.0,22.51,-3.1986058,6.7818575,5.734699,-0.03726275,-0.0679587,-0.2594648,-108.450005,36.300003,-48.9,9.439885742671937,0.27079305730075964,-3.1384969365397697,6.73991858439904,5.735402295367526,11.05531437,76.92710555,378.2437744140625,0.0,3.7900925,,0.0,405.0,,1,1,1,0,1
1789662450426.0,22.52,-3.1986058,6.7818575,5.734699,-0.03726275,-0.0679587,-0.2594648,-108.225006,28.050001,-50.550003,9.439885742671937,0.27079305730075964,-3.279083058153364,6.86264931292429,5.775483328315579,11.05531437,76.92710555,378.2437744140625,0.0,3.7900925,,0.0,405.0,,1,1,1,0,1
1789662450436.0,22.53,-3.1986058,6.7818575,5.734699,-0.03726275,-0.0679587,-0.2594648,-108.225006,28.050001,-50.550003,9.439885742671937,0.27079305730075964,-3.508467723790763,7.081681428000966,5.862591966439056,11.05531437,76.92710555,378.2437744140625,0.0,3.7900925,,0.0,405.0,,1,1,1,0,1
1789662450446.0,22.54,-4.019942,7.6253276,6.101698,-0.03726275,-0.0679587,-0.2594648,-108.225006,28.050001,-50.550003,10.561073485867324,0.27079305730075964,-3.7565739629579697,7.336996672722574,5.972036595312409,11.05531437,76.92710555,378.2437744140625,0.0,3.7900925,,0.0,405.0,,1,1,1,0,1
1789662450456.0,22.55,-4.019942,7.6253276,6.101698,-0.03726275,-0.0679587,-0.2594648,-108.225006,28.050001,-50.550003,10.561073485867324,0.27079305730075964,-3.9396835438946898,7.544394424299967,6.061288936338055,11.05531437,76.92710555,378.2437744140625,0.0,3.7900925,,0.0,405.0,,1,1,1,0,1
1789662450466.0,22.56,-4.019942,7.6253276,6.101698,-0.03726275,-0.0679587,-0.2594648,-108.225006,28.050001,-50.550003,10.561073485867324,0.27079305730075964,-4.017883684003978,7.65158676034352,6.103962756979432,11.05531437,76.92710555,378.2437744140625,0.0,3.7900925,,0.0,405.0,,1,1,1,0,1
1789662450476.0,22.57,-4.019942,7.6253276,6.101698,-0.03726275,-0.0679587,-0.2594648,-108.225006,28.050001,-50.550003,10.561073485867324,0.27079305730075964,-4.024319399913073,7.669347275253249,6.1092803317614095,11.05531437,76.92710555,378.2437744140625,0.0,3.7900925,,0.0,405.0,,1,1,1,0,1
1789662450486.0,22.58,-4.019942,7.6253276,6.101698,-0.08918625,0.11560615,0.14431679,-108.225006,28.050001,-50.550003,10.561073485867324,0.20529565261541488,-4.034707189813878,7.6522999543100845,6.110442946166967,11.05531437,76.92710555,378.2437744140625,0.0,3.7900925,,0.0,405.0,,1,1,1,0,1
1789662450496.0,22.59,-4.019942,7.6253276,6.101698,-0.08918625,0.11560615,0.14431679,-108.225006,28.050001,-50.550003,10.561073485867324,0.20529565261541488,-4.095111120723305,7.648772661343769,6.131410733858049,11.05531437,76.92710555,378.2437744140625,0.0,3.7900925,,0.0,405.0,,1,1,1,0,1
1789662450506.0,22.6,-4.019942,7.6253276,6.101698,-0.08918625,0.11560615,0.14431679,-108.225006,28.050001,-50.550003,10.561073485867324,0.20529565261541488,-4.162556586756911,7.661146619753099,6.158437681094315,11.05531437,76.92710555,378.2437744140625,0.0,3.7900925,,0.0,405.0,,1,1,1,0,1
1789662450516.0,22.61,-4.019942,7.6253276,6.101698,-0.08918625,0.11560615,0.14431679,-108.825005,31.050001,-49.425003,10.561073485867324,0.20529565261541488,-4.111644010520946,7.645628183558522,6.140747950531117,11.05531437,76.92710555,378.2437744140625,0.0,3.7900925,,0.0,405.0,,1,1,1,0,1
1789662450526.0,22.62,-4.019942,7.6253276,6.101698,-0.08918625,0.11560615,0.14431679,-108.825005,31.050001,-49.425003,10.561073485867324,0.20529565261541488,-3.819206693150494,7.550585702078983,6.025948190333339,11.05531437,76.92710555,378.2437744140625,0.0,3.7900925,,0.0,405.0,,1,1,1,0,1
1789662450536.0,22.63,-4.019942,7.6253276,6.101698,-0.08918625,0.11560615,0.14431679,-108.825005,31.050001,-49.425003,10.561073485867324,0.20529565261541488,-3.27401815436224,7.364298708362768,5.807919881509599,11.05531437,76.92710555,378.2437744140625,0.0,3.7900925,,0.0,405.0,,1,1,1,0,1
1789662450546.0,22.64,-1.873281,6.855736,5.2779684,-0.08918625,0.11560615,0.14431679,-108.825005,31.050001,-49.425003,8.852527788041987,0.20529565261541488,-2.617982632435134,7.1330313836506685,5.547090732888452,11.05531437,76.92710555,378.2437744140625,0.0,3.7900925,,0.0,405.0,,1,1,1,0,1
1789662450556.0,22.65,-1.873281,6.855736,5.2779684,-0.08918625,0.11560615,0.14431679,-108.825005,31.050001,-49.425003,8.852527788041987,0.20529565261541488,-2.067682669010284,6.932402983508352,5.338583168963094,11.05531437,76.92710555,378.2437744140625,0.0,3.7900925,,0.0,405.0,,1,1,1,0,1
1789662450566.0,22.66,-1.873281,6.855736,5.2779684,-0.08918625,0.11560615,0.14431679,-108.825005,31.050001,-49.425003,8.852527788041987,0.20529565261541488,-1.77314927253605,6.816625553348749,5.247993072875262,11.05531437,76.92710555,378.2437744140625,0.0,3.7900925,,0.0,405.0,,1,1,1,0,1
1789662450576.0,22.67,-1.873281,6.855736,5.2779684,-0.08918625,0.11560615,0.14431679,-108.825005,31.050001,-49.425003,8.852527788041987,0.20529565261541488,-1.7319030580561612,6.789635871926565,5.265052922802249,11.05531437,76.92710555,378.2437744140625,0.0,3.7900925,,0.0,405.0,,1,1,1,0,1
1789662450586.0,22.68,-1.873281,6.855736,5.2779684,-0.20967932,0.71654433,-0.15179989,-108.825005,31.050001,-49.425003,8.852527788041987,0.7618690180699195,-1.819479337422601,6.817030035947138,5.311258822717647,11.05531437,76.92710555,378.2437744140625,0.0,3.7900925,,0.0,405.0,,1,1,1,0,1
1789662450596.0,22.69,-1.873281,6.855736,5.2779684,-0.20967932,0.71654433,-0.15179989,-108.825005,31.050001,-49.425003,8.852527788041987,0.7618690180699195,-1.8934594385472105,6.858364601182377,5.297714041032894,11.05531437,76.92710555,378.2437744140625,0.0,3.7900925,,0.0,405.0,,1,1,1,0,1
1789662450606.0,22.7,-1.873281,6.855736,5.2779684,-0.20967932,0.71654433,-0.15179989,-108.825005,31.050001,-49.425003,8.852527788041987,0.7618690180699195,-1.8857319181149743,6.888370877935886,5.19903419526592,11.05531437,76.92710555,378.2437744140625,0.0,3.7900925,,0.0,405.0,,1,1,1,0,1
1789662450616.0,22.71,-1.873281,6.855736,5.2779684,-0.20967932,0.71654433,-0.15179989,-106.950005,30.45,-51.225002,8.852527788041987,0.7618690180699195,-1.8305968748241324,6.896097529170291,5.097443902079065,11.05531437,76.92710555,378.2437744140625,0.0,3.7900925,,0.0,405.0,,1,1,1,0,1
1789662450626.0,22.72,-1.873281,6.855736,5.2779684,-0.20967932,0.71654433,-0.15179989,-106.950005,30.45,-51.225002,8.852527788041987,0.7618690180699195,-1.8267359408779176,6.87467694423463,5.1564115253015315,11.05531437,76.92710555,378.2437744140625,0.0,3.7900925,,0.0,405.0,,1,1,1,0,1
1789662450636.0,22.73,-1.873281,6.855736,5.2779684,-0.20967932,0.71654433,-0.15179989,-106.950005,30.45,-51.225002,8.852527788041987,0.7618690180699195,-1.962627588252781,6.818945244148182,5.517251444321529,11.05531437,76.92710555,378.2437744140625,0.0,3.7900925,,0.0,405.0,,1,1,1,0,1
1789662450646.0,22.74,-1.873281,6.855736,5.2779684,-0.20967932,0.71654433,-0.15179989,-106.950005,30.45,-51.225002,8.852527788041987,0.7618690180699195,-2.2501512574235374,6.733816257515231,6.177178020215256,11.05531437,76.92710555,378.2437744140625,0.0,3.7900925,,0.0,405.0,,1,1,1,0,1
1789662450656.0,22.75,-3.0245278,6.5347986,7.8296146,-0.20967932,0.71654433,-0.15179989,-106.950005,30.45,-51.225002,10.63739751725336,0.7618690180699195,-2.6102224921464123,6.6403577916997145,6.952910195732632,11.05531437,76.92710555,378.2437744140625,0.0,3.7900925,,0.0,405.0,,1,1,1,0,1
1789662450666.0,22.76,-3.0245278,6.5347986,7.8296146,-0.20967932,0.71654433,-0.15179989,-106.950005,30.45,-51.225002,10.63739751725336,0.7618690180699195,-2.9227406705203633,6.567041438765337,7.585396316660023,11.05531437,76.92710555,378.2437744140625,0.0,3.7900925,,0.0,405.0,,1,1,1,0,1
1789662450676.0,22.77,-3.0245278,6.5347986,7.8296146,-0.20967932,0.71654433,-0.15179989,-106.950005,30.45,-51.225002,10.63739751725336,0.7618690180699195,-3.101618129189917,6.530622415947736,7.913057525873041,11.05531437,76.92710555,378.2437744140625,0.0,3.7900925,,0.0,405.0,,1,1,1,0,1
1789662450686.0,22.78,-3.0245278,6.5347986,7.8296146,-0.20967932,0.71654433,-0.15179989,-106.950005,30.45,-51.225002,10.63739751725336,0.7618690180699195,-3.1355408834806577,6.524454744987678,7.966949279446851,11.05531437,76.92710555,378.2437744140625,0.0,3.7900925,,0.0,405.0,,1,1,1,0,1
1789662450696.0,22.79,-3.0245278,6.5347986,7.8296146,0.46853325,0.057879433,-0.30039272,-106.950005,30.45,-51.225002,10.63739751725336,0.5595616331995631,-3.073337352363406,6.526048031981847,7.9122230708623595,11.05531437,76.92710555,378.2437744140625,0.0,3.7900925,,0.0,405.0,,1,1,1,0,1
1789662450706.0,22.8,-3.0245278,6.5347986,7.8296146,0.46853325,0.057879433,-0.30039272,-106.950005,30.45,-51.225002,10.63739751725336,0.5595616331995631,-2.9843014939386054,6.51809599481446,7.896438696829204,11.05531437,76.92710555,378.2437744140625,0.0,3.7900925,,0.0,405.0,,1,1,1,0,1
1789662450716.0,22.81,-3.0245278,6.5347986,7.8296146,0.46853325,0.057879433,-0.30039272,-105.75001,25.95,-54.075,10.63739751725336,0.5595616331995631,-2.9312293249638928,6.505985765824217,7.930289628607135,11.05531437,76.92710555,378.2437744140625,0.0,3.7900925,,0.0,405.0,,1,1,1,0,1
1789662450726.0,22.82,-3.0245278,6.5347986,7.8296146,0.46853325,0.057879433,-0.30039272,-105.75001,25.95,-54.075,10.63739751725336,0.5595616331995631,-2.9616821702773644,6.517242616209734,7.886811182761794,11.05531437,76.92710555,378.2437744140625,0.0,3.7900925,,0.0,405.0,,1,1,1,0,1
1789662450736.0,22.83,-3.0245278,6.5347986,7.8296146,0.46853325,0.057879433,-0.30039272,-105.75001,25.95,-54.075,10.63739751725336,0.5595616331995631,-3.099048997923475,6.581000999226996,7.615267709035833,11.05531437,76.92710555,378.2437744140625,0.0,3.7900925,,0.0,405.0,,1,1,1,0,1
1789662450746.0,22.84,-3.0245278,6.5347986,7.8296146,0.46853325,0.057879433,-0.30039272,-105.75001,25.95,-54.075,10.63739751725336,0.5595616331995631,-3.3265435825393626,6.701577671003002,7.082554302848757,11.05531437,76.92710555,378.2437744140625,0.0,3.7900925,,0.0,405.0,,1,1,1,0,1
1789662450756.0,22.85,-3.8665023,7.019943,5.654539,0.46853325,0.057879433,-0.30039272,-105.75001,25.95,-54.075,9.808325599289375,0.5595616331995631,-3.5834000947460227,6.848449342925266,6.426413875051416,11.05531437,76.92710555,378.2437744140625,0.0,3.7900925,,0.0,405.0,,1,1,1,0,1
1789662450766.0,22.86,-3.8665023,7.019943,5.654539,0.46853325,0.057879433,-0.30039272,-105.75001,25.95,-54.075,9.808325599289375,0.5595616331995631,-3.7923403980814863,6.973813682379653,5.8693715506069015,11.05531437,76.92710555,378.2437744140625,0.0,3.7900925,,0.0,405.0,,1,1,1,0,1
1789662450776.0,22.87,-3.8665023,7.019943,5.654539,0.46853325,0.057879433,-0.30039272,-105.75001,25.95,-54.075,9.808325599289375,0.5595616331995631,-3.904484937581012,7.043951043904994,5.564759456743341,11.05531437,76.92710555,378.2437744140625,0.0,3.7900925,,0.0,405.0,,1,1,1,0,1
1789662450786.0,22.88,-3.8665023,7.019943,5.654539,0.46853325,0.057879433,-0.30039272,-105.75001,25.95,-54.075,9.808325599289375,0.5595616331995631,-3.9242592584866123,7.057622818701458,5.507301956062075,11.05531437,76.92710555,378.2437744140625,0.0,3.7900925,,0.0,405.0,,1,1,1,0,1
1789662450796.0,22.89,-3.8665023,7.019943,5.654539,0.13545926,0.22785254,0.024740022,-105.75001,25.95,-54.075,9.808325599289375,0.2662293368371707,-3.895077061805945,7.038966256141946,5.572546565527541,11.05531437,76.92710555,378.2437744140625,0.0,3.7900925,,0.0,405.0,,1,1,1,0,1
1789662450806.0,22.9,-3.8665023,7.019943,5.654539,0.13545926,0.22785254,0.024740022,-105.75001,25.95,-54.075,9.808325599289375,0.2662293368371707,-3.863312529255593,7.016253818279119,5.6319517631106395,11.05531437,76.92710555,378.2437744140625,0.0,3.7900925,,0.0,405.0,,1,1,1,0,1
1789662450816.0,22.91,-3.8665023,7.019943,5.654539,0.13545926,0.22785254,0.024740022,-104.25001,24.0,-57.225002,9.808325599289375,0.2662293368371707,-3.8514152255282528,7.005721882264027,5.6430408294785845,11.05531437,76.92710555,378.2437744140625,0.0,3.7900925,,0.0,405.0,,1,1,1,0,1
1789662450826.0,22.92,-3.8665023,7.019943,5.654539,0.13545926,0.22785254,0.024740022,-104.25001,24.0,-57.225002,9.808325599289375,0.2662293368371707,-3.8550781123318907,7.009122132730142,5.655850810384977,11.05531437,76.92710555,378.2437744140625,0.0,3.7900925,,0.0,405.0,,1,1,1,0,1
1789662450836.0,22.93,-3.8665023,7.019943,5.654539,0.13545926,0.22785254,0.024740022,-104.25001,24.0,-57.225002,9.808325599289375,0.2662293368371707,-3.8579238332807604,7.020553566910248,5.747281634792272,11.05531437,76.92710555,378.2437744140625,0.0,3.7900925,,0.0,405.0,,1,1,1,0,1
1789662450846.0,22.94,-3.8665023,7.019943,5.654539,0.13545926,0.22785254,0.024740022,-104.25001,24.0,-57.225002,9.808325599289375,0.2662293368371707,-3.8482153719088874,7.033919447379891,5.94208870593507,11.05531437,76.92710555,378.2437744140625,0.0,3.7900925,,0.0,405.0,,1,1,1,0,1
1789662450856.0,22.95,-3.792624,7.057032,6.468697,0.13545926,0.22785254,0.024740022,-104.25001,24.0,-57.225002,10.297074260789275,0.2662293368371707,-3.8263090874079313,7.046132880962658,6.183567518729796,11.05531437,76.92710555,378.2437744140625,0.0,3.7900925,,0.0,405.0,,1,1,1,0,1
1789662450866.0,22.96,-3.792624,7.057032,6.468697,0.13545926,0.22785254,0.024740022,-104.25001,24.0,-57.225002,10.297074260789275,0.2662293368371707,-3.801388430183029,7.05632647474436,6.376619503561485,11.05531437,76.92710555,378.2437744140625,0.0,3.7900925,,0.0,405.0,,1,1,1,0,1
1789662450876.0,22.97,-3.792624,7.057032,6.468697,0.13545926,0.22785254,0.024740022,-104.25001,24.0,-57.225002,10.297074260789275,0.2662293368371707,-3.7836457733039945,7.063563488558035,6.465196715606719,11.05531437,76.92710555,378.2437744140625,0.0,3.7900925,,0.0,405.0,,1,1,1,0,1
1789662450886.0,22.98,-3.792624,7.057032,6.468697,0.13545926,0.22785254,0.024740022,-104.25001,24.0,-57.225002,10.297074260789275,0.2662293368371707,-3.778798133956867,7.065444961943296,6.475786424485772,11.05531437,76.92710555,378.2437744140625,0.0,3.7900925,,0.0,405.0,,1,1,1,0,1
1789662450896.0,22.99,-3.792624,7.057032,6.468697,0.13545926,0.22785254,0.024740022,-104.25001,24.0,-57.225002,10.297074260789275,0.2662293368371707,-3.7867792092604393,7.059330298387964,6.487847850128602,11.05531437,76.92710555,378.2437744140625,0.0,3.7900925,,0.0,405.0,,1,1,1,0,1
1789662450906.0,23.0,-3.792624,7.057032,6.468697,0.67332566,0.37033674,0.031459533,-104.25001,24.0,-57.225002,10.297074260789275,0.7690945635127331,-3.801995910508496,7.046368231295726,6.552888008976413,11.05531437,76.92710555,378.2437744140625,0.0,3.7900925,,0.0,405.0,,1,1,1,0,1
1789662450916.0,23.01,-3.792624,7.057032,6.468697,0.67332566,0.37033674,0.031459533,-104.25001,24.0,-57.225002,10.297074260789275,0.7690945635127331,-3.8134075467360207,7.035565701561428,6.625784911975566,11.05531437,76.92710555,378.2437744140625,0.0,3.7900925,,0.0,405.0,,1,1,1,0,1
1789662450926.0,23.02,-3.792624,7.057032,6.468697,0.67332566,0.37033674,0.031459533,-102.225006,23.7,-60.675003,10.297074260789275,0.7690945635127331,-3.806586547994281,7.042824045340127,6.569622197564446,11.05531437,76.92710555,378.2437744140625,0.0,3.7900925,,0.0,405.0,,1,1,1,0,1
1789662450936.0,23.03,-3.792624,7.057032,6.468697,0.67332566,0.37033674,0.031459533,-102.225006,23.7,-60.675003,10.297074260789275,0.7690945635127331,-3.7705310839906145,7.082091006497995,6.248425855613682,11.05531437,76.92710555,378.2437744140625,0.0,3.7900925,,0.0,405.0,,1,1,1,0,1
1789662450946.0,23.04,-3.792624,7.057032,6.468697,0.67332566,0.37033674,0.031459533,-102.225006,23.7,-60.675003,10.297074260789275,0.7690945635127331,-3.706681707744009,7.153199833729687,5.649120704614581,11.05531437,76.92710555,378.2437744140625,0.0,3.7900925,,0.0,405.0,,1,1,1,0,1
1789662450956.0,23.05,-3.5479577,7.329515,4.1174498,0.67332566,0.37033674,0.031459533,-102.225006,23.7,-60.675003,9.124866400760853,0.7690945635127331,-3.6318877672428527,7.237229297373255,4.928419357171696,11.05531437,76.92710555,378.2437744140625,0.0,3.7900925,,0.0,405.0,,1,1,1,0,1
1789662450966.0,23.06,-3.5479577,7.329515,4.1174498,0.67332566,0.37033674,0.031459533,-102.225006,23.7,-60.675003,9.124866400760853,0.7690945635127331,-3.56982769563319,7.3062842215575925,4.326724940967569,11.05531437,76.92710555,378.2437744140625,0.0,3.7900925,,0.0,405.0,,1,1,1,0,1
1789662450976.0,23.07,-3.5479577,7.329515,4.1174498,0.67332566,0.37033674,0.031459533,-102.225006,23.7,-60.675003,9.124866400760853,0.7690945635127331,-3.5363487314720716,7.341413417316325,4.010595462109614,11.05531437,76.92710555,378.2437744140625,0.0,3.7900925,,0.0,405.0,,1,1,1,0,1
1789662450986.0,23.08,-3.5479577,7.329515,4.1174498,0.67332566,0.37033674,0.031459533,-102.225006,23.7,-60.675003,9.124866400760853,0.7690945635127331,-3.5309333009023396,7.343995633458282,3.9746520860321572,11.05531437,76.92710555,378.2437744140625,0.0,3.7900925,,0.0,405.0,,1,1,1,0,1
1789662450996.0,23.09,-3.5479577,7.329515,4.1174498,0.67332566,0.37033674,0.031459533,-102.225006,23.7,-60.675003,9.124866400760853,0.7690945635127331,-3.540447410441574,7.33209070272019,4.07380296825211,11.05531437,76.92710555,378.2437744140625,0.0,3.7900925,,0.0,405.0,,1,1,1,0,1
1789662451006.0,23.1,-3.5479577,7.329515,4.1174498,-0.2341139,0.18890992,0.019853104,-102.225006,23.7,-60.675003,9.124866400760853,0.3014803837500066,-3.550073492256604,7.326092198224289,4.142412014399709,11.05531587,76.9271085,378.5269775390625,0.0,3.7900925,,0.0,405.0,,1,1,1,0,1
1789662451016.0,23.11,-3.5479577,7.329515,4.1174498,-0.2341139,0.18890992,0.019853104,-102.225006,23.7,-60.675003,9.124866400760853,0.3014803837500066,-3.55219610467413,7.334364846613793,4.106435798674669,11.05531587,76.9271085,378.5269775390625,0.0,3.7900925,,0.0,405.0,,1,1,1,0,1
1789662451026.0,23.12,-3.5479577,7.329515,4.1174498,-0.2341139,0.18890992,0.019853104,-101.025,23.475,-63.15,9.124866400760853,0.3014803837500066,-3.5484196069737313,7.34731317008991,4.023531119857601,11.05531587,76.9271085,378.5269775390625,0.0,3.7900925,,0.0,405.0,,1,1,1,0,1
1789662451036.0,23.13,-3.5479577,7.329515,4.1174498,-0.2341139,0.18890992,0.019853104,-101.025,23.475,-63.15,9.124866400760853,0.3014803837500066,-3.545832225373981,7.343120159918198,4.037472154738966,11.05531587,76.9271085,378.5269775390625,0.0,3.7900925,,0.0,405.0,,1,1,1,0,1
1789662451046.0,23.14,-3.5479577,7.329515,4.1174498,-0.2341139,0.18890992,0.019853104,-101.025,23.475,-63.15,9.124866400760853,0.3014803837500066,-3.5512819045368547,7.3027884139343335,4.274420239685256,11.05531587,76.9271085,378.5269775390625,0.0,3.7900925,,0.0,405.0,,1,1,1,0,1
1789662451056.0,23.15,-3.5479577,7.329515,4.1174498,-0.2341139,0.18890992,0.019853104,-101.025,23.475,-63.15,9.124866400760853,0.3014803837500066,-3.5671150432468335,7.225721170511512,4.742490041216294,11.05531587,76.9271085,378.5269775390625,0.0,3.7900925,,0.0,405.0,,1,1,1,0,1
1789662451066.0,23.16,-3.6188452,7.029515,5.9500527,-0.2341139,0.18890992,0.019853104,-101.025,23.475,-63.15,9.895112371750274,0.3014803837500066,-3.590236852802868,7.133700390789465,5.308362718322111,11.05531587,76.9271085,378.5269775390625,0.0,3.7900925,,0.0,405.0,,1,1,1,0,1
1789662451076.0,23.17,-3.6188452,7.029515,5.9500527,-0.2341139,0.18890992,0.019853104,-101.025,23.475,-63.15,9.895112371750274,0.3014803837500066,-3.614107319028838,7.057847221587831,5.779372583192969,11.05531587,76.9271085,378.5269775390625,0.0,3.7900925,,0.0,405.0,,1,1,1,0,1
1789662451086.0,23.18,-3.6188452,7.029515,5.9500527,-0.2341139,0.18890992,0.019853104,-101.025,23.475,-63.15,9.895112371750274,0.3014803837500066,-3.631428357454151,7.017939051154365,6.030607017672811,11.05531587,76.9271085,378.5269775390625,0.0,3.7900925,,0.0,405.0,,1,1,1,0,1
1789662451096.0,23.19,-3.6188452,7.029515,5.9500527,-0.2341139,0.18890992,0.019853104,-101.025,23.475,-63.15,9.895112371750274,0.3014803837500066,-3.6359200995710315,7.01125858711278,6.072970465277465,11.05531587,76.9271085,378.5269775390625,0.0,3.7900925,,0.0,405.0,,1,1,1,0,1
1789662451106.0,23.2,-3.6188452,7.029515,5.9500527,-0.009162971,0.057421282,-0.11942405,-101.025,23.475,-63.15,9.895112371750274,0.1328279615987269,-3.624419236316743,7.019223925156094,6.014989197173509,11.05531587,76.9271085,378.5269775390625,0.0,3.7900925,,0.0,405.0,,1,1,1,0,1
1789662451116.0,23.21,-3.6188452,7.029515,5.9500527,-0.009162971,0.057421282,-0.11942405,-99.37501,23.475,-63.45,9.895112371750274,0.1328279615987269,-3.601273150136584,7.024311114832295,5.9652515899477345,11.05531587,76.9271085,378.5269775390625,0.0,3.7900925,,0.0,405.0,,1,1,1,0,1
1789662451126.0,23.22,-3.6188452,7.029515,5.9500527,-0.009162971,0.057421282,-0.11942405,-99.37501,23.475,-63.45,9.895112371750274,0.1328279615987269,-3.582884219136764,7.023067263797495,5.958257510576036,11.05531587,76.9271085,378.5269775390625,0.0,3.7900925,,0.0,405.0,,1,1,1,0,1
1789662451136.0,23.23,-3.6188452,7.029515,5.9500527,-0.009162971,0.057421282,-0.11942405,-99.37501,23.475,-63.45,9.895112371750274,0.1328279615987269,-3.5954135659261857,7.026372513332386,5.950309100404198,11.05531587,76.9271085,378.5269775390625,0.0,3.7900925,,0.0,405.0,,1,1,1,0,1
1789662451146.0,23.24,-3.6188452,7.029515,5.9500527,-0.009162971,0.057421282,-0.11942405,-99.37501,23.475,-63.45,9.895112371750274,0.1328279615987269,-3.660943581010239,7.048169135814599,5.874450914298962,11.05531587,76.9271085,378.5269775390625,0.0,3.7900925,,0.0,405.0,,1,1,1,0,1
1789662451156.0,23.25,-3.6188452,7.029515,5.9500527,-0.009162971,0.057421282,-0.11942405,-99.37501,23.475,-63.45,9.895112371750274,0.1328279615987269,-3.7788328633099466,7.091842003129121,5.706063192416727,11.05531587,76.9271085,378.5269775390625,0.0,3.7900925,,0.0,405.0,,1,1,1,0,1
1789662451166.0,23.26,-4.0797625,7.20778,5.224429,-0.009162971,0.057421282,-0.11942405,-99.37501,23.475,-63.45,9.792405882154153,0.1328279615987269,-3.919038195623662,7.145279449899057,5.488362854590535,11.05531587,76.9271085,378.5269775390625,0.0,3.7900925,,0.0,405.0,,1,1,1,0,1
1789662451176.0,23.27,-4.0797625,7.20778,5.224429,-0.009162971,0.057421282,-0.11942405,-99.37501,23.475,-63.45,9.792405882154153,0.1328279615987269,-4.037704938859233,7.189084849526404,5.300377563520843,11.05531587,76.9271085,378.5269775390625,0.0,3.7900925,,0.0,405.0,,1,1,1,0,1
1789662451186.0,23.28,-4.0797625,7.20778,5.224429,-0.009162971,0.057421282,-0.11942405,-99.37501,23.475,-63.45,9.792405882154153,0.1328279615987269,-4.10424910608231,7.211091207650798,5.197901962985116,11.05531587,76.9271085,378.5269775390625,0.0,3.7900925,,0.0,405.0,,1,1,1,0,1
1789662451196.0,23.29,-4.0797625,7.20778,5.224429,-0.009162971,0.057421282,-0.11942405,-99.37501,23.475,-63.45,9.792405882154153,0.1328279615987269,-4.117114172972483,7.214550267506117,5.178733238598574,11.05531587,76.9271085,378.5269775390625,0.0,3.7900925,,0.0,405.0,,1,1,1,0,1
1789662451206.0,23.3,-4.0797625,7.20778,5.224429,-0.15210532,0.08567378,-0.038637195,-99.37501,23.475,-63.45,9.792405882154153,0.1787983718864879,-4.097601356753144,7.213221561158576,5.197031295964224,11.05531587,76.9271085,378.5269775390625,0.0,3.7900925,,0.0,405.0,,1,1,1,0,1
1789662451216.0,23.31,-4.0797625,7.20778,5.224429,-0.15210532,0.08567378,-0.038637195,-99.37501,23.475,-63.45,9.792405882154153,0.1787983718864879,-4.0720667260282255,7.217893068579866,5.20776690961071,11.05531587,76.9271085,378.5269775390625,0.0,3.7900925,,0.0,405.0,,1,1,1,0,1
1789662451226.0,23.32,-4.0797625,7.20778,5.224429,-0.15210532,0.08567378,-0.038637195,-99.600006,22.725,-63.375004,9.792405882154153,0.1787983718864879,-4.058733504639177,7.22530670237526,5.202787758649087,11.05531587,76.9271085,378.5269775390625,0.0,3.7900925,,0.0,405.0,,1,1,1,0,1
1789662451236.0,23.33,-4.0797625,7.20778,5.224429,-0.15210532,0.08567378,-0.038637195,-99.600006,22.725,-63.375004,9.792405882154153,0.1787983718864879,-4.064996886876172,7.218476579069021,5.213094963333598,11.05531587,76.9271085,378.5269775390625,0.0,3.7900925,,0.0,405.0,,1,1,1,0,1
1789662451246.0,23.34,-4.0797625,7.20778,5.224429,-0.15210532,0.08567378,-0.038637195,-99.600006,22.725,-63.375004,9.792405882154153,0.1787983718864879,-4.090189602447255,7.179415434058655,5.278831490035124,11.05531587,76.9271085,378.5269775390625,0.0,3.7900925,,0.0,405.0,,1,1,1,0,1
1789662451256.0,23.35,-4.0797625,7.20778,5.224429,-0.15210532,0.08567378,-0.038637195,-99.600006,22.725,-63.375004,9.792405882154153,0.1787983718864879,-4.127866024575011,7.105463965548471,5.411304880524541,11.05531587,76.9271085,378.5269775390625,0.0,3.7900925,,0.0,405.0,,1,1,1,0,1
1789662451266.0,23.36,-4.208377,6.910472,5.776573,-0.15210532,0.08567378,-0.038637195,-99.600006,22.725,-63.375004,9.941521808115798,0.1787983718864879,-4.167437611542283,7.015446735132903,5.577828340135062,11.05531587,76.9271085,378.5269775390625,0.0,3.7900925,,0.0,405.0,,1,1,1,0,1
1789662451276.0,23.37,-4.208377,6.910472,5.776573,-0.15210532,0.08567378,-0.038637195,-99.600006,22.725,-63.375004,9.941521808115798,0.1787983718864879,-4.197962347044899,6.938789834025775,5.722454969612746,11.05531587,76.9271085,378.5269775390625,0.0,3.7900925,,0.0,405.0,,1,1,1,0,1
1789662451286.0,23.38,-4.208377,6.910472,5.776573,-0.15210532,0.08567378,-0.038637195,-99.600006,22.725,-63.375004,9.941521808115798,0.1787983718864879,-4.213529991593944,6.896124957958252,5.804326059502173,11.05531587,76.9271085,378.5269775390625,0.0,3.7900925,,0.0,405.0,,1,1,1,0,1
1789662451296.0,23.39,-4.208377,6.910472,5.776573,-0.15210532,0.08567378,-0.038637195,-99.600006,22.725,-63.375004,9.941521808115798,0.1787983718864879,-4.215930933080578,6.887929641304142,5.820627495088755,11.05531587,76.9271085,378.5269775390625,0.0,3.7900925,,0.0,405.0,,1,1,1,0,1
1789662451306.0,23.4,-4.208377,6.910472,5.776573,-0.06841685,0.041080654,0.0006108647,-99.600006,22.725,-63.375004,9.941521808115798,0.07980512923786241,-4.212086079822873,6.899032391460305,5.798932836079962,11.05531587,76.9271085,378.5269775390625,0.0,3.7900925,,0.0,405.0,,1,1,1,0,1
1789662451316.0,23.41,-4.208377,6.910472,5.776573,-0.06841685,0.041080654,0.0006108647,-99.3,23.025002,-62.250004,9.941521808115798,0.07980512923786241,-4.208603805383956,6.912023720176419,5.772327965464277,11.05531587,76.9271085,378.5269775390625,0.0,3.7900925,,0.0,405.0,,1,1,1,0,1
1789662451326.0,23.42,-4.208377,6.910472,5.776573,-0.06841685,0.041080654,0.0006108647,-99.3,23.025002,-62.250004,9.941521808115798,0.07980512923786241,-4.20785330400532,6.917568184795844,5.760073483653249,11.05531587,76.9271085,378.5269775390625,0.0,3.7900925,,0.0,405.0,,1,1,1,0,1
1789662451336.0,23.43,-4.208377,6.910472,5.776573,-0.06841685,0.041080654,0.0006108647,-99.3,23.025002,-62.250004,9.941521808115798,0.07980512923786241,-4.20787360408647,6.915908840469423,5.764256403870568,11.05531587,76.9271085,378.5269775390625,0.0,3.7900925,,0.0,405.0,,1,1,1,0,1
1789662451346.0,23.44,-4.208377,6.910472,5.776573,-0.06841685,0.041080654,0.0006108647,-99.3,23.025002,-62.250004,9.941521808115798,0.07980512923786241,-4.205286562547324,6.912044817428727,5.777526333216901,11.05531587,76.9271085,378.5269775390625,0.0,3.7900925,,0.0,405.0,,1,1,1,0,1
1789662451356.0,23.45,-4.208377,6.910472,5.776573,-0.06841685,0.041080654,0.0006108647,-99.3,23.025002,-62.250004,9.941521808115798,0.07980512923786241,-4.198619537008617,6.910186967485541,5.791965992346014,11.05531587,76.9271085,378.5269775390625,0.0,3.7900925,,0.0,405.0,,1,1,1,0,1
1789662451366.0,23.46,-4.178766,6.9149585,5.8130636,-0.06841685,0.041080654,0.0006108647,-99.3,23.025002,-62.250004,9.95341372379965,0.07980512923786241,-4.189609055413891,6.911228844379073,5.803397936681072,11.05531587,76.9271085,378.5269775390625,0.0,3.7900925,,0.0,405.0,,1,1,1,0,1
1789662451376.0,23.47,-4.178766,6.9149585,5.8130636,-0.06841685,0.041080654,0.0006108647,-99.3,23.025002,-62.250004,9.95341372379965,0.07980512923786241,-4.181771772377626,6.913535034289983,5.811229776276216,11.05531587,76.9271085,378.5269775390625,0.0,3.7900925,,0.0,405.0,,1,1,1,0,1
1789662451386.0,23.48,-4.178766,6.9149585,5.8130636,-0.06841685,0.041080654,0.0006108647,-99.3,23.025002,-62.250004,9.95341372379965,0.07980512923786241,-4.17768009275811,6.915156273626833,5.816287296872383,11.05531587,76.9271085,378.5269775390625,0.0,3.7900925,,0.0,405.0,,1,1,1,0,1
1789662451396.0,23.49,-4.178766,6.9149585,5.8130636,-0.06841685,0.041080654,0.0006108647,-99.3,23.025002,-62.250004,9.95341372379965,0.07980512923786241,-4.177256468605827,6.915435331866938,5.818682505110751,11.05531587,76.9271085,378.5269775390625,0.0,3.7900925,,0.0,405.0,,1,1,1,0,1
1789662451406.0,23.5,-4.178766,6.9149585,5.8130636,0.073609196,0.0018325942,0.032681264,-99.3,23.025002,-62.250004,9.95341372379965,0.08055890487032447,-4.178278897846597,6.91511521646998,5.817156309500619,11.05531587,76.9271085,378.5269775390625,0.0,3.7900925,,0.0,405.0,,1,1,1,0,1
1789662451416.0,23.51,-4.178766,6.9149585,5.8130636,0.073609196,0.0018325942,0.032681264,-99.3,23.025002,-62.250004,9.95341372379965,0.08055890487032447,-4.17841914995177,6.915298925586721,5.8107678245556835,11.05531587,76.9271085,378.5269775390625,0.0,3.7900925,,0.0,405.0,,1,1,1,0,1
1789662451426.0,23.52,-4.178766,6.9149585,5.8130636,0.073609196,0.0018325942,0.032681264,-98.775,23.025002,-62.625004,9.95341372379965,0.08055890487032447,-4.177171150100837,6.9162274579677945,5.8020926313379535,11.05531587,76.9271085,378.5269775390625,0.0,3.7900925,,0.0,405.0,,1,1,1,0,1
1789662451436.0,23.53,-4.178766,6.9149585,5.8130636,0.073609196,0.0018325942,0.032681264,-98.775,23.025002,-62.625004,9.95341372379965,0.08055890487032447,-4.176288417622065,6.916821000042606,5.798714768882458,11.05531587,76.9271085,378.5269775390625,0.0,3.7900925,,0.0,405.0,,1,1,1,0,1
1789662451446.0,23.54,-4.178766,6.9149585,5.8130636,0.073609196,0.0018325942,0.032681264,-98.775,23.025002,-62.625004,9.95341372379965,0.08055890487032447,-4.178251487476253,6.915482504884333,5.809284999819458,11.05531587,76.9271085,378.5269775390625,0.0,3.7900925,,0.0,405.0,,1,1,1,0,1
1789662451456.0,23.55,-4.178766,6.9149585,5.8130636,0.073609196,0.0018325942,0.032681264,-98.775,23.025002,-62.625004,9.95341372379965,0.08055890487032447,-4.1834565464079185,6.91188855290968,5.8339418599375215,11.05531587,76.9271085,378.5269775390625,0.0,3.7900925,,0.0,405.0,,1,1,1,0,1
1789662451466.0,23.56,-4.178766,6.9149585,5.8130636,0.073609196,0.0018325942,0.032681264,-98.775,23.025002,-62.625004,9.95341372379965,0.08055890487032447,-4.188016913400358,6.90856423881209,5.855405192883282,11.05531587,76.9271085,378.5269775390625,0.0,3.7900925,,0.0,405.0,,1,1,1,0,1
1789662451476.0,23.57,-4.178766,6.9149585,5.8130636,-0.070554875,0.051007204,0.04566214,-98.775,23.025002,-62.625004,9.95341372379965,0.0983094922962317,-4.1845032589545506,6.910582027445555,5.841162647465541,11.05531587,76.9271085,378.5269775390625,0.0,3.7900925,,0.0,405.0,,1,1,1,0,1
1789662451486.0,23.58,-4.178766,6.9149585,5.8130636,-0.070554875,0.051007204,0.04566214,-98.775,23.025002,-62.625004,9.95341372379965,0.0983094922962317,-4.166437566728826,6.922628124220711,5.761995442147673,11.05531587,76.9271085,378.5269775390625,0.0,3.7900925,,0.0,405.0,,1,1,1,0,1
1789662451496.0,23.59,-4.178766,6.9149585,5.8130636,-0.070554875,0.051007204,0.04566214,-98.775,23.025002,-62.625004,9.95341372379965,0.0983094922962317,-4.133938325381688,6.9450064049025775,5.617046617871953,11.05531587,76.9271085,378.5269775390625,0.0,3.7900925,,0.0,405.0,,1,1,1,0,1
1789662451506.0,23.6,-4.0498524,7.001698,5.2489557,-0.070554875,0.051007204,0.04566214,-98.775,23.025002,-62.625004,9.642438243802873,0.0983094922962317,-4.095472655522795,6.972004867283331,5.44349846552357,11.05531587,76.9271085,378.5269775390625,0.0,3.7900925,,0.0,405.0,,1,1,1,0,1
1789662451516.0,23.61,-4.0498524,7.001698,5.2489557,-0.070554875,0.051007204,0.04566214,-99.00001,23.85,-63.225002,9.642438243802873,0.0983094922962317,-4.063047023406498,6.994768351662827,5.297400154798728,11.05531587,76.9271085,378.5269775390625,0.0,3.7900925,,0.0,405.0,,1,1,1,0,1
1789662451526.0,23.62,-4.0498524,7.001698,5.2489557,-0.070554875,0.051007204,0.04566214,-99.00001,23.85,-63.225002,9.642438243802873,0.0983094922962317,-4.044430564325432,7.00677980707323,5.218648236313514,11.05531587,76.9271085,378.5269775390625,0.0,3.7900925,,0.0,405.0,,1,1,1,0,1
1789662451536.0,23.63,-4.0498524,7.001698,5.2489557,-0.070554875,0.051007204,0.04566214,-99.00001,23.85,-63.225002,9.642438243802873,0.0983094922962317,-4.03927025395358,7.007573032404588,5.208869645317172,11.05531587,76.9271085,378.5269775390625,0.0,3.7900925,,0.0,405.0,,1,1,1,0,1
1789662451546.0,23.64,-4.0498524,7.001698,5.2489557,-0.070554875,0.051007204,0.04566214,-99.00001,23.85,-63.225002,9.642438243802873,0.0983094922962317,-4.041925289144145,7.002211217107251,5.237282051983701,11.05531587,76.9271085,378.5269775390625,0.0,3.7900925,,0.0,405.0,,1,1,1,0,1
1789662451556.0,23.65,-4.0498524,7.001698,5.2489557,-0.070554875,0.051007204,0.04566214,-99.00001,23.85,-63.225002,9.642438243802873,0.0983094922962317,-4.047195980307476,6.9977015898863835,5.264533826858046,11.05531587,76.9271085,378.5269775390625,0.0,3.7900925,,0.0,405.0,,1,1,1,0,1
1789662451566.0,23.66,-4.0498524,7.001698,5.2489557,-0.070554875,0.051007204,0.04566214,-99.00001,23.85,-63.225002,9.642438243802873,0.0983094922962317,-4.053154142835159,6.998911473213372,5.265490918806739,11.05531587,76.9271085,378.5269775390625,0.0,3.7900925,,0.0,405.0,,1,1,1,0,1
1789662451576.0,23.67,-4.0498524,7.001698,5.2489557,0.023060143,0.07406735,-0.105374165,-99.00001,23.85,-63.225002,9.642438243802873,0.13084898616592402,-4.059086324274663,7.005675038926104,5.240479397393389,11.05531587,76.9271085,378.5269775390625,0.0,3.7900925,,0.0,405.0,,1,1,1,0,1
1789662451586.0,23.68,-4.0498524,7.001698,5.2489557,0.023060143,0.07406735,-0.105374165,-99.00001,23.85,-63.225002,9.642438243802873,0.13084898616592402,-4.061643638623837,7.012042185208418,5.214013633449509,11.05531587,76.9271085,378.5269775390625,0.0,3.7900925,,0.0,405.0,,1,1,1,0,1
1789662451596.0,23.69,-4.0498524,7.001698,5.2489557,0.023060143,0.07406735,-0.105374165,-99.00001,23.85,-63.225002,9.642438243802873,0.13084898616592402,-4.054173843905246,7.008656205633779,5.222298960807209,11.05531587,76.9271085,378.5269775390625,0.0,3.7900925,,0.0,405.0,,1,1,1,0,1
1789662451606.0,23.7,-4.0498524,7.001698,5.2489557,0.023060143,0.07406735,-0.105374165,-99.00001,23.85,-63.225002,9.642438243802873,0.13084898616592402,-4.031332818461994,6.988328162037894,5.292029897985841,11.05531587,76.9271085,378.5269775390625,0.0,3.7900925,,0.0,405.0,,1,1,1,0,1
1789662451616.0,23.71,-4.0498524,7.001698,5.2489557,0.023060143,0.07406735,-0.105374165,-99.00001,23.85,-63.225002,9.642438243802873,0.13084898616592402,-3.995341640903694,6.951978206304963,5.420055976794,11.05531587,76.9271085,378.5269775390625,0.0,3.7900925,,0.0,405.0,,1,1,1,0,1
1789662451626.0,23.72,-3.9041893,6.8602223,5.741877,0.023060143,0.07406735,-0.105374165,-98.025,22.875,-63.9,9.760865513814888,0.13084898616592402,-3.956867425179297,6.90982236222003,5.570003700479986,11.05531587,76.9271085,378.5269775390625,0.0,3.7900925,,0.0,405.0,,1,1,1,0,1
1789662451636.0,23.73,-3.9041893,6.8602223,5.741877,0.023060143,0.07406735,-0.105374165,-98.025,22.875,-63.9,9.760865513814888,0.13084898616592402,-3.9274745461769283,6.875307050949976,5.693460064789015,11.05531587,76.9271085,378.5269775390625,0.0,3.7900925,,0.0,405.0,,1,1,1,0,1
1789662451646.0,23.74,-3.9041893,6.8602223,5.741877,0.023060143,0.07406735,-0.105374165,-98.025,22.875,-63.9,9.760865513814888,0.13084898616592402,-3.9098272821864506,6.856137316254493,5.761091320793797,11.05531587,76.9271085,378.5269775390625,0.0,3.7900925,,0.0,405.0,,1,1,1,0,1
1789662451656.0,23.75,-3.9041893,6.8602223,5.741877,0.023060143,0.07406735,-0.105374165,-98.025,22.875,-63.9,9.760865513814888,0.13084898616592402,-3.8963181777344404,6.8503341261631645,5.777425294716105,11.05531587,76.9271085,378.5269775390625,0.0,3.7900925,,0.0,405.0,,1,1,1,0,1
1789662451666.0,23.76,-3.9041893,6.8602223,5.741877,0.023060143,0.07406735,-0.105374165,-98.025,22.875,-63.9,9.760865513814888,0.13084898616592402,-3.879813305321321,6.85061786083953,5.768263199711165,11.05531587,76.9271085,378.5269775390625,0.0,3.7900925,,0.0,405.0,,1,1,1,0,1
1789662451676.0,23.77,-3.9041893,6.8602223,5.741877,0.06398808,-0.035735585,-0.015271618,-98.025,22.875,-63.9,9.760865513814888,0.07486473624956244,-3.867605822511671,6.852459884591076,5.755170404949845,11.05531587,76.9271085,378.5269775390625,0.0,3.7900925,,0.0,405.0,,1,1,1,0,1
1789662451686.0,23.78,-3.9041893,6.8602223,5.741877,0.06398808,-0.035735585,-0.015271618,-98.025,22.875,-63.9,9.760865513814888,0.07486473624956244,-3.88384217637335,6.858192711274338,5.740275376231521,11.05531587,76.9271085,378.5269775390625,0.0,3.7900925,,0.0,405.0,,1,1,1,0,1
1789662451696.0,23.79,-3.9041893,6.8602223,5.741877,0.06398808,-0.035735585,-0.015271618,-98.025,22.875,-63.9,9.760865513814888,0.07486473624956244,-3.953495415948981,6.873700673058649,5.71183242354842,11.05531587,76.9271085,378.5269775390625,0.0,3.7900925,,0.0,405.0,,1,1,1,0,1
1789662451706.0,23.8,-3.9041893,6.8602223,5.741877,0.06398808,-0.035735585,-0.015271618,-98.025,22.875,-63.9,9.760865513814888,0.07486473624956244,-4.078223711706882,6.901086234950615,5.661942945661205,11.05531587,76.9271085,378.5269775390625,0.0,3.7900925,,0.0,405.0,,1,1,1,0,1
1789662451716.0,23.81,-4.397709,6.975078,5.5169516,0.06398808,-0.035735585,-0.015271618,-98.025,22.875,-63.9,9.921104399788742,0.07486473624956244,-4.22633563623166,6.934457902631888,5.598652855551907,11.05531587,76.9271085,378.5269775390625,0.0,3.7900925,,0.0,405.0,,1,1,1,0,1
1789662451726.0,23.82,-4.397709,6.975078,5.5169516,0.06398808,-0.035735585,-0.015271618,-98.025,22.2,-64.350006,9.921104399788742,0.07486473624956244,-4.349986439435299,6.963109290874648,5.541764744630632,11.05531587,76.9271085,378.5269775390625,0.0,3.7900925,,0.0,405.0,,1,1,1,0,1
1789662451736.0,23.83,-4.397709,6.975078,5.5169516,0.06398808,-0.035735585,-0.015271618,-98.025,22.2,-64.350006,9.921104399788742,0.07486473624956244,-4.416972903148061,6.9791580441817755,5.507935535976143,11.05531587,76.9271085,378.5269775390625,0.0,3.7900925,,0.0,405.0,,1,1,1,0,1
1789662451746.0,23.84,-4.397709,6.975078,5.5169516,0.06398808,-0.035735585,-0.015271618,-98.025,22.2,-64.350006,9.921104399788742,0.07486473624956244,-4.429459799235993,6.9825475540123865,5.49975818650512,11.05531587,76.9271085,378.5269775390625,0.0,3.7900925,,0.0,405.0,,1,1,1,0,1
1789662451756.0,23.85,-4.397709,6.975078,5.5169516,0.06398808,-0.035735585,-0.015271618,-98.025,22.2,-64.350006,9.921104399788742,0.07486473624956244,-4.415283713316472,6.979464847880507,5.507203261827922,11.05531587,76.9271085,378.5269775390625,0.0,3.7900925,,0.0,405.0,,1,1,1,0,1
1789662451766.0,23.86,-4.397709,6.975078,5.5169516,-0.01679878,-0.0160352,-0.0087048225,-98.025,22.2,-64.350006,9.921104399788742,0.024801221407118365,-4.402815017458847,6.976535142684435,5.517221426003135,11.05531587,76.9271085,378.5269775390625,0.0,3.7900925,,0.0,405.0,,1,1,1,0,1
1789662451776.0,23.87,-4.397709,6.975078,5.5169516,-0.01679878,-0.0160352,-0.0087048225,-98.025,22.2,-64.350006,9.921104399788742,0.024801221407118365,-4.401109295410469,6.9760060265187445,5.522092509962564,11.05531587,76.9271085,378.5269775390625,0.0,3.7900925,,0.0,405.0,,1,1,1,0,1
1789662451786.0,23.88,-4.397709,6.975078,5.5169516,-0.01679878,-0.0160352,-0.0087048225,-98.025,22.2,-64.350006,9.921104399788742,0.024801221407118365,-4.398343018398721,6.975198355504867,5.521344498344473,11.05531587,76.9271085,378.5269775390625,0.0,3.7900925,,0.0,405.0,,1,1,1,0,1
1789662451796.0,23.89,-4.397709,6.975078,5.5169516,-0.01679878,-0.0160352,-0.0087048225,-98.025,22.2,-64.350006,9.921104399788742,0.024801221407118365,-4.376267584123514,6.969836917287696,5.518524263457103,11.05531587,76.9271085,378.5269775390625,0.0,3.7900925,,0.0,405.0,,1,1,1,0,1
1789662451806.0,23.9,-4.397709,6.975078,5.5169516,-0.01679878,-0.0160352,-0.0087048225,-98.025,22.2,-64.350006,9.921104399788742,0.024801221407118365,-4.327949616712295,6.958265955456627,5.516974101888432,11.05531587,76.9271085,378.5269775390625,0.0,3.7900925,,0.0,405.0,,1,1,1,0,1
1789662451816.0,23.91,-4.1874394,6.9245296,5.52084,-0.01679878,-0.0160352,-0.0087048225,-98.025,22.2,-64.350006,9.796092752498238,0.024801221407118365,-4.264957390325486,6.9432030484264455,5.51766648930258,11.05531587,76.9271085,378.5269775390625,0.0,3.7900925,,0.0,405.0,,1,1,1,0,1
1789662451826.0,23.92,-4.1874394,6.9245296,5.52084,-0.01679878,-0.0160352,-0.0087048225,-97.725006,22.2,-65.700005,9.796092752498238,0.024801221407118365,-4.20906671898032,6.92980098106338,5.519560956864396,11.05531587,76.9271085,378.5269775390625,0.0,3.7900925,,0.0,405.0,,1,1,1,0,1
1789662451836.0,23.93,-4.1874394,6.9245296,5.52084,-0.01679878,-0.0160352,-0.0087048225,-97.725006,22.2,-65.700005,9.796092752498238,0.024801221407118365,-4.176668177792281,6.92195419200243,5.521152904809897,11.05531587,76.9271085,378.5269775390625,0.0,3.7900925,,0.0,405.0,,1,1,1,0,1
1789662451846.0,23.94,-4.1874394,6.9245296,5.52084,-0.01679878,-0.0160352,-0.0087048225,-97.725006,22.2,-65.700005,9.796092752498238,0.024801221407118365,-4.169469774791999,6.920102941508424,5.521684915843944,11.05531587,76.9271085,378.5269775390625,0.0,3.7900925,,0.0,405.0,,1,1,1,0,1
1789662451856.0,23.95,-4.1874394,6.9245296,5.52084,-0.01679878,-0.0160352,-0.0087048225,-97.725006,22.2,-65.700005,9.796092752498238,0.024801221407118365,-4.177440752942639,6.921944430693088,5.521364031020094,11.05531587,76.9271085,378.5269775390625,0.0,3.7900925,,0.0,405.0,,1,1,1,0,1
1789662451866.0,23.96,-4.1874394,6.9245296,5.52084,-0.01679878,-0.0160352,-0.0087048225,-97.725006,22.2,-65.700005,9.796092752498238,0.024801221407118365,-4.188378993786876,6.924673267254753,5.520856354259207,11.05531587,76.9271085,378.5269775390625,0.0,3.7900925,,0.0,405.0,,1,1,1,0,1
1789662451876.0,23.97,-4.1874394,6.9245296,5.52084,-0.0018325942,0.0584903,-0.052228935,-97.725006,22.2,-65.700005,9.796092752498238,0.0784368232836217,-4.194955151663902,6.926551729671658,5.520670515553656,11.05531587,76.9271085,378.5269775390625,0.0,3.7900925,,0.0,405.0,,1,1,1,0,1
1789662451886.0,23.98,-4.1874394,6.9245296,5.52084,-0.0018325942,0.0584903,-0.052228935,-97.725006,22.2,-65.700005,9.796092752498238,0.0784368232836217,-4.195404659526118,6.926955228596394,5.520841921194616,11.05531587,76.9271085,378.5269775390625,0.0,3.7900925,,0.0,405.0,,1,1,1,0,1
1789662451896.0,23.99,-4.1874394,6.9245296,5.52084,-0.0018325942,0.0584903,-0.052228935,-97.725006,22.2,-65.700005,9.796092752498238,0.0784368232836217,-4.19052318144325,6.925650755083433,5.520985897196943,11.05531587,76.9271085,378.5269775390625,0.0,3.7900925,,0.0,405.0,,1,1,1,0,1
1789662451906.0,24.0,-4.1874394,6.9245296,5.52084,-0.0018325942,0.0584903,-0.052228935,-97.725006,22.2,-65.700005,9.796092752498238,0.0784368232836217,-4.1814349027805795,6.9224565078884766,5.520575058046316,11.05531587,76.9271085,378.5269775390625,0.0,3.7900925,,0.0,405.0,,1,1,1,0,1
1789662451916.0,24.01,-4.1874394,6.9245296,5.52084,-0.0018325942,0.0584903,-0.052228935,-97.725006,22.2,-65.700005,9.796092752498238,0.0784368232836217,-4.16982745799639,6.917599852549995,5.519245011457487,11.05531587,76.9271085,378.5269775390625,0.0,3.7900925,,0.0,405.0,,1,1,1,0,1
1789662451926.0,24.02,-4.147061,6.9056864,5.513961,-0.0018325942,0.0584903,-0.052228935,-97.950005,22.050001,-64.125,9.761679440669365,0.0784368232836217,-4.15879387496775,6.912101954888349,5.516990838769978,11.05531587,76.9271085,378.5269775390625,0.0,3.7900925,,0.0,405.0,,1,1,1,0,1
1789662451936.0,24.03,-4.147061,6.9056864,5.513961,-0.0018325942,0.0584903,-0.052228935,-97.950005,22.050001,-64.125,9.761679440669365,0.0784368232836217,-4.151790077872303,6.907460770675389,5.514247359287335,11.05531587,76.9271085,378.5269775390625,0.0,3.7900925,,0.0,405.0,,1,1,1,0,1
1789662451946.0,24.04,-4.147061,6.9056864,5.513961,-0.0018325942,0.0584903,-0.052228935,-97.950005,22.050001,-64.125,9.761679440669365,0.0784368232836217,-4.1498542996639625,6.904781900449686,5.511918404399273,11.05531587,76.9271085,378.5269775390625,0.0,3.7900925,,0.0,405.0,,1,1,1,0,1
1789662451956.0,24.05,-4.147061,6.9056864,5.513961,-0.0018325942,0.0584903,-0.052228935,-97.950005,22.050001,-64.125,9.761679440669365,0.0784368232836217,-4.149945999132513,6.904179817351103,5.511256382249497,11.05531587,76.9271085,378.5269775390625,0.0,3.7900925,,0.0,405.0,,1,1,1,0,1
1789662451966.0,24.06,-4.147061,6.9056864,5.513961,-0.09269872,0.024281872,-0.023518292,-97.950005,22.050001,-64.125,9.761679440669365,0.09867001599300594,-4.1469640226346565,6.904928539619227,5.513252560995482,11.05531587,76.9271085,378.5269775390625,0.0,3.7900925,,0.0,405.0,,1,1,1,0,1
1789662451976.0,24.07,-4.147061,6.9056864,5.513961,-0.09269872,0.024281872,-0.023518292,-97.950005,22.050001,-64.125,9.761679440669365,0.09867001599300594,-4.138922434736587,6.906043829869864,5.517422179674037,11.05531587,76.9271085,378.5269775390625,0.0,3.7900925,,0.0,405.0,,1,1,1,0,1
1789662451986.0,24.08,-4.147061,6.9056864,5.513961,-0.09269872,0.024281872,-0.023518292,-97.950005,22.050001,-64.125,9.761679440669365,0.09867001599300594,-4.13149093781798,6.906722419379246,5.520740542290455,11.05531587,76.9271085,378.5269775390625,0.0,3.7900925,,0.0,405.0,,1,1,1,0,1
1789662451996.0,24.09,-4.147061,6.9056864,5.513961,-0.09269872,0.024281872,-0.023518292,-97.950005,22.050001,-64.125,9.761679440669365,0.09867001599300594,-4.137201371374032,6.9064517787552315,5.518200975362612,11.05531587,76.9271085,378.5269775390625,0.0,3.7900925,,0.0,405.0,,1,1,1,0,1
1789662452006.0,24.1,-4.147061,6.9056864,5.513961,-0.09269872,0.024281872,-0.023518292,-97.950005,22.050001,-64.125,9.761679440669365,0.09867001599300594,-4.1676539251526705,6.90500223063923,5.505754822544317,11.05531765,76.92711182,379.0181884765625,0.0,3.7900925,,0.0,405.0,,1,1,1,0,1
1789662452016.0,24.11,-4.147061,6.9056864,5.513961,-0.09269872,0.024281872,-0.023518292,-97.950005,22.050001,-64.125,9.761679440669365,0.09867001599300594,-4.223299854537209,6.902487264262859,5.484060223341065,11.05531765,76.92711182,379.0181884765625,0.0,3.7900925,,0.0,405.0,,1,1,1,0,1
1789662452026.0,24.12,-4.366303,6.895816,5.432605,-0.09269872,0.024281872,-0.023518292,-97.950005,22.050001,-64.125,9.804594702469348,0.09867001599300594,-4.289759849928125,6.899405066115996,5.459557115596568,11.05531765,76.92711182,379.0181884765625,0.0,3.7900925,,0.0,405.0,,1,1,1,0,1
1789662452036.0,24.13,-4.366303,6.895816,5.432605,-0.09269872,0.024281872,-0.023518292,-98.100006,21.75,-63.600002,9.804594702469348,0.09867001599300594,-4.345698238641902,6.8965036713026615,5.44078499140438,11.05531765,76.92711182,379.0181884765625,0.0,3.7900925,,0.0,405.0,,1,1,1,0,1
1789662452046.0,24.14,-4.366303,6.895816,5.432605,-0.09269872,0.024281872,-0.023518292,-98.100006,21.75,-63.600002,9.804594702469348,0.09867001599300594,-4.376553113738062,6.894531836550256,5.432288503476642,11.05531765,76.92711182,379.0181884765625,0.0,3.7900925,,0.0,405.0,,1,1,1,0,1
1789662452056.0,24.15,-4.366303,6.895816,5.432605,-0.09269872,0.024281872,-0.023518292,-98.100006,21.75,-63.600002,9.804594702469348,0.09867001599300594,-4.382444350677777,6.89404665916446,5.431370664112844,11.05531765,76.92711182,379.0181884765625,0.0,3.7900925,,0.0,405.0,,1,1,1,0,1
1789662452066.0,24.16,-4.366303,6.895816,5.432605,-0.04077522,0.026878048,0.05589412,-98.100006,21.75,-63.600002,9.804594702469348,0.0742239899285474,-4.3746501351688885,6.8952313689595135,5.430860361477181,11.05531765,76.92711182,379.0181884765625,0.0,3.7900925,,0.0,405.0,,1,1,1,0,1
1789662452076.0,24.17,-4.366303,6.895816,5.432605,-0.04077522,0.026878048,0.05589412,-98.100006,21.75,-63.600002,9.804594702469348,0.0742239899285474,-4.365704819928353,6.897538474219566,5.426016300076674,11.05531765,76.92711182,379.0181884765625,0.0,3.7900925,,0.0,405.0,,1,1,1,0,1
1789662452086.0,24.18,-4.366303,6.895816,5.432605,-0.04077522,0.026878048,0.05589412,-98.100006,21.75,-63.600002,9.804594702469348,0.0742239899285474,-4.361898857686052,6.8993156932843025,5.4202363688004676,11.05531765,76.92711182,379.0181884765625,0.0,3.7900925,,0.0,405.0,,1,1,1,0,1
1789662452096.0,24.19,-4.366303,6.895816,5.432605,-0.04077522,0.026878048,0.05589412,-98.100006,21.75,-63.600002,9.804594702469348,0.0742239899285474,-4.362407712981785,6.898050359377053,5.424598101166325,11.05531765,76.92711182,379.0181884765625,0.0,3.7900925,,0.0,405.0,,1,1,1,0,1
1789662452106.0,24.2,-4.366303,6.895816,5.432605,-0.04077522,0.026878048,0.05589412,-98.100006,21.75,-63.600002,9.804594702469348,0.0742239899285474,-4.363176832805423,6.891680295671255,5.450205709731712,11.05531765,76.92711182,379.0181884765625,0.0,3.7900925,,0.0,405.0,,1,1,1,0,1
1789662452116.0,24.21,-4.366303,6.895816,5.432605,-0.04077522,0.026878048,0.05589412,-98.100006,21.75,-63.600002,9.804594702469348,0.0742239899285474,-4.361177178270707,6.88033485180616,5.498216872869553,11.05531765,76.92711182,379.0181884765625,0.0,3.7900925,,0.0,405.0,,1,1,1,0,1
1789662452126.0,24.22,-4.3441696,6.851249,5.6207404,-0.04077522,0.026878048,0.05589412,-98.100006,21.75,-63.600002,9.869353829798449,0.0742239899285474,-4.356024605022201,6.866912312910533,5.556007733532142,11.05531765,76.92711182,379.0181884765625,0.0,3.7900925,,0.0,405.0,,1,1,1,0,1
1789662452136.0,24.23,-4.3441696,6.851249,5.6207404,-0.04077522,0.026878048,0.05589412,-98.100006,21.75,-63.600002,9.869353829798449,0.0742239899285474,-4.349009353165938,6.855541801342799,5.604138993281481,11.05531765,76.92711182,379.0181884765625,0.0,3.7900925,,0.0,405.0,,1,1,1,0,1
1789662452146.0,24.24,-4.3441696,6.851249,5.6207404,-0.04077522,0.026878048,0.05589412,-98.100006,21.75,-63.600002,9.869353829798449,0.0742239899285474,-4.341742195519096,6.849019556098576,5.629154082162501,11.05531765,76.92711182,379.0181884765625,0.0,3.7900925,,0.0,405.0,,1,1,1,0,1
1789662452156.0,24.25,-4.3441696,6.851249,5.6207404,-0.04077522,0.026878048,0.05589412,-98.100006,21.75,-63.600002,9.869353829798449,0.0742239899285474,-4.336200252811537,6.847432942591865,5.6316206203825905,11.05531765,76.92711182,379.0181884765625,0.0,3.7900925,,0.0,405.0,,1,1,1,0,1
1789662452166.0,24.26,-4.3441696,6.851249,5.6207404,-0.04077522,0.026878048,0.05589412,-98.100006,21.75,-63.600002,9.869353829798449,0.0742239899285474,-4.335455583369225,6.848912778205382,5.623572956543061,11.05531765,76.92711182,379.0181884765625,0.0,3.7900925,,0.0,405.0,,1,1,1,0,1
1789662452176.0,24.27,-4.3441696,6.851249,5.6207404,-0.011453713,0.028863357,0.009621119,-96.9,21.975,-66.15,9.869353829798449,0.0325091810048789,-4.342553290223185,6.8513510804792785,5.618693596120251,11.05531765,76.92711182,379.0181884765625,0.0,3.7900925,,0.0,405.0,,1,1,1,0,1
1789662452186.0,24.28,-4.3441696,6.851249,5.6207404,-0.011453713,0.028863357,0.009621119,-96.9,21.975,-66.15,9.869353829798449,0.0325091810048789,-4.356378199910129,6.853381838840356,5.622825361418604,11.05531765,76.92711182,379.0181884765625,0.0,3.7900925,,0.0,405.0,,1,1,1,0,1
1789662452196.0,24.29,-4.3441696,6.851249,5.6207404,-0.011453713,0.028863357,0.009621119,-96.9,21.975,-66.15,9.869353829798449,0.0325091810048789,-4.367351191488956,6.85414878002962,5.630392117683887,11.05531765,76.92711182,379.0181884765625,0.0,3.7900925,,0.0,405.0,,1,1,1,0,1
1789662452206.0,24.3,-4.3441696,6.851249,5.6207404,-0.011453713,0.028863357,0.009621119,-96.9,21.975,-66.15,9.869353829798449,0.0325091810048789,-4.358623826611762,6.852744783159909,5.628334660231297,11.05531765,76.92711182,379.0181884765625,0.0,3.7900925,,0.0,405.0,,1,1,1,0,1
1789662452216.0,24.31,-4.3441696,6.851249,5.6207404,-0.011453713,0.028863357,0.009621119,-96.9,21.975,-66.15,9.869353829798449,0.0325091810048789,-4.315799715844377,6.848363698375458,5.605519369495496,11.05531765,76.92711182,379.0181884765625,0.0,3.7900925,,0.0,405.0,,1,1,1,0,1
1789662452226.0,24.32,-4.3441696,6.851249,5.6207404,-0.011453713,0.028863357,0.009621119,-97.425,22.5,-64.725006,9.869353829798449,0.0325091810048789,-4.239917698459526,6.841169778705697,5.562039463832864,11.05531765,76.92711182,379.0181884765625,0.0,3.7900925,,0.0,405.0,,1,1,1,0,1
1789662452236.0,24.33,-4.052245,6.823134,5.4550376,-0.011453713,0.028863357,0.009621119,-97.425,22.5,-64.725006,9.62981216532258,0.0325091810048789,-4.151780949013211,6.832823245563805,5.511219279672955,11.05531765,76.92711182,379.0181884765625,0.0,3.7900925,,0.0,405.0,,1,1,1,0,1
1789662452246.0,24.34,-4.052245,6.823134,5.4550376,-0.011453713,0.028863357,0.009621119,-97.425,22.5,-64.725006,9.62981216532258,0.0325091810048789,-4.080500015744584,6.825774716980062,5.471281322732894,11.05531765,76.92711182,379.0181884765625,0.0,3.7900925,,0.0,405.0,,1,1,1,0,1
1789662452256.0,24.35,-4.052245,6.823134,5.4550376,-0.011453713,0.028863357,0.009621119,-97.425,22.5,-64.725006,9.62981216532258,0.0325091810048789,-4.043948675181094,6.821773283093084,5.4524585086401,11.05531765,76.92711182,379.0181884765625,0.0,3.7900925,,0.0,405.0,,1,1,1,0,1
1789662452266.0,24.36,-4.052245,6.823134,5.4550376,-0.011453713,0.028863357,0.009621119,-97.425,22.5,-64.725006,9.62981216532258,0.0325091810048789,-4.037914951275979,6.820925525110761,5.450303301271077,11.05531765,76.92711182,379.0181884765625,0.0,3.7900925,,0.0,405.0,,1,1,1,0,1
1789662452276.0,24.37,-4.052245,6.823134,5.4550376,0.0054977825,0.09834922,-0.09422588,-97.425,22.5,-64.725006,9.62981216532258,0.13631328309743004,-4.0430069448379,6.822011871509308,5.451015483018749,11.05531765,76.92711182,379.0181884765625,0.0,3.7900925,,0.0,405.0,,1,1,1,0,1
1789662452286.0,24.38,-4.052245,6.823134,5.4550376,0.0054977825,0.09834922,-0.09422588,-97.425,22.5,-64.725006,9.62981216532258,0.13631328309743004,-4.0426052699177015,6.823508306307009,5.444589612742503,11.05531765,76.92711182,379.0181884765625,0.0,3.7900925,,0.0,405.0,,1,1,1,0,1
1789662452296.0,24.39,-4.052245,6.823134,5.4550376,0.0054977825,0.09834922,-0.09422588,-97.425,22.5,-64.725006,9.62981216532258,0.13631328309743004,-4.0371005856532625,6.824354720742736,5.435511632890351,11.05531765,76.92711182,379.0181884765625,0.0,3.7900925,,0.0,405.0,,1,1,1,0,1
1789662452306.0,24.4,-4.052245,6.823134,5.4550376,0.0054977825,0.09834922,-0.09422588,-97.425,22.5,-64.725006,9.62981216532258,0.13631328309743004,-4.043749695285476,6.824106488064732,5.44217464857491,11.05531765,76.92711182,379.0181884765625,0.0,3.7900925,,0.0,405.0,,1,1,1,0,1
1789662452316.0,24.41,-4.052245,6.823134,5.4550376,0.0054977825,0.09834922,-0.09422588,-97.425,22.5,-64.725006,9.62981216532258,0.13631328309743004,-4.082194550711135,6.822773401960735,5.4836290575724425,11.05531765,76.92711182,379.0181884765625,0.0,3.7900925,,0.0,405.0,,1,1,1,0,1
1789662452326.0,24.42,-4.052245,6.823134,5.4550376,0.0054977825,0.09834922,-0.09422588,-97.275,22.125,-65.850006,9.62981216532258,0.13631328309743004,-4.15647138563542,6.820724731128184,5.562327068586844,11.05531765,76.92711182,379.0181884765625,0.0,3.7900925,,0.0,405.0,,1,1,1,0,1
1789662452336.0,24.43,-4.36062,6.817451,5.7616177,0.0054977825,0.09834922,-0.09422588,-97.275,22.125,-65.850006,9.934227873506542,0.13631328309743004,-4.248412497625833,6.81866541997146,5.657294452472609,11.05531765,76.92711182,379.0181884765625,0.0,3.7900925,,0.0,405.0,,1,1,1,0,1
1789662452346.0,24.44,-4.36062,6.817451,5.7616177,0.0054977825,0.09834922,-0.09422588,-97.275,22.125,-65.850006,9.934227873506542,0.13631328309743004,-4.328869910701957,6.81742603950163,5.735705127166793,11.05531765,76.92711182,379.0181884765625,0.0,3.7900925,,0.0,405.0,,1,1,1,0,1
1789662452356.0,24.45,-4.36062,6.817451,5.7616177,0.0054977825,0.09834922,-0.09422588,-97.275,22.125,-65.850006,9.934227873506542,0.13631328309743004,-4.3769833010019195,6.81747183585744,5.774753726461159,11.05531765,76.92711182,379.0181884765625,0.0,3.7900925,,0.0,405.0,,1,1,1,0,1
1789662452366.0,24.46,-4.36062,6.817451,5.7616177,0.0054977825,0.09834922,-0.09422588,-97.275,22.125,-65.850006,9.934227873506542,0.13631328309743004,-4.390480092292738,6.818413437444979,5.776015994252872,11.05531765,76.92711182,379.0181884765625,0.0,3.7900925,,0.0,405.0,,1,1,1,0,1
1789662452376.0,24.47,-4.36062,6.817451,5.7616177,0.05406153,-0.029321507,0.023518292,-97.275,22.125,-65.850006,9.934227873506542,0.0658445886712736,-4.380550400421131,6.818995199578741,5.7616841895549875,11.05531765,76.92711182,379.0181884765625,0.0,3.7900925,,0.0,405.0,,1,1,1,0,1
1789662452386.0,24.48,-4.36062,6.817451,5.7616177,0.05406153,-0.029321507,0.023518292,-97.275,22.125,-65.850006,9.934227873506542,0.0658445886712736,-4.360489332371957,6.817865574932708,5.757061780849168,11.05531765,76.92711182,379.0181884765625,0.0,3.7900925,,0.0,405.0,,1,1,1,0,1
1789662452396.0,24.49,-4.36062,6.817451,5.7616177,0.05406153,-0.029321507,0.023518292,-97.275,22.125,-65.850006,9.934227873506542,0.0658445886712736,-4.340486335586611,6.8149234972616295,5.7718053076217295,11.05531765,76.92711182,379.0181884765625,0.0,3.7900925,,0.0,405.0,,1,1,1,0,1
1789662452406.0,24.5,-4.36062,6.817451,5.7616177,0.05406153,-0.029321507,0.023518292,-97.275,22.125,-65.850006,9.934227873506542,0.0658445886712736,-4.330739858009313,6.812362791070838,5.7911391530086584,11.05531765,76.92711182,379.0181884765625,0.0,3.7900925,,0.0,405.0,,1,1,1,0,1
1789662452416.0,24.51,-4.36062,6.817451,5.7616177,0.05406153,-0.029321507,0.023518292,-97.275,22.125,-65.850006,9.934227873506542,0.0658445886712736,-4.344477082529894,6.814209139617019,5.783022714552731,11.05531765,76.92711182,379.0181884765625,0.0,3.7900925,,0.0,405.0,,1,1,1,0,1
1789662452426.0,24.52,-4.36062,6.817451,5.7616177,0.05406153,-0.029321507,0.023518292,-97.200005,21.300001,-65.700005,9.934227873506542,0.0658445886712736,-4.392545505811813,6.823875246020991,5.719556519150043,11.05531765,76.92711182,379.0181884765625,0.0,3.7900925,,0.0,405.0,,1,1,1,0,1
1789662452436.0,24.53,-4.36062,6.817451,5.7616177,0.05406153,-0.029321507,0.023518292,-97.200005,21.300001,-65.700005,9.934227873506542,0.0658445886712736,-4.471972907014838,6.841092526590978,5.600270462438852,11.05531765,76.92711182,379.0181884765625,0.0,3.7900925,,0.0,405.0,,1,1,1,0,1
1789662452446.0,24.54,-4.660919,6.8832536,5.2980084,0.05406153,-0.029321507,0.023518292,-97.200005,21.300001,-65.700005,9.857598036689492,0.0658445886712736,-4.561125037266751,6.860975062054641,5.458508955663573,11.05531765,76.92711182,379.0181884765625,0.0,3.7900925,,0.0,405.0,,1,1,1,0,1
1789662452456.0,24.55,-4.660919,6.8832536,5.2980084,0.05406153,-0.029321507,0.023518292,-97.200005,21.300001,-65.700005,9.857598036689492,0.0658445886712736,-4.630778326168152,6.87679378765575,5.341871495008456,11.05531765,76.92711182,379.0181884765625,0.0,3.7900925,,0.0,405.0,,1,1,1,0,1
1789662452466.0,24.56,-4.660919,6.8832536,5.2980084,0.05406153,-0.029321507,0.023518292,-97.200005,21.300001,-65.700005,9.857598036689492,0.0658445886712736,-4.664357875163851,6.8846059817079315,5.280608404128572,11.05531765,76.92711182,379.0181884765625,0.0,3.7900925,,0.0,405.0,,1,1,1,0,1
1789662452476.0,24.57,-4.660919,6.8832536,5.2980084,0.05406153,-0.029321507,0.023518292,-97.200005,21.300001,-65.700005,9.857598036689492,0.0658445886712736,-4.669347968033134,6.885770320896986,5.270385460896451,11.05531765,76.92711182,379.0181884765625,0.0,3.7900925,,0.0,405.0,,1,1,1,0,1
1789662452486.0,24.58,-4.660919,6.8832536,5.2980084,-0.04566214,0.043371394,0.07162389,-97.200005,21.300001,-65.700005,9.857598036689492,0.09537342641226085,-4.668838147568787,6.885143007610312,5.282406177161473,11.05531765,76.92711182,379.0181884765625,0.0,3.7900925,,0.0,405.0,,1,1,1,0,1
1789662452496.0,24.59,-4.660919,6.8832536,5.2980084,-0.04566214,0.043371394,0.07162389,-97.200005,21.300001,-65.700005,9.857598036689492,0.09537342641226085,-4.679569579580231,6.886498805289533,5.289600980487743,11.05531765,76.92711182,379.0181884765625,0.0,3.7900925,,0.0,405.0,,1,1,1,0,1
1789662452506.0,24.6,-4.660919,6.8832536,5.2980084,-0.04566214,0.043371394,0.07162389,-97.200005,21.300001,-65.700005,9.857598036689492,0.09537342641226085,-4.69394299110809,6.888855596109678,5.286973807415838,11.05531765,76.92711182,379.0181884765625,0.0,3.7900925,,0.0,405.0,,1,1,1,0,1
1789662452516.0,24.61,-4.660919,6.8832536,5.2980084,-0.04566214,0.043371394,0.07162389,-97.200005,21.300001,-65.700005,9.857598036689492,0.09537342641226085,-4.681169881910981,6.886648200205531,5.292193849475307,11.05531765,76.92711182,379.0181884765625,0.0,3.7900925,,0.0,405.0,,1,1,1,0,1
1789662452526.0,24.62,-4.660919,6.8832536,5.2980084,-0.04566214,0.043371394,0.07162389,-96.825005,22.425001,-66.975006,9.857598036689492,0.09537342641226085,-4.609748599562923,6.874000587688278,5.328016384456794,11.05531765,76.92711182,379.0181884765625,0.0,3.7900925,,0.0,405.0,,1,1,1,0,1
1789662452536.0,24.63,-4.660919,6.8832536,5.2980084,-0.04566214,0.043371394,0.07162389,-96.825005,22.425001,-66.975006,9.857598036689492,0.09537342641226085,-4.476162998637484,6.850122906854048,5.400695812130128,11.05531765,76.92711182,379.0181884765625,0.0,3.7900925,,0.0,405.0,,1,1,1,0,1
1789662452546.0,24.64,-4.1294136,6.7878394,5.599803,-0.04566214,0.043371394,0.07162389,-96.825005,22.425001,-66.975006,9.720319646949186,0.09537342641226085,-4.31535275745607,6.821280346718688,5.491690782283578,11.05531765,76.92711182,379.0181884765625,0.0,3.7900925,,0.0,405.0,,1,1,1,0,1
1789662452556.0,24.65,-4.1294136,6.7878394,5.599803,-0.04566214,0.043371394,0.07162389,-96.825005,22.425001,-66.975006,9.720319646949186,0.09537342641226085,-4.180493938506068,6.797094128857483,5.569749284933464,11.05531765,76.92711182,379.0181884765625,0.0,3.7900925,,0.0,405.0,,1,1,1,0,1
1789662452566.0,24.66,-4.1294136,6.7878394,5.599803,-0.04566214,0.043371394,0.07162389,-96.825005,22.425001,-66.975006,9.720319646949186,0.09537342641226085,-4.1074281062914615,6.784030394437272,5.612839577175005,11.05531765,76.92711182,379.0181884765625,0.0,3.7900925,,0.0,405.0,,1,1,1,0,1
1789662452576.0,24.67,-4.1294136,6.7878394,5.599803,-0.04566214,0.043371394,0.07162389,-96.825005,22.425001,-66.975006,9.720319646949186,0.09537342641226085,-4.094146467321208,6.781654088916782,5.621039385529656,11.05531765,76.92711182,379.0181884765625,0.0,3.7900925,,0.0,405.0,,1,1,1,0,1
1789662452586.0,24.68,-4.1294136,6.7878394,5.599803,-0.012980876,0.069027714,-0.090866126,-96.825005,22.425001,-66.975006,9.720319646949186,0.11484764384192236,-4.110401514412628,6.784417790191637,5.611359337159397,11.05531765,76.92711182,379.0181884765625,0.0,3.7900925,,0.0,405.0,,1,1,1,0,1
1789662452596.0,24.69,-4.1294136,6.7878394,5.599803,-0.012980876,0.069027714,-0.090866126,-96.825005,22.425001,-66.975006,9.720319646949186,0.11484764384192236,-4.125030914268877,6.7867253474253575,5.601963745904921,11.05531765,76.92711182,379.0181884765625,0.0,3.7900925,,0.0,405.0,,1,1,1,0,1
1789662452606.0,24.7,-4.1294136,6.7878394,5.599803,-0.012980876,0.069027714,-0.090866126,-96.825005,22.425001,-66.975006,9.720319646949186,0.11484764384192236,-4.127429128668251,6.7869129476163215,5.599684986581694,11.05531765,76.92711182,379.0181884765625,0.0,3.7900925,,0.0,405.0,,1,1,1,0,1
1789662452616.0,24.71,-4.1294136,6.7878394,5.599803,-0.012980876,0.069027714,-0.090866126,-96.825005,22.425001,-66.975006,9.720319646949186,0.11484764384192236,-4.129460671771686,6.787531360013994,5.598737837156859,11.05531765,76.92711182,379.0181884765625,0.0,3.7900925,,0.0,405.0,,1,1,1,0,1
1789662452626.0,24.72,-4.1294136,6.7878394,5.599803,-0.012980876,0.069027714,-0.090866126,-97.12501,21.6,-64.950005,9.720319646949186,0.11484764384192236,-4.150491998559061,6.792362859391801,5.5889412572564305,11.05531765,76.92711182,379.0181884765625,0.0,3.7900925,,0.0,405.0,,1,1,1,0,1
1789662452636.0,24.73,-4.1294136,6.7878394,5.599803,-0.012980876,0.069027714,-0.090866126,-97.12501,21.6,-64.950005,9.720319646949186,0.11484764384192236,-4.19891934028785,6.802756912775729,5.565804234606673,11.05531765,76.92711182,379.0181884765625,0.0,3.7900925,,0.0,405.0,,1,1,1,0,1
1789662452646.0,24.74,-4.345665,6.832406,5.4960146,-0.012980876,0.069027714,-0.090866126,-97.12501,21.6,-64.950005,9.786355426024244,0.11484764384192236,-4.264266337299062,6.816158709537165,5.534731503690179,11.05531765,76.92711182,379.0181884765625,0.0,3.7900925,,0.0,405.0,,1,1,1,0,1
1789662452656.0,24.75,-4.345665,6.832406,5.4960146,-0.012980876,0.069027714,-0.090866126,-97.12501,21.6,-64.950005,9.786355426024244,0.11484764384192236,-4.3246740323609485,6.827895116543554,5.506814076778305,11.05531765,76.92711182,379.0181884765625,0.0,3.7900925,,0.0,405.0,,1,1,1,0,1
1789662452666.0,24.76,-4.345665,6.832406,5.4960146,-0.012980876,0.069027714,-0.090866126,-97.12501,21.6,-64.950005,9.786355426024244,0.11484764384192236,-4.361750462747906,6.834522398745833,5.490634942283558,11.05531765,76.92711182,379.0181884765625,0.0,3.7900925,,0.0,405.0,,1,1,1,0,1
1789662452676.0,24.77,-4.345665,6.832406,5.4960146,-0.012980876,0.069027714,-0.090866126,-97.12501,21.6,-64.950005,9.786355426024244,0.11484764384192236,-4.370050484412113,6.835838015608499,5.487237182043195,11.05531765,76.92711182,379.0181884765625,0.0,3.7900925,,0.0,405.0,,1,1,1,0,1
1789662452686.0,24.78,-4.345665,6.832406,5.4960146,0.015424334,0.01557705,-0.00839939,-97.12501,21.6,-64.950005,9.786355426024244,0.02347561114046141,-4.356344349598228,6.834215851056437,5.49143664810916,11.05531765,76.92711182,379.0181884765625,0.0,3.7900925,,0.0,405.0,,1,1,1,0,1
1789662452696.0,24.79,-4.345665,6.832406,5.4960146,0.015424334,0.01557705,-0.00839939,-97.12501,21.6,-64.950005,9.786355426024244,0.02347561114046141,-4.33407960292601,6.8323908205862915,5.496749890013992,11.05531765,76.92711182,379.0181884765625,0.0,3.7900925,,0.0,405.0,,1,1,1,0,1
1789662452706.0,24.8,-4.345665,6.832406,5.4960146,0.015424334,0.01557705,-0.00839939,-97.12501,21.6,-64.950005,9.786355426024244,0.02347561114046141,-4.319376289932895,6.831697761171614,5.499305161641658,11.05531765,76.92711182,379.0181884765625,0.0,3.7900925,,0.0,405.0,,1,1,1,0,1
1789662452716.0,24.81,-4.345665,6.832406,5.4960146,0.015424334,0.01557705,-0.00839939,-97.12501,21.6,-64.950005,9.786355426024244,0.02347561114046141,-4.328153131003995,6.831806179533964,5.498577674251161,11.05531765,76.92711182,379.0181884765625,0.0,3.7900925,,0.0,405.0,,1,1,1,0,1
1789662452726.0,24.82,-4.345665,6.832406,5.4960146,0.015424334,0.01557705,-0.00839939,-96.975006,20.7,-65.475006,9.786355426024244,0.02347561114046141,-4.37028504882144,6.8316316116569,5.495896703665199,11.05531765,76.92711182,379.0181884765625,0.0,3.7900925,,0.0,405.0,,1,1,1,0,1
1789662452736.0,24.83,-4.345665,6.832406,5.4960146,0.015424334,0.01557705,-0.00839939,-96.975006,20.7,-65.475006,9.786355426024244,0.02347561114046141,-4.44165321156954,6.830449280073776,5.492722003232389,11.05531765,76.92711182,379.0181884765625,0.0,3.7900925,,0.0,405.0,,1,1,1,0,1
1789662452746.0,24.84,-4.61067,6.8255267,5.4873405,0.015424334,0.01557705,-0.00839939,-96.975006,20.7,-65.475006,9.897322786706168,0.02347561114046141,-4.522175013190596,6.828409373177103,5.489850482855566,11.05531765,76.92711182,379.0181884765625,0.0,3.7900925,,0.0,405.0,,1,1,1,0,1
1789662452756.0,24.85,-4.61067,6.8255267,5.4873405,0.015424334,0.01557705,-0.00839939,-96.975006,20.7,-65.475006,9.897322786706168,0.02347561114046141,-4.585988054072798,6.826282452537262,5.4875313889481525,11.05531765,76.92711182,379.0181884765625,0.0,3.7900925,,0.0,405.0,,1,1,1,0,1
1789662452766.0,24.86,-4.61067,6.8255267,5.4873405,0.015424334,0.01557705,-0.00839939,-96.975006,20.7,-65.475006,9.897322786706168,0.02347561114046141,-4.618005391181185,6.824851473802826,5.485946942647906,11.05531765,76.92711182,379.0181884765625,0.0,3.7900925,,0.0,405.0,,1,1,1,0,1
1789662452776.0,24.87,-4.61067,6.8255267,5.4873405,0.015424334,0.01557705,-0.00839939,-96.975006,20.7,-65.475006,9.897322786706168,0.02347561114046141,-4.622838121869092,6.824488027473501,5.485539487217187,11.05531765,76.92711182,379.0181884765625,0.0,3.7900925,,0.0,405.0,,1,1,1,0,1
1789662452786.0,24.88,-4.61067,6.8255267,5.4873405,0.005345066,-0.010537417,0.025656318,-96.975006,20.7,-65.475006,9.897322786706168,0.028246301366610268,-4.618296682324716,6.825088390656195,5.486809121653179,11.05531765,76.92711182,379.0181884765625,0.0,3.7900925,,0.0,405.0,,1,1,1,0,1
1789662452796.0,24.89,-4.61067,6.8255267,5.4873405,0.005345066,-0.010537417,0.025656318,-96.975006,20.7,-65.475006,9.897322786706168,0.028246301366610268,-4.619289012840983,6.826167977347663,5.489511074111862,11.05531765,76.92711182,379.0181884765625,0.0,3.7900925,,0.0,405.0,,1,1,1,0,1
1789662452806.0,24.9,-4.61067,6.8255267,5.4873405,0.005345066,-0.010537417,0.025656318,-96.975006,20.7,-65.475006,9.897322786706168,0.028246301366610268,-4.62509193179855,6.826933482452217,5.491804189276892,11.05531765,76.92711182,379.0181884765625,0.0,3.7900925,,0.0,405.0,,1,1,1,0,1
1789662452816.0,24.91,-4.61067,6.8255267,5.4873405,0.005345066,-0.010537417,0.025656318,-96.975006,20.7,-65.475006,9.897322786706168,0.028246301366610268,-4.619555069210773,6.826436756283553,5.490411512479357,11.05531765,76.92711182,379.0181884765625,0.0,3.7900925,,0.0,405.0,,1,1,1,0,1
1789662452826.0,24.92,-4.61067,6.8255267,5.4873405,0.005345066,-0.010537417,0.025656318,-97.05,21.150002,-65.850006,9.897322786706168,0.028246301366610268,-4.584411105222062,6.8239951932626814,5.482430751462528,11.05531765,76.92711182,379.0181884765625,0.0,3.7900925,,0.0,405.0,,1,1,1,0,1
1789662452836.0,24.93,-4.61067,6.8255267,5.4873405,0.005345066,-0.010537417,0.025656318,-97.05,21.150002,-65.850006,9.897322786706168,0.028246301366610268,-4.51606775065891,6.819732561949491,5.467896780451602,11.05531765,76.92711182,379.0181884765625,0.0,3.7900925,,0.0,405.0,,1,1,1,0,1
1789662452846.0,24.94,-4.3354955,6.808777,5.4332027,0.005345066,-0.010537417,0.025656318,-97.05,21.150002,-65.850006,9.73014167653979,0.028246301366610268,-4.432111386696785,6.814727110586842,5.450835876093555,11.05531765,76.92711182,379.0181884765625,0.0,3.7900925,,0.0,405.0,,1,1,1,0,1
1789662452856.0,24.95,-4.3354955,6.808777,5.4332027,0.005345066,-0.010537417,0.025656318,-97.05,21.150002,-65.850006,9.73014167653979,0.028246301366610268,-4.3609159538919,6.810448368414075,5.43725366176137,11.05531765,76.92711182,379.0181884765625,0.0,3.7900925,,0.0,405.0,,1,1,1,0,1
1789662452866.0,24.96,-4.3354955,6.808777,5.4332027,0.005345066,-0.010537417,0.025656318,-97.05,21.150002,-65.850006,9.73014167653979,0.028246301366610268,-4.322570358746887,6.807879811227134,5.431199923420389,11.05531765,76.92711182,379.0181884765625,0.0,3.7900925,,0.0,405.0,,1,1,1,0,1
1789662452876.0,24.97,-4.3354955,6.808777,5.4332027,0.005345066,-0.010537417,0.025656318,-97.05,21.150002,-65.850006,9.73014167653979,0.028246301366610268,-4.317148458808986,6.807100825061396,5.431999965506448,11.05531765,76.92711182,379.0181884765625,0.0,3.7900925,,0.0,405.0,,1,1,1,0,1
1789662452886.0,24.98,-4.3354955,6.808777,5.4332027,-0.016646063,0.05146535,-0.027336197,-97.05,21.150002,-65.850006,9.73014167653979,0.060605621277611516,-4.328515995352512,6.807593858718707,5.434834431110439,11.05531765,76.92711182,379.0181884765625,0.0,3.7900925,,0.0,405.0,,1,1,1,0,1
1789662452896.0,24.99,-4.3354955,6.808777,5.4332027,-0.016646063,0.05146535,-0.027336197,-97.05,21.150002,-65.850006,9.73014167653979,0.060605621277611516,-4.338017584668367,6.808770478259933,5.434311317185944,11.05531765,76.92711182,379.0181884765625,0.0,3.7900925,,0.0,405.0,,1,1,1,0,1
1789662452906.0,25.0,-4.3354955,6.808777,5.4332027,-0.016646063,0.05146535,-0.027336197,-97.05,21.150002,-65.850006,9.73014167653979,0.060605621277611516,-4.336755897156527,6.81010195827467,5.428844176246742,11.05531765,76.92711182,379.0181884765625,0.0,3.7900925,,0.0,405.0,,1,1,1,0,1
1789662452916.0,25.01,-4.3354955,6.808777,5.4332027,-0.016646063,0.05146535,-0.027336197,-97.05,21.150002,-65.850006,9.73014167653979,0.060605621277611516,-4.329419208083035,6.81084307229697,5.423122746621321,11.05531765,76.92711182,379.0181884765625,0.0,3.7900925,,0.0,405.0,,1,1,1,0,1
1789662452926.0,25.02,-4.3354955,6.808777,5.4332027,-0.016646063,0.05146535,-0.027336197,-96.600006,21.0,-66.15,9.73014167653979,0.060605621277611516,-4.3292291127657965,6.80991959626538,5.42644616118949,11.05531765,76.92711182,379.0181884765625,0.0,3.7900925,,0.0,405.0,,1,1,1,0,1
1789662452936.0,25.03,-4.3354955,6.808777,5.4332027,-0.016646063,0.05146535,-0.027336197,-96.600006,21.0,-66.15,9.73014167653979,0.060605621277611516,-4.347865543027936,6.806460452219535,5.4467037908516955,11.05531765,76.92711182,379.0181884765625,0.0,3.7900925,,0.0,405.0,,1,1,1,0,1
1789662452946.0,25.04,-4.3354955,6.808777,5.4332027,-0.016646063,0.05146535,-0.027336197,-96.600006,21.0,-66.15,9.73014167653979,0.060605621277611516,-4.386458891630971,6.800701164011655,5.483442862927462,11.05531765,76.92711182,379.0181884765625,0.0,3.7900925,,0.0,405.0,,1,1,1,0,1
1789662452956.0,25.05,-4.4874396,6.7872415,5.573482,-0.016646063,0.05146535,-0.027336197,-96.600006,21.0,-66.15,9.862426828488736,0.060605621277611516,-4.433779176777384,6.794308047555674,5.525972843477184,11.05531765,76.92711182,379.0181884765625,0.0,3.7900925,,0.0,405.0,,1,1,1,0,1
1789662452966.0,25.06,-4.4874396,6.7872415,5.573482,-0.016646063,0.05146535,-0.027336197,-96.600006,21.0,-66.15,9.862426828488736,0.060605621277611516,-4.473454665604772,6.789470311896391,5.559640478699344,11.05531765,76.92711182,379.0181884765625,0.0,3.7900925,,0.0,405.0,,1,1,1,0,1
1789662452976.0,25.07,-4.4874396,6.7872415,5.573482,-0.016646063,0.05146535,-0.027336197,-96.600006,21.0,-66.15,9.862426828488736,0.060605621277611516,-4.494764042958409,6.787316585216692,5.576024036292605,11.05531765,76.92711182,379.0181884765625,0.0,3.7900925,,0.0,405.0,,1,1,1,0,1
1789662452986.0,25.08,-4.4874396,6.7872415,5.573482,0.016951496,-0.003359756,0.0068722283,-96.600006,21.0,-66.15,9.862426828488736,0.018597545505385192,-4.498319595687398,6.787060237286678,5.578362241129424,11.05531765,76.92711182,379.0181884765625,0.0,3.7900925,,0.0,405.0,,1,1,1,0,1
1789662452996.0,25.09,-4.4874396,6.7872415,5.573482,0.016951496,-0.003359756,0.0068722283,-96.600006,21.0,-66.15,9.862426828488736,0.018597545505385192,-4.492945336046545,6.786761165733263,5.577436808557168,11.05531765,76.92711182,379.0181884765625,0.0,3.7900925,,0.0,405.0,,1,1,1,0,1
1789662453006.0,25.1,-4.4874396,6.7872415,5.573482,0.016951496,-0.003359756,0.0068722283,-96.600006,21.0,-66.15,9.862426828488736,0.018597545505385192,-4.487799729564222,6.785222059380423,5.581318062670993,11.05531799,76.92711325,379.3410034179688,0.0,3.7900925,,0.0,405.0,,1,1,1,0,1
1789662453016.0,25.11,-4.4874396,6.7872415,5.573482,0.016951496,-0.003359756,0.0068722283,-96.600006,21.0,-66.15,9.862426828488736,0.018597545505385192,-4.48646168378988,6.783548806915394,5.587160470890753,11.05531799,76.92711325,379.3410034179688,0.0,3.7900925,,0.0,405.0,,1,1,1,0,1
1789662453026.0,25.12,-4.4874396,6.7872415,5.573482,0.016951496,-0.003359756,0.0068722283,-96.825005,20.85,-66.15,9.862426828488736,0.018597545505385192,-4.486466323888475,6.784963245380217,5.581757787591233,11.05531799,76.92711325,379.3410034179688,0.0,3.7900925,,0.0,405.0,,1,1,1,0,1
1789662453036.0,25.13,-4.4874396,6.7872415,5.573482,0.016951496,-0.003359756,0.0068722283,-96.825005,20.85,-66.15,9.862426828488736,0.018597545505385192,-4.483166321150837,6.792574669444064,5.551529451754861,11.05531799,76.92711325,379.3410034179688,0.0,3.7900925,,0.0,405.0,,1,1,1,0,1
1789662453046.0,25.14,-4.4874396,6.7872415,5.573482,0.016951496,-0.003359756,0.0068722283,-96.825005,20.85,-66.15,9.862426828488736,0.018597545505385192,-4.474280442673726,6.806538823641435,5.495083166007614,11.05531799,76.92711325,379.3410034179688,0.0,3.7900925,,0.0,405.0,,1,1,1,0,1
1789662453056.0,25.15,-4.4458647,6.841977,5.3500524,0.016951496,-0.003359756,0.0068722283,-96.825005,20.85,-66.15,9.757121649440517,0.018597545505385192,-4.461778445871925,6.823074223561361,5.427647132298849,11.05531799,76.92711325,379.3410034179688,0.0,3.7900925,,0.0,405.0,,1,1,1,0,1
1789662453066.0,25.16,-4.4458647,6.841977,5.3500524,0.016951496,-0.003359756,0.0068722283,-96.825005,20.85,-66.15,9.757121649440517,0.018597545505385192,-4.450177408824678,6.836644544132006,5.372028456073896,11.05531799,76.92711325,379.3410034179688,0.0,3.7900925,,0.0,405.0,,1,1,1,0,1
1789662453076.0,25.17,-4.4458647,6.841977,5.3500524,0.016951496,-0.003359756,0.0068722283,-96.825005,20.85,-66.15,9.757121649440517,0.018597545505385192,-4.44319621668737,6.843725797834343,5.3428955247927465,11.05531799,76.92711325,379.3410034179688,0.0,3.7900925,,0.0,405.0,,1,1,1,0,1
1789662453086.0,25.18,-4.4458647,6.841977,5.3500524,-0.046273004,0.009621119,0.0071776602,-96.825005,20.85,-66.15,9.757121649440517,0.04780455664414054,-4.44166339183849,6.844927093763461,5.337892188867169,11.05531799,76.92711325,379.3410034179688,0.0,3.7900925,,0.0,405.0,,1,1,1,0,1
1789662453096.0,25.19,-4.4458647,6.841977,5.3500524,-0.046273004,0.009621119,0.0071776602,-96.825005,20.85,-66.15,9.757121649440517,0.04780455664414054,-4.443848083879589,6.84377554383976,5.342586102082318,11.05531799,76.92711325,379.3410034179688,0.0,3.7900925,,0.0,405.0,,1,1,1,0,1
1789662453106.0,25.2,-4.4458647,6.841977,5.3500524,-0.046273004,0.009621119,0.0071776602,-96.825005,20.85,-66.15,9.757121649440517,0.04780455664414054,-4.4470787603157875,6.843450160762809,5.343924378098804,11.05531799,76.92711325,379.3410034179688,0.0,3.7900925,,0.0,405.0,,1,1,1,0,1
1789662453116.0,25.21,-4.4458647,6.841977,5.3500524,-0.046273004,0.009621119,0.0071776602,-95.925,21.0,-66.975006,9.757121649440517,0.04780455664414054,-4.449005925296347,6.844186077072606,5.340941211469617,11.05531799,76.92711325,379.3410034179688,0.0,3.7900925,,0.0,405.0,,1,1,1,0,1
1789662453126.0,25.22,-4.4458647,6.841977,5.3500524,-0.046273004,0.009621119,0.0071776602,-95.925,21.0,-66.975006,9.757121649440517,0.04780455664414054,-4.448047440712667,6.843234068462355,5.344923873052586,11.05531799,76.92711325,379.3410034179688,0.0,3.7900925,,0.0,405.0,,1,1,1,0,1
1789662453136.0,25.23,-4.4458647,6.841977,5.3500524,-0.046273004,0.009621119,0.0071776602,-95.925,21.0,-66.975006,9.757121649440517,0.04780455664414054,-4.443598065990447,6.837314882186929,5.369287388029499,11.05531799,76.92711325,379.3410034179688,0.0,3.7900925,,0.0,405.0,,1,1,1,0,1
1789662453146.0,25.24,-4.4458647,6.841977,5.3500524,-0.046273004,0.009621119,0.0071776602,-95.925,21.0,-66.975006,9.757121649440517,0.04780455664414054,-4.436372310744715,6.825688822830584,5.416930714675886,11.05531799,76.92711325,379.3410034179688,0.0,3.7900925,,0.0,405.0,,1,1,1,0,1
1789662453156.0,25.25,-4.4198427,6.79442,5.54417,-0.046273004,0.009621119,0.0071776602,-95.925,21.0,-66.975006,9.82023286984801,0.04780455664414054,-4.428402377261369,6.811328228301588,5.475467283422151,11.05531799,76.92711325,379.3410034179688,0.0,3.7900925,,0.0,405.0,,1,1,1,0,1
1789662453166.0,25.26,-4.4198427,6.79442,5.54417,-0.046273004,0.009621119,0.0071776602,-95.925,21.0,-66.975006,9.82023286984801,0.04780455664414054,-4.422120311616133,6.799074832630548,5.52496142598368,11.05531799,76.92711325,379.3410034179688,0.0,3.7900925,,0.0,405.0,,1,1,1,0,1
1789662453176.0,25.27,-4.4198427,6.79442,5.54417,-0.046273004,0.009621119,0.0071776602,-95.925,21.0,-66.975006,9.82023286984801,0.04780455664414054,-4.4189318886099125,6.792317418411451,5.551794418390111,11.05531799,76.92711325,379.3410034179688,0.0,3.7900925,,0.0,405.0,,1,1,1,0,1
1789662453186.0,25.28,-4.4198427,6.79442,5.54417,-0.046273004,0.009621119,0.0071776602,-95.925,21.0,-66.975006,9.82023286984801,0.04780455664414054,-4.418459732564534,6.791042173842432,5.556721704710102,11.05531799,76.92711325,379.3410034179688,0.0,3.7900925,,0.0,405.0,,1,1,1,0,1
1789662453196.0,25.29,-4.4198427,6.79442,5.54417,0.0087048225,0.019242238,-0.019394955,-95.925,21.0,-66.975006,9.82023286984801,0.028674063846221294,-4.419110800318131,6.79262653858745,5.5512261615250695,11.05531799,76.92711325,379.3410034179688,0.0,3.7900925,,0.0,405.0,,1,1,1,0,1
1789662453206.0,25.3,-4.4198427,6.79442,5.54417,0.0087048225,0.019242238,-0.019394955,-95.925,21.0,-66.975006,9.82023286984801,0.028674063846221294,-4.419437452097879,6.794231815190303,5.546870893603756,11.05531799,76.92711325,379.3410034179688,0.0,3.7900925,,0.0,405.0,,1,1,1,0,1
1789662453216.0,25.31,-4.4198427,6.79442,5.54417,0.0087048225,0.019242238,-0.019394955,-96.600006,21.375,-66.600006,9.82023286984801,0.028674063846221294,-4.419200608147251,6.794689731471799,5.546837208768899,11.05531799,76.92711325,379.3410034179688,0.0,3.7900925,,0.0,405.0,,1,1,1,0,1
1789662453226.0,25.32,-4.4198427,6.79442,5.54417,0.0087048225,0.019242238,-0.019394955,-96.600006,21.375,-66.600006,9.82023286984801,0.028674063846221294,-4.419420305667188,6.794723598885822,5.545298007841708,11.05531799,76.92711325,379.3410034179688,0.0,3.7900925,,0.0,405.0,,1,1,1,0,1
1789662453236.0,25.33,-4.4198427,6.79442,5.54417,0.0087048225,0.019242238,-0.019394955,-96.600006,21.375,-66.600006,9.82023286984801,0.028674063846221294,-4.421470458429432,6.795792108957423,5.533859684599493,11.05531799,76.92711325,379.3410034179688,0.0,3.7900925,,0.0,405.0,,1,1,1,0,1
1789662453246.0,25.34,-4.4198427,6.79442,5.54417,0.0087048225,0.019242238,-0.019394955,-96.600006,21.375,-66.600006,9.82023286984801,0.028674063846221294,-4.4259186676792925,6.798668428658233,5.509575118412303,11.05531799,76.92711325,379.3410034179688,0.0,3.7900925,,0.0,405.0,,1,1,1,0,1
1789662453256.0,25.35,-4.4395833,6.8081784,5.440082,0.0087048225,0.019242238,-0.019394955,-96.600006,21.375,-66.600006,9.780372445392324,0.028674063846221294,-4.4319808338813935,6.802808024330152,5.4782152708806136,11.05531799,76.92711325,379.3410034179688,0.0,3.7900925,,0.0,405.0,,1,1,1,0,1
1789662453266.0,25.36,-4.4395833,6.8081784,5.440082,0.0087048225,0.019242238,-0.019394955,-96.600006,21.375,-66.600006,9.780372445392324,0.028674063846221294,-4.437939219678392,6.806809871923046,5.4503833633451055,11.05531799,76.92711325,379.3410034179688,0.0,3.7900925,,0.0,405.0,,1,1,1,0,1
1789662453276.0,25.37,-4.4395833,6.8081784,5.440082,0.0087048225,0.019242238,-0.019394955,-96.600006,21.375,-66.600006,9.780372445392324,0.028674063846221294,-4.4420321086731835,6.809389372506989,5.4341806302037226,11.05531799,76.92711325,379.3410034179688,0.0,3.7900925,,0.0,405.0,,1,1,1,0,1
1789662453286.0,25.38,-4.4395833,6.8081784,5.440082,0.0087048225,0.019242238,-0.019394955,-96.600006,21.375,-66.600006,9.780372445392324,0.028674063846221294,-4.443094099877863,6.810021579549337,5.430749492300532,11.05531799,76.92711325,379.3410034179688,0.0,3.7900925,,0.0,405.0,,1,1,1,0,1
1789662453296.0,25.39,-4.4395833,6.8081784,5.440082,-0.008857539,0.014660753,-0.010995565,-96.600006,21.375,-66.600006,9.780372445392324,0.020354265531646064,-4.440882421074234,6.808977033110517,5.435443160461517,11.05531799,76.92711325,379.3410034179688,0.0,3.7900925,,0.0,405.0,,1,1,1,0,1
1789662453306.0,25.4,-4.4395833,6.8081784,5.440082,-0.008857539,0.014660753,-0.010995565,-96.600006,21.375,-66.600006,9.780372445392324,0.020354265531646064,-4.436548447655036,6.8071155428631345,5.442012041803139,11.05531799,76.92711325,379.3410034179688,0.0,3.7900925,,0.0,405.0,,1,1,1,0,1
1789662453316.0,25.41,-4.4395833,6.8081784,5.440082,-0.008857539,0.014660753,-0.010995565,-96.825005,20.775002,-65.475006,9.780372445392324,0.020354265531646064,-4.433172990549025,6.80576789159603,5.445775104088965,11.05531799,76.92711325,379.3410034179688,0.0,3.7900925,,0.0,405.0,,1,1,1,0,1
1789662453326.0,25.42,-4.4395833,6.8081784,5.440082,-0.008857539,0.014660753,-0.010995565,-96.825005,20.775002,-65.475006,9.780372445392324,0.020354265531646064,-4.435310247851847,6.8065183516361145,5.444382520295012,11.05531799,76.92711325,379.3410034179688,0.0,3.7900925,,0.0,405.0,,1,1,1,0,1
1789662453336.0,25.43,-4.4395833,6.8081784,5.440082,-0.008857539,0.014660753,-0.010995565,-96.825005,20.775002,-65.475006,9.780372445392324,0.020354265531646064,-4.446672392934598,6.810524813609218,5.4374686963221235,11.05531799,76.92711325,379.3410034179688,0.0,3.7900925,,0.0,405.0,,1,1,1,0,1
1789662453346.0,25.44,-4.4395833,6.8081784,5.440082,-0.008857539,0.014660753,-0.010995565,-96.825005,20.775002,-65.475006,9.780372445392324,0.020354265531646064,-4.46698544098304,6.81757233584445,5.426576896706661,11.05531799,76.92711325,379.3410034179688,0.0,3.7900925,,0.0,405.0,,1,1,1,0,1
1789662453356.0,25.45,-4.51735,6.8345,5.4053864,-0.008857539,0.014660753,-0.010995565,-96.825005,20.775002,-65.475006,9.815041691496017,0.020354265531646064,-4.4908633915980065,6.8257410190521135,5.415076473966129,11.05531799,76.92711325,379.3410034179688,0.0,3.7900925,,0.0,405.0,,1,1,1,0,1
1789662453366.0,25.46,-4.51735,6.8345,5.4053864,-0.008857539,0.014660753,-0.010995565,-96.825005,20.775002,-65.475006,9.815041691496017,0.020354265531646064,-4.510564540207242,6.832344321265171,5.406966633416004,11.05531799,76.92711325,379.3410034179688,0.0,3.7900925,,0.0,405.0,,1,1,1,0,1
1789662453376.0,25.47,-4.51735,6.8345,5.4053864,-0.008857539,0.014660753,-0.010995565,-96.825005,20.775002,-65.475006,9.815041691496017,0.020354265531646064,-4.5208749672404736,6.835609335285734,5.404573788051714,11.05531799,76.92711325,379.3410034179688,0.0,3.7900925,,0.0,405.0,,1,1,1,0,1
1789662453386.0,25.48,-4.51735,6.8345,5.4053864,-0.008857539,0.014660753,-0.010995565,-96.825005,20.775002,-65.475006,9.815041691496017,0.020354265531646064,-4.522088835125232,6.835746455046174,5.406703688240859,11.05531799,76.92711325,379.3410034179688,0.0,3.7900925,,0.0,405.0,,1,1,1,0,1
1789662453396.0,25.49,-4.51735,6.8345,5.4053864,-0.028557926,0.018631374,0.012980876,-96.825005,20.775002,-65.475006,9.815041691496017,0.03648542690276116,-4.518888069904412,6.834585818781778,5.408951305123629,11.05531799,76.92711325,379.3410034179688,0.0,3.7900925,,0.0,405.0,,1,1,1,0,1
1789662453406.0,25.5,-4.51735,6.8345,5.4053864,-0.028557926,0.018631374,0.012980876,-96.825005,20.775002,-65.475006,9.815041691496017,0.03648542690276116,-4.516544408692749,6.834156735759569,5.406601163019271,11.05531799,76.92711325,379.3410034179688,0.0,3.7900925,,0.0,405.0,,1,1,1,0,1
1789662453416.0,25.51,-4.51735,6.8345,5.4053864,-0.028557926,0.018631374,0.012980876,-97.275,20.775002,-65.25,9.815041691496017,0.03648542690276116,-4.5174407510379,6.835225183337974,5.39887419370653,11.05531799,76.92711325,379.3410034179688,0.0,3.7900925,,0.0,405.0,,1,1,1,0,1
1789662453426.0,25.52,-4.51735,6.8345,5.4053864,-0.028557926,0.018631374,0.012980876,-97.275,20.775002,-65.25,9.815041691496017,0.03648542690276116,-4.519902573329425,6.836661384438545,5.3918101217815,11.05531799,76.92711325,379.3410034179688,0.0,3.7900925,,0.0,405.0,,1,1,1,0,1
1789662453436.0,25.53,-4.51735,6.8345,5.4053864,-0.028557926,0.018631374,0.012980876,-97.275,20.775002,-65.25,9.815041691496017,0.03648542690276116,-4.5196442680061395,6.836051599515245,5.396659908572484,11.05531799,76.92711325,379.3410034179688,0.0,3.7900925,,0.0,405.0,,1,1,1,0,1
1789662453446.0,25.54,-4.51735,6.8345,5.4053864,-0.028557926,0.018631374,0.012980876,-97.275,20.775002,-65.25,9.815041691496017,0.03648542690276116,-4.51288921642163,6.83136496084087,5.422845798116617,11.05531799,76.92711325,379.3410034179688,0.0,3.7900925,,0.0,405.0,,1,1,1,0,1
1789662453456.0,25.55,-4.51735,6.8345,5.4053864,-0.028557926,0.018631374,0.012980876,-97.275,20.775002,-65.25,9.815041691496017,0.03648542690276116,-4.499317444738917,6.822701956731339,5.469448956698673,11.05531799,76.92711325,379.3410034179688,0.0,3.7900925,,0.0,405.0,,1,1,1,0,1
1789662453466.0,25.56,-4.4638104,6.8015985,5.582156,-0.028557926,0.018631374,0.012980876,-97.275,20.775002,-65.25,9.866499432457614,0.03648542690276116,-4.4827380723115695,6.812696657729072,5.5228091531679295,11.05531799,76.92711325,379.3410034179688,0.0,3.7900925,,0.0,405.0,,1,1,1,0,1
1789662453476.0,25.57,-4.4638104,6.8015985,5.582156,-0.028557926,0.018631374,0.012980876,-97.275,20.775002,-65.25,9.866499432457614,0.03648542690276116,-4.468733862624631,6.804901272677884,5.564464557823633,11.05531799,76.92711325,379.3410034179688,0.0,3.7900925,,0.0,405.0,,1,1,1,0,1
1789662453486.0,25.58,-4.4638104,6.8015985,5.582156,-0.028557926,0.018631374,0.012980876,-97.275,20.775002,-65.25,9.866499432457614,0.03648542690276116,-4.461049209787419,6.80125536906071,5.5841709774826445,11.05531799,76.92711325,379.3410034179688,0.0,3.7900925,,0.0,405.0,,1,1,1,0,1
1789662453496.0,25.59,-4.4638104,6.8015985,5.582156,-0.028557926,0.018631374,0.012980876,-97.275,20.775002,-65.25,9.866499432457614,0.03648542690276116,-4.459654816558796,6.80078489251166,5.58681310533354,11.05531799,76.92711325,379.3410034179688,0.0,3.7900925,,0.0,405.0,,1,1,1,0,1
1789662453506.0,25.6,-4.4638104,6.8015985,5.582156,0.034513857,0.011453713,0.005345066,-97.275,20.775002,-65.25,9.866499432457614,0.03675545669757314,-4.4617224510821,6.800717891696215,5.586807125758103,11.05531799,76.92711325,379.3410034179688,0.0,3.7900925,,0.0,405.0,,1,1,1,0,1
1789662453516.0,25.61,-4.4638104,6.8015985,5.582156,0.034513857,0.011453713,0.005345066,-96.675,20.925001,-66.075005,9.866499432457614,0.03675545669757314,-4.464113299990693,6.7991716220861,5.594245094154271,11.05531799,76.92711325,379.3410034179688,0.0,3.7900925,,0.0,405.0,,1,1,1,0,1
1789662453526.0,25.62,-4.4638104,6.8015985,5.582156,0.034513857,0.011453713,0.005345066,-96.675,20.925001,-66.075005,9.866499432457614,0.03675545669757314,-4.465182514215661,6.7972926848606665,5.603719106420455,11.05531799,76.92711325,379.3410034179688,0.0,3.7900925,,0.0,405.0,,1,1,1,0,1
1789662453536.0,25.63,-4.4638104,6.8015985,5.582156,0.034513857,0.011453713,0.005345066,-96.675,20.925001,-66.075005,9.866499432457614,0.03675545669757314,-4.464931913479908,6.799008995935376,5.595321415456057,11.05531799,76.92711325,379.3410034179688,0.0,3.7900925,,0.0,405.0,,1,1,1,0,1
1789662453546.0,25.64,-4.4638104,6.8015985,5.582156,0.034513857,0.011453713,0.005345066,-96.675,20.925001,-66.075005,9.866499432457614,0.03675545669757314,-4.464056792525401,6.808142065494308,5.5491622457069845,11.05531799,76.92711325,379.3410034179688,0.0,3.7900925,,0.0,405.0,,1,1,1,0,1
1789662453556.0,25.65,-4.4638104,6.8015985,5.582156,0.034513857,0.011453713,0.005345066,-96.675,20.925001,-66.075005,9.866499432457614,0.03675545669757314,-4.462977302409754,6.824806331896784,5.463711156171196,11.05531799,76.92711325,379.3410034179688,0.0,3.7900925,,0.0,405.0,,1,1,1,0,1
1789662453566.0,25.66,-4.4599223,6.8662047,5.2459645,0.034513857,0.011453713,0.005345066,-96.675,20.925001,-66.075005,9.723981563104674,0.03675545669757314,-4.461566800727287,6.844234871274647,5.362189422556358,11.05531799,76.92711325,379.3410034179688,0.0,3.7900925,,0.0,405.0,,1,1,1,0,1
1789662453576.0,25.67,-4.4599223,6.8662047,5.2459645,0.034513857,0.011453713,0.005345066,-96.675,20.925001,-66.075005,9.723981563104674,0.03675545669757314,-4.459624964603416,6.859645595878806,5.2789267988180155,11.05531799,76.92711325,379.3410034179688,0.0,3.7900925,,0.0,405.0,,1,1,1,0,1
1789662453586.0,25.68,-4.4599223,6.8662047,5.2459645,0.034513857,0.011453713,0.005345066,-96.675,20.925001,-66.075005,9.723981563104674,0.03675545669757314,-4.45762773040237,6.867104665158242,5.235732453521864,11.05531799,76.92711325,379.3410034179688,0.0,3.7900925,,0.0,405.0,,1,1,1,0,1
1789662453596.0,25.69,-4.4599223,6.8662047,5.2459645,0.034513857,0.011453713,0.005345066,-96.675,20.925001,-66.075005,9.723981563104674,0.03675545669757314,-4.457010548022793,6.86817773753333,5.22856615051103,11.05531799,76.92711325,379.3410034179688,0.0,3.7900925,,0.0,405.0,,1,1,1,0,1
1789662453606.0,25.7,-4.4599223,6.8662047,5.2459645,-0.0679587,0.008857539,0.0320704,-96.675,20.925001,-66.075005,9.723981563104674,0.07566605222281998,-4.459328124610997,6.867997654032292,5.23518618743363,11.05531799,76.92711325,379.3410034179688,0.0,3.7900925,,0.0,405.0,,1,1,1,0,1
1789662453616.0,25.71,-4.4599223,6.8662047,5.2459645,-0.0679587,0.008857539,0.0320704,-96.825005,21.45,-65.775,9.723981563104674,0.07566605222281998,-4.464357500240913,6.870310228332421,5.235860243795464,11.05531799,76.92711325,379.3410034179688,0.0,3.7900925,,0.0,405.0,,1,1,1,0,1
1789662453626.0,25.72,-4.4599223,6.8662047,5.2459645,-0.0679587,0.008857539,0.0320704,-96.825005,21.45,-65.775,9.723981563104674,0.07566605222281998,-4.468452972218868,6.873451518136806,5.230001093642885,11.05531799,76.92711325,379.3410034179688,0.0,3.7900925,,0.0,405.0,,1,1,1,0,1
1789662453636.0,25.73,-4.4599223,6.8662047,5.2459645,-0.0679587,0.008857539,0.0320704,-96.825005,21.45,-65.775,9.723981563104674,0.07566605222281998,-4.4652058659315825,6.870619138090662,5.236496581902417,11.05531799,76.92711325,379.3410034179688,0.0,3.7900925,,0.0,405.0,,1,1,1,0,1
1789662453646.0,25.74,-4.4599223,6.8662047,5.2459645,-0.0679587,0.008857539,0.0320704,-96.825005,21.45,-65.775,9.723981563104674,0.07566605222281998,-4.4493297416241795,6.854876581865127,5.277733266907089,11.05531799,76.92711325,379.3410034179688,0.0,3.7900925,,0.0,405.0,,1,1,1,0,1
1789662453656.0,25.75,-4.4599223,6.8662047,5.2459645,-0.0679587,0.008857539,0.0320704,-96.825005,21.45,-65.775,9.723981563104674,0.07566605222281998,-4.4216042868102425,6.825505452807445,5.359299398293903,11.05531799,76.92711325,379.3410034179688,0.0,3.7900925,,0.0,405.0,,1,1,1,0,1
1789662453666.0,25.76,-4.3558345,6.7495546,5.584549,-0.0679587,0.008857539,0.0320704,-96.825005,21.45,-65.775,9.783504945732506,0.07566605222281998,-4.390301154237418,6.790279741553212,5.461855669652867,11.05531799,76.92711325,379.3410034179688,0.0,3.7900925,,0.0,405.0,,1,1,1,0,1
1789662453676.0,25.77,-4.3558345,6.7495546,5.584549,-0.0679587,0.008857539,0.0320704,-96.825005,21.45,-65.775,9.783504945732506,0.07566605222281998,-4.366403451942627,6.760919666700402,5.552596140662185,11.05531799,76.92711325,379.3410034179688,0.0,3.7900925,,0.0,405.0,,1,1,1,0,1
1789662453686.0,25.78,-4.3558345,6.7495546,5.584549,-0.0679587,0.008857539,0.0320704,-96.825005,21.45,-65.775,9.783504945732506,0.07566605222281998,-4.355691755933932,6.745163287776869,5.606311291339239,11.05531799,76.92711325,379.3410034179688,0.0,3.7900925,,0.0,405.0,,1,1,1,0,1
1789662453696.0,25.79,-4.3558345,6.7495546,5.584549,-0.0679587,0.008857539,0.0320704,-96.825005,21.45,-65.775,9.783504945732506,0.07566605222281998,-4.354545482355008,6.742261392731427,5.618107345846061,11.05531799,76.92711325,379.3410034179688,0.0,3.7900925,,0.0,405.0,,1,1,1,0,1
1789662453706.0,25.8,-4.3558345,6.7495546,5.584549,-0.018173225,0.017867792,-0.005650499,-96.825005,21.45,-65.775,9.783504945732506,0.0261046401393486,-4.3535991920412025,6.745303722698673,5.600464394385989,11.05531799,76.92711325,379.3410034179688,0.0,3.7900925,,0.0,405.0,,1,1,1,0,1
1789662453716.0,25.81,-4.3558345,6.7495546,5.584549,-0.018173225,0.017867792,-0.005650499,-96.9,21.300001,-65.55,9.783504945732506,0.0261046401393486,-4.346821658885002,6.747586918564785,5.5728320750612585,11.05531799,76.92711325,379.3410034179688,0.0,3.7900925,,0.0,405.0,,1,1,1,0,1
1789662453726.0,25.82,-4.3558345,6.7495546,5.584549,-0.018173225,0.017867792,-0.005650499,-96.9,21.300001,-65.55,9.783504945732506,0.0261046401393486,-4.339014972578939,6.74756674683622,5.554513911308735,11.05531799,76.92711325,379.3410034179688,0.0,3.7900925,,0.0,405.0,,1,1,1,0,1
1789662453736.0,25.83,-4.3558345,6.7495546,5.584549,-0.018173225,0.017867792,-0.005650499,-96.9,21.300001,-65.55,9.783504945732506,0.0261046401393486,-4.345129249860819,6.749039027292285,5.562027519380505,11.05531799,76.92711325,379.3410034179688,0.0,3.7900925,,0.0,405.0,,1,1,1,0,1
1789662453746.0,25.84,-4.3558345,6.7495546,5.584549,-0.018173225,0.017867792,-0.005650499,-96.9,21.300001,-65.55,9.783504945732506,0.0261046401393486,-4.380016247792372,6.7570992610909455,5.605006874836152,11.05531799,76.92711325,379.3410034179688,0.0,3.7900925,,0.0,405.0,,1,1,1,0,1
1789662453756.0,25.85,-4.3558345,6.7495546,5.584549,-0.018173225,0.017867792,-0.005650499,-96.9,21.300001,-65.55,9.783504945732506,0.0261046401393486,-4.445157001330139,6.77336268848163,5.678809494780174,11.05531799,76.92711325,379.3410034179688,0.0,3.7900925,,0.0,405.0,,1,1,1,0,1
1789662453766.0,25.86,-4.613362,6.823134,5.8340006,-0.018173225,0.017867792,-0.005650499,-96.9,21.300001,-65.55,10.09325663627951,0.0261046401393486,-4.523680560156893,6.794322050992308,5.761212578866048,11.05531799,76.92711325,379.3410034179688,0.0,3.7900925,,0.0,405.0,,1,1,1,0,1
1789662453776.0,25.87,-4.613362,6.823134,5.8340006,-0.018173225,0.017867792,-0.005650499,-96.9,21.300001,-65.55,10.09325663627951,0.0261046401393486,-4.58976044767529,6.813968911510261,5.821651442475693,11.05531799,76.92711325,379.3410034179688,0.0,3.7900925,,0.0,405.0,,1,1,1,0,1
1789662453786.0,25.88,-4.613362,6.823134,5.8340006,-0.018173225,0.017867792,-0.005650499,-96.9,21.300001,-65.55,10.09325663627951,0.0261046401393486,-4.625472861501394,6.827800031703623,5.840549295759351,11.05531799,76.92711325,379.3410034179688,0.0,3.7900925,,0.0,405.0,,1,1,1,0,1
1789662453796.0,25.89,-4.613362,6.823134,5.8340006,-0.018173225,0.017867792,-0.005650499,-96.9,21.300001,-65.55,10.09325663627951,0.0261046401393486,-4.6309552072279345,6.834262169795818,5.82500861234158,11.05531799,76.92711325,379.3410034179688,0.0,3.7900925,,0.0,405.0,,1,1,1,0,1
1789662453806.0,25.9,-4.613362,6.823134,5.8340006,0.26190826,0.24144427,0.12507455,-96.9,21.300001,-65.55,10.09325663627951,0.3775379652826494,-4.620679232629874,6.833150301762986,5.807409972964137,11.05531799,76.92711325,379.3410034179688,0.0,3.7900925,,0.0,405.0,,1,1,1,0,1
1789662453816.0,25.91,-4.613362,6.823134,5.8340006,0.26190826,0.24144427,0.12507455,-94.875,21.375,-68.775,10.09325663627951,0.3775379652826494,-4.611206204290351,6.824445745412799,5.82376806201277,11.05531799,76.92711325,379.3410034179688,0.0,3.7900925,,0.0,405.0,,1,1,1,0,1
1789662453826.0,25.92,-4.613362,6.823134,5.8340006,0.26190826,0.24144427,0.12507455,-94.875,21.375,-68.775,10.09325663627951,0.3775379652826494,-4.610679984583674,6.810598017751049,5.881320381640421,11.05531799,76.92711325,379.3410034179688,0.0,3.7900925,,0.0,405.0,,1,1,1,0,1
1789662453836.0,25.93,-4.613362,6.823134,5.8340006,0.26190826,0.24144427,0.12507455,-94.875,21.375,-68.775,10.09325663627951,0.3775379652826494,-4.6159920991461725,6.80047675387115,5.935690124025089,11.05531799,76.92711325,379.3410034179688,0.0,3.7900925,,0.0,405.0,,1,1,1,0,1
1789662453846.0,25.94,-4.613362,6.823134,5.8340006,0.26190826,0.24144427,0.12507455,-94.875,21.375,-68.775,10.09325663627951,0.3775379652826494,-4.617251311695159,6.809221797920043,5.9012374294651995,11.05531799,76.92711325,379.3410034179688,0.0,3.7900925,,0.0,405.0,,1,1,1,0,1
1789662453856.0,25.95,-4.613362,6.823134,5.8340006,0.26190826,0.24144427,0.12507455,-94.875,21.375,-68.775,10.09325663627951,0.3775379652826494,-4.60568478165517,6.85016480860372,5.702375135044022,11.05531799,76.92711325,379.3410034179688,0.0,3.7900925,,0.0,405.0,,1,1,1,0,1
1789662453866.0,25.96,-4.613362,6.823134,5.8340006,0.26190826,0.24144427,0.12507455,-94.875,21.375,-68.775,10.09325663627951,0.3775379652826494,-4.580140159002038,6.923046090485087,5.337477068782422,11.05531799,76.92711325,379.3410034179688,0.0,3.7900925,,0.0,405.0,,1,1,1,0,1
1789662453876.0,25.97,-4.5116673,7.109375,4.393821,0.26190826,0.24144427,0.12507455,-94.875,21.375,-68.775,9.497579570425051,0.3775379652826494,-4.548160957243731,7.009486693041223,4.900322286079369,11.05531799,76.92711325,379.3410034179688,0.0,3.7900925,,0.0,405.0,,1,1,1,0,1
1789662453886.0,25.98,-4.5116673,7.109375,4.393821,0.26190826,0.24144427,0.12507455,-94.875,21.375,-68.775,9.497579570425051,0.3775379652826494,-4.520898573092968,7.082532038855328,4.5288631335303196,11.05531799,76.92711325,379.3410034179688,0.0,3.7900925,,0.0,405.0,,1,1,1,0,1
1789662453896.0,25.99,-4.5116673,7.109375,4.393821,0.26190826,0.24144427,0.12507455,-94.875,21.375,-68.775,9.497579570425051,0.3775379652826494,-4.505849512448668,7.123557785137666,4.318571054700362,11.05531799,76.92711325,379.3410034179688,0.0,3.7900925,,0.0,405.0,,1,1,1,0,1
1789662453906.0,26.0,-4.5116673,7.109375,4.393821,0.26190826,0.24144427,0.12507455,-94.875,21.375,-68.775,9.497579570425051,0.3775379652826494,-4.5031378609319965,7.132037601164955,4.2737795473446125,11.05531799,76.92711325,379.3410034179688,0.0,3.7900925,,0.0,405.0,,1,1,1,0,1
1789662453916.0,26.01,-4.5116673,7.109375,4.393821,0.26190826,0.24144427,0.12507455,-94.875,21.375,-68.775,9.497579570425051,0.3775379652826494,-4.507453665606784,7.121336409478302,4.329401642377289,11.05531799,76.92711325,379.3410034179688,0.0,3.7900925,,0.0,405.0,,1,1,1,0,1
1789662453926.0,26.02,-4.5116673,7.109375,4.393821,-0.17119484,0.3550651,0.17119484,-92.775,23.25,-71.700005,9.497579570425051,0.429751755928072,-4.512738806024615,7.107097082317002,4.407928211855713,11.05531799,76.92711325,379.3410034179688,0.0,3.7900925,,0.0,405.0,,1,1,1,0,1
1789662453936.0,26.03,-4.5116673,7.109375,4.393821,-0.17119484,0.3550651,0.17119484,-92.775,23.25,-71.700005,9.497579570425051,0.429751755928072,-4.515463495503161,7.098902697044572,4.458331269072623,11.05531799,76.92711325,379.3410034179688,0.0,3.7900925,,0.0,405.0,,1,1,1,0,1
1789662453946.0,26.04,-4.5116673,7.109375,4.393821,-0.17119484,0.3550651,0.17119484,-92.775,23.25,-71.700005,9.497579570425051,0.429751755928072,-4.514962089073037,7.0993453672220665,4.459434881039703,11.05531799,76.92711325,379.3410034179688,0.0,3.7900925,,0.0,405.0,,1,1,1,0,1
1789662453956.0,26.05,-4.5116673,7.109375,4.393821,-0.17119484,0.3550651,0.17119484,-92.775,23.25,-71.700005,9.497579570425051,0.429751755928072,-4.512167948760526,7.106975869442821,4.409452854636952,11.05531799,76.92711325,379.3410034179688,0.0,3.7900925,,0.0,405.0,,1,1,1,0,1
1789662453966.0,26.06,-4.5116673,7.109375,4.393821,-0.17119484,0.3550651,0.17119484,-92.775,23.25,-71.700005,9.497579570425051,0.429751755928072,-4.508683278741848,7.118001432524423,4.327660077833347,11.05531799,76.92711325,379.3410034179688,0.0,3.7900925,,0.0,405.0,,1,1,1,0,1
1789662453976.0,26.07,-4.5116673,7.109375,4.393821,0.34972006,0.16752964,0.1291979,-92.775,23.25,-71.700005,9.497579570425051,0.40873267303867844,-4.506741404550101,7.125568818908281,4.267258911704825,11.05531799,76.92711325,379.3410034179688,0.0,3.7900925,,0.0,405.0,,1,1,1,0,1
1789662453986.0,26.08,-4.5116673,7.109375,4.393821,0.34972006,0.16752964,0.1291979,-92.775,23.25,-71.700005,9.497579570425051,0.40873267303867844,-4.5091039390755,7.11995194798329,4.311729090251567,11.05531799,76.92711325,379.3410034179688,0.0,3.7900925,,0.0,405.0,,1,1,1,0,1
1789662453996.0,26.09,-4.5116673,7.109375,4.393821,0.34972006,0.16752964,0.1291979,-92.775,23.25,-71.700005,9.497579570425051,0.40873267303867844,-4.5178858208829675,7.093073537136231,4.532145805847127,11.05531799,76.92711325,379.3410034179688,0.0,3.7900925,,0.0,405.0,,1,1,1,0,1
1789662454006.0,26.1,-4.5116673,7.109375,4.393821,0.34972006,0.16752964,0.1291979,-92.775,23.25,-71.700005,9.497579570425051,0.40873267303867844,-4.5328179516313885,7.045740532919065,4.92445998342098,11.05531816,76.92711418,379.537353515625,0.0,3.7900925,,0.0,405.0,,1,1,1,0,1
1789662454016.0,26.11,-4.575376,6.9332037,5.8854465,0.34972006,0.16752964,0.1291979,-89.4,21.900002,-76.725006,10.180464605872952,0.40873267303867844,-4.550786208732608,6.99078004702499,5.384427008955199,11.05531816,76.92711418,379.537353515625,0.0,3.7900925,,0.0,405.0,,1,1,1,0,1
1789662454026.0,26.12,-4.575376,6.9332037,5.8854465,0.34972006,0.16752964,0.1291979,-89.4,21.900002,-76.725006,10.180464605872952,0.40873267303867844,-4.567557143672471,6.946901479686422,5.759814472384804,11.05531816,76.92711418,379.537353515625,0.0,3.7900925,,0.0,405.0,,1,1,1,0,1
1789662454036.0,26.13,-4.575376,6.9332037,5.8854465,0.34972006,0.16752964,0.1291979,-89.4,21.900002,-76.725006,10.180464605872952,0.40873267303867844,-4.580018231529382,6.92663800637845,5.947866260057136,11.05531816,76.92711418,379.537353515625,0.0,3.7900925,,0.0,405.0,,1,1,1,0,1
1789662454046.0,26.14,-4.575376,6.9332037,5.8854465,0.34972006,0.16752964,0.1291979,-89.4,21.900002,-76.725006,10.180464605872952,0.40873267303867844,-4.586502223076027,6.928002783722043,5.958250309311905,11.05531816,76.92711418,379.537353515625,0.0,3.7900925,,0.0,405.0,,1,1,1,0,1
1789662454056.0,26.15,-4.575376,6.9332037,5.8854465,0.34972006,0.16752964,0.1291979,-89.4,21.900002,-76.725006,10.180464605872952,0.40873267303867844,-4.585476887218088,6.936514574276122,5.893349516747463,11.05531816,76.92711418,379.537353515625,0.0,3.7900925,,0.0,405.0,,1,1,1,0,1
1789662454066.0,26.16,-4.575376,6.9332037,5.8854465,0.34972006,0.16752964,0.1291979,-89.4,21.900002,-76.725006,10.180464605872952,0.40873267303867844,-4.575753690392098,6.936081377409061,5.86766716141367,11.05531816,76.92711418,379.537353515625,0.0,3.7900925,,0.0,405.0,,1,1,1,0,1
1789662454076.0,26.17,-4.575376,6.9332037,5.8854465,-0.32223114,-0.12537998,0.18387029,-89.4,21.900002,-76.725006,10.180464605872952,0.39161375169314994,-4.560152835458384,6.921746293000892,5.924985666673858,11.05531816,76.92711418,379.537353515625,0.0,3.7900925,,0.0,405.0,,1,1,1,0,1
1789662454086.0,26.18,-4.575376,6.9332037,5.8854465,-0.32223114,-0.12537998,0.18387029,-89.4,21.900002,-76.725006,10.180464605872952,0.39161375169314994,-4.549687365385532,6.906408085073811,6.00294488452721,11.05531816,76.92711418,379.537353515625,0.0,3.7900925,,0.0,405.0,,1,1,1,0,1
1789662454096.0,26.19,-4.575376,6.9332037,5.8854465,-0.32223114,-0.12537998,0.18387029,-89.4,21.900002,-76.725006,10.180464605872952,0.39161375169314994,-4.561926833419935,6.9157533409715315,5.967424897430062,11.05531816,76.92711418,379.537353515625,0.0,3.7900925,,0.0,405.0,,1,1,1,0,1
1789662454106.0,26.2,-4.575376,6.9332037,5.8854465,-0.32223114,-0.12537998,0.18387029,-89.4,21.900002,-76.725006,10.180464605872952,0.39161375169314994,-4.610432698411914,6.9715010351183855,5.7046408542208065,11.05531816,76.92711418,379.537353515625,0.0,3.7900925,,0.0,405.0,,1,1,1,0,1
1789662454116.0,26.21,-4.575376,6.9332037,5.8854465,-0.32223114,-0.12537998,0.18387029,-89.4,21.900002,-76.725006,10.180464605872952,0.39161375169314994,-4.691635870956633,7.072779915842134,5.216164643623284,11.05531816,76.92711418,379.537353515625,0.0,3.7900925,,0.0,405.0,,1,1,1,0,1
1789662454126.0,26.22,-4.895715,7.3322067,3.9580278,-0.32223114,-0.12537998,0.18387029,-90.3,24.0,-76.8,9.664122542596546,0.39161375169314994,-4.7823548995399445,7.191566395503724,4.639678785497789,11.05531816,76.92711418,379.537353515625,0.0,3.7900925,,0.0,405.0,,1,1,1,0,1
1789662454136.0,26.23,-4.895715,7.3322067,3.9580278,-0.32223114,-0.12537998,0.18387029,-90.3,24.0,-76.8,9.664122542596546,0.39161375169314994,-4.854442758388291,7.289622229807384,4.163311745748509,11.05531816,76.92711418,379.537353515625,0.0,3.7900925,,0.0,405.0,,1,1,1,0,1
1789662454146.0,26.24,-4.895715,7.3322067,3.9580278,-0.32223114,-0.12537998,0.18387029,-90.3,24.0,-76.8,9.664122542596546,0.39161375169314994,-4.895486732449084,7.344317788878451,3.898113204418645,11.05531816,76.92711418,379.537353515625,0.0,3.7900925,,0.0,405.0,,1,1,1,0,1
1789662454156.0,26.25,-4.895715,7.3322067,3.9580278,-0.32223114,-0.12537998,0.18387029,-90.3,24.0,-76.8,9.664122542596546,0.39161375169314994,-4.915318243695952,7.36047134054015,3.820456975593175,11.05531816,76.92711418,379.537353515625,0.0,3.7900925,,0.0,405.0,,1,1,1,0,1
1789662454166.0,26.26,-4.895715,7.3322067,3.9580278,-0.42455098,-0.58673555,0.22372921,-90.3,24.0,-76.8,9.664122542596546,0.7579953163839386,-4.930366514270713,7.358580563466292,3.8301229195951274,11.05531816,76.92711418,379.537353515625,0.0,3.7900925,,0.0,405.0,,1,1,1,0,1
1789662454176.0,26.27,-4.895715,7.3322067,3.9580278,-0.42455098,-0.58673555,0.22372921,-90.3,24.0,-76.8,9.664122542596546,0.7579953163839386,-4.939956244486895,7.352350168892625,3.8602823793889063,11.05531816,76.92711418,379.537353515625,0.0,3.7900925,,0.0,405.0,,1,1,1,0,1
1789662454186.0,26.28,-4.895715,7.3322067,3.9580278,-0.42455098,-0.58673555,0.22372921,-90.3,24.0,-76.8,9.664122542596546,0.7579953163839386,-4.918152098320342,7.336746527480013,3.9358002916563652,11.05531816,76.92711418,379.537353515625,0.0,3.7900925,,0.0,405.0,,1,1,1,0,1
1789662454196.0,26.29,-4.895715,7.3322067,3.9580278,-0.42455098,-0.58673555,0.22372921,-90.3,24.0,-76.8,9.664122542596546,0.7579953163839386,-4.832447747788766,7.296361066310572,4.132399728483917,11.05531816,76.92711418,379.537353515625,0.0,3.7900925,,0.0,405.0,,1,1,1,0,1
1789662454206.0,26.3,-4.895715,7.3322067,3.9580278,-0.42455098,-0.58673555,0.22372921,-90.3,24.0,-76.8,9.664122542596546,0.7579953163839386,-4.675824335529919,7.225020595090725,4.480950889292545,11.05531816,76.92711418,379.537353515625,0.0,3.7900925,,0.0,405.0,,1,1,1,0,1
1789662454216.0,26.31,-4.252345,7.029814,5.4385867,-0.42455098,-0.58673555,0.22372921,-90.3,24.0,-76.8,9.852864972536562,0.7579953163839386,-4.482805587697727,7.1374368420831535,4.910381886923864,11.05531816,76.92711418,379.537353515625,0.0,3.7900925,,0.0,405.0,,1,1,1,0,1
1789662454226.0,26.32,-4.252345,7.029814,5.4385867,-0.42455098,-0.58673555,0.22372921,-94.8,28.800001,-68.850006,9.852864972536562,0.7579953163839386,-4.312046181478612,7.061380765340402,5.28520227118807,11.05531816,76.92711418,379.537353515625,0.0,3.7900925,,0.0,405.0,,1,1,1,0,1
1789662454236.0,26.33,-4.252345,7.029814,5.4385867,-0.42455098,-0.58673555,0.22372921,-94.8,28.800001,-68.850006,9.852864972536562,0.7579953163839386,-4.210072856700922,7.017947144410972,5.500988646328343,11.05531816,76.92711418,379.537353515625,0.0,3.7900925,,0.0,405.0,,1,1,1,0,1
1789662454246.0,26.34,-4.252345,7.029814,5.4385867,-0.42455098,-0.58673555,0.22372921,-94.8,28.800001,-68.850006,9.852864972536562,0.7579953163839386,-4.187805154587363,7.008383952717851,5.548611078287772,11.05531816,76.92711418,379.537353515625,0.0,3.7900925,,0.0,405.0,,1,1,1,0,1
1789662454256.0,26.35,-4.252345,7.029814,5.4385867,-0.42455098,-0.58673555,0.22372921,-94.8,28.800001,-68.850006,9.852864972536562,0.7579953163839386,-4.223831781994949,7.017621294366223,5.498799371782186,11.05531816,76.92711418,379.537353515625,0.0,3.7900925,,0.0,405.0,,1,1,1,0,1
1789662454266.0,26.36,-4.252345,7.029814,5.4385867,-0.42455098,-0.58673555,0.22372921,-94.8,28.800001,-68.850006,9.852864972536562,0.7579953163839386,-4.280842350106893,7.028328162377073,5.436996237108582,11.05531816,76.92711418,379.537353515625,0.0,3.7900925,,0.0,405.0,,1,1,1,0,1
1789662454276.0,26.37,-4.252345,7.029814,5.4385867,-0.08078686,0.11942405,0.10445787,-94.8,28.800001,-68.850006,9.852864972536562,0.17804512650448762,-4.317547038261057,7.03248164478424,5.409552832026892,11.05531816,76.92711418,379.537353515625,0.0,3.7900925,,0.0,405.0,,1,1,1,0,1
1789662454286.0,26.38,-4.252345,7.029814,5.4385867,-0.08078686,0.11942405,0.10445787,-94.8,28.800001,-68.850006,9.852864972536562,0.17804512650448762,-4.295785628532688,7.033006548799674,5.413842681925385,11.05531816,76.92711418,379.537353515625,0.0,3.7900925,,0.0,405.0,,1,1,1,0,1
1789662454296.0,26.39,-4.252345,7.029814,5.4385867,-0.08078686,0.11942405,0.10445787,-94.8,28.800001,-68.850006,9.852864972536562,0.17804512650448762,-4.1933197632675805,7.0371351648118265,5.422837343820488,11.05531816,76.92711418,379.537353515625,0.0,3.7900925,,0.0,405.0,,1,1,1,0,1
1789662454306.0,26.4,-4.252345,7.029814,5.4385867,-0.08078686,0.11942405,0.10445787,-94.8,28.800001,-68.850006,9.852864972536562,0.17804512650448762,-4.021549052927598,7.0482902147823125,5.41551959289181,11.05531816,76.92711418,379.537353515625,0.0,3.7900925,,0.0,405.0,,1,1,1,0,1
1789662454316.0,26.41,-3.6197424,7.0809603,5.348856,-0.08078686,0.11942405,0.10445787,-94.8,28.800001,-68.850006,9.583986348136659,0.17804512650448762,-3.8294640145601138,7.06287461402773,5.391150510653805,11.05531816,76.92711418,379.537353515625,0.0,3.7900925,,0.0,405.0,,1,1,1,0,1
1789662454326.0,26.42,-3.6197424,7.0809603,5.348856,-0.08078686,0.11942405,0.10445787,-95.25,30.825,-67.65,9.583986348136659,0.17804512650448762,-3.6789343506806107,7.073864130521709,5.363512849063726,11.05531816,76.92711418,379.537353515625,0.0,3.7900925,,0.0,405.0,,1,1,1,0,1
1789662454336.0,26.43,-3.6197424,7.0809603,5.348856,-0.08078686,0.11942405,0.10445787,-95.25,30.825,-67.65,9.583986348136659,0.17804512650448762,-3.604903935473419,7.077602102755114,5.346002224483379,11.05531816,76.92711418,379.537353515625,0.0,3.7900925,,0.0,405.0,,1,1,1,0,1
1789662454346.0,26.44,-3.6197424,7.0809603,5.348856,-0.08078686,0.11942405,0.10445787,-95.25,30.825,-67.65,9.583986348136659,0.17804512650448762,-3.594220993943958,7.07760209023356,5.341502540753078,11.05531816,76.92711418,379.537353515625,0.0,3.7900925,,0.0,405.0,,1,1,1,0,1
1789662454356.0,26.45,-3.6197424,7.0809603,5.348856,-0.08078686,0.11942405,0.10445787,-95.25,30.825,-67.65,9.583986348136659,0.17804512650448762,-3.6023237647303774,7.0815078094631785,5.343361680586656,11.05531816,76.92711418,379.537353515625,0.0,3.7900925,,0.0,405.0,,1,1,1,0,1
1789662454366.0,26.46,-3.6197424,7.0809603,5.348856,-0.2849684,0.7202095,-0.07498364,-95.25,30.825,-67.65,9.583986348136659,0.7781588906877949,-3.5939025766881745,7.092794344600686,5.343865581125498,11.05531816,76.92711418,379.537353515625,0.0,3.7900925,,0.0,405.0,,1,1,1,0,1
1789662454376.0,26.47,-3.6197424,7.0809603,5.348856,-0.2849684,0.7202095,-0.07498364,-95.25,30.825,-67.65,9.583986348136659,0.7781588906877949,-3.5751488646623137,7.103515670433578,5.342099296995984,11.05531816,76.92711418,379.537353515625,0.0,3.7900925,,0.0,405.0,,1,1,1,0,1
1789662454386.0,26.48,-3.6197424,7.0809603,5.348856,-0.2849684,0.7202095,-0.07498364,-95.25,30.825,-67.65,9.583986348136659,0.7781588906877949,-3.592452459743363,7.095272419427176,5.345146327643631,11.05531816,76.92711418,379.537353515625,0.0,3.7900925,,0.0,405.0,,1,1,1,0,1
1789662454396.0,26.49,-3.6197424,7.0809603,5.348856,-0.2849684,0.7202095,-0.07498364,-95.25,30.825,-67.65,9.583986348136659,0.7781588906877949,-3.69611445855032,7.050758720214603,5.362037517833001,11.05531816,76.92711418,379.537353515625,0.0,3.7900925,,0.0,405.0,,1,1,1,0,1
1789662454406.0,26.5,-3.6197424,7.0809603,5.348856,-0.2849684,0.7202095,-0.07498364,-95.25,30.825,-67.65,9.583986348136659,0.7781588906877949,-3.8945995690709627,6.968973676491759,5.395318661421335,11.05531816,76.92711418,379.537353515625,0.0,3.7900925,,0.0,405.0,,1,1,1,0,1
1789662454416.0,26.51,-4.4207397,6.7576303,5.4870415,-0.2849684,0.7202095,-0.07498364,-95.25,30.825,-67.65,9.762998063574347,0.7781588906877949,-4.137343117940363,6.8708238851975665,5.437307609436227,11.05531816,76.92711418,379.537353515625,0.0,3.7900925,,0.0,405.0,,1,1,1,0,1
1789662454426.0,26.52,-4.4207397,6.7576303,5.4870415,-0.2849684,0.7202095,-0.07498364,-95.25,30.825,-67.65,9.762998063574347,0.7781588906877949,-4.344441769708879,6.787721594114014,5.474479259287668,11.05531816,76.92711418,379.537353515625,0.0,3.7900925,,0.0,405.0,,1,1,1,0,1
1789662454436.0,26.53,-4.4207397,6.7576303,5.4870415,-0.2849684,0.7202095,-0.07498364,-95.25,30.825,-67.65,9.762998063574347,0.7781588906877949,-4.459624589974122,6.741515288745118,5.496155824990723,11.05531816,76.92711418,379.537353515625,0.0,3.7900925,,0.0,405.0,,1,1,1,0,1
1789662454446.0,26.54,-4.4207397,6.7576303,5.4870415,-0.2849684,0.7202095,-0.07498364,-95.25,30.825,-67.65,9.762998063574347,0.7781588906877949,-4.481389353532926,6.732765061403648,5.50015082368971,11.05531816,76.92711418,379.537353515625,0.0,3.7900925,,0.0,405.0,,1,1,1,0,1
1789662454456.0,26.55,-4.4207397,6.7576303,5.4870415,-0.2849684,0.7202095,-0.07498364,-95.25,30.825,-67.65,9.762998063574347,0.7781588906877949,-4.450987628909501,6.745441675211035,5.492036666131738,11.05531816,76.92711418,379.537353515625,0.0,3.7900925,,0.0,405.0,,1,1,1,0,1
1789662454466.0,26.56,-4.4207397,6.7576303,5.4870415,-0.2849684,0.7202095,-0.07498364,-95.25,30.825,-67.65,9.762998063574347,0.7781588906877949,-4.4160026505518095,6.7607315187769075,5.480840991437113,11.05531816,76.92711418,379.537353515625,0.0,3.7900925,,0.0,405.0,,1,1,1,0,1
1789662454476.0,26.57,-4.4207397,6.7576303,5.4870415,0.230296,1.0841322,-0.29489493,-92.475006,32.925003,-70.275,9.762998063574347,1.1468835574863496,-4.40200120298061,6.767625904416136,5.475160961627199,11.05531816,76.92711418,379.537353515625,0.0,3.7900925,,0.0,405.0,,1,1,1,0,1
1789662454486.0,26.58,-4.4207397,6.7576303,5.4870415,0.230296,1.0841322,-0.29489493,-92.475006,32.925003,-70.275,9.762998063574347,1.1468835574863496,-4.407964342000467,6.764857493770917,5.480371620582624,11.05531816,76.92711418,379.537353515625,0.0,3.7900925,,0.0,405.0,,1,1,1,0,1
1789662454496.0,26.59,-4.4207397,6.7576303,5.4870415,0.230296,1.0841322,-0.29489493,-92.475006,32.925003,-70.275,9.762998063574347,1.1468835574863496,-4.419327275878811,6.757069797128223,5.495496702296984,11.05531816,76.92711418,379.537353515625,0.0,3.7900925,,0.0,405.0,,1,1,1,0,1
1789662454506.0,26.6,-4.4207397,6.7576303,5.4870415,0.230296,1.0841322,-0.29489493,-92.475006,32.925003,-70.275,9.762998063574347,1.1468835574863496,-4.423917857462954,6.750423034937832,5.510526419035669,11.05531816,76.92711418,379.537353515625,0.0,3.7900925,,0.0,405.0,,1,1,1,0,1
1789662454516.0,26.61,-4.4207397,6.7576303,5.4870415,0.230296,1.0841322,-0.29489493,-92.475006,32.925003,-70.275,9.762998063574347,1.1468835574863496,-4.420334746721372,6.749929002853343,5.508837731345856,11.05531816,76.92711418,379.537353515625,0.0,3.7900925,,0.0,405.0,,1,1,1,0,1
1789662454526.0,26.62,-4.4207397,6.7576303,5.4870415,0.230296,1.0841322,-0.29489493,-85.425,34.65,-76.5,9.762998063574347,1.1468835574863496,-4.41635333965229,6.757467902460153,5.479168986943721,11.05531816,76.92711418,379.537353515625,0.0,3.7900925,,0.0,405.0,,1,1,1,0,1
1789662454536.0,26.63,-4.4207397,6.7576303,5.4870415,0.230296,1.0841322,-0.29489493,-85.425,34.65,-76.5,9.762998063574347,1.1468835574863496,-4.420468649316998,6.76921736271254,5.434102330634921,11.05531816,76.92711418,379.537353515625,0.0,3.7900925,,0.0,405.0,,1,1,1,0,1
1789662454546.0,26.64,-4.4207397,6.7576303,5.4870415,0.230296,1.0841322,-0.29489493,-85.425,34.65,-76.5,9.762998063574347,1.1468835574863496,-4.431980287945125,6.773846801521524,5.421375174700694,11.05531816,76.92711418,379.537353515625,0.0,3.7900925,,0.0,405.0,,1,1,1,0,1
1789662454556.0,26.65,-4.4207397,6.7576303,5.4870415,0.230296,1.0841322,-0.29489493,-85.425,34.65,-76.5,9.762998063574347,1.1468835574863496,-4.4357477006658605,6.7548666789099,5.511668394144704,11.05531816,76.92711418,379.537353515625,0.0,3.7900925,,0.0,405.0,,1,1,1,0,1
1789662454566.0,26.66,-4.4207397,6.7576303,5.4870415,0.230296,1.0841322,-0.29489493,-85.425,34.65,-76.5,9.762998063574347,1.1468835574863496,-4.40710246454753,6.698794588307521,5.7598989957812865,11.05531816,76.92711418,379.537353515625,0.0,3.7900925,,0.0,405.0,,1,1,1,0,1
1789662454576.0,26.67,-4.2631125,6.5171514,6.553343,0.5667297,2.280816,0.26190826,-85.425,34.65,-76.5,10.178098792693419,2.364719880952989,-4.328976770912488,6.60635991616567,6.157671964494381,11.05531816,76.92711418,379.537353515625,0.0,3.7900925,,0.0,405.0,,1,1,1,0,1
1789662454586.0,26.68,-4.2631125,6.5171514,6.553343,0.5667297,2.280816,0.26190826,-85.425,34.65,-76.5,10.178098792693419,2.364719880952989,-4.216096427759159,6.501214775594253,6.60218351318079,11.05531816,76.92711418,379.537353515625,0.0,3.7900925,,0.0,405.0,,1,1,1,0,1
1789662454596.0,26.69,-4.2631125,6.5171514,6.553343,0.5667297,2.280816,0.26190826,-85.425,34.65,-76.5,10.178098792693419,2.364719880952989,-4.131050361759298,6.43053244893934,6.900226671635384,11.05531816,76.92711418,379.537353515625,0.0,3.7900925,,0.0,405.0,,1,1,1,0,1
1789662454606.0,26.7,-4.2631125,6.5171514,6.553343,0.5667297,2.280816,0.26190826,-85.425,34.65,-76.5,10.178098792693419,2.364719880952989,-4.1706115175661855,6.451582630727525,6.823839502404913,11.05531816,76.92711418,379.537353515625,0.0,3.7900925,,0.0,405.0,,1,1,1,0,1
1789662454616.0,26.71,-4.2631125,6.5171514,6.553343,0.5667297,2.280816,0.26190826,-68.850006,30.525002,-92.925,10.178098792693419,2.364719880952989,-4.412335216007774,6.601752616721077,6.225150856797813,11.05531816,76.92711418,379.537353515625,0.0,3.7900925,,0.0,405.0,,1,1,1,0,1
1789662454626.0,26.72,-4.2631125,6.5171514,6.553343,0.5667297,2.280816,0.26190826,-68.850006,30.525002,-92.925,10.178098792693419,2.364719880952989,-4.848076405696206,6.865088313940045,5.163389534716301,11.05531816,76.92711418,379.537353515625,0.0,3.7900925,,0.0,405.0,,1,1,1,0,1
1789662454636.0,26.73,-5.9473605,7.495218,2.5663023,0.5667297,2.280816,0.26190826,-68.850006,30.525002,-92.925,9.906326124223327,2.364719880952989,-5.3630196809944755,7.165603250412123,3.9318332400191047,11.05531816,76.92711418,379.537353515625,0.0,3.7900925,,0.0,405.0,,1,1,1,0,1
1789662454646.0,26.74,-5.9473605,7.495218,2.5663023,0.5667297,2.280816,0.26190826,-68.850006,30.525002,-92.925,9.906326124223327,2.364719880952989,-5.795035609004262,7.4061465310681385,2.9142224981929283,11.05531816,76.92711418,379.537353515625,0.0,3.7900925,,0.0,405.0,,1,1,1,0,1
1789662454656.0,26.75,-5.9473605,7.495218,2.5663023,0.5667297,2.280816,0.26190826,-68.850006,30.525002,-92.925,9.906326124223327,2.364719880952989,-6.034119598494418,7.529085347255884,2.3598158672948024,11.05531816,76.92711418,379.537353515625,0.0,3.7900925,,0.0,405.0,,1,1,1,0,1
1789662454666.0,26.76,-5.9473605,7.495218,2.5663023,0.5667297,2.280816,0.26190826,-68.850006,30.525002,-92.925,9.906326124223327,2.364719880952989,-6.078750263438312,7.54816452899912,2.261765090411636,11.05531816,76.92711418,379.537353515625,0.0,3.7900925,,0.0,405.0,,1,1,1,0,1
1789662454676.0,26.77,-5.9473605,7.495218,2.5663023,-0.69882923,1.43935,0.13775,-68.850006,30.525002,-92.925,9.906326124223327,1.605947003391579,-6.010643278486138,7.525513033504885,2.422668649825141,11.05531816,76.92711418,379.537353515625,0.0,3.7900925,,0.0,405.0,,1,1,1,0,1
1789662454686.0,26.78,-5.9473605,7.495218,2.5663023,-0.69882923,1.43935,0.13775,-68.850006,30.525002,-92.925,9.906326124223327,1.605947003391579,-5.926074145649608,7.516363677937521,2.616891518144122,11.05531816,76.92711418,379.537353515625,0.0,3.7900925,,0.0,405.0,,1,1,1,0,1
1789662454696.0,26.79,-5.9473605,7.495218,2.5663023,-0.69882923,1.43935,0.13775,-68.850006,30.525002,-92.925,9.906326124223327,1.605947003391579,-5.885077660862998,7.526605717972123,2.7079635664299646,11.05531816,76.92711418,379.537353515625,0.0,3.7900925,,0.0,405.0,,1,1,1,0,1
1789662454706.0,26.8,-5.9473605,7.495218,2.5663023,-0.69882923,1.43935,0.13775,-68.850006,30.525002,-92.925,9.906326124223327,1.605947003391579,-5.903007028916422,7.512947452553649,2.6656789044124967,11.05531816,76.92711418,379.537353515625,0.0,3.7900925,,0.0,405.0,,1,1,1,0,1
1789662454716.0,26.81,-5.9473605,7.495218,2.5663023,-0.69882923,1.43935,0.13775,-68.850006,30.525002,-92.925,9.906326124223327,1.605947003391579,-5.9673995546572165,7.423100648705044,2.5237773371130996,11.05531816,76.92711418,379.537353515625,0.0,3.7900925,,0.0,405.0,,1,1,1,0,1
1789662454726.0,26.82,-5.9473605,7.495218,2.5663023,-0.69882923,1.43935,0.13775,-43.2,57.300003,-99.975006,9.906326124223327,1.605947003391579,-6.05486181372398,7.2449241139133775,2.3381057632608777,11.05531816,76.92711418,379.537353515625,0.0,3.7900925,,0.0,405.0,,1,1,1,0,1
1789662454736.0,26.83,-6.2213387,6.765407,2.006681,-0.69882923,1.43935,0.13775,-43.2,57.300003,-99.975006,9.407579695730869,1.605947003391579,-6.139887206811489,7.024752598009522,2.165216217479853,11.05531816,76.92711418,379.537353515625,0.0,3.7900925,,0.0,405.0,,1,1,1,0,1
1789662454746.0,26.84,-6.2213387,6.765407,2.006681,-0.69882923,1.43935,0.13775,-43.2,57.300003,-99.975006,9.407579695730869,1.605947003391579,-6.201556700348323,6.837912127640583,2.047782217098635,11.05531816,76.92711418,379.537353515625,0.0,3.7900925,,0.0,405.0,,1,1,1,0,1
1789662454756.0,26.85,-6.2213387,6.765407,2.006681,-0.69882923,1.43935,0.13775,-43.2,57.300003,-99.975006,9.407579695730869,1.605947003391579,-6.231080149695553,6.736130946007746,1.9986813411369786,11.05531816,76.92711418,379.537353515625,0.0,3.7900925,,0.0,405.0,,1,1,1,0,1
1789662454766.0,26.86,-6.2213387,6.765407,2.006681,-0.69882923,1.43935,0.13775,-43.2,57.300003,-99.975006,9.407579695730869,1.605947003391579,-6.234677189285499,6.717086592620515,1.9957388301131727,11.05531816,76.92711418,379.537353515625,0.0,3.7900925,,0.0,405.0,,1,1,1,0,1
1789662454776.0,26.87,-6.2213387,6.765407,2.006681,-1.0697769,0.58673555,0.3796524,-43.2,57.300003,-99.975006,9.407579695730869,1.277817344628399,-6.227476601259326,6.7380778928472145,1.99891435420228,11.05531816,76.92711418,379.537353515625,0.0,3.7900925,,0.0,405.0,,1,1,1,0,1
1789662454786.0,26.88,-6.2213387,6.765407,2.006681,-1.0697769,0.58673555,0.3796524,-43.2,57.300003,-99.975006,9.407579695730869,1.277817344628399,-6.222520699262114,6.755785564878982,1.9822534566110566,11.05531816,76.92711418,379.537353515625,0.0,3.7900925,,0.0,405.0,,1,1,1,0,1
1789662454796.0,26.89,-6.2213387,6.765407,2.006681,-1.0697769,0.58673555,0.3796524,-43.2,57.300003,-99.975006,9.407579695730869,1.277817344628399,-6.22303398379741,6.7575393497264304,1.9582133627556735,11.05531816,76.92711418,379.537353515625,0.0,3.7900925,,0.0,405.0,,1,1,1,0,1
1789662454806.0,26.9,-6.2213387,6.765407,2.006681,-1.0697769,0.58673555,0.3796524,-43.2,57.300003,-99.975006,9.407579695730869,1.277817344628399,-6.22260437120786,6.7632842079980255,1.9745250742101923,11.05531816,76.92711418,379.537353515625,0.0,3.7900925,,0.0,405.0,,1,1,1,0,1
1789662454816.0,26.91,-6.2213387,6.765407,2.006681,-1.0697769,0.58673555,0.3796524,-41.175003,58.2,-98.700005,9.407579695730869,1.277817344628399,-6.211910498875098,6.801692847027937,2.081021057469985,11.05531816,76.92711418,379.537353515625,0.0,3.7900925,,0.0,405.0,,1,1,1,0,1
1789662454826.0,26.92,-6.2213387,6.765407,2.006681,-1.0697769,0.58673555,0.3796524,-41.175003,58.2,-98.700005,9.407579695730869,1.277817344628399,-6.18663846133589,6.8811916776415725,2.2875401452876964,11.05531816,76.92711418,379.537353515625,0.0,3.7900925,,0.0,405.0,,1,1,1,0,1
1789662454836.0,26.93,-6.105287,7.094719,2.8555348,-1.0697769,0.58673555,0.3796524,-41.175003,58.2,-98.700005,9.785890150381878,1.277817344628399,-6.151012440412411,6.979223467033536,2.5469890792136196,11.05531816,76.92711418,379.537353515625,0.0,3.7900925,,0.0,405.0,,1,1,1,0,1
1789662454846.0,26.94,-6.105287,7.094719,2.8555348,-1.0697769,0.58673555,0.3796524,-41.175003,58.2,-98.700005,9.785890150381878,1.277817344628399,-6.115201468376894,7.05858583223173,2.7805517839235008,11.05531816,76.92711418,379.537353515625,0.0,3.7900925,,0.0,405.0,,1,1,1,0,1
1789662454856.0,26.95,-6.105287,7.094719,2.8555348,-1.0697769,0.58673555,0.3796524,-41.175003,58.2,-98.700005,9.785890150381878,1.277817344628399,-6.089974944572824,7.096700145265612,2.9238771812870685,11.05531816,76.92711418,379.537353515625,0.0,3.7900925,,0.0,405.0,,1,1,1,0,1
1789662454866.0,26.96,-6.105287,7.094719,2.8555348,-1.0697769,0.58673555,0.3796524,-41.175003,58.2,-98.700005,9.785890150381878,1.277817344628399,-6.082949046703061,7.102087218521905,2.955905912717579,11.05531816,76.92711418,379.537353515625,0.0,3.7900925,,0.0,405.0,,1,1,1,0,1
1789662454876.0,26.97,-6.105287,7.094719,2.8555348,-0.2793179,0.87720174,-0.13072506,-41.175003,58.2,-98.700005,9.785890150381878,0.9298335459809143,-6.096476120699456,7.1037269453512,2.897141698882266,11.05531816,76.92711418,379.537353515625,0.0,3.7900925,,0.0,405.0,,1,1,1,0,1
1789662454886.0,26.98,-6.105287,7.094719,2.8555348,-0.2793179,0.87720174,-0.13072506,-41.175003,58.2,-98.700005,9.785890150381878,0.9298335459809143,-6.1241657862686525,7.121922279841218,2.796831668828439,11.05531816,76.92711418,379.537353515625,0.0,3.7900925,,0.0,405.0,,1,1,1,0,1
1789662454896.0,26.99,-6.105287,7.094719,2.8555348,-0.2793179,0.87720174,-0.13072506,-41.175003,58.2,-98.700005,9.785890150381878,0.9298335459809143,-6.14678999916001,7.143935873561077,2.7264578867794507,11.05531816,76.92711418,379.537353515625,0.0,3.7900925,,0.0,405.0,,1,1,1,0,1
1789662454906.0,27.0,-6.105287,7.094719,2.8555348,-0.2793179,0.87720174,-0.13072506,-41.175003,58.2,-98.700005,9.785890150381878,0.9298335459809143,-6.134755757987982,7.1254082071794835,2.7690795104660832,11.05531816,76.92711418,379.537353515625,0.0,3.7900925,,0.0,405.0,,1,1,1,0,1
1789662454916.0,27.01,-6.105287,7.094719,2.8555348,-0.2793179,0.87720174,-0.13072506,-41.175003,58.2,-98.700005,9.785890150381878,0.9298335459809143,-6.063231560986134,7.02144961236206,2.9846414584038197,11.05531816,76.92711418,379.537353515625,0.0,3.7900925,,0.0,405.0,,1,1,1,0,1
1789662454926.0,27.02,-6.105287,7.094719,2.8555348,-0.2793179,0.87720174,-0.13072506,-32.775,62.4,-100.200005,9.785890150381878,0.9298335459809143,-5.933606188531515,6.826966081313532,3.361381981025311,11.05531816,76.92711418,379.537353515625,0.0,3.7900925,,0.0,405.0,,1,1,1,0,1
1789662454936.0,27.03,-5.6303115,6.3200426,4.2870407,-0.2793179,0.87720174,-0.13072506,-32.775,62.4,-100.200005,9.487995785006627,0.9298335459809143,-5.782361090130929,6.5917936654197185,3.799603540384506,11.05531816,76.92711418,379.537353515625,0.0,3.7900925,,0.0,405.0,,1,1,1,0,1
1789662454946.0,27.04,-5.6303115,6.3200426,4.2870407,-0.2793179,0.87720174,-0.13072506,-32.775,62.4,-100.200005,9.487995785006627,0.9298335459809143,-5.663389032260466,6.392607185518601,4.160999317960433,11.05531816,76.92711418,379.537353515625,0.0,3.7900925,,0.0,405.0,,1,1,1,0,1
1789662454956.0,27.05,-5.6303115,6.3200426,4.2870407,-0.2793179,0.87720174,-0.13072506,-32.775,62.4,-100.200005,9.487995785006627,0.9298335459809143,-5.612954676709191,6.282852522135496,4.353622001010068,11.05531816,76.92711418,379.537353515625,0.0,3.7900925,,0.0,405.0,,1,1,1,0,1
1789662454966.0,27.06,-5.6303115,6.3200426,4.2870407,-0.2793179,0.87720174,-0.13072506,-32.775,62.4,-100.200005,9.487995785006627,0.9298335459809143,-5.624213173158847,6.26316716977614,4.382017622890319,11.05531816,76.92711418,379.537353515625,0.0,3.7900925,,0.0,405.0,,1,1,1,0,1
1789662454976.0,27.07,-5.6303115,6.3200426,4.2870407,0.057879433,0.9071341,-0.20143265,-32.775,62.4,-100.200005,9.487995785006627,0.9310302984507186,-5.651534720793857,6.2928947844836784,4.325639317989406,11.05531816,76.92711418,379.537353515625,0.0,3.7900925,,0.0,405.0,,1,1,1,0,1
1789662454986.0,27.08,-5.6303115,6.3200426,4.2870407,0.057879433,0.9071341,-0.20143265,-32.775,62.4,-100.200005,9.487995785006627,0.9310302984507186,-5.643276498003867,6.325330513367778,4.2737359179043075,11.05531816,76.92711418,379.537353515625,0.0,3.7900925,,0.0,405.0,,1,1,1,0,1
1789662454996.0,27.09,-5.6303115,6.3200426,4.2870407,0.057879433,0.9071341,-0.20143265,-32.775,62.4,-100.200005,9.487995785006627,0.9310302984507186,-5.584426783957116,6.335855293942228,4.270321445724823,11.05531816,76.92711418,379.537353515625,0.0,3.7900925,,0.0,405.0,,1,1,1,0,1
1789662455006.0,27.1,-5.6303115,6.3200426,4.2870407,0.057879433,0.9071341,-0.20143265,-32.775,62.4,-100.200005,9.487995785006627,0.9310302984507186,-5.523054019427601,6.327400397778115,4.299563676403889,11.05531791,76.92711427,379.544189453125,0.0,3.7900925,,0.0,405.0,,1,1,1,0,1
1789662455016.0,27.11,-5.6303115,6.3200426,4.2870407,0.057879433,0.9071341,-0.20143265,-32.775,62.4,-100.200005,9.487995785006627,0.9310302984507186,-5.556383022069813,6.318029481842155,4.308777076286714,11.05531791,76.92711427,379.544189453125,0.0,3.7900925,,0.0,405.0,,1,1,1,0,1
1789662455026.0,27.12,-5.6303115,6.3200426,4.2870407,0.057879433,0.9071341,-0.20143265,-26.175001,64.275,-97.425,9.487995785006627,0.9310302984507186,-5.771416637318274,6.324003225099341,4.248733236673901,11.05531791,76.92711427,379.544189453125,0.0,3.7900925,,0.0,405.0,,1,1,1,0,1
1789662455036.0,27.13,-5.6303115,6.3200426,4.2870407,0.057879433,0.9071341,-0.20143265,-26.175001,64.275,-97.425,9.487995785006627,0.9310302984507186,-6.173011292876095,6.349115356233316,4.1072974849325545,11.05531791,76.92711427,379.544189453125,0.0,3.7900925,,0.0,405.0,,1,1,1,0,1
1789662455046.0,27.14,-7.2209406,6.42443,3.6900315,0.057879433,0.9071341,-0.20143265,-26.175001,64.275,-97.425,10.345608558447426,0.9310302984507186,-6.659389608363687,6.384432226921511,3.9173721041175558,11.05531791,76.92711427,379.544189453125,0.0,3.7900925,,0.0,405.0,,1,1,1,0,1
1789662455056.0,27.15,-7.2209406,6.42443,3.6900315,0.057879433,0.9071341,-0.20143265,-26.175001,64.275,-97.425,10.345608558447426,0.9310302984507186,-7.0772703181290675,6.416042339257639,3.736598378856892,11.05531791,76.92711427,379.544189453125,0.0,3.7900925,,0.0,405.0,,1,1,1,0,1
1789662455066.0,27.16,-7.2209406,6.42443,3.6900315,0.057879433,0.9071341,-0.20143265,-26.175001,64.275,-97.425,10.345608558447426,0.9310302984507186,-7.316139284980619,6.434092844260941,3.6174431042659685,11.05531791,76.92711427,379.544189453125,0.0,3.7900925,,0.0,405.0,,1,1,1,0,1
1789662455076.0,27.17,-7.2209406,6.42443,3.6900315,0.057879433,0.9071341,-0.20143265,-26.175001,64.275,-97.425,10.345608558447426,0.9310302984507186,-7.36324723379731,6.436888707416513,3.5893914131518234,11.05531791,76.92711427,379.544189453125,0.0,3.7900925,,0.0,405.0,,1,1,1,0,1
1789662455086.0,27.18,-7.2209406,6.42443,3.6900315,0.31291544,0.6371319,0.03436114,-26.175001,64.275,-97.425,10.345608558447426,0.7106573144139889,-7.285630208358932,6.429119956877364,3.6536356152500686,11.05531791,76.92711427,379.544189453125,0.0,3.7900925,,0.0,405.0,,1,1,1,0,1
1789662455096.0,27.19,-7.2209406,6.42443,3.6900315,0.31291544,0.6371319,0.03436114,-26.175001,64.275,-97.425,10.345608558447426,0.7106573144139889,-7.1757049612361214,6.418107567545524,3.7743703934945363,11.05531791,76.92711427,379.544189453125,0.0,3.7900925,,0.0,405.0,,1,1,1,0,1
1789662455106.0,27.2,-7.2209406,6.42443,3.6900315,0.31291544,0.6371319,0.03436114,-26.175001,64.275,-97.425,10.345608558447426,0.7106573144139889,-7.112040343449228,6.411554916953355,3.8661967930978065,11.05531791,76.92711427,379.544189453125,0.0,3.7900925,,0.0,405.0,,1,1,1,0,1
1789662455116.0,27.21,-7.2209406,6.42443,3.6900315,0.31291544,0.6371319,0.03436114,-26.175001,64.275,-97.425,10.345608558447426,0.7106573144139889,-7.147241200225242,6.4163757361393285,3.80584112313366,11.05531791,76.92711427,379.544189453125,0.0,3.7900925,,0.0,405.0,,1,1,1,0,1
1789662455126.0,27.22,-7.2209406,6.42443,3.6900315,0.31291544,0.6371319,0.03436114,-17.925001,60.300003,-103.87501,10.345608558447426,0.7106573144139889,-7.301443288082724,6.436251158682756,3.492902367845756,11.05531791,76.92711427,379.544189453125,0.0,3.7900925,,0.0,405.0,,1,1,1,0,1
1789662455136.0,27.23,-7.2209406,6.42443,3.6900315,0.31291544,0.6371319,0.03436114,-17.925001,60.300003,-103.87501,10.345608558447426,0.7106573144139889,-7.54959710910279,6.468159699442688,2.9330648247686293,11.05531791,76.92711427,379.544189453125,0.0,3.7900925,,0.0,405.0,,1,1,1,0,1
1789662455146.0,27.24,-8.111669,6.5371914,1.5071791,0.31291544,0.6371319,0.03436114,-17.925001,60.300003,-103.87501,10.526425518915325,0.7106573144139889,-7.820909570449916,6.501850077564434,2.268020199745799,11.05531791,76.92711427,379.544189453125,0.0,3.7900925,,0.0,405.0,,1,1,1,0,1
1789662455156.0,27.25,-8.111669,6.5371914,1.5071791,0.31291544,0.6371319,0.03436114,-17.925001,60.300003,-103.87501,10.526425518915325,0.7106573144139889,-8.031356374425624,6.525408858526756,1.7036435301668298,11.05531791,76.92711427,379.544189453125,0.0,3.7900925,,0.0,405.0,,1,1,1,0,1
1789662455166.0,27.26,-8.111669,6.5371914,1.5071791,0.31291544,0.6371319,0.03436114,-17.925001,60.300003,-103.87501,10.526425518915325,0.7106573144139889,-8.134718176905423,6.534024154860287,1.3850918291005938,11.05531791,76.92711427,379.544189453125,0.0,3.7900925,,0.0,405.0,,1,1,1,0,1
1789662455176.0,27.27,-8.111669,6.5371914,1.5071791,0.31291544,0.6371319,0.03436114,-17.925001,60.300003,-103.87501,10.526425518915325,0.7106573144139889,-8.149315110854134,6.534272381033993,1.3235655398150459,11.05531791,76.92711427,379.544189453125,0.0,3.7900925,,0.0,405.0,,1,1,1,0,1
1789662455186.0,27.28,-8.111669,6.5371914,1.5071791,0.087353654,0.76617706,0.15424334,-17.925001,60.300003,-103.87501,10.526425518915325,0.7864152567643579,-8.135422295632889,6.538715817131611,1.4227691410213348,11.05531791,76.92711427,379.544189453125,0.0,3.7900925,,0.0,405.0,,1,1,1,0,1
1789662455196.0,27.29,-8.111669,6.5371914,1.5071791,0.087353654,0.76617706,0.15424334,-17.925001,60.300003,-103.87501,10.526425518915325,0.7864152567643579,-8.141808883581842,6.553428817244376,1.5572531841211557,11.05531791,76.92711427,379.544189453125,0.0,3.7900925,,0.0,405.0,,1,1,1,0,1
1789662455206.0,27.3,-8.111669,6.5371914,1.5071791,0.087353654,0.76617706,0.15424334,-17.925001,60.300003,-103.87501,10.526425518915325,0.7864152567643579,-8.16368926811914,6.567747349023569,1.6303590450455565,11.05531791,76.92711427,379.544189453125,0.0,3.7900925,,0.0,405.0,,1,1,1,0,1
1789662455216.0,27.31,-8.111669,6.5371914,1.5071791,0.087353654,0.76617706,0.15424334,-17.925001,60.300003,-103.87501,10.526425518915325,0.7864152567643579,-8.143916017166292,6.5562049515013365,1.5899845129740293,11.05531791,76.92711427,379.544189453125,0.0,3.7900925,,0.0,405.0,,1,1,1,0,1
1789662455226.0,27.32,-8.111669,6.5371914,1.5071791,0.087353654,0.76617706,0.15424334,-17.475,51.600002,-113.850006,10.526425518915325,0.7864152567643579,-8.018388581503228,6.495349261893758,1.4278186045872503,11.05531791,76.92711427,379.544189453125,0.0,3.7900925,,0.0,405.0,,1,1,1,0,1
1789662455236.0,27.33,-8.111669,6.5371914,1.5071791,0.087353654,0.76617706,0.15424334,-17.475,51.600002,-113.850006,10.526425518915325,0.7864152567643579,-7.7733544674543005,6.385141392018919,1.1826332124808534,11.05531791,76.92711427,379.544189453125,0.0,3.7900925,,0.0,405.0,,1,1,1,0,1
1789662455246.0,27.34,-7.106085,6.1097736,0.6855437,0.087353654,0.76617706,0.15424334,-17.475,51.600002,-113.850006,9.396581699484747,0.7864152567643579,-7.467888626103817,6.25606607073862,0.9339692215548883,11.05531791,76.92711427,379.544189453125,0.0,3.7900925,,0.0,405.0,,1,1,1,0,1
1789662455256.0,27.35,-7.106085,6.1097736,0.6855437,0.087353654,0.76617706,0.15424334,-17.475,51.600002,-113.850006,9.396581699484747,0.7864152567643579,-7.199670136161233,6.151631704712799,0.7645024267781879,11.05531791,76.92711427,379.544189453125,0.0,3.7900925,,0.0,405.0,,1,1,1,0,1
1789662455266.0,27.36,-7.106085,6.1097736,0.6855437,0.087353654,0.76617706,0.15424334,-17.475,51.600002,-113.850006,9.396581699484747,0.7864152567643579,-7.04274667882946,6.098527366999857,0.7044497741693725,11.05531791,76.92711427,379.544189453125,0.0,3.7900925,,0.0,405.0,,1,1,1,0,1
1789662455276.0,27.37,-7.106085,6.1097736,0.6855437,0.087353654,0.76617706,0.15424334,-17.475,51.600002,-113.850006,9.396581699484747,0.7864152567643579,-7.0099541759827995,6.090054569981547,0.705513327510933,11.05531791,76.92711427,379.544189453125,0.0,3.7900925,,0.0,405.0,,1,1,1,0,1
1789662455286.0,27.38,-7.106085,6.1097736,0.6855437,-0.5473348,0.008246673,0.19746202,-17.475,51.600002,-113.850006,9.396581699484747,0.5819232253906775,-7.0620719595923935,6.096662777982273,0.6787633594696765,11.05531791,76.92711427,379.544189453125,0.0,3.7900925,,0.0,405.0,,1,1,1,0,1
1789662455296.0,27.39,-7.106085,6.1097736,0.6855437,-0.5473348,0.008246673,0.19746202,-17.475,51.600002,-113.850006,9.396581699484747,0.5819232253906775,-7.140054680569129,6.0935844248533515,0.5797214388297643,11.05531791,76.92711427,379.544189453125,0.0,3.7900925,,0.0,405.0,,1,1,1,0,1
1789662455306.0,27.4,-7.106085,6.1097736,0.6855437,-0.5473348,0.008246673,0.19746202,-17.475,51.600002,-113.850006,9.396581699484747,0.5819232253906775,-7.188160117283158,6.082994704582637,0.4789277823539194,11.05531791,76.92711427,379.544189453125,0.0,3.7900925,,0.0,405.0,,1,1,1,0,1
1789662455316.0,27.41,-7.106085,6.1097736,0.6855437,-0.5473348,0.008246673,0.19746202,-17.475,51.600002,-113.850006,9.396581699484747,0.5819232253906775,-7.162595109716829,6.093743474405474,0.5508259672590987,11.05531791,76.92711427,379.544189453125,0.0,3.7900925,,0.0,405.0,,1,1,1,0,1
1789662455326.0,27.42,-7.106085,6.1097736,0.6855437,-0.5473348,0.008246673,0.19746202,-27.300001,40.575,-95.25,9.396581699484747,0.5819232253906775,-7.04092586627759,6.158025170265499,0.9613167106974299,11.05531791,76.92711427,379.544189453125,0.0,3.7900925,,0.0,405.0,,1,1,1,0,1
1789662455336.0,27.43,-7.106085,6.1097736,0.6855437,-0.5473348,0.008246673,0.19746202,-27.300001,40.575,-95.25,9.396581699484747,0.5819232253906775,-6.837518222361761,6.281879061208068,1.7210949230906254,11.05531791,76.92711427,379.544189453125,0.0,3.7900925,,0.0,405.0,,1,1,1,0,1
1789662455346.0,27.44,-6.358627,6.6125655,3.653541,-0.5473348,0.008246673,0.19746202,-27.300001,40.575,-95.25,9.874539060411896,0.5819232253906775,-6.607453796416441,6.433978735420543,2.630765128651279,11.05531791,76.92711427,379.544189453125,0.0,3.7900925,,0.0,405.0,,1,1,1,0,1
1789662455356.0,27.45,-6.358627,6.6125655,3.653541,-0.5473348,0.008246673,0.19746202,-27.300001,40.575,-95.25,9.874539060411896,0.5819232253906775,-6.421642020890213,6.564248068940945,3.3892427166689476,11.05531791,76.92711427,379.544189453125,0.0,3.7900925,,0.0,405.0,,1,1,1,0,1
1789662455366.0,27.46,-6.358627,6.6125655,3.653541,-0.5473348,0.008246673,0.19746202,-27.300001,40.575,-95.25,9.874539060411896,0.5819232253906775,-6.32525184754675,6.6372059768085485,3.789325148841463,11.05531791,76.92711427,379.544189453125,0.0,3.7900925,,0.0,405.0,,1,1,1,0,1
1789662455376.0,27.47,-6.358627,6.6125655,3.653541,-0.5473348,0.008246673,0.19746202,-27.300001,40.575,-95.25,9.874539060411896,0.5819232253906775,-6.313343909359822,6.6515293095467865,3.838021623238953,11.05531791,76.92711427,379.544189453125,0.0,3.7900925,,0.0,405.0,,1,1,1,0,1
1789662455386.0,27.48,-6.358627,6.6125655,3.653541,0.85185087,0.19303325,-0.116064295,-27.300001,40.575,-95.25,9.874539060411896,0.8811257917568674,-6.342575042615274,6.632547635564516,3.714767209338121,11.05531791,76.92711427,379.544189453125,0.0,3.7900925,,0.0,405.0,,1,1,1,0,1
1789662455396.0,27.49,-6.358627,6.6125655,3.653541,0.85185087,0.19303325,-0.116064295,-27.300001,40.575,-95.25,9.874539060411896,0.8811257917568674,-6.3655823807373375,6.609670565117309,3.6236565460456855,11.05531791,76.92711427,379.544189453125,0.0,3.7900925,,0.0,405.0,,1,1,1,0,1
1789662455406.0,27.5,-6.358627,6.6125655,3.653541,0.85185087,0.19303325,-0.116064295,-27.300001,40.575,-95.25,9.874539060411896,0.8811257917568674,-6.360940834314929,6.599158741596611,3.657447926775198,11.05531791,76.92711427,379.544189453125,0.0,3.7900925,,0.0,405.0,,1,1,1,0,1
1789662455416.0,27.51,-6.358627,6.6125655,3.653541,0.85185087,0.19303325,-0.116064295,-27.300001,40.575,-95.25,9.874539060411896,0.8811257917568674,-6.341830962752863,6.601666660793482,3.7516033155526203,11.05531791,76.92711427,379.544189453125,0.0,3.7900925,,0.0,405.0,,1,1,1,0,1
1789662455426.0,27.52,-6.358627,6.6125655,3.653541,0.85185087,0.19303325,-0.116064295,-23.25,24.975,-83.700005,9.874539060411896,0.8811257917568674,-6.342622849303053,6.610001405388063,3.740355671669392,11.05531791,76.92711427,379.544189453125,0.0,3.7900925,,0.0,405.0,,1,1,1,0,1
1789662455436.0,27.53,-6.358627,6.6125655,3.653541,0.85185087,0.19303325,-0.116064295,-23.25,24.975,-83.700005,9.874539060411896,0.8811257917568674,-6.39311282695432,6.6176136016848535,3.477698733530724,11.05531791,76.92711427,379.544189453125,0.0,3.7900925,,0.0,405.0,,1,1,1,0,1
1789662455446.0,27.54,-6.358627,6.6125655,3.653541,0.85185087,0.19303325,-0.116064295,-23.25,24.975,-83.700005,9.874539060411896,0.8811257917568674,-6.495915416610111,6.622138851166348,2.9510375086564977,11.05531791,76.92711427,379.544189453125,0.0,3.7900925,,0.0,405.0,,1,1,1,0,1
1789662455456.0,27.55,-6.77438,6.6281185,1.5568303,0.85185087,0.19303325,-0.116064295,-23.25,24.975,-83.700005,9.604577024390004,0.8811257917568674,-6.622554828857418,6.624328872185478,2.306206278447654,11.05531791,76.92711427,379.544189453125,0.0,3.7900925,,0.0,405.0,,1,1,1,0,1
1789662455466.0,27.56,-6.77438,6.6281185,1.5568303,0.85185087,0.19303325,-0.116064295,-23.25,24.975,-83.700005,9.604577024390004,0.8811257917568674,-6.732161761506246,6.625666292541734,1.7562697671395837,11.05531791,76.92711427,379.544189453125,0.0,3.7900925,,0.0,405.0,,1,1,1,0,1
1789662455476.0,27.57,-6.77438,6.6281185,1.5568303,0.85185087,0.19303325,-0.116064295,-23.25,24.975,-83.700005,9.604577024390004,0.8811257917568674,-6.797621780488317,6.627031409724415,1.4445333119049644,11.05531791,76.92711427,379.544189453125,0.0,3.7900925,,0.0,405.0,,1,1,1,0,1
1789662455486.0,27.58,-6.77438,6.6281185,1.5568303,0.5529853,0.4673115,-0.022907427,-23.25,24.975,-83.700005,9.604577024390004,0.7243600832873802,-6.817181694191117,6.628557352524384,1.3745927392246422,11.05531791,76.92711427,379.544189453125,0.0,3.7900925,,0.0,405.0,,1,1,1,0,1
1789662455496.0,27.59,-6.77438,6.6281185,1.5568303,0.5529853,0.4673115,-0.022907427,-23.25,24.975,-83.700005,9.604577024390004,0.7243600832873802,-6.805234094124131,6.62981874964021,1.4500915771007368,11.05531791,76.92711427,379.544189453125,0.0,3.7900925,,0.0,405.0,,1,1,1,0,1
1789662455506.0,27.6,-6.77438,6.6281185,1.5568303,0.5529853,0.4673115,-0.022907427,-23.25,24.975,-83.700005,9.604577024390004,0.7243600832873802,-6.776916232609167,6.630003724925364,1.5637421460130716,11.05531791,76.92711427,379.544189453125,0.0,3.7900925,,0.0,405.0,,1,1,1,0,1
1789662455516.0,27.61,-6.77438,6.6281185,1.5568303,0.5529853,0.4673115,-0.022907427,-23.25,24.975,-83.700005,9.604577024390004,0.7243600832873802,-6.743907738681957,6.628402038557464,1.6504114938714631,11.05531791,76.92711427,379.544189453125,0.0,3.7900925,,0.0,405.0,,1,1,1,0,1
1789662455526.0,27.62,-6.77438,6.6281185,1.5568303,0.5529853,0.4673115,-0.022907427,-23.25,24.975,-83.700005,9.604577024390004,0.7243600832873802,-6.722722570830661,6.625414983960754,1.678502366190666,11.05531791,76.92711427,379.544189453125,0.0,3.7900925,,0.0,405.0,,1,1,1,0,1
1789662455536.0,27.63,-6.77438,6.6281185,1.5568303,0.5529853,0.4673115,-0.022907427,-15.075001,14.250001,-73.425,9.604577024390004,0.7243600832873802,-6.740619626171714,6.623488563767335,1.61942673515879,11.05531791,76.92711427,379.544189453125,0.0,3.7900925,,0.0,405.0,,1,1,1,0,1
1789662455546.0,27.64,-6.77438,6.6281185,1.5568303,0.5529853,0.4673115,-0.022907427,-15.075001,14.250001,-73.425,9.604577024390004,0.7243600832873802,-6.824824118993795,6.626780350951853,1.4452298225998257,11.05531791,76.92711427,379.544189453125,0.0,3.7900925,,0.0,405.0,,1,1,1,0,1
1789662455556.0,27.65,-6.77438,6.6281185,1.5568303,0.5529853,0.4673115,-0.022907427,-15.075001,14.250001,-73.425,9.604577024390004,0.7243600832873802,-6.978884608394234,6.638849973113097,1.1605563682117759,11.05531791,76.92711427,379.544189453125,0.0,3.7900925,,0.0,405.0,,1,1,1,0,1
1789662455566.0,27.66,-7.3695946,6.6720867,0.45224348,0.5529853,0.4673115,-0.022907427,-15.075001,14.250001,-73.425,9.951491831171273,0.7243600832873802,-7.1681861338634745,6.659163912873183,0.827448499332857,11.05531791,76.92711427,379.544189453125,0.0,3.7900925,,0.0,405.0,,1,1,1,0,1
1789662455576.0,27.67,-7.3695946,6.6720867,0.45224348,0.5529853,0.4673115,-0.022907427,-15.075001,14.250001,-73.425,9.951491831171273,0.7243600832873802,-7.3328020488178245,6.680659189353113,0.5436814761677035,11.05531791,76.92711427,379.544189453125,0.0,3.7900925,,0.0,405.0,,1,1,1,0,1
1789662455586.0,27.68,-7.3695946,6.6720867,0.45224348,0.5529853,0.4673115,-0.022907427,-15.075001,14.250001,-73.425,9.951491831171273,0.7243600832873802,-7.420779227609012,6.691054862463204,0.3860622170804741,11.05531791,76.92711427,379.544189453125,0.0,3.7900925,,0.0,405.0,,1,1,1,0,1
1789662455596.0,27.69,-7.3695946,6.6720867,0.45224348,0.81580985,0.8417716,0.071318455,-15.075001,14.250001,-73.425,9.951491831171273,1.1743983395539903,-7.417237778926451,6.679687266892205,0.3674197906226105,11.05531791,76.92711427,379.544189453125,0.0,3.7900925,,0.0,405.0,,1,1,1,0,1
1789662455606.0,27.7,-7.3695946,6.6720867,0.45224348,0.81580985,0.8417716,0.071318455,-15.075001,14.250001,-73.425,9.951491831171273,1.1743983395539903,-7.352926978277583,6.64861184084357,0.43718950354510416,11.05531791,76.92711427,379.544189453125,0.0,3.7900925,,0.0,405.0,,1,1,1,0,1
1789662455616.0,27.71,-7.3695946,6.6720867,0.45224348,0.81580985,0.8417716,0.071318455,-15.075001,14.250001,-73.425,9.951491831171273,1.1743983395539903,-7.292996637067686,6.62127226095193,0.5130375431664351,11.05531791,76.92711427,379.544189453125,0.0,3.7900925,,0.0,405.0,,1,1,1,0,1
1789662455626.0,27.72,-7.3695946,6.6720867,0.45224348,0.81580985,0.8417716,0.071318455,-5.775,4.5750003,-68.25,9.951491831171273,1.1743983395539903,-7.310834558841876,6.638138124561478,0.5169303662157597,11.05531791,76.92711427,379.544189453125,0.0,3.7900925,,0.0,405.0,,1,1,1,0,1
1789662455636.0,27.73,-7.3695946,6.6720867,0.45224348,0.81580985,0.8417716,0.071318455,-5.775,4.5750003,-68.25,9.951491831171273,1.1743983395539903,-7.450471176709401,6.734187666143779,0.40336455657115383,11.05531791,76.92711427,379.544189453125,0.0,3.7900925,,0.0,405.0,,1,1,1,0,1
1789662455646.0,27.74,-7.3695946,6.6720867,0.45224348,0.81580985,0.8417716,0.071318455,-5.775,4.5750003,-68.25,9.951491831171273,1.1743983395539903,-7.692528194853317,6.909885981815286,0.17656436759886712,11.05531791,76.92711427,379.544189453125,0.0,3.7900925,,0.0,405.0,,1,1,1,0,1
1789662455656.0,27.75,-8.223832,7.3642106,-0.4423731,0.81580985,0.8417716,0.071318455,-5.775,4.5750003,-68.25,11.048018124757942,1.1743983395539903,-7.953685080586275,7.1209451644177735,-0.11099457860298877,11.05531791,76.92711427,379.544189453125,0.0,3.7900925,,0.0,405.0,,1,1,1,0,1
1789662455666.0,27.76,-8.223832,7.3642106,-0.4423731,0.81580985,0.8417716,0.071318455,-5.775,4.5750003,-68.25,11.048018124757942,1.1743983395539903,-8.136528003548984,7.301578184198799,-0.38193180720560943,11.05531791,76.92711427,379.544189453125,0.0,3.7900925,,0.0,405.0,,1,1,1,0,1
1789662455676.0,27.77,-8.223832,7.3642106,-0.4423731,0.81580985,0.8417716,0.071318455,-5.775,4.5750003,-68.25,11.048018124757942,1.1743983395539903,-8.201491156448968,7.404668790093591,-0.5637523681905307,11.05531791,76.92711427,379.544189453125,0.0,3.7900925,,0.0,405.0,,1,1,1,0,1
1789662455686.0,27.78,-8.223832,7.3642106,-0.4423731,0.81580985,0.8417716,0.071318455,-5.775,4.5750003,-68.25,11.048018124757942,1.1743983395539903,-8.200415196783814,7.425238734413909,-0.606755984174137,11.05531791,76.92711427,379.544189453125,0.0,3.7900925,,0.0,405.0,,1,1,1,0,1
1789662455696.0,27.79,-8.223832,7.3642106,-0.4423731,1.3979639,1.7841831,0.9020945,-5.775,4.5750003,-68.25,11.048018124757942,2.4395464510763203,-8.233056859845405,7.392462319189042,-0.49710906862989296,11.05531791,76.92711427,379.544189453125,0.0,3.7900925,,0.0,405.0,,1,1,1,0,1
1789662455706.0,27.8,-8.223832,7.3642106,-0.4423731,1.3979639,1.7841831,0.9020945,-5.775,4.5750003,-68.25,11.048018124757942,2.4395464510763203,-8.34838310881178,7.345932129202851,-0.2860303495048363,11.05531791,76.92711427,379.544189453125,0.0,3.7900925,,0.0,405.0,,1,1,1,0,1
1789662455716.0,27.81,-8.223832,7.3642106,-0.4423731,1.3979639,1.7841831,0.9020945,-5.775,4.5750003,-68.25,11.048018124757942,2.4395464510763203,-8.463226178828515,7.31871848907584,-0.12308000077275041,11.05531791,76.92711427,379.544189453125,0.0,3.7900925,,0.0,405.0,,1,1,1,0,1
1789662455726.0,27.82,-8.223832,7.3642106,-0.4423731,1.3979639,1.7841831,0.9020945,6.15,-5.55,-60.825,11.048018124757942,2.4395464510763203,-8.375881129324878,7.3327273884636694,-0.23537511475451145,11.05531791,76.92711427,379.544189453125,0.0,3.7900925,,0.0,405.0,,1,1,1,0,1
1789662455736.0,27.83,-8.223832,7.3642106,-0.4423731,1.3979639,1.7841831,0.9020945,6.15,-5.55,-60.825,11.048018124757942,2.4395464510763203,-7.896318585997094,7.397018949826337,-0.809833062409139,11.05531791,76.92711427,379.544189453125,0.0,3.7900925,,0.0,405.0,,1,1,1,0,1
1789662455746.0,27.84,-8.223832,7.3642106,-0.4423731,1.3979639,1.7841831,0.9020945,6.15,-5.55,-60.825,11.048018124757942,2.4395464510763203,-7.014074923568027,7.50317939169293,-1.8341708201119729,11.05531791,76.92711427,379.544189453125,0.0,3.7900925,,0.0,405.0,,1,1,1,0,1
1789662455756.0,27.85,-4.742275,7.7590265,-4.418347,1.3979639,1.7841831,0.9020945,6.15,-5.55,-60.825,10.110066993632449,2.4395464510763203,-5.95826877440461,7.624357928794683,-3.041799688761562,11.05531791,76.92711427,379.544189453125,0.0,3.7900925,,0.0,405.0,,1,1,1,0,1
1789662455766.0,27.86,-4.742275,7.7590265,-4.418347,1.3979639,1.7841831,0.9020945,6.15,-5.55,-60.825,10.110066993632449,2.4395464510763203,-5.070384426644036,7.726205993326251,-4.051136740584986,11.05531791,76.92711427,379.544189453125,0.0,3.7900925,,0.0,405.0,,1,1,1,0,1
1789662455776.0,27.87,-4.742275,7.7590265,-4.418347,1.3979639,1.7841831,0.9020945,6.15,-5.55,-60.825,10.110066993632449,2.4395464510763203,-4.582798283761441,7.784707350445742,-4.605230542501796,11.05531791,76.92711427,379.544189453125,0.0,3.7900925,,0.0,405.0,,1,1,1,0,1
1789662455786.0,27.88,-4.742275,7.7590265,-4.418347,1.3979639,1.7841831,0.9020945,6.15,-5.55,-60.825,10.110066993632449,2.4395464510763203,-4.491291226308053,7.796421477220564,-4.7089608162352,11.05531791,76.92711427,379.544189453125,0.0,3.7900925,,0.0,405.0,,1,1,1,0,1
1789662455796.0,27.89,-4.742275,7.7590265,-4.418347,0.9181297,3.325242,0.3155116,6.15,-5.55,-60.825,10.110066993632449,3.4640646752508317,-4.6124383224051675,7.774962609256336,-4.56538938021945,11.05531791,76.92711427,379.544189453125,0.0,3.7900925,,0.0,405.0,,1,1,1,0,1
1789662455806.0,27.9,-4.742275,7.7590265,-4.418347,0.9181297,3.325242,0.3155116,6.15,-5.55,-60.825,10.110066993632449,3.4640646752508317,-4.74537422726333,7.741716864741658,-4.400581998039015,11.05531791,76.92711427,379.544189453125,0.0,3.7900925,,0.0,405.0,,1,1,1,0,1
1789662455816.0,27.91,-4.742275,7.7590265,-4.418347,0.9181297,3.325242,0.3155116,23.1,-14.475,-51.15,10.110066993632449,3.4640646752508317,-4.795466149799689,7.720178359162667,-4.331459771855157,11.05531791,76.92711427,379.544189453125,0.0,3.7900925,,0.0,405.0,,1,1,1,0,1
1789662455826.0,27.92,-4.742275,7.7590265,-4.418347,0.9181297,3.325242,0.3155116,23.1,-14.475,-51.15,10.110066993632449,3.4640646752508317,-4.787873162437494,7.732975990419792,-4.350015080906761,11.05531791,76.92711427,379.544189453125,0.0,3.7900925,,0.0,405.0,,1,1,1,0,1
1789662455836.0,27.93,-4.742275,7.7590265,-4.418347,0.9181297,3.325242,0.3155116,23.1,-14.475,-51.15,10.110066993632449,3.4640646752508317,-4.79748309498211,7.79474912559883,-4.3905444263742766,11.05531791,76.92711427,379.544189453125,0.0,3.7900925,,0.0,405.0,,1,1,1,0,1
1789662455846.0,27.94,-4.742275,7.7590265,-4.418347,0.9181297,3.325242,0.3155116,23.1,-14.475,-51.15,10.110066993632449,3.4640646752508317,-4.868083489462299,7.901192337697351,-4.404571589638282,11.05531791,76.92711427,379.544189453125,0.0,3.7900925,,0.0,405.0,,1,1,1,0,1
1789662455856.0,27.95,-5.1323056,8.166105,-4.351049,0.9181297,3.325242,0.3155116,23.1,-14.475,-51.15,10.580995182080812,3.4640646752508317,-4.979779125183448,8.025399615525933,-4.391406869942472,11.05531791,76.92711427,379.544189453125,0.0,3.7900925,,0.0,405.0,,1,1,1,0,1
1789662455866.0,27.96,-5.1323056,8.166105,-4.351049,0.9181297,3.325242,0.3155116,23.1,-14.475,-51.15,10.580995182080812,3.4640646752508317,-5.0768487968648275,8.13036292786594,-4.37894890241667,11.05531791,76.92711427,379.544189453125,0.0,3.7900925,,0.0,405.0,,1,1,1,0,1
1789662455876.0,27.97,-5.1323056,8.166105,-4.351049,0.9181297,3.325242,0.3155116,23.1,-14.475,-51.15,10.580995182080812,3.4640646752508317,-5.122246023575958,8.190166122279996,-4.3837981549255165,11.05531791,76.92711427,379.544189453125,0.0,3.7900925,,0.0,405.0,,1,1,1,0,1
1789662455886.0,27.98,-5.1323056,8.166105,-4.351049,0.9181297,3.325242,0.3155116,23.1,-14.475,-51.15,10.580995182080812,3.4640646752508317,-5.1293848190796245,8.202226025592811,-4.387961178768367,11.05531791,76.92711427,379.544189453125,0.0,3.7900925,,0.0,405.0,,1,1,1,0,1
1789662455896.0,27.99,-5.1323056,8.166105,-4.351049,0.8710931,2.1995711,0.5256491,23.1,-14.475,-51.15,10.580995182080812,2.423473372899655,-5.144864892008793,8.182733131741962,-4.353892165732759,11.05531791,76.92711427,379.544189453125,0.0,3.7900925,,0.0,405.0,,1,1,1,0,1
1789662455906.0,28.0,-5.1323056,8.166105,-4.351049,0.8710931,2.1995711,0.5256491,23.1,-14.475,-51.15,10.580995182080812,2.423473372899655,-5.196196041848985,8.154076785151977,-4.270787042925295,11.05531791,76.92711427,379.544189453125,0.0,3.7900925,,0.0,405.0,,1,1,1,0,1
1789662455916.0,28.01,-5.1323056,8.166105,-4.351049,0.8710931,2.1995711,0.5256491,23.1,-14.475,-51.15,10.580995182080812,2.423473372899655,-5.246770412096495,8.13631799860758,-4.196892074801242,11.05531791,76.92711427,379.544189453125,0.0,3.7900925,,0.0,405.0,,1,1,1,0,1
1789662455926.0,28.02,-5.1323056,8.166105,-4.351049,0.8710931,2.1995711,0.5256491,29.85,-83.25,-55.500004,10.580995182080812,2.423473372899655,-5.200055347251034,8.144659405707639,-4.253100011170449,11.05531791,76.92711427,379.544189453125,0.0,3.7900925,,0.0,405.0,,1,1,1,0,1
1789662455936.0,28.03,-5.1323056,8.166105,-4.351049,0.8710931,2.1995711,0.5256491,29.85,-83.25,-55.500004,10.580995182080812,2.423473372899655,-4.963209192594404,8.18679682825608,-4.550131857602963,11.05531791,76.92711427,379.544189453125,0.0,3.7900925,,0.0,405.0,,1,1,1,0,1
1789662455946.0,28.04,-5.1323056,8.166105,-4.351049,0.8710931,2.1995711,0.5256491,29.85,-83.25,-55.500004,10.580995182080812,2.423473372899655,-4.5289482182231335,8.257463688368336,-5.0914676700920465,11.05531791,76.92711427,379.544189453125,0.0,3.7900925,,0.0,405.0,,1,1,1,0,1
1789662455956.0,28.05,-3.3634114,8.412267,-6.480362,0.8710931,2.1995711,0.5256491,29.85,-83.25,-55.500004,11.138844822331576,2.423473372899655,-4.003686342068,8.336323077352832,-5.737837332886106,11.05531791,76.92711427,379.544189453125,0.0,3.7900925,,0.0,405.0,,1,1,1,0,1
1789662455966.0,28.06,-3.3634114,8.412267,-6.480362,0.8710931,2.1995711,0.5256491,29.85,-83.25,-55.500004,11.138844822331576,2.423473372899655,-3.5463993283855055,8.396468346727639,-6.282442708771023,11.05531791,76.92711427,379.544189453125,0.0,3.7900925,,0.0,405.0,,1,1,1,0,1
1789662455976.0,28.07,-3.3634114,8.412267,-6.480362,0.8710931,2.1995711,0.5256491,29.85,-83.25,-55.500004,11.138844822331576,2.423473372899655,-3.2680967615734517,8.420773340249315,-6.583018926140302,11.05531791,76.92711427,379.544189453125,0.0,3.7900925,,0.0,405.0,,1,1,1,0,1
1789662455986.0,28.08,-3.3634114,8.412267,-6.480362,0.8710931,2.1995711,0.5256491,29.85,-83.25,-55.500004,11.138844822331576,2.423473372899655,-3.1817300392469328,8.413895612165268,-6.63879229302584,11.05531791,76.92711427,379.544189453125,0.0,3.7900925,,0.0,405.0,,1,1,1,0,1
1789662455996.0,28.09,-3.3634114,8.412267,-6.480362,0.99128073,1.4617993,0.49586943,29.85,-83.25,-55.500004,11.138844822331576,1.834497525416251,-3.2335431224505107,8.399861534487062,-6.558270083099701,11.05531791,76.92711427,379.544189453125,0.0,3.7900925,,0.0,405.0,,1,1,1,0,1
1789662456006.0,28.1,-3.3634114,8.412267,-6.480362,0.99128073,1.4617993,0.49586943,29.85,-83.25,-55.500004,11.138844822331576,1.834497525416251,-3.3604728538586937,8.40534198999219,-6.465629316161263,11.05531779,76.92711419,379.560302734375,0.0,3.7900925,,0.0,405.0,,1,1,1,0,1
1789662456016.0,28.11,-3.3634114,8.412267,-6.480362,0.99128073,1.4617993,0.49586943,29.85,-83.25,-55.500004,11.138844822331576,1.834497525416251,-3.505417246034126,8.437587601597205,-6.428370104960441,11.05531779,76.92711419,379.560302734375,0.0,3.7900925,,0.0,405.0,,1,1,1,0,1
1789662456026.0,28.12,-3.3634114,8.412267,-6.480362,0.99128073,1.4617993,0.49586943,33.9,-87.75,-43.575,11.138844822331576,1.834497525416251,-3.58764076593196,8.470517061273268,-6.445302758851408,11.05531779,76.92711419,379.560302734375,0.0,3.7900925,,0.0,405.0,,1,1,1,0,1
1789662456036.0,28.13,-3.3634114,8.412267,-6.480362,0.99128073,1.4617993,0.49586943,33.9,-87.75,-43.575,11.138844822331576,1.834497525416251,-3.4896301257128988,8.452063087134494,-6.47801302257176,11.05531779,76.92711419,379.560302734375,0.0,3.7900925,,0.0,405.0,,1,1,1,0,1
1789662456046.0,28.14,-3.3634114,8.412267,-6.480362,0.99128073,1.4617993,0.49586943,33.9,-87.75,-43.575,11.138844822331576,1.834497525416251,-3.1133303348843726,8.335844060930796,-6.4885654159857244,11.05531779,76.92711419,379.560302734375,0.0,3.7900925,,0.0,405.0,,1,1,1,0,1
1789662456056.0,28.15,-3.3634114,8.412267,-6.480362,0.99128073,1.4617993,0.49586943,33.9,-87.75,-43.575,11.138844822331576,1.834497525416251,-2.477848593027091,8.11964529818495,-6.459367025429703,11.05531779,76.92711419,379.560302734375,0.0,3.7900925,,0.0,405.0,,1,1,1,0,1
1789662456066.0,28.16,-0.9496515,7.556235,-6.3047886,0.99128073,1.4617993,0.49586943,33.9,-87.75,-43.575,9.886803560168838,1.834497525416251,-1.757416230268306,7.858412039550048,-6.393725531988261,11.05531779,76.92711419,379.560302734375,0.0,3.7900925,,0.0,405.0,,1,1,1,0,1
1789662456076.0,28.17,-0.9496515,7.556235,-6.3047886,0.99128073,1.4617993,0.49586943,33.9,-87.75,-43.575,9.886803560168838,1.834497525416251,-1.18966824736545,7.634395886539884,-6.309426435300811,11.05531779,76.92711419,379.560302734375,0.0,3.7900925,,0.0,405.0,,1,1,1,0,1
1789662456086.0,28.18,-0.9496515,7.556235,-6.3047886,0.99128073,1.4617993,0.49586943,33.9,-87.75,-43.575,9.886803560168838,1.834497525416251,-0.9120331248235378,7.506368407852188,-6.236230570636615,11.05531779,76.92711419,379.560302734375,0.0,3.7900925,,0.0,405.0,,1,1,1,0,1
1789662456096.0,28.19,-0.9496515,7.556235,-6.3047886,0.99128073,1.4617993,0.49586943,33.9,-87.75,-43.575,9.886803560168838,1.834497525416251,-0.8701085269028649,7.4803582673319235,-6.214278948627327,11.05531779,76.92711419,379.560302734375,0.0,3.7900925,,0.0,405.0,,1,1,1,0,1
1789662456106.0,28.2,-0.9496515,7.556235,-6.3047886,0.86193013,-0.35231623,0.025350885,33.9,-87.75,-43.575,9.886803560168838,0.9315003716013821,-0.8834377297891465,7.520109663700517,-6.2776059295932995,11.05531779,76.92711419,379.560302734375,0.0,3.7900925,,0.0,405.0,,1,1,1,0,1
1789662456116.0,28.21,-0.9496515,7.556235,-6.3047886,0.86193013,-0.35231623,0.025350885,39.375,-77.100006,-32.550003,9.886803560168838,0.9315003716013821,-0.8161413280761877,7.5771048421554665,-6.4146870506301354,11.05531779,76.92711419,379.560302734375,0.0,3.7900925,,0.0,405.0,,1,1,1,0,1
1789662456126.0,28.22,-0.9496515,7.556235,-6.3047886,0.86193013,-0.35231623,0.025350885,39.375,-77.100006,-32.550003,9.886803560168838,0.9315003716013821,-0.7159059786106969,7.611400995358272,-6.529450895383043,11.05531779,76.92711419,379.560302734375,0.0,3.7900925,,0.0,405.0,,1,1,1,0,1
1789662456136.0,28.23,-0.9496515,7.556235,-6.3047886,0.86193013,-0.35231623,0.025350885,39.375,-77.100006,-32.550003,9.886803560168838,0.9315003716013821,-0.806804186847489,7.596101572792597,-6.45277974211689,11.05531779,76.92711419,379.560302734375,0.0,3.7900925,,0.0,405.0,,1,1,1,0,1
1789662456146.0,28.24,-0.9496515,7.556235,-6.3047886,0.86193013,-0.35231623,0.025350885,39.375,-77.100006,-32.550003,9.886803560168838,0.9315003716013821,-1.3222989961487388,7.5176027513718315,-6.033659638651937,11.05531779,76.92711419,379.560302734375,0.0,3.7900925,,0.0,405.0,,1,1,1,0,1
1789662456156.0,28.25,-0.9496515,7.556235,-6.3047886,0.86193013,-0.35231623,0.025350885,39.375,-77.100006,-32.550003,9.886803560168838,0.9315003716013821,-2.2924742362619397,7.3805152708289015,-5.263696396413119,11.05531779,76.92711419,379.560302734375,0.0,3.7900925,,0.0,405.0,,1,1,1,0,1
1789662456166.0,28.26,-4.8269215,7.0118675,-3.2330024,0.86193013,-0.35231623,0.025350885,39.375,-77.100006,-32.550003,9.105919037808553,0.9315003716013821,-3.4656325678275826,7.21114193784328,-4.326081199427606,11.05531779,76.92711419,379.560302734375,0.0,3.7900925,,0.0,405.0,,1,1,1,0,1
1789662456176.0,28.27,-4.8269215,7.0118675,-3.2330024,0.86193013,-0.35231623,0.025350885,39.375,-77.100006,-32.550003,9.105919037808553,0.9315003716013821,-4.454600485641749,7.050444410245385,-3.5037406382321996,11.05531779,76.92711419,379.560302734375,0.0,3.7900925,,0.0,405.0,,1,1,1,0,1
1789662456186.0,28.28,-4.8269215,7.0118675,-3.2330024,0.86193013,-0.35231623,0.025350885,39.375,-77.100006,-32.550003,9.105919037808553,0.9315003716013821,-4.995113204277855,6.940243114358133,-3.0144953165580994,11.05531779,76.92711419,379.560302734375,0.0,3.7900925,,0.0,405.0,,1,1,1,0,1
1789662456196.0,28.29,-4.8269215,7.0118675,-3.2330024,0.86193013,-0.35231623,0.025350885,39.375,-77.100006,-32.550003,9.105919037808553,0.9315003716013821,-5.095444089722974,6.912382890971256,-2.9104939172435187,11.05531779,76.92711419,379.560302734375,0.0,3.7900925,,0.0,405.0,,1,1,1,0,1
1789662456206.0,28.3,-4.8269215,7.0118675,-3.2330024,-0.5671879,-6.362614,1.5393791,39.375,-77.100006,-32.550003,9.105919037808553,6.570711303992835,-4.969489077153077,6.978210506677206,-3.0957958595829425,11.05531779,76.92711419,379.560302734375,0.0,3.7900925,,0.0,405.0,,1,1,1,0,1
1789662456216.0,28.31,-4.8269215,7.0118675,-3.2330024,-0.5671879,-6.362614,1.5393791,41.25,-53.325,-40.050003,9.105919037808553,6.570711303992835,-4.844319984198602,7.107984010430525,-3.3942755883485023,11.05531779,76.92711419,379.560302734375,0.0,3.7900925,,0.0,405.0,,1,1,1,0,1
1789662456226.0,28.32,-4.8269215,7.0118675,-3.2330024,-0.5671879,-6.362614,1.5393791,41.25,-53.325,-40.050003,9.105919037808553,6.570711303992835,-4.810112135316386,7.2092107656462145,-3.5926631699949287,11.05531779,76.92711419,379.560302734375,0.0,3.7900925,,0.0,405.0,,1,1,1,0,1
1789662456236.0,28.33,-4.8269215,7.0118675,-3.2330024,-0.5671879,-6.362614,1.5393791,41.25,-53.325,-40.050003,9.105919037808553,6.570711303992835,-4.80513362310635,7.13999951034313,-3.4724797601008803,11.05531779,76.92711419,379.560302734375,0.0,3.7900925,,0.0,405.0,,1,1,1,0,1
1789662456246.0,28.34,-4.8269215,7.0118675,-3.2330024,-0.5671879,-6.362614,1.5393791,41.25,-53.325,-40.050003,9.105919037808553,6.570711303992835,-4.712181862752173,6.7831552263566435,-2.889374147006463,11.05531779,76.92711419,379.560302734375,0.0,3.7900925,,0.0,405.0,,1,1,1,0,1
1789662456256.0,28.35,-4.8269215,7.0118675,-3.2330024,-0.5671879,-6.362614,1.5393791,41.25,-53.325,-40.050003,9.105919037808553,6.570711303992835,-4.475289364354152,6.145570404530164,-1.8863684872369433,11.05531779,76.92711419,379.560302734375,0.0,3.7900925,,0.0,405.0,,1,1,1,0,1
1789662456266.0,28.36,-3.7393837,4.531707,0.57427746,-0.5671879,-6.362614,1.5393791,41.25,-53.325,-40.050003,5.903317151461434,6.570711303992835,-4.148839227399571,5.392549898115076,-0.7280984774813895,11.05531779,76.92711419,379.560302734375,0.0,3.7900925,,0.0,405.0,,1,1,1,0,1
1789662456276.0,28.37,-3.7393837,4.531707,0.57427746,-0.5671879,-6.362614,1.5393791,41.25,-53.325,-40.050003,5.903317151461434,6.570711303992835,-3.8523445850850013,4.761254505265132,0.22877157123519815,11.05531779,76.92711419,379.560302734375,0.0,3.7900925,,0.0,405.0,,1,1,1,0,1
1789662456286.0,28.38,-3.7393837,4.531707,0.57427746,-0.5671879,-6.362614,1.5393791,41.25,-53.325,-40.050003,5.903317151461434,6.570711303992835,-3.6805684255926234,4.4122264259689405,0.7512462563202054,11.05531779,76.92711419,379.560302734375,0.0,3.7900925,,0.0,405.0,,1,1,1,0,1
1789662456296.0,28.39,-3.7393837,4.531707,0.57427746,-0.5671879,-6.362614,1.5393791,41.25,-53.325,-40.050003,5.903317151461434,6.570711303992835,-3.6469952588912147,4.344714122950021,0.8503011376584796,11.05531779,76.92711419,379.560302734375,0.0,3.7900925,,0.0,405.0,,1,1,1,0,1
1789662456306.0,28.4,-3.7393837,4.531707,0.57427746,-0.36209005,-10.390809,1.3477203,41.25,-53.325,-40.050003,5.903317151461434,10.484100862058801,-3.6956779970497027,4.435724313951329,0.7171859334804246,11.05531779,76.92711419,379.560302734375,0.0,3.7900925,,0.0,405.0,,1,1,1,0,1
1789662456316.0,28.41,-3.7393837,4.531707,0.57427746,-0.36209005,-10.390809,1.3477203,-1.125,-45.375,-53.025,5.903317151461434,10.484100862058801,-3.7536312966979306,4.546261309762095,0.5603660354949898,11.05531779,76.92711419,379.560302734375,0.0,3.7900925,,0.0,405.0,,1,1,1,0,1
1789662456326.0,28.42,-3.7393837,4.531707,0.57427746,-0.36209005,-10.390809,1.3477203,-1.125,-45.375,-53.025,5.903317151461434,10.484100862058801,-3.7755076158982708,4.599777338230837,0.48702408436505856,11.05531779,76.92711419,379.560302734375,0.0,3.7900925,,0.0,405.0,,1,1,1,0,1
1789662456336.0,28.43,-3.7393837,4.531707,0.57427746,-0.36209005,-10.390809,1.3477203,-1.125,-45.375,-53.025,5.903317151461434,10.484100862058801,-3.756896291808801,4.590991863323458,0.49435788770279,11.05531779,76.92711419,379.560302734375,0.0,3.7900925,,0.0,405.0,,1,1,1,0,1
1789662456346.0,28.44,-3.7393837,4.531707,0.57427746,-0.36209005,-10.390809,1.3477203,-1.125,-45.375,-53.025,5.903317151461434,10.484100862058801,-3.7227233980233865,4.549678522954392,0.5339343446122461,11.05531779,76.92711419,379.560302734375,0.0,3.7900925,,0.0,405.0,,1,1,1,0,1
1789662456356.0,28.45,-3.7393837,4.531707,0.57427746,-0.36209005,-10.390809,1.3477203,-1.125,-45.375,-53.025,5.903317151461434,10.484100862058801,-3.706531451822045,4.505500677844023,0.5742841389505382,11.05531779,76.92711419,379.560302734375,0.0,3.7900925,,0.0,405.0,,1,1,1,0,1
1789662456366.0,28.46,-3.7393837,4.531707,0.57427746,-1.1410953,-6.0810056,-0.25702134,-1.125,-45.375,-53.025,5.903317151461434,6.192478305180313,-3.729393610491882,4.478003651165806,0.6144744151432705,11.05531779,76.92711419,379.560302734375,0.0,3.7900925,,0.0,405.0,,1,1,1,0,1
1789662456376.0,28.47,-3.7393837,4.531707,0.57427746,-1.1410953,-6.0810056,-0.25702134,-1.125,-45.375,-53.025,5.903317151461434,6.192478305180313,-3.78124398863339,4.4831226041363745,0.6527749512791383,11.05531779,76.92711419,379.560302734375,0.0,3.7900925,,0.0,405.0,,1,1,1,0,1
1789662456386.0,28.48,-3.7393837,4.531707,0.57427746,-1.1410953,-6.0810056,-0.25702134,-1.125,-45.375,-53.025,5.903317151461434,6.192478305180313,-3.8111154337717803,4.533273124910673,0.6503357271812514,11.05531779,76.92711419,379.560302734375,0.0,3.7900925,,0.0,405.0,,1,1,1,0,1
1789662456396.0,28.49,-3.7393837,4.531707,0.57427746,-1.1410953,-6.0810056,-0.25702134,-1.125,-45.375,-53.025,5.903317151461434,6.192478305180313,-3.7384703569725595,4.621150996995939,0.5306778555939858,11.05531779,76.92711419,379.560302734375,0.0,3.7900925,,0.0,405.0,,1,1,1,0,1
1789662456406.0,28.5,-3.7393837,4.531707,0.57427746,-1.1410953,-6.0810056,-0.25702134,-1.125,-45.375,-53.025,5.903317151461434,6.192478305180313,-3.4920466061645827,4.70448733924369,0.22497517879624962,11.05531779,76.92711419,379.560302734375,0.0,3.7900925,,0.0,405.0,,1,1,1,0,1
1789662456416.0,28.51,-2.6593232,4.7991047,-0.76331043,-1.1410953,-6.0810056,-0.25702134,-39.600002,-45.45,-34.65,5.539498949920211,6.192478305180313,-3.065586055176282,4.72281972161677,-0.26363457153666187,11.05531779,76.92711419,379.560302734375,0.0,3.7900925,,0.0,405.0,,1,1,1,0,1
1789662456426.0,28.52,-2.6593232,4.7991047,-0.76331043,-1.1410953,-6.0810056,-0.25702134,-39.600002,-45.45,-34.65,5.539498949920211,6.192478305180313,-2.566245782880735,4.655595784455865,-0.8149584420363668,11.05531779,76.92711419,379.560302734375,0.0,3.7900925,,0.0,405.0,,1,1,1,0,1
1789662456436.0,28.53,-2.6593232,4.7991047,-0.76331043,-1.1410953,-6.0810056,-0.25702134,-39.600002,-45.45,-34.65,5.539498949920211,6.192478305180313,-2.225321546779124,4.582283864438605,-1.1919286145959456,11.05531779,76.92711419,379.560302734375,0.0,3.7900925,,0.0,405.0,,1,1,1,0,1
1789662456446.0,28.54,-2.6593232,4.7991047,-0.76331043,-1.1410953,-6.0810056,-0.25702134,-39.600002,-45.45,-34.65,5.539498949920211,6.192478305180313,-2.334931321340529,4.675380204415469,-1.1060601602629085,11.05531779,76.92711419,379.560302734375,0.0,3.7900925,,0.0,405.0,,1,1,1,0,1
1789662456456.0,28.55,-2.6593232,4.7991047,-0.76331043,-1.1410953,-6.0810056,-0.25702134,-39.600002,-45.45,-34.65,5.539498949920211,6.192478305180313,-3.09405493218827,5.09353918333987,-0.3575286949197415,11.05531779,76.92711419,379.560302734375,0.0,3.7900925,,0.0,405.0,,1,1,1,0,1
1789662456466.0,28.56,-2.6593232,4.7991047,-0.76331043,-1.1410953,-6.0810056,-0.25702134,-39.600002,-45.45,-34.65,5.539498949920211,6.192478305180313,-4.432557097233658,5.8373396984692505,1.0056210081658128,11.05531779,76.92711419,379.560302734375,0.0,3.7900925,,0.0,405.0,,1,1,1,0,1
1789662456476.0,28.57,-7.670791,7.6740813,4.508078,-1.1410953,-6.0810056,-0.25702134,-39.600002,-45.45,-34.65,11.749694703215685,6.192478305180313,-5.971332068548318,6.69939486896151,2.643161922957181,11.05531779,76.92711419,379.560302734375,0.0,3.7900925,,0.0,405.0,,1,1,1,0,1
1789662456486.0,28.58,-7.670791,7.6740813,4.508078,-1.1410953,-6.0810056,-0.25702134,-39.600002,-45.45,-34.65,11.749694703215685,6.192478305180313,-7.216150756415529,7.385026332491335,4.076822152292826,11.05531779,76.92711419,379.560302734375,0.0,3.7900925,,0.0,405.0,,1,1,1,0,1
1789662456496.0,28.59,-7.670791,7.6740813,4.508078,-1.1410953,-6.0810056,-0.25702134,-39.600002,-45.45,-34.65,11.749694703215685,6.192478305180313,-7.86451828035781,7.7208578968911405,4.939626647091812,11.05531779,76.92711419,379.560302734375,0.0,3.7900925,,0.0,405.0,,1,1,1,0,1
1789662456506.0,28.6,-7.670791,7.6740813,4.508078,-1.1410953,-6.0810056,-0.25702134,-39.600002,-45.45,-34.65,11.749694703215685,6.192478305180313,-7.969599282683723,7.770480588150523,5.121675303008505,11.05531779,76.92711419,379.560302734375,0.0,3.7900925,,0.0,405.0,,1,1,1,0,1
1789662456516.0,28.61,-7.670791,7.6740813,4.508078,-3.5457642,-4.237416,0.5320632,-51.750004,-31.500002,-21.525002,11.749694703215685,5.550786373825954,-7.83247236588276,7.753913006797345,4.750820083408758,11.05531779,76.92711419,379.560302734375,0.0,3.7900925,,0.0,405.0,,1,1,1,0,1
1789662456526.0,28.62,-7.670791,7.6740813,4.508078,-3.5457642,-4.237416,0.5320632,-51.750004,-31.500002,-21.525002,11.749694703215685,5.550786373825954,-7.737538922520191,7.837452358079526,4.1251607526628264,11.05531779,76.92711419,379.560302734375,0.0,3.7900925,,0.0,405.0,,1,1,1,0,1
1789662456536.0,28.63,-7.670791,7.6740813,4.508078,-3.5457642,-4.237416,0.5320632,-51.750004,-31.500002,-21.525002,11.749694703215685,5.550786373825954,-7.7503482813309095,7.962157154818222,3.6885073884363546,11.05531779,76.92711419,379.560302734375,0.0,3.7900925,,0.0,405.0,,1,1,1,0,1
1789662456546.0,28.64,-7.670791,7.6740813,4.508078,-3.5457642,-4.237416,0.5320632,-51.750004,-31.500002,-21.525002,11.749694703215685,5.550786373825954,-7.711635159967276,7.851755276832692,3.968833580261364,11.05531779,76.92711419,379.560302734375,0.0,3.7900925,,0.0,405.0,,1,1,1,0,1
1789662456556.0,28.65,-7.670791,7.6740813,4.508078,-3.5457642,-4.237416,0.5320632,-51.750004,-31.500002,-21.525002,11.749694703215685,5.550786373825954,-7.406153314775289,7.217257408848598,5.353127704967889,11.05531779,76.92711419,379.560302734375,0.0,3.7900925,,0.0,405.0,,1,1,1,0,1
1789662456566.0,28.66,-7.670791,7.6740813,4.508078,-3.5457642,-4.237416,0.5320632,-51.750004,-31.500002,-21.525002,11.749694703215685,5.550786373825954,-6.767833543324985,6.0188815745781525,7.771841002544849,11.05531779,76.92711419,379.560302734375,0.0,3.7900925,,0.0,405.0,,1,1,1,0,1
1789662456576.0,28.67,-5.0066824,2.8776684,13.792828,-3.5457642,-4.237416,0.5320632,-51.750004,-31.500002,-21.525002,14.952924406697585,5.550786373825954,-5.9599655076838705,4.564255133713513,10.594638475645347,11.05531779,76.92711419,379.560302734375,0.0,3.7900925,,0.0,405.0,,1,1,1,0,1
1789662456586.0,28.68,-5.0066824,2.8776684,13.792828,-3.5457642,-4.237416,0.5320632,-51.750004,-31.500002,-21.525002,14.952924406697585,5.550786373825954,-5.266505477884437,3.331354227004693,12.946181448975716,11.05531779,76.92711419,379.560302734375,0.0,3.7900925,,0.0,405.0,,1,1,1,0,1
1789662456596.0,28.69,-5.0066824,2.8776684,13.792828,-3.5457642,-4.237416,0.5320632,-51.750004,-31.500002,-21.525002,14.952924406697585,5.550786373825954,-4.8906346246910255,2.652848011504917,14.241433465138712,11.05531779,76.92711419,379.560302734375,0.0,3.7900925,,0.0,405.0,,1,1,1,0,1
1789662456606.0,28.7,-5.0066824,2.8776684,13.792828,-3.5457642,-4.237416,0.5320632,-51.750004,-31.500002,-21.525002,14.952924406697585,5.550786373825954,-4.832211877418215,2.530244530945949,14.489088295715826,11.05531779,76.92711419,379.560302734375,0.0,3.7900925,,0.0,405.0,,1,1,1,0,1
1789662456616.0,28.71,-5.0066824,2.8776684,13.792828,-1.6406299,-3.740172,0.14721839,-51.750004,-31.500002,-21.525002,14.952924406697585,4.086835733512199,-4.92950387226605,2.7079031487032763,14.145688448634797,11.05531779,76.92711419,379.560302734375,0.0,3.7900925,,0.0,405.0,,1,1,1,0,1
1789662456626.0,28.72,-5.0066824,2.8776684,13.792828,-1.6406299,-3.740172,0.14721839,-59.325,-22.275002,-13.125001,14.952924406697585,4.086835733512199,-5.004255686280011,2.8974429218767237,13.727225645584843,11.05531779,76.92711419,379.560302734375,0.0,3.7900925,,0.0,405.0,,1,1,1,0,1
1789662456636.0,28.73,-5.0066824,2.8776684,13.792828,-1.6406299,-3.740172,0.14721839,-59.325,-22.275002,-13.125001,14.952924406697585,4.086835733512199,-4.987110712686597,2.9557534338640696,13.523695074491291,11.05531779,76.92711419,379.560302734375,0.0,3.7900925,,0.0,405.0,,1,1,1,0,1
1789662456646.0,28.74,-5.0066824,2.8776684,13.792828,-1.6406299,-3.740172,0.14721839,-59.325,-22.275002,-13.125001,14.952924406697585,4.086835733512199,-4.9427441434985315,2.9136759289008562,13.565030947905516,11.05531779,76.92711419,379.560302734375,0.0,3.7900925,,0.0,405.0,,1,1,1,0,1
1789662456656.0,28.75,-5.0066824,2.8776684,13.792828,-1.6406299,-3.740172,0.14721839,-59.325,-22.275002,-13.125001,14.952924406697585,4.086835733512199,-4.989498815981322,2.8829433203066595,13.745167901459547,11.05531779,76.92711419,379.560302734375,0.0,3.7900925,,0.0,405.0,,1,1,1,0,1
1789662456666.0,28.76,-5.0066824,2.8776684,13.792828,-1.6406299,-3.740172,0.14721839,-59.325,-22.275002,-13.125001,14.952924406697585,4.086835733512199,-5.166956020300407,2.931288949358299,13.93955398218007,11.05531779,76.92711419,379.560302734375,0.0,3.7900925,,0.0,405.0,,1,1,1,0,1
1789662456676.0,28.77,-5.0066824,2.8776684,13.792828,1.6930115,-0.15790853,-1.0905463,-59.325,-22.275002,-13.125001,14.952924406697585,2.020028285797677,-5.339514743724036,3.008639177532162,14.039051124103146,11.05531779,76.92711419,379.560302734375,0.0,3.7900925,,0.0,405.0,,1,1,1,0,1
1789662456686.0,28.78,-5.0066824,2.8776684,13.792828,1.6930115,-0.15790853,-1.0905463,-59.325,-22.275002,-13.125001,14.952924406697585,2.020028285797677,-5.224170991228024,2.9678903932311274,13.940265933450759,11.05531779,76.92711419,379.560302734375,0.0,3.7900925,,0.0,405.0,,1,1,1,0,1
1789662456696.0,28.79,-5.0066824,2.8776684,13.792828,1.6930115,-0.15790853,-1.0905463,-59.325,-22.275002,-13.125001,14.952924406697585,2.020028285797677,-4.566334118649258,2.6704157080080515,13.567494483939663,11.05531779,76.92711419,379.560302734375,0.0,3.7900925,,0.0,405.0,,1,1,1,0,1
1789662456706.0,28.8,-5.0066824,2.8776684,13.792828,1.6930115,-0.15790853,-1.0905463,-59.325,-22.275002,-13.125001,14.952924406697585,2.020028285797677,-3.360920340914753,2.106784764388661,12.936671253226441,11.05531779,76.92711419,379.560302734375,0.0,3.7900925,,0.0,405.0,,1,1,1,0,1
1789662456716.0,28.81,-0.2868396,0.6658029,11.32493,1.6930115,-0.15790853,-1.0905463,-59.325,-22.275002,-13.125001,11.348110413750678,2.020028285797677,-1.9269919835996518,1.4334947924872996,12.189990014783413,11.05531779,76.92711419,379.560302734375,0.0,3.7900925,,0.0,405.0,,1,1,1,0,1
1789662456726.0,28.82,-0.2868396,0.6658029,11.32493,1.6930115,-0.15790853,-1.0905463,-60.225002,-22.725,-7.8,11.348110413750678,2.020028285797677,-0.7306464413009536,0.879237194444376,11.538263531624743,11.05531779,76.92711419,379.560302734375,0.0,3.7900925,,0.0,405.0,,1,1,1,0,1
1789662456736.0,28.83,-0.2868396,0.6658029,11.32493,1.6930115,-0.15790853,-1.0905463,-60.225002,-22.725,-7.8,11.348110413750678,2.020028285797677,-0.08233069614333499,0.5895968755329837,11.146628266663457,11.05531779,76.92711419,379.560302734375,0.0,3.7900925,,0.0,405.0,,1,1,1,0,1
1789662456746.0,28.84,-0.2868396,0.6658029,11.32493,1.6930115,-0.15790853,-1.0905463,-60.225002,-22.725,-7.8,11.348110413750678,2.020028285797677,0.035166878396768686,0.5413528934141105,11.060885831819702,11.05531779,76.92711419,379.560302734375,0.0,3.7900925,,0.0,405.0,,1,1,1,0,1
1789662456756.0,28.85,-0.2868396,0.6658029,11.32493,1.6930115,-0.15790853,-1.0905463,-60.225002,-22.725,-7.8,11.348110413750678,2.020028285797677,-0.11749546735010065,0.5922773204595045,11.21517854042987,11.05531779,76.92711419,379.560302734375,0.0,3.7900925,,0.0,405.0,,1,1,1,0,1
1789662456766.0,28.86,-0.2868396,0.6658029,11.32493,1.6930115,-0.15790853,-1.0905463,-60.225002,-22.725,-7.8,11.348110413750678,2.020028285797677,-0.26738920656225823,0.6124668213501788,11.472472921361934,11.05531779,76.92711419,379.560302734375,0.0,3.7900925,,0.0,405.0,,1,1,1,0,1
1789662456776.0,28.87,-0.2868396,0.6658029,11.32493,-1.7838777,-1.4836377,-1.7849467,-60.225002,-22.725,-7.8,11.348110413750678,2.927359765259383,-0.3075866279073219,0.5877900855405408,11.648158874021092,11.05531779,76.92711419,379.560302734375,0.0,3.7900925,,0.0,405.0,,1,1,1,0,1
1789662456786.0,28.88,-0.2868396,0.6658029,11.32493,-1.7838777,-1.4836377,-1.7849467,-60.225002,-22.725,-7.8,11.348110413750678,2.927359765259383,-0.3131797353418005,0.6219726356442317,11.538150059715848,11.05531779,76.92711419,379.560302734375,0.0,3.7900925,,0.0,405.0,,1,1,1,0,1
1789662456796.0,28.89,-0.2868396,0.6658029,11.32493,-1.7838777,-1.4836377,-1.7849467,-60.225002,-22.725,-7.8,11.348110413750678,2.927359765259383,-0.42462852353668784,0.8416166130633618,11.001014623086437,11.05531779,76.92711419,379.560302734375,0.0,3.7900925,,0.0,405.0,,1,1,1,0,1
1789662456806.0,28.9,-0.2868396,0.6658029,11.32493,-1.7838777,-1.4836377,-1.7849467,-60.225002,-22.725,-7.8,11.348110413750678,2.927359765259383,-0.7081117734136746,1.2779995559632826,10.071878491755575,11.05531779,76.92711419,379.560302734375,0.0,3.7900925,,0.0,405.0,,1,1,1,0,1
1789662456816.0,28.91,-1.5888343,2.4672992,7.780861,-1.7838777,-1.4836377,-1.7849467,-60.225002,-22.725,-7.8,8.315873837216275,2.927359765259383,-1.097769345760492,1.821565784364649,8.99686292403016,11.05531779,76.92711419,379.560302734375,0.0,3.7900925,,0.0,405.0,,1,1,1,0,1
1789662456826.0,28.92,-1.5888343,2.4672992,7.780861,-1.7838777,-1.4836377,-1.7849467,-57.9,-31.875002,4.275,8.315873837216275,2.927359765259383,-1.4509960188022488,2.290503117318356,8.109312286982904,11.05531779,76.92711419,379.560302734375,0.0,3.7900925,,0.0,405.0,,1,1,1,0,1
1789662456836.0,28.93,-1.5888343,2.4672992,7.780861,-1.7838777,-1.4836377,-1.7849467,-57.9,-31.875002,4.275,8.315873837216275,2.927359765259383,-1.6562616493638105,2.554658282383959,7.624724273721568,11.05531779,76.92711419,379.560302734375,0.0,3.7900925,,0.0,405.0,,1,1,1,0,1
1789662456846.0,28.94,-1.5888343,2.4672992,7.780861,-1.7838777,-1.4836377,-1.7849467,-57.9,-31.875002,4.275,8.315873837216275,2.927359765259383,-1.699405571546333,2.6082396642830052,7.528321658714737,11.05531779,76.92711419,379.560302734375,0.0,3.7900925,,0.0,405.0,,1,1,1,0,1
1789662456856.0,28.95,-1.5888343,2.4672992,7.780861,-1.7838777,-1.4836377,-1.7849467,-57.9,-31.875002,4.275,8.315873837216275,2.927359765259383,-1.6469683665661285,2.54234174208614,7.639400649147713,11.05531779,76.92711419,379.560302734375,0.0,3.7900925,,0.0,405.0,,1,1,1,0,1
1789662456866.0,28.96,-1.5888343,2.4672992,7.780861,-1.7838777,-1.4836377,-1.7849467,-57.9,-31.875002,4.275,8.315873837216275,2.927359765259383,-1.5818708451870374,2.461904458187221,7.770019318322387,11.05531779,76.92711419,379.560302734375,0.0,3.7900925,,0.0,405.0,,1,1,1,0,1
1789662456876.0,28.97,-1.5888343,2.4672992,7.780861,-1.0164789,1.9573632,0.99616766,-57.9,-31.875002,4.275,8.315873837216275,2.4200929853394735,-1.5517987352611604,2.4230035928184988,7.836400359699671,11.05531779,76.92711419,379.560302734375,0.0,3.7900925,,0.0,405.0,,1,1,1,0,1
1789662456886.0,28.98,-1.5888343,2.4672992,7.780861,-1.0164789,1.9573632,0.99616766,-57.9,-31.875002,4.275,8.315873837216275,2.4200929853394735,-1.559378720498692,2.4258936431417344,7.856177155513042,11.05531779,76.92711419,379.560302734375,0.0,3.7900925,,0.0,405.0,,1,1,1,0,1
1789662456896.0,28.99,-1.5888343,2.4672992,7.780861,-1.0164789,1.9573632,0.99616766,-57.9,-31.875002,4.275,8.315873837216275,2.4200929853394735,-1.5828592873363334,2.446359590607779,7.868798501826026,11.05531779,76.92711419,379.560302734375,0.0,3.7900925,,0.0,405.0,,1,1,1,0,1
1789662456906.0,29.0,-1.5888343,2.4672992,7.780861,-1.0164789,1.9573632,0.99616766,-57.9,-31.875002,4.275,8.315873837216275,2.4200929853394735,-1.6008770291034087,2.4675548277882893,7.864860697931891,11.05531779,76.92711419,379.560302734375,0.0,3.7900925,,0.0,405.0,,1,1,1,0,1
1789662456916.0,29.01,-1.5888343,2.4672992,7.780861,-1.0164789,1.9573632,0.99616766,-57.9,-31.875002,4.275,8.315873837216275,2.4200929853394735,-1.6044632361619025,2.4879902331080554,7.789674567920135,11.05531779,76.92711419,379.560302734375,0.0,3.7900925,,0.0,405.0,,1,1,1,0,1
1789662456926.0,29.02,-1.5888343,2.4672992,7.780861,-1.0164789,1.9573632,0.99616766,-57.000004,-28.2,-2.775,8.315873837216275,2.4200929853394735,-1.595893070412821,2.507453840263225,7.62330230676461,11.05531779,76.92711419,379.560302734375,0.0,3.7900925,,0.0,405.0,,1,1,1,0,1
1789662456936.0,29.03,-1.5888343,2.4672992,7.780861,-1.0164789,1.9573632,0.99616766,-57.000004,-28.2,-2.775,8.315873837216275,2.4200929853394735,-1.5827922768640572,2.5109677413359295,7.470790981736413,11.05531779,76.92711419,379.560302734375,0.0,3.7900925,,0.0,405.0,,1,1,1,0,1
1789662456946.0,29.04,-1.5888343,2.4672992,7.780861,-1.0164789,1.9573632,0.99616766,-57.000004,-28.2,-2.775,8.315873837216275,2.4200929853394735,-1.5741436554814603,2.471060138076086,7.565742414466257,11.05531779,76.92711419,379.560302734375,0.0,3.7900925,,0.0,405.0,,1,1,1,0,1
1789662456956.0,29.05,-1.5888343,2.4672992,7.780861,-1.0164789,1.9573632,0.99616766,-57.000004,-28.2,-2.775,8.315873837216275,2.4200929853394735,-1.5783549440788327,2.3708866282061134,8.137732194551642,11.05531779,76.92711419,379.560302734375,0.0,3.7900925,,0.0,405.0,,1,1,1,0,1
1789662456966.0,29.06,-1.5888343,2.4672992,7.780861,-1.0164789,1.9573632,0.99616766,-57.000004,-28.2,-2.775,8.315873837216275,2.4200929853394735,-1.5998846066335635,2.226628115411983,9.214491093560707,11.05531779,76.92711419,379.560302734375,0.0,3.7900925,,0.0,405.0,,1,1,1,0,1
1789662456976.0,29.07,-1.6271194,1.7997017,11.91865,-0.73639745,-1.2654063,1.1551452,-57.000004,-28.2,-2.775,12.1630860217849,1.8649114567531704,-1.633289741599978,2.079726227796807,10.527423607237843,11.05531779,76.92711419,379.560302734375,0.0,3.7900925,,0.0,405.0,,1,1,1,0,1
1789662456986.0,29.08,-1.6271194,1.7997017,11.91865,-0.73639745,-1.2654063,1.1551452,-57.000004,-28.2,-2.775,12.1630860217849,1.8649114567531704,-1.6591390706323137,1.955606524862482,11.634374474803504,11.05531779,76.92711419,379.560302734375,0.0,3.7900925,,0.0,405.0,,1,1,1,0,1
1789662456996.0,29.09,-1.6271194,1.7997017,11.91865,-0.73639745,-1.2654063,1.1551452,-57.000004,-28.2,-2.775,12.1630860217849,1.8649114567531704,-1.6488860656651503,1.8279472820253508,12.181309713993773,11.05531779,76.92711419,379.560302734375,0.0,3.7900925,,0.0,405.0,,1,1,1,0,1
1789662457006.0,29.1,-1.6271194,1.7997017,11.91865,-0.73639745,-1.2654063,1.1551452,-57.000004,-28.2,-2.775,12.1630860217849,1.8649114567531704,-1.5807822171749994,1.6350168034128143,12.096976512255127,11.055318,76.92711421,379.5691528320313,0.0,3.7900925,,0.0,405.0,,1,1,1,0,1
1789662457016.0,29.11,-1.6271194,1.7997017,11.91865,-0.73639745,-1.2654063,1.1551452,-57.000004,-28.2,-2.775,12.1630860217849,1.8649114567531704,-1.4575711898576098,1.3435124895660275,11.590054316451914,11.055318,76.92711421,379.5691528320313,0.0,3.7900925,,0.0,405.0,,1,1,1,0,1
1789662457026.0,29.12,-1.1186446,0.56380886,10.520344,-0.73639745,-1.2654063,1.1551452,-57.000004,-28.2,-2.775,10.594662998418574,1.8649114567531704,-1.3096454697035258,0.996992939271743,10.988597198614205,11.055318,76.92711421,379.5691528320313,0.0,3.7900925,,0.0,405.0,,1,1,1,0,1
1789662457036.0,29.13,-1.1186446,0.56380886,10.520344,-0.73639745,-1.2654063,1.1551452,-58.95,-20.775002,-4.9500003,10.594662998418574,1.8649114567531704,-1.17728738359666,0.6945018245111538,10.552867319228392,11.055318,76.92711421,379.5691528320313,0.0,3.7900925,,0.0,405.0,,1,1,1,0,1
1789662457046.0,29.14,-1.1186446,0.56380886,10.520344,-0.73639745,-1.2654063,1.1551452,-58.95,-20.775002,-4.9500003,10.594662998418574,1.8649114567531704,-1.0873155366159377,0.5176647978229039,10.372860095287074,11.055318,76.92711421,379.5691528320313,0.0,3.7900925,,0.0,405.0,,1,1,1,0,1
1789662457056.0,29.15,-1.1186446,0.56380886,10.520344,-0.73639745,-1.2654063,1.1551452,-58.95,-20.775002,-4.9500003,10.594662998418574,1.8649114567531704,-1.0466175645409255,0.4762222056022889,10.386896047294,11.055318,76.92711421,379.5691528320313,0.0,3.7900925,,0.0,405.0,,1,1,1,0,1
1789662457066.0,29.16,-1.1186446,0.56380886,10.520344,-0.73639745,-1.2654063,1.1551452,-58.95,-20.775002,-4.9500003,10.594662998418574,1.8649114567531704,-1.0543785026772658,0.5154994894161429,10.47694046460808,11.055318,76.92711421,379.5691528320313,0.0,3.7900925,,0.0,405.0,,1,1,1,0,1
1789662457076.0,29.17,-1.1186446,0.56380886,10.520344,-0.13607012,0.22235475,1.5856521,-58.95,-20.775002,-4.9500003,10.594662998418574,1.6069378627186512,-1.1102326165526784,0.566064657368045,10.556875371000785,11.055318,76.92711421,379.5691528320313,0.0,3.7900925,,0.0,405.0,,1,1,1,0,1
1789662457086.0,29.18,-1.1186446,0.56380886,10.520344,-0.13607012,0.22235475,1.5856521,-58.95,-20.775002,-4.9500003,10.594662998418574,1.6069378627186512,-1.1991259260772649,0.5877106375045151,10.597934230925645,11.055318,76.92711421,379.5691528320313,0.0,3.7900925,,0.0,405.0,,1,1,1,0,1
1789662457096.0,29.19,-1.1186446,0.56380886,10.520344,-0.13607012,0.22235475,1.5856521,-58.95,-20.775002,-4.9500003,10.594662998418574,1.6069378627186512,-1.264751210806422,0.5802565337970449,10.599021828045105,11.055318,76.92711421,379.5691528320313,0.0,3.7900925,,0.0,405.0,,1,1,1,0,1
1789662457106.0,29.2,-1.1186446,0.56380886,10.520344,-0.13607012,0.22235475,1.5856521,-58.95,-20.775002,-4.9500003,10.594662998418574,1.6069378627186512,-1.209344396204548,0.5662349950148705,10.550683530367063,11.055318,76.92711421,379.5691528320313,0.0,3.7900925,,0.0,405.0,,1,1,1,0,1
1789662457116.0,29.21,-1.1186446,0.56380886,10.520344,-0.13607012,0.22235475,1.5856521,-59.175003,-10.725,2.7,10.594662998418574,1.6069378627186512,-0.9451223926898782,0.5660585554182218,10.432648885118509,11.055318,76.92711421,379.5691528320313,0.0,3.7900925,,0.0,405.0,,1,1,1,0,1
1789662457126.0,29.22,-1.1186446,0.56380886,10.520344,-0.13607012,0.22235475,1.5856521,-59.175003,-10.725,2.7,10.594662998418574,1.6069378627186512,-0.47066771218040987,0.5829592581702238,10.242522584799438,11.055318,76.92711421,379.5691528320313,0.0,3.7900925,,0.0,405.0,,1,1,1,0,1
1789662457136.0,29.23,0.75702924,0.6221339,9.749257,-0.13607012,0.22235475,1.5856521,-59.175003,-10.725,2.7,9.798375166924014,1.6069378627186512,0.0980842985604528,0.6040344809032766,10.018285466552522,11.055318,76.92711421,379.5691528320313,0.0,3.7900925,,0.0,405.0,,1,1,1,0,1
1789662457146.0,29.24,0.75702924,0.6221339,9.749257,-0.13607012,0.22235475,1.5856521,-59.175003,-10.725,2.7,9.798375166924014,1.6069378627186512,0.5864078463960694,0.61356177906229,9.824135703860527,11.055318,76.92711421,379.5691528320313,0.0,3.7900925,,0.0,405.0,,1,1,1,0,1
1789662457156.0,29.25,0.75702924,0.6221339,9.749257,-0.13607012,0.22235475,1.5856521,-59.175003,-10.725,2.7,9.798375166924014,1.6069378627186512,0.8670901315962674,0.6082469371003335,9.710288270395473,11.055318,76.92711421,379.5691528320313,0.0,3.7900925,,0.0,405.0,,1,1,1,0,1
1789662457166.0,29.26,0.75702924,0.6221339,9.749257,-0.13607012,0.22235475,1.5856521,-59.175003,-10.725,2.7,9.798375166924014,1.6069378627186512,0.9242583652465792,0.6026802657726301,9.684680611718935,11.055318,76.92711421,379.5691528320313,0.0,3.7900925,,0.0,405.0,,1,1,1,0,1
1789662457176.0,29.27,0.75702924,0.6221339,9.749257,-0.2971857,-0.15821396,1.1142173,-59.175003,-10.725,2.7,9.798375166924014,1.163972159908759,0.8340785648845751,0.6183820743803364,9.71775172061974,11.055318,76.92711421,379.5691528320313,0.0,3.7900925,,0.0,405.0,,1,1,1,0,1
1789662457186.0,29.28,0.75702924,0.6221339,9.749257,-0.2971857,-0.15821396,1.1142173,-59.175003,-10.725,2.7,9.798375166924014,1.163972159908759,0.7034225252023237,0.660588912533669,9.76679095044248,11.055318,76.92711421,379.5691528320313,0.0,3.7900925,,0.0,405.0,,1,1,1,0,1
1789662457196.0,29.29,0.75702924,0.6221339,9.749257,-0.2971857,-0.15821396,1.1142173,-59.175003,-10.725,2.7,9.798375166924014,1.163972159908759,0.6256872987096883,0.6988053324274207,9.795558782970543,11.055318,76.92711421,379.5691528320313,0.0,3.7900925,,0.0,405.0,,1,1,1,0,1
1789662457206.0,29.3,0.75702924,0.6221339,9.749257,-0.2971857,-0.15821396,1.1142173,-59.175003,-10.725,2.7,9.798375166924014,1.163972159908759,0.6668809989072146,0.6715780718941439,9.78124745325249,11.055318,76.92711421,379.5691528320313,0.0,3.7900925,,0.0,405.0,,1,1,1,0,1
1789662457216.0,29.31,0.75702924,0.6221339,9.749257,-0.2971857,-0.15821396,1.1142173,-59.175003,-10.725,2.7,9.798375166924014,1.163972159908759,0.8564077864166293,0.5233680578762511,9.716943476357123,11.055318,76.92711421,379.5691528320313,0.0,3.7900925,,0.0,405.0,,1,1,1,0,1
1789662457226.0,29.32,0.75702924,0.6221339,9.749257,-0.2971857,-0.15821396,1.1142173,-58.95,-0.90000004,6.4500003,9.798375166924014,1.163972159908759,1.1693295886216275,0.25261327253320415,9.615417487443551,11.055318,76.92711421,379.5691528320313,0.0,3.7900925,,0.0,405.0,,1,1,1,0,1
1789662457236.0,29.33,1.9124635,-0.4438686,9.395718,-0.2971857,-0.15821396,1.1142173,-58.95,-0.90000004,6.4500003,9.598648483428395,1.163972159908759,1.522985900493533,-0.07112101375587535,9.507740767394177,11.055318,76.92711421,379.5691528320313,0.0,3.7900925,,0.0,405.0,,1,1,1,0,1
1789662457246.0,29.34,1.9124635,-0.4438686,9.395718,-0.2971857,-0.15821396,1.1142173,-58.95,-0.90000004,6.4500003,9.598648483428395,1.163972159908759,1.81307216076684,-0.3447712763670415,9.42850848774438,11.055318,76.92711421,379.5691528320313,0.0,3.7900925,,0.0,405.0,,1,1,1,0,1
1789662457256.0,29.35,1.9124635,-0.4438686,9.395718,-0.2971857,-0.15821396,1.1142173,-58.95,-0.90000004,6.4500003,9.598648483428395,1.163972159908759,1.9719080818099683,-0.4971220986839396,9.393819673691176,11.055318,76.92711421,379.5691528320313,0.0,3.7900925,,0.0,405.0,,1,1,1,0,1
1789662457266.0,29.36,1.9124635,-0.4438686,9.395718,-0.2971857,-0.15821396,1.1142173,-58.95,-0.90000004,6.4500003,9.598648483428395,1.163972159908759,2.0008813916357946,-0.5265461088099994,9.390536758636786,11.055318,76.92711421,379.5691528320313,0.0,3.7900925,,0.0,405.0,,1,1,1,0,1
1789662457276.0,29.37,1.9124635,-0.4438686,9.395718,-0.4746419,0.9224057,0.57375467,-58.95,-0.90000004,6.4500003,9.598648483428395,1.1854584049956831,1.9535726549193346,-0.4851676803705704,9.388630545920366,11.055318,76.92711421,379.5691528320313,0.0,3.7900925,,0.0,405.0,,1,1,1,0,1
1789662457286.0,29.38,1.9124635,-0.4438686,9.395718,-0.4746419,0.9224057,0.57375467,-58.95,-0.90000004,6.4500003,9.598648483428395,1.1854584049956831,1.8933328180475764,-0.43393238976112675,9.369064589676032,11.055318,76.92711421,379.5691528320313,0.0,3.7900925,,0.0,405.0,,1,1,1,0,1
1789662457296.0,29.39,1.9124635,-0.4438686,9.395718,-0.4746419,0.9224057,0.57375467,-58.95,-0.90000004,6.4500003,9.598648483428395,1.1854584049956831,1.8627711669445706,-0.4091078940293011,9.346110102582088,11.055318,76.92711421,379.5691528320313,0.0,3.7900925,,0.0,405.0,,1,1,1,0,1
1789662457306.0,29.4,1.9124635,-0.4438686,9.395718,-0.4746419,0.9224057,0.57375467,-58.95,-0.90000004,6.4500003,9.598648483428395,1.1854584049956831,1.878232914700177,-0.4175164940127407,9.364616440674844,11.055318,76.92711421,379.5691528320313,0.0,3.7900925,,0.0,405.0,,1,1,1,0,1
1789662457316.0,29.41,1.9124635,-0.4438686,9.395718,-0.4746419,0.9224057,0.57375467,-56.850002,4.425,6.4500003,9.598648483428395,1.1854584049956831,1.9369203313607686,-0.45003352359660515,9.468764155747822,11.055318,76.92711421,379.5691528320313,0.0,3.7900925,,0.0,405.0,,1,1,1,0,1
1789662457326.0,29.42,1.9124635,-0.4438686,9.395718,-0.4746419,0.9224057,0.57375467,-56.850002,4.425,6.4500003,9.598648483428395,1.1854584049956831,2.0225878527037433,-0.49527472184870547,9.662395593531755,11.055318,76.92711421,379.5691528320313,0.0,3.7900925,,0.0,405.0,,1,1,1,0,1
1789662457336.0,29.43,2.1969104,-0.59730834,10.162916,-0.4746419,0.9224057,0.57375467,-56.850002,4.425,6.4500003,10.41479976676065,1.1854584049956831,2.1096894061978335,-0.544767711045903,9.894819204724746,11.055318,76.92711421,379.5691528320313,0.0,3.7900925,,0.0,405.0,,1,1,1,0,1
1789662457346.0,29.44,2.1969104,-0.59730834,10.162916,-0.4746419,0.9224057,0.57375467,-56.850002,4.425,6.4500003,10.41479976676065,1.1854584049956831,2.172969926151243,-0.5913424786400978,10.089737298749847,11.055318,76.92711421,379.5691528320313,0.0,3.7900925,,0.0,405.0,,1,1,1,0,1
1789662457356.0,29.45,2.1969104,-0.59730834,10.162916,-0.4746419,0.9224057,0.57375467,-56.850002,4.425,6.4500003,10.41479976676065,1.1854584049956831,2.2011829635382405,-0.6255084911103431,10.195711366923152,11.055318,76.92711421,379.5691528320313,0.0,3.7900925,,0.0,405.0,,1,1,1,0,1
1789662457366.0,29.46,2.1969104,-0.59730834,10.162916,-0.4746419,0.9224057,0.57375467,-56.850002,4.425,6.4500003,10.41479976676065,1.1854584049956831,2.203670243207124,-0.634263433680497,10.215155839037164,11.055318,76.92711421,379.5691528320313,0.0,3.7900925,,0.0,405.0,,1,1,1,0,1
1789662457376.0,29.47,2.1969104,-0.59730834,10.162916,0.21670426,0.1605047,0.15683952,-56.850002,4.425,6.4500003,10.41479976676065,0.3119633472991146,2.2018971798613443,-0.6072825065987344,10.190747358074,11.055318,76.92711421,379.5691528320313,0.0,3.7900925,,0.0,405.0,,1,1,1,0,1
1789662457386.0,29.48,2.1969104,-0.59730834,10.162916,0.21670426,0.1605047,0.15683952,-56.850002,4.425,6.4500003,10.41479976676065,0.3119633472991146,2.2109076378155774,-0.5520259242594259,10.167157532176999,11.055318,76.92711421,379.5691528320313,0.0,3.7900925,,0.0,405.0,,1,1,1,0,1
1789662457396.0,29.49,2.1969104,-0.59730834,10.162916,0.21670426,0.1605047,0.15683952,-56.850002,4.425,6.4500003,10.41479976676065,0.3119633472991146,2.224386590381579,-0.5080205239831744,10.161306234492724,11.055318,76.92711421,379.5691528320313,0.0,3.7900925,,0.0,405.0,,1,1,1,0,1
1789662457406.0,29.5,2.1969104,-0.59730834,10.162916,0.21670426,0.1605047,0.15683952,-56.850002,4.425,6.4500003,10.41479976676065,0.3119633472991146,2.2153660910884985,-0.5408045604831803,10.159670861405038,11.055318,76.92711421,379.5691528320313,0.0,3.7900925,,0.0,405.0,,1,1,1,0,1
1789662457416.0,29.51,2.1969104,-0.59730834,10.162916,0.21670426,0.1605047,0.15683952,-56.850002,4.425,6.4500003,10.41479976676065,0.3119633472991146,2.154493436804323,-0.7047626182287855,10.138109106853681,11.055318,76.92711421,379.5691528320313,0.0,3.7900925,,0.0,405.0,,1,1,1,0,1
1789662457426.0,29.52,2.1969104,-0.59730834,10.162916,0.21670426,0.1605047,0.15683952,-57.075,8.325001,3.525,10.41479976676065,0.3119633472991146,2.0340980176931773,-0.9944341718077878,10.08579364133403,11.055318,76.92711421,379.5691528320313,0.0,3.7900925,,0.0,405.0,,1,1,1,0,1
1789662457436.0,29.53,1.6908283,-1.7042879,9.926924,0.21670426,0.1605047,0.15683952,-57.075,8.325001,3.525,10.213095401882002,0.3119633472991146,1.878858839035082,-1.329031129572242,10.01508560567905,11.055318,76.92711421,379.5691528320313,0.0,3.7900925,,0.0,405.0,,1,1,1,0,1
1789662457446.0,29.54,1.6908283,-1.7042879,9.926924,0.21670426,0.1605047,0.15683952,-57.075,8.325001,3.525,10.213095401882002,0.3119633472991146,1.7334966181718219,-1.5970864831423297,9.951631488126102,11.055318,76.92711421,379.5691528320313,0.0,3.7900925,,0.0,405.0,,1,1,1,0,1
1789662457456.0,29.55,1.6908283,-1.7042879,9.926924,0.21670426,0.1605047,0.15683952,-57.075,8.325001,3.525,10.213095401882002,0.3119633472991146,1.6388687446806365,-1.7317932441754613,9.915167450896448,11.055318,76.92711421,379.5691528320313,0.0,3.7900925,,0.0,405.0,,1,1,1,0,1
1789662457466.0,29.56,1.6908283,-1.7042879,9.926924,0.21670426,0.1605047,0.15683952,-57.075,8.325001,3.525,10.213095401882002,0.3119633472991146,1.6159669163024597,-1.7524913364279784,9.907746226934762,11.055318,76.92711421,379.5691528320313,0.0,3.7900925,,0.0,405.0,,1,1,1,0,1
1789662457476.0,29.57,1.6908283,-1.7042879,9.926924,-0.30069816,0.008552106,-0.03802633,-57.075,8.325001,3.525,10.213095401882002,0.30321366017659845,1.662148378249984,-1.7367279030265153,9.91691924853561,11.055318,76.92711421,379.5691528320313,0.0,3.7900925,,0.0,405.0,,1,1,1,0,1
1789662457486.0,29.58,1.6908283,-1.7042879,9.926924,-0.30069816,0.008552106,-0.03802633,-57.075,8.325001,3.525,10.213095401882002,0.30321366017659845,1.7482181949739066,-1.7482013723238352,9.927638334903667,11.055318,76.92711421,379.5691528320313,0.0,3.7900925,,0.0,405.0,,1,1,1,0,1
1789662457496.0,29.59,1.6908283,-1.7042879,9.926924,-0.30069816,0.008552106,-0.03802633,-57.075,8.325001,3.525,10.213095401882002,0.30321366017659845,1.8128931278786924,-1.7789123645680043,9.931898540587644,11.055318,76.92711421,379.5691528320313,0.0,3.7900925,,0.0,405.0,,1,1,1,0,1
1789662457506.0,29.6,1.6908283,-1.7042879,9.926924,-0.30069816,0.008552106,-0.03802633,-57.075,8.325001,3.525,10.213095401882002,0.30321366017659845,1.771872503375489,-1.7502290696562943,9.93049399669808,11.055318,76.92711421,379.5691528320313,0.0,3.7900925,,0.0,405.0,,1,1,1,0,1
1789662457516.0,29.61,1.6908283,-1.7042879,9.926924,-0.30069816,0.008552106,-0.03802633,-57.9,7.8,3.2250001,10.213095401882002,0.30321366017659845,1.5586392807720484,-1.5753504046851987,9.928564182439983,11.055318,76.92711421,379.5691528320313,0.0,3.7900925,,0.0,405.0,,1,1,1,0,1
1789662457526.0,29.62,1.6908283,-1.7042879,9.926924,-0.30069816,0.008552106,-0.03802633,-57.9,7.8,3.2250001,10.213095401882002,0.30321366017659845,1.1801397615503297,-1.2387617546029315,9.929887836229408,11.055318,76.92711421,379.5691528320313,0.0,3.7900925,,0.0,405.0,,1,1,1,0,1
1789662457536.0,29.63,0.23988047,-0.35174492,9.936196,-0.30069816,0.008552106,-0.03802633,-57.9,7.8,3.2250001,9.945313372591597,0.30321366017659845,0.7361808021520678,-0.8268465080989762,9.933926833062555,11.055318,76.92711421,379.5691528320313,0.0,3.7900925,,0.0,405.0,,1,1,1,0,1
1789662457546.0,29.64,0.23988047,-0.35174492,9.936196,-0.30069816,0.008552106,-0.03802633,-57.9,7.8,3.2250001,9.945313372591597,0.30321366017659845,0.36860707302523893,-0.47741811038674176,9.936866604539953,11.055318,76.92711421,379.5691528320313,0.0,3.7900925,,0.0,405.0,,1,1,1,0,1
1789662457556.0,29.65,0.23988047,-0.35174492,9.936196,-0.30069816,0.008552106,-0.03802633,-57.9,7.8,3.2250001,9.945313372591597,0.30321366017659845,0.1726737685029566,-0.2877365524692164,9.935370648106293,11.055318,76.92711421,379.5691528320313,0.0,3.7900925,,0.0,405.0,,1,1,1,0,1
1789662457566.0,29.66,0.23988047,-0.35174492,9.936196,-0.30069816,0.008552106,-0.03802633,-57.9,7.8,3.2250001,9.945313372591597,0.30321366017659845,0.14429598102674354,-0.2585548980796518,9.93031745500726,11.055318,76.92711421,379.5691528320313,0.0,3.7900925,,0.0,405.0,,1,1,1,0,1
1789662457576.0,29.67,0.23988047,-0.35174492,9.936196,-0.30069816,0.008552106,-0.03802633,-57.9,7.8,3.2250001,9.945313372591597,0.30321366017659845,0.20171416074871484,-0.3132138216799228,9.927581967273015,11.055318,76.92711421,379.5691528320313,0.0,3.7900925,,0.0,405.0,,1,1,1,0,1
1789662457586.0,29.68,0.23988047,-0.35174492,9.936196,-0.111482814,-0.22296563,0.2793179,-57.9,7.8,3.2250001,9.945313372591597,0.37438026021555343,0.2529007239589513,-0.3631507223955042,9.934115097662247,11.055318,76.92711421,379.5691528320313,0.0,3.7900925,,0.0,405.0,,1,1,1,0,1
1789662457596.0,29.69,0.23988047,-0.35174492,9.936196,-0.111482814,-0.22296563,0.2793179,-57.9,7.8,3.2250001,9.945313372591597,0.37438026021555343,0.25332485567470686,-0.36477983855586715,9.950442279755324,11.055318,76.92711421,379.5691528320313,0.0,3.7900925,,0.0,405.0,,1,1,1,0,1
1789662457606.0,29.7,0.23988047,-0.35174492,9.936196,-0.111482814,-0.22296563,0.2793179,-57.9,7.8,3.2250001,9.945313372591597,0.37438026021555343,0.221741811960696,-0.33543234938404476,9.964574477731302,11.055318,76.92711421,379.5691528320313,0.0,3.7900925,,0.0,405.0,,1,1,1,0,1
1789662457616.0,29.71,0.23988047,-0.35174492,9.936196,-0.111482814,-0.22296563,0.2793179,-57.9,7.8,3.2250001,9.945313372591597,0.37438026021555343,0.21548976359526298,-0.32955591632904446,9.95425462421612,11.055318,76.92711421,379.5691528320313,0.0,3.7900925,,0.0,405.0,,1,1,1,0,1
1789662457626.0,29.72,0.23988047,-0.35174492,9.936196,-0.111482814,-0.22296563,0.2793179,-57.300003,9.150001,3.6750002,9.945313372591597,0.37438026021555343,0.28592647842823926,-0.39552380178853297,9.900362797945311,11.055318,76.92711421,379.5691528320313,0.0,3.7900925,,0.0,405.0,,1,1,1,0,1
1789662457636.0,29.73,0.23988047,-0.35174492,9.936196,-0.111482814,-0.22296563,0.2793179,-57.300003,9.150001,3.6750002,9.945313372591597,0.37438026021555343,0.4408150339426396,-0.5394641903456772,9.80400194128823,11.055318,76.92711421,379.5691528320313,0.0,3.7900925,,0.0,405.0,,1,1,1,0,1
1789662457646.0,29.74,0.86291164,-0.92303133,9.565608,-0.111482814,-0.22296563,0.2793179,-57.300003,9.150001,3.6750002,9.648702490193852,0.37438026021555343,0.6370521866828539,-0.7189456160413858,9.69193608831305,11.055318,76.92711421,379.5691528320313,0.0,3.7900925,,0.0,405.0,,1,1,1,0,1
1789662457656.0,29.75,0.86291164,-0.92303133,9.565608,-0.111482814,-0.22296563,0.2793179,-57.300003,9.150001,3.6750002,9.648702490193852,0.37438026021555343,0.8086756788806573,-0.8712998131916367,9.601570104291874,11.055318,76.92711421,379.5691528320313,0.0,3.7900925,,0.0,405.0,,1,1,1,0,1
1789662457666.0,29.76,0.86291164,-0.92303133,9.565608,-0.111482814,-0.22296563,0.2793179,-57.300003,9.150001,3.6750002,9.648702490193852,0.37438026021555343,0.9077875306581148,-0.9545767349850897,9.555642196578473,11.055318,76.92711421,379.5691528320313,0.0,3.7900925,,0.0,405.0,,1,1,1,0,1
1789662457676.0,29.77,0.86291164,-0.92303133,9.565608,-0.111482814,-0.22296563,0.2793179,-57.300003,9.150001,3.6750002,9.648702490193852,0.37438026021555343,0.9265571558670859,-0.9687958307261786,9.54828956510004,11.055318,76.92711421,379.5691528320313,0.0,3.7900925,,0.0,405.0,,1,1,1,0,1
1789662457686.0,29.78,0.86291164,-0.92303133,9.565608,0.26755875,-0.27336195,-0.08414662,-57.300003,9.150001,3.6750002,9.648702490193852,0.39165685755108315,0.8899389433366846,-0.9449978170869215,9.554178420984975,11.055318,76.92711421,379.5691528320313,0.0,3.7900925,,0.0,405.0,,1,1,1,0,1
1789662457696.0,29.79,0.86291164,-0.92303133,9.565608,0.26755875,-0.27336195,-0.08414662,-57.300003,9.150001,3.6750002,9.648702490193852,0.39165685755108315,0.8359510742594446,-0.9179811562441456,9.552066316448643,11.055318,76.92711421,379.5691528320313,0.0,3.7900925,,0.0,405.0,,1,1,1,0,1
1789662457706.0,29.8,0.86291164,-0.92303133,9.565608,0.26755875,-0.27336195,-0.08414662,-57.300003,9.150001,3.6750002,9.648702490193852,0.39165685755108315,0.8027309605038525,-0.9064970673034444,9.543535375604899,11.055318,76.92711421,379.5691528320313,0.0,3.7900925,,0.0,405.0,,1,1,1,0,1
1789662457716.0,29.81,0.86291164,-0.92303133,9.565608,0.26755875,-0.27336195,-0.08414662,-57.300003,9.150001,3.6750002,9.648702490193852,0.39165685755108315,0.8230433417235569,-0.9109531042626963,9.552604035121389,11.055318,76.92711421,379.5691528320313,0.0,3.7900925,,0.0,405.0,,1,1,1,0,1
1789662457726.0,29.82,0.86291164,-0.92303133,9.565608,0.26755875,-0.27336195,-0.08414662,-56.775,8.85,6.7500005,9.648702490193852,0.39165685755108315,0.9151453442549519,-0.9226707225292546,9.605894276860303,11.055318,76.92711421,379.5691528320313,0.0,3.7900925,,0.0,405.0,,1,1,1,0,1
1789662457736.0,29.83,0.86291164,-0.92303133,9.565608,0.26755875,-0.27336195,-0.08414662,-56.775,8.85,6.7500005,9.648702490193852,0.39165685755108315,1.0686783530938104,-0.9337344242676408,9.707806201176702,11.055318,76.92711421,379.5691528320313,0.0,3.7900925,,0.0,405.0,,1,1,1,0,1
1789662457746.0,29.84,1.4306089,-0.9451649,9.97508,0.26755875,-0.27336195,-0.08414662,-56.775,8.85,6.7500005,10.121373400845917,0.39165685755108315,1.241178667493954,-0.941159837793873,9.831412940422464,11.055318,76.92711421,379.5691528320313,0.0,3.7900925,,0.0,405.0,,1,1,1,0,1
1789662457756.0,29.85,1.4306089,-0.9451649,9.97508,0.26755875,-0.27336195,-0.08414662,-56.775,8.85,6.7500005,10.121373400845917,0.39165685755108315,1.3786039136114523,-0.9456649918605655,9.934823770608146,11.055318,76.92711421,379.5691528320313,0.0,3.7900925,,0.0,405.0,,1,1,1,0,1
1789662457766.0,29.86,1.4306089,-0.9451649,9.97508,0.26755875,-0.27336195,-0.08414662,-56.775,8.85,6.7500005,10.121373400845917,0.39165685755108315,1.4488720210546686,-0.9484567577040159,9.99010625400233,11.055318,76.92711421,379.5691528320313,0.0,3.7900925,,0.0,405.0,,1,1,1,0,1
1789662457776.0,29.87,1.4306089,-0.9451649,9.97508,0.26755875,-0.27336195,-0.08414662,-56.775,8.85,6.7500005,10.121373400845917,0.39165685755108315,1.460076927993363,-0.9491104990639425,9.999918805240565,11.055318,76.92711421,379.5691528320313,0.0,3.7900925,,0.0,405.0,,1,1,1,0,1
1789662457786.0,29.88,1.4306089,-0.9451649,9.97508,0.080175996,0.019853104,0.051770784,-56.775,8.85,6.7500005,10.121373400845917,0.09748102455863648,1.4477731474045126,-0.9460383497239094,9.989326788953965,11.055318,76.92711421,379.5691528320313,0.0,3.7900925,,0.0,405.0,,1,1,1,0,1
1789662457796.0,29.89,1.4306089,-0.9451649,9.97508,0.080175996,0.019853104,0.051770784,-56.775,8.85,6.7500005,10.121373400845917,0.09748102455863648,1.4434823506854406,-0.9392636825568067,9.982598778059819,11.055318,76.92711421,379.5691528320313,0.0,3.7900925,,0.0,405.0,,1,1,1,0,1
1789662457806.0,29.9,1.4306089,-0.9451649,9.97508,0.080175996,0.019853104,0.051770784,-56.775,8.85,6.7500005,10.121373400845917,0.09748102455863648,1.4501409943554557,-0.9333208197660007,9.984717717311524,11.055318,76.92711421,379.5691528320313,0.0,3.7900925,,0.0,405.0,,1,1,1,0,1
1789662457816.0,29.91,1.4306089,-0.9451649,9.97508,0.080175996,0.019853104,0.051770784,-56.775,8.85,6.7500005,10.121373400845917,0.09748102455863648,1.4419901415798866,-0.9370360163014209,9.980361202385321,11.055318,76.92711421,379.5691528320313,0.0,3.7900925,,0.0,405.0,,1,1,1,0,1
1789662457826.0,29.92,1.4306089,-0.9451649,9.97508,0.080175996,0.019853104,0.051770784,-57.075,9.075001,6.2250004,10.121373400845917,0.09748102455863648,1.3879022104895746,-0.9584882566274951,9.949246752537224,11.055318,76.92711421,379.5691528320313,0.0,3.7900925,,0.0,405.0,,1,1,1,0,1
1789662457836.0,29.93,1.4306089,-0.9451649,9.97508,0.080175996,0.019853104,0.051770784,-57.075,9.075001,6.2250004,10.121373400845917,0.09748102455863648,1.2803214609781666,-0.9978027714465392,9.885422489644423,11.055318,76.92711421,379.5691528320313,0.0,3.7900925,,0.0,405.0,,1,1,1,0,1
1789662457846.0,29.94,0.98913306,-1.0917253,9.711869,0.080175996,0.019853104,0.051770784,-57.075,9.075001,6.2250004,9.822965326936977,0.09748102455863648,1.1464557180019534,-1.0441049781445393,9.805100237429984,11.055318,76.92711421,379.5691528320313,0.0,3.7900925,,0.0,405.0,,1,1,1,0,1
1789662457856.0,29.95,0.98913306,-1.0917253,9.711869,0.080175996,0.019853104,0.051770784,-57.075,9.075001,6.2250004,9.822965326936977,0.09748102455863648,1.0314447718402382,-1.0809562258023417,9.73638650369634,11.055318,76.92711421,379.5691528320313,0.0,3.7900925,,0.0,405.0,,1,1,1,0,1
1789662457866.0,29.96,0.98913306,-1.0917253,9.711869,0.080175996,0.019853104,0.051770784,-57.075,9.075001,6.2250004,9.822965326936977,0.09748102455863648,0.9676672755281629,-1.0971738445222778,9.69968843400776,11.055318,76.92711421,379.5691528320313,0.0,3.7900925,,0.0,405.0,,1,1,1,0,1
1789662457876.0,29.97,0.98913306,-1.0917253,9.711869,0.080175996,0.019853104,0.051770784,-57.075,9.075001,6.2250004,9.822965326936977,0.09748102455863648,0.9563121574458087,-1.0945744461794176,9.695280052269348,11.055318,76.92711421,379.5691528320313,0.0,3.7900925,,0.0,405.0,,1,1,1,0,1
1789662457886.0,29.98,0.98913306,-1.0917253,9.711869,0.27015492,0.14645481,-0.052534364,-57.075,9.075001,6.2250004,9.822965326936977,0.3117571997135383,0.9737043268957526,-1.0865526524069917,9.706664398433546,11.055318,76.92711421,379.5691528320313,0.0,3.7900925,,0.0,405.0,,1,1,1,0,1
1789662457896.0,29.99,0.98913306,-1.0917253,9.711869,0.27015492,0.14645481,-0.052534364,-57.075,9.075001,6.2250004,9.822965326936977,0.3117571997135383,0.9921960141975326,-1.088258966011142,9.71455772856652,11.055318,76.92711421,379.5691528320313,0.0,3.7900925,,0.0,405.0,,1,1,1,0,1
1789662457906.0,30.0,0.98913306,-1.0917253,9.711869,0.27015492,0.14645481,-0.052534364,-57.075,9.075001,6.2250004,9.822965326936977,0.3117571997135383,0.9973053186359033,-1.104233552930836,9.71026670787754,11.055318,76.92711421,379.5691528320313,0.0,3.7900925,,0.0,405.0,,1,1,1,0,1
1789662457916.0,30.01,0.98913306,-1.0917253,9.711869,0.27015492,0.14645481,-0.052534364,-57.075,9.075001,6.2250004,9.822965326936977,0.3117571997135383,0.9914923100985785,-1.1210907644420376,9.700595408720778,11.055318,76.92711421,379.5691528320313,0.0,3.7900925,,0.0,405.0,,1,1,1,0,1
1789662457926.0,30.02,0.98913306,-1.0917253,9.711869,0.27015492,0.14645481,-0.052534364,-57.525,9.225,5.175,9.822965326936977,0.3117571997135383,0.9868030904402801,-1.111816260023651,9.702501055128769,11.055318,76.92711421,379.5691528320313,0.0,3.7900925,,0.0,405.0,,1,1,1,0,1
1789662457936.0,30.03,0.98913306,-1.0917253,9.711869,0.27015492,0.14645481,-0.052534364,-57.525,9.225,5.175,9.822965326936977,0.3117571997135383,0.9940093823895315,-1.0526751780204322,9.730724303010426,11.055318,76.92711421,379.5691528320313,0.0,3.7900925,,0.0,405.0,,1,1,1,0,1
1789662457946.0,30.04,0.98913306,-1.0917253,9.711869,0.27015492,0.14645481,-0.052534364,-57.525,9.225,5.175,9.822965326936977,0.3117571997135383,1.0151468620569875,-0.9432313595300793,9.78580406374127,11.055318,76.92711421,379.5691528320313,0.0,3.7900925,,0.0,405.0,,1,1,1,0,1
1789662457956.0,30.05,1.0743774,-0.66341007,9.925129,0.27015492,0.14645481,-0.052534364,-57.525,9.225,5.175,10.005127954466607,0.3117571997135383,1.0430159504957104,-0.8126480736580024,9.851434584182222,11.055318,76.92711421,379.5691528320313,0.0,3.7900925,,0.0,405.0,,1,1,1,0,1
1789662457966.0,30.06,1.0743774,-0.66341007,9.925129,0.27015492,0.14645481,-0.052534364,-57.525,9.225,5.175,10.005127954466607,0.3117571997135383,1.0668930726647423,-0.7033571520032684,9.9046691516326,11.055318,76.92711421,379.5691528320313,0.0,3.7900925,,0.0,405.0,,1,1,1,0,1
1789662457976.0,30.07,1.0743774,-0.66341007,9.925129,0.27015492,0.14645481,-0.052534364,-57.525,9.225,5.175,10.005127954466607,0.3117571997135383,1.0797503285028407,-0.6437473351276317,9.931621006605418,11.055318,76.92711421,379.5691528320313,0.0,3.7900925,,0.0,405.0,,1,1,1,0,1
1789662457986.0,30.08,1.0743774,-0.66341007,9.925129,0.27015492,0.14645481,-0.052534364,-57.525,9.225,5.175,10.005127954466607,0.3117571997135383,1.0816441828305516,-0.6328046060828086,9.935679016236001,11.055318,76.92711421,379.5691528320313,0.0,3.7900925,,0.0,405.0,,1,1,1,0,1
1789662457996.0,30.09,1.0743774,-0.66341007,9.925129,0.18509202,-0.21456623,-0.14080432,-57.525,9.225,5.175,10.005127954466607,0.3164231019612122,1.0776839443032618,-0.6475828782157427,9.931839949536938,11.055318,76.92711421,379.5691528320313,0.0,3.7900925,,0.0,405.0,,1,1,1,0,1
1789662458006.0,30.1,1.0743774,-0.66341007,9.925129,0.18509202,-0.21456623,-0.14080432,-57.525,9.225,5.175,10.005127954466607,0.3164231019612122,1.0734663229741015,-0.663400995745718,9.932694201277352,11.055318,76.92711422,379.5794677734375,0.0,3.7900925,,0.0,405.0,,1,1,1,0,1
1789662458016.0,30.11,1.0743774,-0.66341007,9.925129,0.18509202,-0.21456623,-0.14080432,-57.525,9.225,5.175,10.005127954466607,0.3164231019612122,1.0718546905015256,-0.6691169252638335,9.9374749883683,11.055318,76.92711422,379.5794677734375,0.0,3.7900925,,0.0,405.0,,1,1,1,0,1
1789662458026.0,30.12,1.0743774,-0.66341007,9.925129,0.18509202,-0.21456623,-0.14080432,-57.975002,8.625,6.675,10.005127954466607,0.3164231019612122,1.0726517879321114,-0.6685312190776732,9.93236833303121,11.055318,76.92711422,379.5794677734375,0.0,3.7900925,,0.0,405.0,,1,1,1,0,1
1789662458036.0,30.13,1.0743774,-0.66341007,9.925129,0.18509202,-0.21456623,-0.14080432,-57.975002,8.625,6.675,10.005127954466607,0.3164231019612122,1.0741618826021961,-0.6712170063556963,9.90206244184581,11.055318,76.92711422,379.5794677734375,0.0,3.7900925,,0.0,405.0,,1,1,1,0,1
1789662458046.0,30.14,1.0743774,-0.66341007,9.925129,0.18509202,-0.21456623,-0.14080432,-57.975002,8.625,6.675,10.005127954466607,0.3164231019612122,1.0748681928803938,-0.6820575310299594,9.844062093225281,11.055318,76.92711422,379.5794677734375,0.0,3.7900925,,0.0,405.0,,1,1,1,0,1
1789662458056.0,30.15,1.0722836,-0.71665037,9.692128,0.18509202,-0.21456623,-0.14080432,-57.975002,8.625,6.675,9.777562326062366,0.3164231019612122,1.0742160926452577,-0.6972890158949993,9.773843867117666,11.055318,76.92711422,379.5794677734375,0.0,3.7900925,,0.0,405.0,,1,1,1,0,1
1789662458066.0,30.16,1.0722836,-0.71665037,9.692128,0.18509202,-0.21456623,-0.14080432,-57.975002,8.625,6.675,9.777562326062366,0.3164231019612122,1.0725667123990246,-0.7088626904320144,9.715335603507055,11.055318,76.92711422,379.5794677734375,0.0,3.7900925,,0.0,405.0,,1,1,1,0,1
1789662458076.0,30.17,1.0722836,-0.71665037,9.692128,0.18509202,-0.21456623,-0.14080432,-57.975002,8.625,6.675,9.777562326062366,0.3164231019612122,1.0708575789059396,-0.7125213764332187,9.684242611126258,11.055318,76.92711422,379.5794677734375,0.0,3.7900925,,0.0,405.0,,1,1,1,0,1
1789662458086.0,30.18,1.0722836,-0.71665037,9.692128,0.115758866,0.32345286,0.0064140796,-57.975002,8.625,6.675,9.777562326062366,0.3436029803667318,1.0702544170778463,-0.7122972448847703,9.678594161274392,11.055318,76.92711422,379.5794677734375,0.0,3.7900925,,0.0,405.0,,1,1,1,0,1
1789662458096.0,30.19,1.0722836,-0.71665037,9.692128,0.115758866,0.32345286,0.0064140796,-57.975002,8.625,6.675,9.777562326062366,0.3436029803667318,1.0716265347173342,-0.7170082286875111,9.683765348228862,11.055318,76.92711422,379.5794677734375,0.0,3.7900925,,0.0,405.0,,1,1,1,0,1
1789662458106.0,30.2,1.0722836,-0.71665037,9.692128,0.115758866,0.32345286,0.0064140796,-57.975002,8.625,6.675,9.777562326062366,0.3436029803667318,1.0746836660107766,-0.730581450010428,9.686236287072987,11.055318,76.92711422,379.5794677734375,0.0,3.7900925,,0.0,405.0,,1,1,1,0,1
1789662458116.0,30.21,1.0722836,-0.71665037,9.692128,0.115758866,0.32345286,0.0064140796,-57.975002,8.625,6.675,9.777562326062366,0.3436029803667318,1.0772210742534791,-0.7435094009052312,9.684367036410151,11.055318,76.92711422,379.5794677734375,0.0,3.7900925,,0.0,405.0,,1,1,1,0,1
1789662458126.0,30.22,1.0722836,-0.71665037,9.692128,0.115758866,0.32345286,0.0064140796,-57.750004,8.55,5.1000004,9.777562326062366,0.3436029803667318,1.0754871714865117,-0.733871408033552,9.688398780190472,11.055318,76.92711422,379.5794677734375,0.0,3.7900925,,0.0,405.0,,1,1,1,0,1
1789662458136.0,30.23,1.0722836,-0.71665037,9.692128,0.115758866,0.32345286,0.0064140796,-57.750004,8.55,5.1000004,9.777562326062366,0.3436029803667318,1.0662477768361196,-0.680819143543974,9.710321389443195,11.055318,76.92711422,379.5794677734375,0.0,3.7900925,,0.0,405.0,,1,1,1,0,1
1789662458146.0,30.24,1.0722836,-0.71665037,9.692128,0.115758866,0.32345286,0.0064140796,-57.750004,8.55,5.1000004,9.777562326062366,0.3436029803667318,1.0494930365861421,-0.582531068182454,9.751668189866582,11.055318,76.92711422,379.5794677734375,0.0,3.7900925,,0.0,405.0,,1,1,1,0,1
1789662458156.0,30.25,1.0058829,-0.32392836,9.853943,0.115758866,0.32345286,0.0064140796,-57.750004,8.55,5.1000004,9.910445128155127,0.3436029803667318,1.0293903960288755,-0.463105648246625,9.799574640087645,11.055318,76.92711422,379.5794677734375,0.0,3.7900925,,0.0,405.0,,1,1,1,0,1
1789662458166.0,30.26,1.0058829,-0.32392836,9.853943,0.115758866,0.32345286,0.0064140796,-57.750004,8.55,5.1000004,9.910445128155127,0.3436029803667318,1.0120919255655352,-0.35974330159461665,9.835570220778694,11.055318,76.92711422,379.5794677734375,0.0,3.7900925,,0.0,405.0,,1,1,1,0,1
1789662458176.0,30.27,1.0058829,-0.32392836,9.853943,0.115758866,0.32345286,0.0064140796,-57.750004,8.55,5.1000004,9.910445128155127,0.3436029803667318,1.0019961746163295,-0.2998800803282599,9.850427729009784,11.055318,76.92711422,379.5794677734375,0.0,3.7900925,,0.0,405.0,,1,1,1,0,1
1789662458186.0,30.28,1.0058829,-0.32392836,9.853943,0.115758866,0.32345286,0.0064140796,-57.750004,8.55,5.1000004,9.910445128155127,0.3436029803667318,0.9996492708375047,-0.28754840729911907,9.851920472762421,11.055318,76.92711422,379.5794677734375,0.0,3.7900925,,0.0,405.0,,1,1,1,0,1
1789662458196.0,30.29,1.0058829,-0.32392836,9.853943,0.11194096,0.73456484,-0.11026108,-57.750004,8.55,5.1000004,9.910445128155127,0.7511815948575374,1.0025778039622617,-0.30725716757846044,9.857514993616718,11.055318,76.92711422,379.5794677734375,0.0,3.7900925,,0.0,405.0,,1,1,1,0,1
1789662458206.0,30.3,1.0058829,-0.32392836,9.853943,0.11194096,0.73456484,-0.11026108,-57.750004,8.55,5.1000004,9.910445128155127,0.7511815948575374,1.0073900062945051,-0.3364659692496236,9.876402674491993,11.055318,76.92711422,379.5794677734375,0.0,3.7900925,,0.0,405.0,,1,1,1,0,1
1789662458216.0,30.31,1.0058829,-0.32392836,9.853943,0.11194096,0.73456484,-0.11026108,-57.750004,9.525001,3.0,9.910445128155127,0.7511815948575374,1.0109322201895536,-0.354379785684649,9.8947929299533,11.055318,76.92711422,379.5794677734375,0.0,3.7900925,,0.0,405.0,,1,1,1,0,1
1789662458226.0,30.32,1.0058829,-0.32392836,9.853943,0.11194096,0.73456484,-0.11026108,-57.750004,9.525001,3.0,9.910445128155127,0.7511815948575374,1.0101642838052494,-0.3449167039013844,9.878608320687883,11.055318,76.92711422,379.5794677734375,0.0,3.7900925,,0.0,405.0,,1,1,1,0,1
1789662458236.0,30.33,1.0058829,-0.32392836,9.853943,0.11194096,0.73456484,-0.11026108,-57.750004,9.525001,3.0,9.910445128155127,0.7511815948575374,1.0020523834931612,-0.299667474992344,9.796915279054943,11.055318,76.92711422,379.5794677734375,0.0,3.7900925,,0.0,405.0,,1,1,1,0,1
1789662458246.0,30.34,1.0058829,-0.32392836,9.853943,0.11194096,0.73456484,-0.11026108,-57.750004,9.525001,3.0,9.910445128155127,0.7511815948575374,0.984452871367348,-0.2231814103948965,9.651305264788174,11.055318,76.92711422,379.5794677734375,0.0,3.7900925,,0.0,405.0,,1,1,1,0,1
1789662458256.0,30.35,0.92213404,-0.03499503,9.299406,0.11194096,0.73456484,-0.11026108,-57.750004,9.525001,3.0,9.345079335815583,0.7511815948575374,0.9576516088915571,-0.1345477887042573,9.484873272847326,11.055318,76.92711422,379.5794677734375,0.0,3.7900925,,0.0,405.0,,1,1,1,0,1
1789662458266.0,30.36,0.92213404,-0.03499503,9.299406,0.11194096,0.73456484,-0.11026108,-57.750004,9.525001,3.0,9.345079335815583,0.7511815948575374,0.9259264475526215,-0.05925590118257194,9.356510808276878,11.055318,76.92711422,379.5794677734375,0.0,3.7900925,,0.0,405.0,,1,1,1,0,1
1789662458276.0,30.37,0.92213404,-0.03499503,9.299406,0.11194096,0.73456484,-0.11026108,-57.750004,9.525001,3.0,9.345079335815583,0.7511815948575374,0.8988492617821227,-0.015612260456774402,9.29795251897079,11.055318,76.92711422,379.5794677734375,0.0,3.7900925,,0.0,405.0,,1,1,1,0,1
1789662458286.0,30.38,0.92213404,-0.03499503,9.299406,0.11194096,0.73456484,-0.11026108,-57.750004,9.525001,3.0,9.345079335815583,0.7511815948575374,0.8905698067890084,-0.0067899507082518715,9.290883109263861,11.055318,76.92711422,379.5794677734375,0.0,3.7900925,,0.0,405.0,,1,1,1,0,1
1789662458296.0,30.39,0.92213404,-0.03499503,9.299406,-0.096516624,-0.021685697,-0.057879433,-57.750004,9.525001,3.0,9.345079335815583,0.11461132983756306,0.9129753791924058,-0.023114792426704337,9.286182854757019,11.055318,76.92711422,379.5794677734375,0.0,3.7900925,,0.0,405.0,,1,1,1,0,1
1789662458306.0,30.4,0.92213404,-0.03499503,9.299406,-0.096516624,-0.021685697,-0.057879433,-57.750004,9.525001,3.0,9.345079335815583,0.11461132983756306,0.9613177165254223,-0.04864166987859821,9.251934122887628,11.055318,76.92711422,379.5794677734375,0.0,3.7900925,,0.0,405.0,,1,1,1,0,1
1789662458316.0,30.41,0.92213404,-0.03499503,9.299406,-0.096516624,-0.021685697,-0.057879433,-57.750004,9.525001,3.0,9.345079335815583,0.11461132983756306,1.0010291570082894,-0.06522790021214522,9.212747375009233,11.055318,76.92711422,379.5794677734375,0.0,3.7900925,,0.0,405.0,,1,1,1,0,1
1789662458326.0,30.42,0.92213404,-0.03499503,9.299406,-0.096516624,-0.021685697,-0.057879433,-57.975002,8.925,-0.75,9.345079335815583,0.11461132983756306,0.9729827912337994,-0.05506091761348577,9.245757101794318,11.055318,76.92711422,379.5794677734375,0.0,3.7900925,,0.0,405.0,,1,1,1,0,1
1789662458336.0,30.43,0.92213404,-0.03499503,9.299406,-0.096516624,-0.021685697,-0.057879433,-57.975002,8.925,-0.75,9.345079335815583,0.11461132983756306,0.826638462354987,-0.006764010612641716,9.42674924998531,11.055318,76.92711422,379.5794677734375,0.0,3.7900925,,0.0,405.0,,1,1,1,0,1
1789662458346.0,30.44,0.92213404,-0.03499503,9.299406,-0.096516624,-0.021685697,-0.057879433,-57.975002,8.925,-0.75,9.345079335815583,0.11461132983756306,0.5637897383443603,0.07564652178843638,9.761362519745854,11.055318,76.92711422,379.5794677734375,0.0,3.7900925,,0.0,405.0,,1,1,1,0,1
1789662458356.0,30.45,-0.09990034,0.2754737,10.619646,-0.096516624,-0.021685697,-0.057879433,-57.975002,8.925,-0.75,10.623688013239084,0.11461132983756306,0.253616398825552,0.1701122633642197,10.160684812829459,11.055318,76.92711422,379.5794677734375,0.0,3.7900925,,0.0,405.0,,1,1,1,0,1
1789662458366.0,30.46,-0.09990034,0.2754737,10.619646,-0.096516624,-0.021685697,-0.057879433,-57.975002,8.925,-0.75,10.623688013239084,0.11461132983756306,-0.004407982183175171,0.2473007990871728,10.492331595650553,11.055318,76.92711422,379.5794677734375,0.0,3.7900925,,0.0,405.0,,1,1,1,0,1
1789662458376.0,30.47,-0.09990034,0.2754737,10.619646,-0.096516624,-0.021685697,-0.057879433,-57.975002,8.925,-0.75,10.623688013239084,0.11461132983756306,-0.14426370077172074,0.2885345177531947,10.669314159474705,11.055318,76.92711422,379.5794677734375,0.0,3.7900925,,0.0,405.0,,1,1,1,0,1
1789662458386.0,30.48,-0.09990034,0.2754737,10.619646,-0.096516624,-0.021685697,-0.057879433,-57.975002,8.925,-0.75,10.623688013239084,0.11461132983756306,-0.16971582320122178,0.2957913139479681,10.700677782798458,11.055318,76.92711422,379.5794677734375,0.0,3.7900925,,0.0,405.0,,1,1,1,0,1
1789662458396.0,30.49,-0.09990034,0.2754737,10.619646,0.001679878,0.0027488912,-0.0073303767,-57.975002,8.925,-0.75,10.623688013239084,0.008007047863490284,-0.1364181225937856,0.2860411491873144,10.665381214450358,11.055318,76.92711422,379.5794677734375,0.0,3.7900925,,0.0,405.0,,1,1,1,0,1
1789662458406.0,30.5,-0.09990034,0.2754737,10.619646,0.001679878,0.0027488912,-0.0073303767,-57.975002,8.925,-0.75,10.623688013239084,0.008007047863490284,-0.10295227524933369,0.27664042739767225,10.640290354717441,11.055318,76.92711422,379.5794677734375,0.0,3.7900925,,0.0,405.0,,1,1,1,0,1
1789662458416.0,30.51,-0.09990034,0.2754737,10.619646,0.001679878,0.0027488912,-0.0073303767,-57.975002,8.925,-0.75,10.623688013239084,0.008007047863490284,-0.09317392760006452,0.27422295345103065,10.643475188348217,11.055318,76.92711422,379.5794677734375,0.0,3.7900925,,0.0,405.0,,1,1,1,0,1
1789662458426.0,30.52,-0.09990034,0.2754737,10.619646,0.001679878,0.0027488912,-0.0073303767,-58.875004,9.450001,-0.45000002,10.623688013239084,0.008007047863490284,-0.09271527060557448,0.2738686768579398,10.631191722171108,11.055318,76.92711422,379.5794677734375,0.0,3.7900925,,0.0,405.0,,1,1,1,0,1
1789662458436.0,30.53,-0.09990034,0.2754737,10.619646,0.001679878,0.0027488912,-0.0073303767,-58.875004,9.450001,-0.45000002,10.623688013239084,0.008007047863490284,-0.07301604908165195,0.26660430643511396,10.54380868962799,11.055318,76.92711422,379.5794677734375,0.0,3.7900925,,0.0,405.0,,1,1,1,0,1
1789662458446.0,30.54,-0.09990034,0.2754737,10.619646,0.001679878,0.0027488912,-0.0073303767,-58.875004,9.450001,-0.45000002,10.623688013239084,0.008007047863490284,-0.019900975898579757,0.24826772525793014,10.362598157635503,11.055318,76.92711422,379.5794677734375,0.0,3.7900925,,0.0,405.0,,1,1,1,0,1
1789662458456.0,30.55,0.15014961,0.1911267,9.855738,0.001679878,0.0027488912,-0.0073303767,-58.875004,9.450001,-0.45000002,9.858734495130705,0.008007047863490284,0.054578987412096686,0.22310710764533048,10.13228632484093,11.055318,76.92711422,379.5794677734375,0.0,3.7900925,,0.0,405.0,,1,1,1,0,1
1789662458466.0,30.56,0.15014961,0.1911267,9.855738,0.001679878,0.0027488912,-0.0073303767,-58.875004,9.450001,-0.45000002,9.858734495130705,0.008007047863490284,0.12294219738642553,0.20020292839175372,9.931465682680951,11.055318,76.92711422,379.5794677734375,0.0,3.7900925,,0.0,405.0,,1,1,1,0,1
1789662458476.0,30.57,0.15014961,0.1911267,9.855738,0.001679878,0.0027488912,-0.0073303767,-58.875004,9.450001,-0.45000002,9.858734495130705,0.008007047863490284,0.16338707124122667,0.18664230649940486,9.817795648090613,11.055318,76.92711422,379.5794677734375,0.0,3.7900925,,0.0,405.0,,1,1,1,0,1
1789662458486.0,30.58,0.15014961,0.1911267,9.855738,0.001679878,0.0027488912,-0.0073303767,-58.875004,9.450001,-0.45000002,9.858734495130705,0.008007047863490284,0.17266325418713505,0.18343491049732344,9.7951920165549,11.055318,76.92711422,379.5794677734375,0.0,3.7900925,,0.0,405.0,,1,1,1,0,1
1789662458496.0,30.59,0.15014961,0.1911267,9.855738,-0.0006108647,-0.0013744456,-0.12507455,-58.875004,9.450001,-0.45000002,9.858734495130705,0.1250835933050037,0.1628385714725234,0.18666453403484784,9.824677617879043,11.055318,76.92711422,379.5794677734375,0.0,3.7900925,,0.0,405.0,,1,1,1,0,1
1789662458506.0,30.6,0.15014961,0.1911267,9.855738,-0.0006108647,-0.0013744456,-0.12507455,-58.875004,9.450001,-0.45000002,9.858734495130705,0.1250835933050037,0.14918843400662118,0.1914187143845733,9.85999509669587,11.055318,76.92711422,379.5794677734375,0.0,3.7900925,,0.0,405.0,,1,1,1,0,1
1789662458516.0,30.61,0.15014961,0.1911267,9.855738,-0.0006108647,-0.0013744456,-0.12507455,-59.325,8.85,-0.15,9.858734495130705,0.1250835933050037,0.14100839645283728,0.1946148650645503,9.875502051393385,11.055318,76.92711422,379.5794677734375,0.0,3.7900925,,0.0,405.0,,1,1,1,0,1
1789662458526.0,30.62,0.15014961,0.1911267,9.855738,-0.0006108647,-0.0013744456,-0.12507455,-59.325,8.85,-0.15,9.858734495130705,0.1250835933050037,0.14046472036178018,0.19518785046954143,9.870832859520057,11.055318,76.92711422,379.5794677734375,0.0,3.7900925,,0.0,405.0,,1,1,1,0,1
1789662458536.0,30.63,0.15014961,0.1911267,9.855738,-0.0006108647,-0.0013744456,-0.12507455,-59.325,8.85,-0.15,9.858734495130705,0.1250835933050037,0.14635094531504234,0.1929013149967592,9.858750035664135,11.055318,76.92711422,379.5794677734375,0.0,3.7900925,,0.0,405.0,,1,1,1,0,1
1789662458546.0,30.64,0.15014961,0.1911267,9.855738,-0.0006108647,-0.0013744456,-0.12507455,-59.325,8.85,-0.15,9.858734495130705,0.1250835933050037,0.15713858860113036,0.18773447792738937,9.850856963228054,11.055318,76.92711422,379.5794677734375,0.0,3.7900925,,0.0,405.0,,1,1,1,0,1
1789662458556.0,30.65,0.15014961,0.1911267,9.855738,-0.0006108647,-0.0013744456,-0.12507455,-59.325,8.85,-0.15,9.858734495130705,0.1250835933050037,0.17096757938255694,0.18039324391419526,9.850776221100482,11.055318,76.92711422,379.5794677734375,0.0,3.7900925,,0.0,405.0,,1,1,1,0,1
1789662458566.0,30.66,0.19950159,0.16450655,9.859925,-0.0006108647,-0.0013744456,-0.12507455,-59.325,8.85,-0.15,9.863315076333638,0.1250835933050037,0.18457477289275945,0.1728080187793564,9.855487092045154,11.055318,76.92711422,379.5794677734375,0.0,3.7900925,,0.0,405.0,,1,1,1,0,1
1789662458576.0,30.67,0.19950159,0.16450655,9.859925,-0.0006108647,-0.0013744456,-0.12507455,-59.325,8.85,-0.15,9.863315076333638,0.1250835933050037,0.19411167407755775,0.16736270309966075,9.860223111300138,11.055318,76.92711422,379.5794677734375,0.0,3.7900925,,0.0,405.0,,1,1,1,0,1
1789662458586.0,30.68,0.19950159,0.16450655,9.859925,-0.0006108647,-0.0013744456,-0.12507455,-59.325,8.85,-0.15,9.863315076333638,0.1250835933050037,0.19792056798391885,0.1651498398171094,9.86226405264902,11.055318,76.92711422,379.5794677734375,0.0,3.7900925,,0.0,405.0,,1,1,1,0,1
1789662458596.0,30.69,0.19950159,0.16450655,9.859925,-0.0006108647,-0.0013744456,-0.12507455,-59.325,8.85,-0.15,9.863315076333638,0.1250835933050037,0.19836246496669468,0.164933420343577,9.861752584769926,11.055318,76.92711422,379.5794677734375,0.0,3.7900925,,0.0,405.0,,1,1,1,0,1
1789662458606.0,30.7,0.19950159,0.16450655,9.859925,-0.0006108647,-0.0013744456,-0.12507455,-59.325,8.85,-0.15,9.863315076333638,0.1250835933050037,0.20014473482767506,0.1641179462894764,9.860340503294191,11.055318,76.92711422,379.5794677734375,0.0,3.7900925,,0.0,405.0,,1,1,1,0,1
1789662458616.0,30.71,0.19950159,0.16450655,9.859925,-0.0045814854,-0.0143553205,-0.355676,-59.325,8.85,-0.15,9.863315076333638,0.3559950592510072,0.2057183695943962,0.16129348715042147,9.859457986838626,11.055318,76.92711422,379.5794677734375,0.0,3.7900925,,0.0,405.0,,1,1,1,0,1
1789662458626.0,30.72,0.19950159,0.16450655,9.859925,-0.0045814854,-0.0143553205,-0.355676,-59.325,8.85,-0.15,9.863315076333638,0.3559950592510072,0.21122789625361352,0.1584300688420676,9.859448020424328,11.055318,76.92711422,379.5794677734375,0.0,3.7900925,,0.0,405.0,,1,1,1,0,1
1789662458636.0,30.73,0.19950159,0.16450655,9.859925,-0.0045814854,-0.0143553205,-0.355676,-59.325,8.85,-0.15,9.863315076333638,0.3559950592510072,0.20698038669167823,0.16062512169762058,9.859749646294562,11.055318,76.92711422,379.5794677734375,0.0,3.7900925,,0.0,405.0,,1,1,1,0,1
1789662458646.0,30.74,0.19950159,0.16450655,9.859925,-0.0045814854,-0.0143553205,-0.355676,-59.325,8.85,-0.15,9.863315076333638,0.3559950592510072,0.18367705243036872,0.17279309931256653,9.859615694802578,11.055318,76.92711422,379.5794677734375,0.0,3.7900925,,0.0,405.0,,1,1,1,0,1
1789662458656.0,30.75,0.19950159,0.16450655,9.859925,-0.0045814854,-0.0143553205,-0.355676,-59.325,8.85,-0.15,9.863315076333638,0.3559950592510072,0.1406452340865685,0.19531479026433116,9.858734919807667,11.055318,76.92711422,379.5794677734375,0.0,3.7900925,,0.0,405.0,,1,1,1,0,1
1789662458666.0,30.76,0.029910283,0.2533401,9.855738,-0.0045814854,-0.0143553205,-0.355676,-59.325,7.275,-1.2,9.8590388657283,0.3559950592510072,0.08894596328016019,0.22239884365764936,9.857388757163147,11.055318,76.92711422,379.5794677734375,0.0,3.7900925,,0.0,405.0,,1,1,1,0,1
1789662458676.0,30.77,0.029910283,0.2533401,9.855738,-0.0045814854,-0.0143553205,-0.355676,-59.325,7.275,-1.2,9.8590388657283,0.3559950592510072,0.045358443960564786,0.24524344290948333,9.856154211638552,11.055318,76.92711422,379.5794677734375,0.0,3.7900925,,0.0,405.0,,1,1,1,0,1
1789662458686.0,30.78,0.029910283,0.2533401,9.855738,-0.0045814854,-0.0143553205,-0.355676,-59.325,7.275,-1.2,9.8590388657283,0.3559950592510072,0.02159199160584336,0.2577024108328214,9.855462009636925,11.055318,76.92711422,379.5794677734375,0.0,3.7900925,,0.0,405.0,,1,1,1,0,1
1789662458696.0,30.79,0.029910283,0.2533401,9.855738,-0.0045814854,-0.0143553205,-0.355676,-59.325,7.275,-1.2,9.8590388657283,0.3559950592510072,0.017786023991574217,0.25969800142894633,9.85535691574762,11.055318,76.92711422,379.5794677734375,0.0,3.7900925,,0.0,405.0,,1,1,1,0,1
1789662458706.0,30.8,0.029910283,0.2533401,9.855738,0.00030543236,0.00045814854,-0.0007635809,-59.325,7.275,-1.2,9.8590388657283,0.0009414057584719307,0.024837985867776267,0.2560006961772141,9.85557661577263,11.055318,76.92711422,379.5794677734375,0.0,3.7900925,,0.0,405.0,,1,1,1,0,1
1789662458716.0,30.81,0.029910283,0.2533401,9.855738,0.00030543236,0.00045814854,-0.0007635809,-59.325,7.275,-1.2,9.8590388657283,0.0009414057584719307,0.03202869490467119,0.25223001544018403,9.85580094310985,11.055318,76.92711422,379.5794677734375,0.0,3.7900925,,0.0,405.0,,1,1,1,0,1
1789662458726.0,30.82,0.029910283,0.2533401,9.855738,0.00030543236,0.00045814854,-0.0007635809,-59.775,6.6000004,-0.075,9.8590388657283,0.0009414057584719307,0.03346782991721536,0.2514742886151886,9.855854445505663,11.055318,76.92711422,379.5794677734375,0.0,3.7900925,,0.0,405.0,,1,1,1,0,1
1789662458736.0,30.83,0.029910283,0.2533401,9.855738,0.00030543236,0.00045814854,-0.0007635809,-59.775,6.6000004,-0.075,9.8590388657283,0.0009414057584719307,0.02990247502601429,0.25334232645268046,9.855757883906572,11.055318,76.92711422,379.5794677734375,0.0,3.7900925,,0.0,405.0,,1,1,1,0,1
